estacao,time,latitude,longitude,cluster_id,y_true,y_pred,era5_wind_mag_max,ratio_pred,ratio_true
A802,2021-01-01,-32.0,-52.25,1,7.5,7.979150307358256,6.877165740334706,1.1602381865774136,1.0905655444673028
A802,2021-01-02,-32.0,-52.25,1,8.5,8.995600776614111,6.774266781542217,1.3279076639149114,1.2547483401686914
A802,2021-01-03,-32.0,-52.25,1,11.1,10.13258141347641,8.153637777320272,1.242706837144601,1.3613555449906265
A802,2021-01-04,-32.0,-52.25,1,14.2,13.971612407794355,9.705866999360634,1.4395017373218408,1.4630326173782737
A802,2021-01-05,-32.0,-52.25,1,13.8,12.859608638194402,9.42402306909731,1.3645561501608436,1.4643427651670475
A802,2021-01-06,-32.0,-52.25,1,10.9,11.2346427153883,8.503532356464309,1.3211736304910777,1.2818202534049181
A802,2021-01-07,-32.0,-52.25,1,10.9,7.315036206116789,7.654650930051635,0.9556328920759087,1.4239708772619986
A802,2021-01-08,-32.0,-52.25,1,10.0,9.467442316999945,6.282988614430663,1.5068374141654945,1.5915992553340248
A802,2021-01-09,-32.0,-52.25,1,10.1,9.79124547226321,8.814316700336695,1.110834317070681,1.1458630706580117
A802,2021-01-10,-32.0,-52.25,1,10.3,12.418999657605353,8.263135067642807,1.502940416190979,1.2465002587617442
A802,2021-01-11,-32.0,-52.25,1,16.6,15.169065954631256,9.271914840286259,1.6360230023599882,1.7903529406755743
A802,2021-01-12,-32.0,-52.25,1,12.4,10.84385156375467,8.40802960877202,1.2897018764588293,1.4747807247328428
A802,2021-01-13,-32.0,-52.25,1,9.0,10.411784638966083,7.593079905105272,1.3712202122310908,1.1852897786507914
A802,2021-01-14,-32.0,-52.25,1,12.2,8.887452994063336,8.522428924397808,1.042830990191135,1.4315167786350353
A802,2021-01-15,-32.0,-52.25,1,13.3,13.519028529684421,10.723698182295854,1.260668502588359,1.2402437828731006
A802,2021-01-16,-32.0,-52.25,1,16.9,16.787301758030928,8.9198408657989,1.8820180775195234,1.894652634981326
A802,2021-01-17,-32.0,-52.25,1,13.0,12.349755081048162,7.61760236888003,1.6212128807746986,1.7065737184062695
A802,2021-01-18,-32.0,-52.25,1,9.4,12.61228132771653,6.541276636184836,1.9281070086454217,1.4370283543737266
A802,2021-01-19,-32.0,-52.25,1,6.8,7.788933430000835,5.258147510850015,1.4813075163693348,1.2932311210304432
A802,2021-01-20,-32.0,-52.25,1,9.2,9.90027388847447,7.329195128789654,1.350799605482656,1.2552537950397413
A802,2021-01-21,-32.0,-52.25,1,10.9,11.057010511277298,8.289090767861873,1.3339232035131152,1.3149813779650041
A802,2021-01-22,-32.0,-52.25,1,11.6,12.482358917515139,8.926497723488188,1.3983489722593505,1.2995018157543532
A802,2021-01-23,-32.0,-52.25,1,10.3,10.478683811324096,7.993140304643141,1.3109595743286435,1.288604929656599
A802,2021-01-24,-32.0,-52.25,1,8.2,7.534084466543568,5.488892766480909,1.372605512090172,1.4939260701311279
A802,2021-01-25,-32.0,-52.25,1,8.0,10.398108365996785,6.138768807904957,1.693842640336452,1.3031929121843318
A802,2021-01-26,-32.0,-52.25,1,16.6,10.905107573685545,6.452919756169656,1.689949354051573,2.572478912995732
A802,2021-01-27,-32.0,-52.25,1,12.0,11.249609775738069,6.738433698038834,1.669469535481543,1.7808292754282795
A802,2021-01-28,-32.0,-52.25,1,7.4,7.562408011728328,6.601745087822038,1.1455165128502742,1.1209157429677905
A802,2021-01-29,-32.0,-52.25,1,9.5,9.766492223611891,7.184044083963887,1.359469973940236,1.3223749588627602
A802,2021-01-30,-32.0,-52.25,1,9.2,9.727630936716341,5.9163149644682544,1.6442043730156006,1.5550220120552483
A802,2021-01-31,-32.0,-52.25,1,15.8,10.217912653764264,7.4739284811423365,1.367140812163957,2.114015412358493
A802,2021-02-01,-32.0,-52.25,1,9.7,8.52834238272956,4.560437781343209,1.870070986960744,2.1269887815776776
A802,2021-02-02,-32.0,-52.25,1,10.4,6.975933971550362,3.99881247416958,1.7445014030069093,2.6007721210181862
A802,2021-02-03,-32.0,-52.25,1,8.5,12.888076842547818,6.075372084925684,2.121364199984711,1.399091262424954
A802,2021-02-04,-32.0,-52.25,1,18.0,18.820758122453867,12.542391263267952,1.500571759196585,1.4351330318258668
A802,2021-02-05,-32.0,-52.25,1,14.0,16.63944693126082,11.219794917940149,1.4830437679974697,1.2477946435201215
A802,2021-02-06,-32.0,-52.25,1,8.5,10.297620936782737,7.97593719311008,1.2910860112687719,1.065705483155337
A802,2021-02-07,-32.0,-52.25,1,8.1,7.964650398049557,4.505043970653488,1.7679406571683758,1.7979846706856977
A802,2021-02-08,-32.0,-52.25,1,14.4,10.850949968838226,6.729616563036798,1.6124172703149733,2.139795018797011
A802,2021-02-09,-32.0,-52.25,1,10.0,9.033093729369336,7.415428072823231,1.2181486544889673,1.3485398148016505
A802,2021-02-10,-32.0,-52.25,1,11.7,8.413407346246226,8.117686910191415,1.036429150240267,1.4412972721713548
A802,2021-02-11,-32.0,-52.25,1,12.4,13.896144517179684,9.555248750348767,1.4542943758185756,1.2977160850519354
A802,2021-02-12,-32.0,-52.25,1,10.0,10.284399512421176,7.957908760125636,1.2923495132229703,1.2566115422316206
A802,2021-02-13,-32.0,-52.25,1,8.6,8.476797142144994,6.561154012433169,1.2919674078800383,1.3107450280397754
A802,2021-02-14,-32.0,-52.25,1,13.8,8.229922669532263,4.82428359772847,1.7059367474597367,2.860528350053421
A802,2021-02-15,-32.0,-52.25,1,7.9,9.103126634745026,3.7384230981731794,2.43501775901004,2.113190452910592
A802,2021-02-16,-32.0,-52.25,1,9.9,9.2067353932513,4.790012939432444,1.922069002665822,2.0668002623752884
A802,2021-02-17,-32.0,-52.25,1,9.8,12.445513811289416,7.818257668891674,1.5918526017387846,1.2534762110736704
A802,2021-02-18,-32.0,-52.25,1,12.5,10.842436584425634,7.662800045731003,1.414944474567887,1.6312574940492979
A802,2021-02-19,-32.0,-52.25,1,7.0,7.291766725789166,3.6155474626454667,2.0167808059844523,1.9360830060513594
A802,2021-02-20,-32.0,-52.25,1,11.7,8.672294022558793,5.821199012634042,1.4897779656281935,2.009895207947177
A802,2021-02-21,-32.0,-52.25,1,10.2,8.630711515737877,7.141211775206448,1.208578009925825,1.428329017690436
A802,2021-02-22,-32.0,-52.25,1,10.5,10.040477659446108,7.6694227776111425,1.3091568884110334,1.3690730455819937
A802,2021-02-23,-32.0,-52.25,1,10.5,9.121869876364777,6.1635561907999525,1.4799686405034416,1.7035619819079204
A802,2021-03-13,-32.0,-52.25,1,5.6,7.021167748434784,4.192461756269089,1.6747124139977814,1.335730729475632
A802,2021-03-14,-32.0,-52.25,1,9.0,11.290195444783432,5.7131671498286645,1.9761710359064184,1.5753083646904864
A802,2021-03-15,-32.0,-52.25,1,7.0,9.862795408101812,5.213788650381681,1.891675338120926,1.3425937392931255
A802,2021-03-16,-32.0,-52.25,1,10.6,12.450285376630232,8.163543232518386,1.5251080348342103,1.2984557927955
A802,2021-03-17,-32.0,-52.25,1,11.6,10.652252351904055,8.426019884565344,1.264209258681752,1.376687945069855
A802,2021-03-18,-32.0,-52.25,1,9.5,14.098708437856951,9.083461317892835,1.55212951808194,1.0458568234651537
A802,2021-03-19,-32.0,-52.25,1,6.7,8.590206469403856,5.468166158901211,1.5709483252297507,1.225273666765517
A802,2021-03-20,-32.0,-52.25,1,14.3,15.431634566017467,9.793233700842531,1.5757445433666974,1.4601918464142996
A802,2021-03-21,-32.0,-52.25,1,10.7,10.144931408220302,7.44257627150523,1.3630940467565449,1.437674215172802
A802,2021-03-22,-32.0,-52.25,1,9.1,7.343335890542877,7.0674588108055065,1.0390348337531985,1.287591515367153
A802,2021-03-23,-32.0,-52.25,1,6.7,7.441303632648177,5.321825305612519,1.39826153722115,1.2589665415988056
A802,2021-03-24,-32.0,-52.25,1,7.3,7.656992859039654,6.240776224986891,1.2269295650086762,1.1697262867353226
A802,2021-03-25,-32.0,-52.25,1,10.0,11.24680374494192,8.59034564260509,1.3092376270823995,1.1640975131901004
A802,2021-03-26,-32.0,-52.25,1,10.7,11.42736451769825,8.670963600578476,1.317888650453553,1.2340035655652108
A802,2021-03-27,-32.0,-52.25,1,7.1,4.682422854671178,4.499409595992666,1.0406749496292826,1.5779848107901784
A802,2021-03-28,-32.0,-52.25,1,8.6,6.953472717685347,4.228344783128906,1.644490474246495,2.0338927975585146
A802,2021-03-29,-32.0,-52.25,1,9.9,10.067927751695327,6.939145367987097,1.4508887215625268,1.426688659049059
A802,2021-03-30,-32.0,-52.25,1,10.0,12.128652961748164,7.800273427834309,1.5549010010942141,1.2820063415105731
A802,2021-03-31,-32.0,-52.25,1,9.3,9.187380038336528,6.270162049780691,1.4652540022722176,1.4832152544327437
A802,2021-04-01,-32.0,-52.25,1,7.9,8.327905006363881,5.42854233887139,1.534095984981353,1.4552709561518191
A802,2021-04-02,-32.0,-52.25,1,7.5,8.11886701879111,5.506602138682087,1.474387801101284,1.3620014323015897
A802,2021-04-03,-32.0,-52.25,1,9.9,7.3644426714146904,5.934280786777412,1.2410000362342009,1.6682729307414785
A802,2021-04-04,-32.0,-52.25,1,11.6,8.665752860280191,9.148025373475802,0.9472812444755638,1.268033212242017
A802,2021-04-05,-32.0,-52.25,1,11.2,12.224911259310518,8.772753155846512,1.393509089123675,1.2766801710972424
A802,2021-04-06,-32.0,-52.25,1,8.5,9.377142594498517,7.302596735419187,1.284083310942987,1.1639695176885705
A802,2021-04-07,-32.0,-52.25,1,12.0,9.799904789826154,8.567025304479985,1.1439098685399534,1.4007195699217554
A802,2021-04-08,-32.0,-52.25,1,12.5,11.85935145637224,9.498593575583714,1.2485376242285902,1.31598429815246
A802,2021-04-09,-32.0,-52.25,1,8.7,8.678633728744162,6.978424870441132,1.2436379111143963,1.2466996724219286
A802,2021-04-10,-32.0,-52.25,1,13.3,7.382045026977998,5.905717032375065,1.2499828533114137,2.2520550725829853
A802,2021-04-11,-32.0,-52.25,1,13.9,18.76568457063444,11.604633925626963,1.6170854411179187,1.1977973703508296
A802,2021-04-12,-32.0,-52.25,1,12.9,16.117188189230017,10.105951079135389,1.5948215128910874,1.2764756032347284
A802,2021-04-13,-32.0,-52.25,1,5.8,6.155844449104522,3.558023378588169,1.7301304106515378,1.6301185750784615
A802,2021-04-14,-32.0,-52.25,1,9.0,9.96151659277892,7.23110939550617,1.3775917425574538,1.244622298978511
A802,2021-04-15,-32.0,-52.25,1,9.1,9.486907489489434,6.769440334885705,1.4014315837307119,1.344276564947912
A802,2021-04-16,-32.0,-52.25,1,6.3,3.913960634247727,2.8528331344145843,1.3719556839944274,2.208331053085862
A802,2021-04-17,-32.0,-52.25,1,6.5,6.314891782476152,4.705874134455428,1.3419168473376355,1.381252412258194
A802,2021-04-18,-32.0,-52.25,1,8.2,10.231114244507163,6.010403515600617,1.70223417079257,1.364301078740564
A802,2021-04-19,-32.0,-52.25,1,7.8,11.595455420913591,7.588107411974203,1.5281090252644163,1.0279243000292042
A802,2021-04-20,-32.0,-52.25,1,11.1,12.897618949281743,9.005246264670623,1.4322338967987664,1.2326148196021594
A802,2021-04-21,-32.0,-52.25,1,12.3,13.034520302791693,9.818900436164851,1.3274928682220986,1.252686090460475
A802,2021-04-22,-32.0,-52.25,1,10.6,13.604650435583016,9.472915925480466,1.4361629030179521,1.118979634505979
A802,2021-04-23,-32.0,-52.25,1,10.5,15.12632401649441,8.617597638622152,1.7552831602048344,1.2184370215825975
A802,2021-04-24,-32.0,-52.25,1,8.3,9.32220878074603,6.720320372947165,1.3871673169441205,1.2350601666866776
A802,2021-04-25,-32.0,-52.25,1,11.4,11.57574777977137,8.509968834247337,1.360257364655224,1.3396053760058537
A802,2021-04-26,-32.0,-52.25,1,13.4,10.495858269002749,8.37548906547515,1.2531636286492254,1.5999065720515993
A802,2021-04-27,-32.0,-52.25,1,8.7,8.94496737561626,6.3250907384013315,1.4142038028496495,1.3754743386019672
A802,2021-04-28,-32.0,-52.25,1,8.7,6.826098978759199,5.686399949686175,1.2004254078427816,1.5299662487652035
A802,2021-04-29,-32.0,-52.25,1,5.3,5.131958056105797,3.840796140338411,1.3361703846259392,1.3799222365217798
A802,2021-04-30,-32.0,-52.25,1,8.8,5.8590049940539854,5.361344649249462,1.0928237927912714,1.64137927622913
A802,2021-05-01,-32.0,-52.25,1,9.0,8.082465561312343,6.247864795771,1.2936364382889867,1.4404921191783537
A802,2021-05-02,-32.0,-52.25,1,5.1,7.7750782487081285,4.916278211779054,1.5814967977360581,1.0373700958950536
A802,2021-05-03,-32.0,-52.25,1,8.0,9.082710937896037,7.1125409117366445,1.2769994648337766,1.1247738465446193
A802,2021-05-04,-32.0,-52.25,1,11.7,11.384184394205407,8.860398851318072,1.2848388187978577,1.3204823164658674
A802,2021-05-05,-32.0,-52.25,1,8.6,12.796418937802523,8.332139838783547,1.535790227408226,1.0321478235362356
A802,2021-05-06,-32.0,-52.25,1,11.9,13.299367378300602,8.43627543857085,1.5764501141695282,1.4105750916563158
A802,2021-05-07,-32.0,-52.25,1,9.0,11.043233058751408,7.04349654178347,1.5678623526313498,1.2777744613928819
A802,2021-05-08,-32.0,-52.25,1,7.2,4.826717549900696,4.9200217921453095,0.9810358071190719,1.4634081522757925
A802,2021-05-09,-32.0,-52.25,1,9.6,10.088693438564562,6.860649211474377,1.4705158546353467,1.3992844851977102
A802,2021-05-10,-32.0,-52.25,1,7.5,10.195672629980853,6.860268132289609,1.48619156472796,1.093251729433042
A802,2021-05-11,-32.0,-52.25,1,8.5,11.026294289660084,7.802039392578264,1.4132579617771364,1.0894587392221673
A802,2021-05-12,-32.0,-52.25,1,7.8,8.354146408587557,6.119742521816197,1.3651140352402018,1.2745634268425303
A802,2021-05-13,-32.0,-52.25,1,7.1,5.627477181886104,3.9245197424539735,1.433927601640063,1.8091385611326856
A802,2021-05-14,-32.0,-52.25,1,5.1,5.272760576407886,2.8358677361333506,1.8593111763375785,1.7983913477409734
A802,2021-05-15,-32.0,-52.25,1,4.4,4.674954756002099,2.541560285182924,1.839403449627648,1.7312200012140648
A802,2021-05-16,-32.0,-52.25,1,4.8,4.639144915814098,2.150593715340474,2.1571461325876915,2.231941796240245
A802,2021-05-17,-32.0,-52.25,1,8.5,10.589138144586512,5.365767778766987,1.9734618755752071,1.584116262659663
A802,2021-05-18,-32.0,-52.25,1,8.4,9.780545838724304,5.813457885800617,1.6823972979340416,1.4449231705138894
A802,2021-05-19,-32.0,-52.25,1,7.6,10.394546610243603,4.6111761297167595,2.254207238638288,1.6481695312008886
A802,2021-05-20,-32.0,-52.25,1,4.8,7.04658339052134,3.2062736540523344,2.1977485863115045,1.497064978821565
A802,2021-05-21,-32.0,-52.25,1,15.3,17.8192915920621,10.167603357814302,1.7525557365853675,1.5047793921112391
A802,2021-05-22,-32.0,-52.25,1,13.7,17.394675173814083,11.685240705828509,1.4886022129726222,1.1724191520647533
A802,2021-05-23,-32.0,-52.25,1,19.5,26.502005899974307,13.824858138305775,1.9169821226984471,1.410502719443435
A802,2021-05-24,-32.0,-52.25,1,17.8,13.667753453777326,12.874351709682438,1.0616265394938833,1.3825938891053537
A802,2021-05-25,-32.0,-52.25,1,11.7,13.53185409948941,7.364088912973182,1.8375462680319608,1.5887912460410847
A802,2021-05-26,-32.0,-52.25,1,5.1,5.995437504271986,4.37223355519143,1.371252799876901,1.1664518685065317
A802,2021-05-27,-32.0,-52.25,1,8.0,8.31695564545193,5.861233319301843,1.4189770637628532,1.3649004508411064
A802,2021-05-28,-32.0,-52.25,1,13.3,9.388804647002532,4.9568593949467425,1.8941034834625177,2.683150547614615
A802,2021-05-29,-32.0,-52.25,1,12.6,17.762437003024345,9.48862886589574,1.8719708878978847,1.327905240902321
A802,2021-05-30,-32.0,-52.25,1,10.0,13.783191617122142,8.577010667128329,1.6069924769881272,1.1659073759025769
A802,2021-05-31,-32.0,-52.25,1,9.1,9.227677862934726,5.8015057089317965,1.5905660230115977,1.5685583116793207
A802,2021-06-01,-32.0,-52.25,1,6.9,8.569569298835548,5.9185325469272705,1.4479212931395669,1.165829527047592
A802,2021-06-02,-32.0,-52.25,1,12.5,8.360189873683087,6.950460035127536,1.2028254002513206,1.7984421084108333
A802,2021-06-03,-32.0,-52.25,1,4.8,6.577190381558571,4.91796365917365,1.3373808424326006,0.9760137188176231
A802,2021-06-04,-32.0,-52.25,1,9.3,8.73927994253642,6.06170991740872,1.4417186011224234,1.5342205626322012
A802,2021-06-05,-32.0,-52.25,1,10.8,13.228975570662296,7.118941303819713,1.8582785004231186,1.5170795121186338
A802,2021-06-06,-32.0,-52.25,1,8.5,5.823649109487594,6.269510210007869,0.9288842213210597,1.3557677897121299
A802,2021-06-07,-32.0,-52.25,1,9.4,8.961097540394771,6.473482964652773,1.3842776121177958,1.4520776607163282
A802,2021-06-08,-32.0,-52.25,1,11.1,12.009816731012698,7.999187999174076,1.5013794815489676,1.387640845689098
A802,2021-06-09,-32.0,-52.25,1,13.9,13.392461752019129,9.585480666498851,1.3971612084958487,1.45010985714888
A802,2021-06-10,-32.0,-52.25,1,8.7,10.95711520916716,7.4118464399557045,1.4783246385272715,1.1737965796350192
A802,2021-06-11,-32.0,-52.25,1,12.1,11.446751034569552,7.859761467799915,1.456373845626857,1.5394869233082467
A802,2021-06-12,-32.0,-52.25,1,8.5,10.21024243312507,6.677202493431107,1.5291197837971355,1.272988202523755
A802,2021-06-13,-32.0,-52.25,1,6.4,5.566068868564342,4.7897887726428365,1.1620697973896625,1.336175832336069
A802,2021-06-14,-32.0,-52.25,1,7.2,6.151175264846139,5.064392413064338,1.2145929389235885,1.4216907800087828
A802,2021-06-15,-32.0,-52.25,1,10.6,9.50653584318304,7.705107358038798,1.2337966755602434,1.3757108768823239
A802,2021-06-16,-32.0,-52.25,1,10.1,11.092379304052338,7.312514355185114,1.5169035936574975,1.3811938697718045
A802,2021-06-17,-32.0,-52.25,1,6.2,7.617255850610064,5.31866022171249,1.432175685807859,1.165707103207984
A802,2021-06-18,-32.0,-52.25,1,4.6,3.9763247031742575,2.9601572716775495,1.3432815685907242,1.5539714879382525
A802,2021-06-19,-32.0,-52.25,1,9.8,6.240398165223082,6.246320140702324,0.9990519257185277,1.5689237469820283
A802,2021-06-20,-32.0,-52.25,1,8.0,8.44437315156877,5.149643447013696,1.6397976361772593,1.5535056130224396
A802,2021-06-21,-32.0,-52.25,1,6.1,8.8809622985214,5.149636178323806,1.7245805317089666,1.1845497019141913
A802,2021-06-22,-32.0,-52.25,1,8.3,4.724646215986967,4.2043092173510646,1.1237627804559394,1.9741649747706798
A802,2021-06-23,-32.0,-52.25,1,12.9,20.4865610566607,10.77411194625796,1.9014616850882124,1.197314457502031
A802,2021-06-24,-32.0,-52.25,1,16.4,20.06378816896386,11.736170746336425,1.709568529856895,1.39738934908726
A802,2021-06-25,-32.0,-52.25,1,13.5,12.229351095099215,8.922491947090897,1.3706205808441767,1.5130302251941579
A802,2021-06-26,-32.0,-52.25,1,13.1,8.292598633211714,9.060900035004225,0.9152069442522932,1.4457724894206816
A802,2021-06-27,-32.0,-52.25,1,11.7,11.327613204790746,9.188591323358965,1.2327910564477955,1.2733181385765417
A802,2021-06-28,-32.0,-52.25,1,16.8,21.158576520387804,12.302311016296787,1.7198863280532561,1.3655970799100392
A802,2021-06-29,-32.0,-52.25,1,18.7,25.88456199634503,14.166908818652617,1.8271143216694221,1.3199774375182656
A802,2021-06-30,-32.0,-52.25,1,12.6,10.920780763283588,12.148458091614511,0.8989437738458077,1.0371686600044467
A802,2021-07-01,-32.0,-52.25,1,6.6,4.039646031345589,5.335022624230192,0.7571937957673576,1.2371081558351096
A802,2021-07-02,-32.0,-52.25,1,7.7,6.745052858747515,5.38555182332804,1.252434862762004,1.4297513518757174
A802,2021-07-03,-32.0,-52.25,1,5.7,5.965742767586093,4.331471542996779,1.3773016187146931,1.3159500053084474
A802,2021-07-04,-32.0,-52.25,1,4.5,4.331957974960126,3.3689012266189677,1.2858667213902508,1.3357470870454116
A802,2021-07-05,-32.0,-52.25,1,6.9,6.836298962764624,5.495861747473767,1.2438993695405463,1.2554900972848637
A802,2021-07-06,-32.0,-52.25,1,8.5,13.876331037627287,7.547091792137318,1.8386328694297678,1.126261642776816
A802,2021-07-07,-32.0,-52.25,1,9.8,11.37614741935624,7.604089811072901,1.496056425160912,1.2887801490363073
A802,2021-07-08,-32.0,-52.25,1,6.9,3.9245570297622803,3.761253274688505,1.043417377971522,1.8344949132869646
A802,2021-07-09,-32.0,-52.25,1,9.0,6.1590116604103375,5.077259843492396,1.2130581948261798,1.7726096905470463
A802,2021-07-10,-32.0,-52.25,1,8.8,7.749143791132689,5.5666350689294815,1.3920696606078986,1.580847296622289
A802,2021-07-11,-32.0,-52.25,1,8.2,9.427047611042058,6.885574413470263,1.369101115601903,1.1908955604282372
A802,2021-07-12,-32.0,-52.25,1,7.5,7.308524431324886,4.62021735356307,1.5818572746774822,1.6233002532264134
A802,2021-07-13,-32.0,-52.25,1,5.9,7.416765813952791,4.863663268548905,1.5249340680950587,1.2130774015858814
A802,2021-07-14,-32.0,-52.25,1,7.8,7.279566017571574,5.039946922069979,1.4443735480019204,1.547635346285835
A802,2021-07-15,-32.0,-52.25,1,9.9,13.235374192555492,7.077504489567485,1.8700622814248928,1.3987981236314273
A802,2021-07-16,-32.0,-52.25,1,4.6,5.6363579738902025,3.519378015526349,1.6015210497492534,1.307049137576668
A802,2021-07-17,-32.0,-52.25,1,11.3,12.486401497328886,7.4242643068016605,1.6818368772094499,1.5220363302054893
A802,2021-07-18,-32.0,-52.25,1,21.5,32.88634089341478,15.45077391186571,2.1284591361575167,1.3915160575541574
A802,2021-07-19,-32.0,-52.25,1,21.0,26.86911749923423,15.073527987490513,1.7825367439880597,1.3931708633458506
A802,2021-07-20,-32.0,-52.25,1,7.3,7.884330773256939,5.031924251916816,1.5668619753672866,1.4507372596515544
A802,2021-07-21,-32.0,-52.25,1,7.8,8.43633952675502,4.941900324834566,1.7071043469573486,1.5783402107085418
A802,2021-07-22,-32.0,-52.25,1,8.0,9.202944406653604,5.363011258843109,1.7160031859860074,1.4916992737631756
A802,2021-07-23,-32.0,-52.25,1,8.2,8.216558876195059,5.10805396924227,1.6085497384464604,1.6053080193309681
A802,2021-07-24,-32.0,-52.25,1,5.1,6.546996660632738,3.9337186140667546,1.6643276509969598,1.2964831754266024
A802,2021-07-25,-32.0,-52.25,1,8.4,9.894359095423793,6.4621937458338214,1.5311145850126653,1.2998681764092084
A802,2021-07-26,-32.0,-52.25,1,9.6,12.46224891849174,7.8781428613999545,1.5818764825340048,1.2185612991402481
A802,2021-07-27,-32.0,-52.25,1,14.7,21.582704305490275,11.464702260291329,1.8825350903567064,1.2821964030338855
A802,2021-07-28,-32.0,-52.25,1,16.3,21.5267416897614,11.643193857555678,1.848869129306126,1.3999595127777038
A802,2021-07-29,-32.0,-52.25,1,13.5,15.599605859637906,11.863495319475065,1.3149249390295334,1.1379445632551863
A802,2021-07-30,-32.0,-52.25,1,4.4,5.970753768797421,4.331164231414885,1.3785563072141742,1.0158931328638694
A802,2021-07-31,-32.0,-52.25,1,7.9,7.120945167381685,4.826115977266744,1.4755022881598074,1.6369270935909297
A802,2021-08-01,-32.0,-52.25,1,5.0,5.061153139389464,3.8581338470755613,1.311813778370023,1.2959633330994893
A802,2021-08-02,-32.0,-52.25,1,6.5,6.511626037523166,4.626018223304135,1.4076092490773273,1.4050960645281185
A802,2021-08-03,-32.0,-52.25,1,4.9,5.040526875702797,3.043893871210791,1.6559469840181358,1.609780172148674
A802,2021-08-04,-32.0,-52.25,1,5.6,6.005770815694196,4.767954640585014,1.2596115668913548,1.174507817740669
A802,2021-08-05,-32.0,-52.25,1,8.5,12.705523820114928,7.369309581046379,1.7241131859615608,1.1534323407801619
A802,2021-08-06,-32.0,-52.25,1,12.1,12.63342983327537,7.730159989620532,1.6343037983998487,1.5652974862418054
A802,2021-08-07,-32.0,-52.25,1,8.5,9.44623143686396,6.231017576047111,1.5160014109375286,1.3641431590042643
A802,2021-08-08,-32.0,-52.25,1,7.4,8.141663098009527,6.210511159003122,1.31094895243959,1.191528331653108
A802,2021-08-09,-32.0,-52.25,1,11.5,9.55501523689119,6.467737709893062,1.4773349918435659,1.7780560245060002
A802,2021-08-10,-32.0,-52.25,1,12.0,10.729925816684643,6.851808480521274,1.5659990858162938,1.751362437247671
A802,2021-08-11,-32.0,-52.25,1,7.9,9.118577474900396,6.72166956232329,1.356594130424441,1.1753032377969843
A802,2021-08-12,-32.0,-52.25,1,6.6,5.680247391240081,4.103697002181025,1.3841780687563323,1.6083058755293689
A802,2021-08-13,-32.0,-52.25,1,8.1,8.55406258720625,6.259234417843217,1.3666308075666824,1.294087976144384
A802,2021-08-14,-32.0,-52.25,1,11.1,8.934877767136738,5.89132479682382,1.5166160541604807,1.8841263014363634
A802,2021-08-15,-32.0,-52.25,1,5.7,5.782274374142873,3.6892402801400515,1.5673347180095751,1.5450335481492725
A802,2021-08-16,-32.0,-52.25,1,4.5,4.290809764689197,2.596667303781724,1.6524295424524214,1.7329905889161497
A802,2021-08-17,-32.0,-52.25,1,7.6,6.157582510374549,4.308587726765406,1.4291417283029868,1.7639190570005083
A802,2021-08-18,-32.0,-52.25,1,16.7,15.67510779397278,9.484647131326248,1.6526822323416173,1.7607402540936512
A802,2021-08-19,-32.0,-52.25,1,11.9,19.785425911959212,9.470165869287973,2.0892375260420657,1.256577779549992
A802,2021-08-20,-32.0,-52.25,1,11.5,9.358995519903985,7.54601702426313,1.2402563484566074,1.5239827796602377
A802,2021-08-21,-32.0,-52.25,1,8.3,7.974307061836846,7.714216572175538,1.0337157360346132,1.0759355693924033
A802,2021-08-22,-32.0,-52.25,1,13.0,15.364513221527075,8.65746845204884,1.774712008091808,1.5015936901189024
A802,2021-08-23,-32.0,-52.25,1,7.7,9.80244781132625,5.469857721560194,1.79208460444749,1.4077148605985481
A802,2021-08-24,-32.0,-52.25,1,12.3,12.93627498398389,9.938933703376808,1.3015757394164646,1.2375573041422951
A802,2021-08-25,-32.0,-52.25,1,15.2,15.329187897505816,10.456146053645133,1.4660456939736304,1.4536904823265264
A802,2021-08-26,-32.0,-52.25,1,12.7,12.697576527373668,10.430019243740434,1.2174068168660481,1.217639172393847
A802,2021-08-27,-32.0,-52.25,1,6.6,5.85837022152115,4.232475660244861,1.3841474096468225,1.55937104659408
A802,2021-08-28,-32.0,-52.25,1,9.1,11.234170992904303,7.445146036954684,1.508925538484059,1.2222728680983947
A802,2021-08-29,-32.0,-52.25,1,12.0,14.61164495260573,8.170759360592854,1.7882848224703485,1.4686517458677555
A802,2021-08-30,-32.0,-52.25,1,11.1,10.254222463367288,8.315732660362935,1.2331111258836152,1.3348192460429034
A802,2021-08-31,-32.0,-52.25,1,17.2,10.80802715441673,8.182358963684068,1.3208937914342573,2.1020832838474957
A802,2021-09-01,-32.0,-52.25,1,10.4,11.601233392468133,6.496407842612517,1.7857920366961937,1.60088471228396
A802,2021-09-02,-32.0,-52.25,1,9.1,5.727676921318234,4.0885348440045535,1.4009118522537054,2.225736198223743
A802,2021-09-03,-32.0,-52.25,1,12.2,10.48443244450898,8.09228430743493,1.2956085137636875,1.5076089193741045
A802,2021-09-04,-32.0,-52.25,1,8.2,7.92407400053472,5.3281824186496705,1.4872002078605504,1.5389863476329961
A802,2021-09-05,-32.0,-52.25,1,9.0,7.04813328138274,5.228463922312842,1.3480313503368226,1.7213468685500266
A802,2021-09-06,-32.0,-52.25,1,11.6,14.579468362229521,9.311840573880351,1.5656913632225222,1.2457257948055855
A802,2021-09-07,-32.0,-52.25,1,13.4,20.26187854982597,12.53495896480946,1.6164295875805417,1.069010280577627
A802,2021-09-08,-32.0,-52.25,1,21.1,37.61186347916859,15.485681649512204,2.4288154910089705,1.362548997038477
A802,2021-09-09,-32.0,-52.25,1,14.1,14.010535649979309,11.726813181719514,1.1947436556608408,1.202372697637919
A802,2021-09-10,-32.0,-52.25,1,15.0,13.213859445156041,10.321624979416045,1.2802111558507356,1.453259542941526
A802,2021-09-11,-32.0,-52.25,1,6.9,8.103033840428937,6.3900645142035915,1.2680676106505377,1.079801304769763
A802,2021-09-12,-32.0,-52.25,1,11.4,13.805041304467036,7.792232395730118,1.7716413735339485,1.4629953806622629
A802,2021-09-13,-32.0,-52.25,1,14.5,16.000141081120937,9.27419762025187,1.725231846060921,1.5634775744196625
A802,2021-09-14,-32.0,-52.25,1,14.0,13.526539489786112,8.798955646235415,1.5372892004033873,1.5910979169431116
A802,2021-09-15,-32.0,-52.25,1,8.3,11.706656706623628,8.169155611111927,1.4330314250226655,1.0160168804607046
A802,2021-09-16,-32.0,-52.25,1,8.8,5.82955846062225,4.1739561056179415,1.3966506386533266,2.108311581943957
A802,2021-09-17,-32.0,-52.25,1,11.7,11.480650752919633,7.650590428861972,1.5006228420761747,1.5292937334433125
A802,2021-09-18,-32.0,-52.25,1,7.7,9.839627831317769,5.433208443280429,1.8110160753149493,1.4172104899680495
A802,2021-09-19,-32.0,-52.25,1,8.9,10.597746435080527,6.573538457031547,1.6121829216263863,1.3539131258112436
A802,2021-09-20,-32.0,-52.25,1,13.5,14.27734576463079,8.517332790142971,1.6762695689375702,1.5850032319534846
A802,2021-09-21,-32.0,-52.25,1,16.2,16.44037763461329,10.579359802048046,1.5540049627039452,1.5312835845571544
A802,2021-09-22,-32.0,-52.25,1,11.4,12.053528504582584,8.545488044646897,1.4105137637086989,1.3340373236074259
A802,2021-09-23,-32.0,-52.25,1,11.6,16.558792764534456,9.39401532900791,1.762695948919982,1.2348287280498893
A802,2021-09-24,-32.0,-52.25,1,9.2,8.608594269245009,6.389033276183983,1.3474016955483312,1.439967457094689
A802,2021-09-25,-32.0,-52.25,1,10.0,8.543268886789413,6.326652184191591,1.3503617139150597,1.5806147878631616
A802,2021-09-26,-32.0,-52.25,1,6.9,6.533169696850708,4.7886706667851575,1.3642971403662445,1.4409009264009942
A802,2021-09-27,-32.0,-52.25,1,6.8,4.157335768960106,4.295196526833777,0.9679035040626427,1.583163880282947
A802,2021-09-28,-32.0,-52.25,1,12.3,6.211343670284626,6.092251076763115,1.019548208375021,2.018958156027794
A802,2021-09-29,-32.0,-52.25,1,11.3,13.708728923474576,7.922243933594253,1.7304098483187003,1.4263635523872702
A802,2021-09-30,-32.0,-52.25,1,16.4,22.2473635759914,11.865266432267513,1.8749990742297908,1.3821855660485052
A802,2021-10-01,-32.0,-52.25,1,15.8,15.848420268314483,10.912597700906144,1.4523050058922713,1.4478679076282657
A802,2021-10-02,-32.0,-52.25,1,8.9,8.306896422731784,6.286480259567788,1.3213906796396915,1.4157365699915359
A802,2021-10-03,-32.0,-52.25,1,11.5,7.887563585285132,7.939645657970312,0.9934402522569887,1.4484273600366009
A802,2021-10-04,-32.0,-52.25,1,11.9,9.636150193303921,7.462981355680773,1.2911931216294605,1.5945370131390986
A802,2021-10-05,-32.0,-52.25,1,6.7,8.728712454161009,5.523644094139335,1.5802452702233833,1.2129673610051732
A802,2021-10-06,-32.0,-52.25,1,16.8,13.572511315927844,10.907640832198835,1.244312269236299,1.5402047297347015
A802,2021-10-07,-32.0,-52.25,1,13.4,13.511124252009536,10.61956221808717,1.2722863687353774,1.26182226016598
A802,2021-10-08,-32.0,-52.25,1,9.4,10.37779357235934,6.413590433607017,1.618094214120693,1.4656377106252823
A802,2021-10-09,-32.0,-52.25,1,12.2,13.306577983523134,8.363459171688678,1.5910375970468669,1.4587265567456198
A802,2021-10-10,-32.0,-52.25,1,15.1,18.216606102450793,10.50752333206385,1.7336726768773927,1.4370655693832386
A802,2021-10-11,-32.0,-52.25,1,15.8,17.661301838483844,11.403119879628273,1.5488131340297353,1.3855857139787484
A802,2021-10-12,-32.0,-52.25,1,10.7,10.057978033779639,8.022935069347211,1.2536531764051793,1.3336765046100028
A802,2021-10-13,-32.0,-52.25,1,9.0,10.680548493217785,7.027074800363447,1.519913875495587,1.2807605235018291
A802,2021-10-14,-32.0,-52.25,1,10.3,15.148553830186962,9.669763357296885,1.5665899226743472,1.0651760151118417
A802,2021-10-15,-32.0,-52.25,1,11.5,15.29043567862888,10.42671905758508,1.466466641537216,1.1029356345449957
A802,2021-10-16,-32.0,-52.25,1,10.9,11.35366586696236,10.176500745522175,1.115674842549209,1.071095091777611
A802,2021-10-17,-32.0,-52.25,1,6.8,6.053399711072065,4.100501739758821,1.4762582959977253,1.658333645872311
A802,2021-10-18,-32.0,-52.25,1,9.5,5.576590443708574,5.083462220565419,1.0970063711987823,1.8688050757153738
A802,2021-10-19,-32.0,-52.25,1,9.4,7.284626568132189,6.411968250799376,1.1360983528301187,1.4660085066435113
A802,2021-10-20,-32.0,-52.25,1,10.6,9.654327953162351,6.488355233063035,1.4879468842837567,1.6336960014126618
A802,2021-10-21,-32.0,-52.25,1,8.3,5.746204766034302,5.517311031535699,1.0414864656334035,1.504356008308954
A802,2021-10-22,-32.0,-52.25,1,7.3,4.924971606831873,4.933677051223958,0.9982355058302965,1.4796266403754577
A802,2021-10-23,-32.0,-52.25,1,11.1,7.8550590623337415,8.988652501610277,0.8738861649092056,1.234890323995892
A802,2021-10-24,-32.0,-52.25,1,12.1,10.998160968944312,9.036822675704967,1.2170384839477157,1.33896618692433
A802,2021-10-25,-32.0,-52.25,1,10.8,12.540644147335927,8.307125878601159,1.509624908855679,1.3000886417070423
A802,2021-10-26,-32.0,-52.25,1,8.5,7.879146410803034,5.504018772879835,1.4315260786584263,1.5443261280071172
A802,2021-10-27,-32.0,-52.25,1,7.2,6.725387320490247,4.501949289872611,1.493883401934221,1.5993072192520708
A802,2021-10-28,-32.0,-52.25,1,9.9,6.657161487270888,7.406040443231515,0.8988826807386614,1.3367466834518507
A802,2021-10-29,-32.0,-52.25,1,14.3,13.117130619607407,9.774775153619364,1.3419368132217802,1.462949252055691
A802,2021-10-30,-32.0,-52.25,1,12.0,17.195228640581263,10.913926321459563,1.5755309440536591,1.0995126452709267
A802,2021-10-31,-32.0,-52.25,1,12.0,13.838309319779455,9.757102068913625,1.4182806761721454,1.2298733696998319
A802,2021-11-01,-32.0,-52.25,1,10.3,11.068358234685155,8.854642199819788,1.250006266194519,1.1632316436467223
A802,2021-11-02,-32.0,-52.25,1,12.0,12.187955077560083,8.124086378972924,1.5002247033100757,1.477089169196781
A802,2021-11-03,-32.0,-52.25,1,9.6,11.609239527715863,8.59916232947856,1.3500430719767362,1.1163878099021918
A802,2021-11-04,-32.0,-52.25,1,8.5,7.123603828740993,5.899729166525606,1.2074459060187903,1.4407441019882803
A802,2021-11-05,-32.0,-52.25,1,11.9,8.831079316961238,8.208888475388088,1.0757947733653106,1.449648150986411
A802,2021-11-06,-32.0,-52.25,1,11.8,14.518465589043041,10.592115913437128,1.370686056279365,1.1140361469260882
A802,2021-11-07,-32.0,-52.25,1,7.5,7.949739733194764,5.959107078777107,1.3340488143781035,1.2585778206118603
A802,2021-11-08,-32.0,-52.25,1,8.1,5.733732169372966,4.151681798506775,1.381062530234182,1.9510165742743835
A802,2021-11-09,-32.0,-52.25,1,7.8,7.50507237843121,5.703260456580696,1.3159266415356319,1.3676387496909745
A802,2021-11-10,-32.0,-52.25,1,9.0,9.294795238045422,7.233975034648417,1.2848807458591354,1.244129259071657
A802,2021-11-11,-32.0,-52.25,1,11.0,10.109420530122083,7.460090829785437,1.3551337055788697,1.4745128780578636
A802,2021-11-12,-32.0,-52.25,1,12.3,10.698433959530574,8.574735613355458,1.247669250917472,1.434446559593314
A802,2021-11-13,-32.0,-52.25,1,15.2,16.609684016146808,11.332784189496051,1.465631369874821,1.341241458924836
A802,2021-11-14,-32.0,-52.25,1,14.4,19.311662714105914,11.214387236114701,1.722043506034358,1.284064808608212
A802,2021-11-15,-32.0,-52.25,1,11.1,13.447524980840837,8.90491768812136,1.5101234454731738,1.246502257377039
A802,2021-11-16,-32.0,-52.25,1,13.3,12.578084942139114,8.928121850675797,1.4088164512659558,1.4896750091950506
A802,2021-11-17,-32.0,-52.25,1,10.4,11.128424032195696,8.651493647743555,1.286300896157759,1.2021045640728736
A802,2021-11-18,-32.0,-52.25,1,6.3,8.111348881615088,5.186696261828931,1.5638758223244917,1.214646025518081
A802,2021-11-19,-32.0,-52.25,1,8.6,9.101446295761244,5.659635695635394,1.6081328879136354,1.519532433268127
A802,2021-11-20,-32.0,-52.25,1,10.7,10.85814572893001,6.807586858167711,1.5950065647568576,1.5717757588597183
A802,2021-11-21,-32.0,-52.25,1,9.4,10.216377656484593,7.056802203588405,1.4477347333455846,1.33204810462451
A802,2021-11-22,-32.0,-52.25,1,10.8,10.516941433164739,5.176773651839483,2.0315629271192326,2.0862414944803307
A802,2021-11-23,-32.0,-52.25,1,13.4,19.914945038491677,11.473842415886608,1.7356822864254762,1.1678738049815331
A802,2021-11-24,-32.0,-52.25,1,8.4,10.417361158992698,6.808587371051845,1.5300326765702266,1.2337360956421568
A802,2021-11-25,-32.0,-52.25,1,10.8,10.083373426554001,7.739086520949858,1.3029151953861884,1.395513536483174
A802,2021-11-26,-32.0,-52.25,1,14.1,12.453362259749337,12.70207829295464,0.9804192646692111,1.110054565465931
A802,2021-11-27,-32.0,-52.25,1,11.0,16.041872703635306,10.78343000542098,1.4876410099171444,1.0200835907007462
A802,2021-11-28,-32.0,-52.25,1,7.3,6.402711331153045,7.070537220840732,0.9055480695697011,1.0324533726352385
A802,2021-11-29,-32.0,-52.25,1,16.9,17.41732501616304,12.582972918259625,1.3841979259836208,1.3430848265973594
A802,2021-11-30,-32.0,-52.25,1,16.2,11.024387706429247,11.434775789249539,0.964110526486569,1.4167308829291179
A802,2021-12-01,-32.0,-52.25,1,9.3,9.652675839116819,7.438482996152304,1.297667258782449,1.2502549249370607
A802,2021-12-02,-32.0,-52.25,1,9.4,9.06456505424973,6.012589620889892,1.5075974955543585,1.5633862599471333
A802,2021-12-03,-32.0,-52.25,1,10.4,12.314683812105418,7.876860387784958,1.5634000357810602,1.3203230078989088
A802,2021-12-04,-32.0,-52.25,1,11.1,10.485057668415491,8.073704450356011,1.2986675116591804,1.3748335808242949
A802,2021-12-05,-32.0,-52.25,1,10.8,10.243412247862427,7.348211043934073,1.3940008236859682,1.4697454843672964
A802,2021-12-06,-32.0,-52.25,1,10.4,12.547942152990233,7.847339035694775,1.5990059937405627,1.325290006293098
A802,2021-12-07,-32.0,-52.25,1,10.5,10.966619455587095,7.94632372047798,1.3800871750701142,1.3213657496662385
A802,2021-12-08,-32.0,-52.25,1,10.2,8.879258287341049,8.674896729412698,1.0235578087328063,1.1758065044643538
A802,2021-12-09,-32.0,-52.25,1,10.6,8.968880685334405,7.382683015452956,1.2148538230019252,1.4357923776237937
A802,2021-12-10,-32.0,-52.25,1,8.9,8.7402970168371,7.047590137279055,1.2401823668212875,1.262843018200279
A802,2021-12-11,-32.0,-52.25,1,8.7,7.924604780110352,6.019186149346936,1.3165575184894636,1.4453781265668155
A802,2021-12-12,-32.0,-52.25,1,10.1,9.477963177847888,6.983741853198741,1.357146838625876,1.4462161134111693
A802,2021-12-13,-32.0,-52.25,1,9.2,8.658802773160398,7.100617272832911,1.219443668128563,1.295662003245741
A802,2021-12-14,-32.0,-52.25,1,12.7,12.830853509135249,9.180549240715578,1.3976128413135278,1.3833594991981217
A802,2021-12-15,-32.0,-52.25,1,11.6,12.053912475790959,8.402049271306543,1.434639584530375,1.3806155647783014
A802,2021-12-16,-32.0,-52.25,1,11.7,8.529830603368948,7.368776069267452,1.1575640952021655,1.5877806422692833
A802,2021-12-17,-32.0,-52.25,1,9.7,13.07036882537914,8.26397643868343,1.581607706938409,1.173769077389256
A802,2021-12-18,-32.0,-52.25,1,11.8,10.679201068822536,8.571999960021055,1.2458237422572627,1.3765749014272064
A802,2021-12-19,-32.0,-52.25,1,12.7,12.070162193101723,9.616843907535733,1.2551063851253295,1.320599577377804
A802,2021-12-20,-32.0,-52.25,1,9.2,8.453920513573866,7.976174399900109,1.059896648408257,1.15343516060973
A802,2021-12-21,-32.0,-52.25,1,8.4,8.450204037063813,5.80654983013665,1.4552883010159148,1.4466421964387615
A802,2021-12-22,-32.0,-52.25,1,9.1,8.711531774472752,7.188201665788205,1.2119208919714566,1.2659633692959504
A802,2021-12-23,-32.0,-52.25,1,8.3,9.264005077312127,6.40337337714,1.4467382318177109,1.2961917900385045
A802,2021-12-24,-32.0,-52.25,1,10.7,9.874079808532827,8.005278416850727,1.2334461457016113,1.3366180965645134
A802,2021-12-25,-32.0,-52.25,1,8.8,8.328365953523209,7.7642076588736835,1.072661412398566,1.133406058497484
A802,2021-12-26,-32.0,-52.25,1,10.1,5.692529889712584,6.861992590516814,0.8295738904730949,1.4718756784957872
A802,2021-12-27,-32.0,-52.25,1,8.6,7.773824969570411,7.339149008807383,1.0592270248555238,1.1717979822564613
A802,2021-12-28,-32.0,-52.25,1,8.4,7.15896065924139,6.065573707732319,1.1802610938706812,1.3848648791938318
A802,2021-12-29,-32.0,-52.25,1,11.3,10.388377975016148,8.673227200796475,1.1977523169302158,1.3028599088194421
A802,2021-12-30,-32.0,-52.25,1,12.6,12.767281917898474,9.139747312696015,1.3968965969292668,1.3785939117263506
A802,2021-12-31,-32.0,-52.25,1,10.6,11.058448231576751,9.15991453420455,1.2072654379342493,1.1572160373787272
A802,2022-01-01,-32.0,-52.25,1,10.9,8.387700346839278,7.752223885580922,1.0819734402202106,1.406048143201065
A802,2022-01-02,-32.0,-52.25,1,10.0,7.678947478321101,6.547240014252599,1.1728526007302167,1.52736114427318
A802,2022-01-03,-32.0,-52.25,1,8.8,6.142133126192601,6.610275534995538,0.9291795922386987,1.3312606945673924
A802,2022-01-04,-32.0,-52.25,1,10.1,10.249328034717312,6.537321988807702,1.5678175332750617,1.5449751469014104
A802,2022-01-05,-32.0,-52.25,1,12.5,19.18175404964654,10.553067682395877,1.8176472118760902,1.1844897025394712
A802,2022-01-06,-32.0,-52.25,1,9.0,11.17374487321275,8.045618601074349,1.388798727262649,1.118621257885405
A802,2022-01-07,-32.0,-52.25,1,10.1,9.693236466539771,7.459043687815975,1.2995280457162697,1.354060979224175
A802,2022-01-08,-32.0,-52.25,1,12.4,11.174746978506427,9.254442690457463,1.207500802833762,1.3398970002576187
A802,2022-01-09,-32.0,-52.25,1,13.6,13.123126488551891,9.752425726512351,1.3456269093007454,1.3945248476005172
A802,2022-01-10,-32.0,-52.25,1,10.7,11.342105185094816,8.458267307267558,1.3409490115486644,1.2650345054484489
A802,2022-01-11,-32.0,-52.25,1,8.7,9.84949992281527,5.875075171002732,1.6764891743732704,1.4808321164876468
A802,2022-01-12,-32.0,-52.25,1,7.7,8.098504604152273,6.143846044125909,1.318149013824199,1.2532866130917977
A802,2022-01-13,-32.0,-52.25,1,11.0,9.642230010701276,7.683511477695612,1.2549249179482074,1.4316370883198117
A802,2022-01-14,-32.0,-52.25,1,10.5,11.274371573569214,7.933683599325883,1.4210765317799143,1.3234709789652026
A802,2022-01-15,-32.0,-52.25,1,11.2,9.198792186285951,7.583325742997674,1.213028755197543,1.4769245552113999
A802,2022-01-16,-32.0,-52.25,1,16.3,8.84184526511308,6.135688188470974,1.4410519233566994,2.656588714959127
A802,2022-01-17,-32.0,-52.25,1,10.4,9.464290102845856,6.659454851067414,1.4211809096248873,1.5616893923881818
A802,2022-01-18,-32.0,-52.25,1,7.4,6.592609361137706,6.387009356697771,1.032190340260631,1.1586017158781756
A802,2022-01-19,-32.0,-52.25,1,8.3,8.613589215079667,6.688744900186916,1.2877736172654697,1.2408904994669565
A802,2022-01-20,-32.0,-52.25,1,10.8,9.322455221171872,6.904304680506248,1.3502380981959095,1.564241513050972
A802,2022-01-21,-32.0,-52.25,1,11.4,11.869412023109323,8.976453713251402,1.3222829863855055,1.2699892813094844
A802,2022-01-22,-32.0,-52.25,1,10.7,12.592005500041584,9.25397221433094,1.3607135626084201,1.1562602255742354
A802,2022-01-23,-32.0,-52.25,1,12.6,8.711017272204513,4.958694320526437,1.7567159234126197,2.5409914758896304
A802,2022-01-24,-32.0,-52.25,1,6.6,7.96186633189645,4.713434168971693,1.6891858561023356,1.4002529288406058
A802,2022-01-25,-32.0,-52.25,1,14.5,9.169273396572246,5.9200340567023115,1.548854839135822,2.4493102338801513
A802,2022-01-26,-32.0,-52.25,1,8.4,12.718790857344253,7.988568377828724,1.5921239270660401,1.051502547479365
A802,2022-01-27,-32.0,-52.25,1,13.1,13.099161721744863,11.07512305066435,1.1827554115490482,1.1828311017469177
A802,2022-01-28,-32.0,-52.25,1,8.8,10.059477321970467,6.859214180183832,1.4665641074501141,1.2829457965349835
A802,2022-01-29,-32.0,-52.25,1,9.6,9.157629757734515,6.7706841034980485,1.3525412820549787,1.417877404004153
A802,2022-01-30,-32.0,-52.25,1,10.6,14.693879173917784,9.674657013859068,1.5188010440957873,1.095646076632522
A802,2022-01-31,-32.0,-52.25,1,12.5,15.089936327377128,10.073423038041248,1.4979948990915533,1.2408890158583663
A802,2022-02-01,-32.0,-52.25,1,8.6,9.429731973323186,8.170575468132931,1.1541086683675155,1.0525574402368498
A802,2022-02-02,-32.0,-52.25,1,10.8,8.615123620536657,7.703683877382587,1.1183121942256724,1.4019266849341983
A802,2022-02-03,-32.0,-52.25,1,9.5,11.430064252053052,8.563768159499013,1.3347003374180229,1.109324753200203
A802,2022-02-04,-32.0,-52.25,1,10.3,9.520621015564801,5.274621246471505,1.8049866655228917,1.9527468454517483
A802,2022-02-05,-32.0,-52.25,1,10.5,8.123536439525347,4.891067634649234,1.660892272676154,2.1467705589708155
A802,2022-02-06,-32.0,-52.25,1,13.6,9.825131368697432,8.740555192877384,1.1240855016514124,1.5559652333163623
A802,2022-02-07,-32.0,-52.25,1,13.7,15.200819300445628,9.521726586183282,1.5964351804118302,1.4388146809297901
A802,2022-02-08,-32.0,-52.25,1,8.9,9.387686347475148,8.128550875874124,1.1549028222654287,1.094906107608377
A802,2022-02-09,-32.0,-52.25,1,8.0,7.576452440208414,5.430391107761534,1.3951946167154634,1.473190391124091
A802,2022-02-10,-32.0,-52.25,1,11.6,12.05141316032369,8.747956465198904,1.377626101394833,1.3260239744158635
A802,2022-02-11,-32.0,-52.25,1,12.3,12.855820140630179,9.04440764387834,1.4214109587742403,1.3599563934212089
A802,2022-02-12,-32.0,-52.25,1,9.1,11.179462897791007,8.395247716306397,1.3316418139844435,1.0839465740033778
A802,2022-02-13,-32.0,-52.25,1,11.8,7.600467453133636,8.03993572678435,0.945339329991574,1.467673424389367
A802,2022-02-14,-32.0,-52.25,1,13.0,9.632367743581726,8.205773359337414,1.1738525208743402,1.5842504332888012
A802,2022-02-15,-32.0,-52.25,1,7.2,5.74525880845679,4.529857226834961,1.2683090262584362,1.58945406873909
A802,2022-02-16,-32.0,-52.25,1,10.1,9.37620767768574,6.416899389499582,1.4611741759624095,1.5739688885456629
A802,2022-02-17,-32.0,-52.25,1,9.5,8.13687207997624,5.69326935759534,1.4292090482458748,1.6686370173802043
A802,2022-02-18,-32.0,-52.25,1,8.4,6.992815977198089,6.640221236274739,1.0530998483901661,1.265018092185212
A802,2022-02-19,-32.0,-52.25,1,10.0,8.780614221301079,6.379935909826451,1.3762856469728912,1.567413864549624
A802,2022-02-20,-32.0,-52.25,1,9.8,8.696234804454457,6.835510005066846,1.2722144796815955,1.4336896577922813
A802,2022-02-21,-32.0,-52.25,1,10.8,9.502026624235327,9.246321171797392,1.0276548313309593,1.1680321069682884
A802,2022-02-22,-32.0,-52.25,1,10.7,9.90340903523906,6.207397395222474,1.5954204966579428,1.7237497970140045
A802,2022-02-23,-32.0,-52.25,1,9.2,9.736932595597503,6.17123759522883,1.5777925327531417,1.4907868734648617
A802,2022-02-24,-32.0,-52.25,1,11.4,10.638447474015639,7.879072285957315,1.350215747223984,1.4468708480207693
A802,2022-02-25,-32.0,-52.25,1,11.7,12.195558299163537,10.605203489427327,1.1499598580377723,1.1032320135737246
A802,2022-02-26,-32.0,-52.25,1,8.8,6.936366101903713,5.902529294528252,1.175151491130056,1.49088628973985
A802,2022-02-27,-32.0,-52.25,1,12.5,14.731124232297088,7.963097598247627,1.8499238582155322,1.5697409011727763
A802,2022-02-28,-32.0,-52.25,1,11.5,8.852896042248846,5.158678746467435,1.7161169511303918,2.229252986120716
A802,2022-03-01,-32.0,-52.25,1,8.2,9.719078910701105,7.115042018623395,1.3659903743732962,1.1524879232668988
A802,2022-03-02,-32.0,-52.25,1,7.5,8.632537456473305,4.979243613187589,1.7337045798703081,1.5062528734557505
A802,2022-03-03,-32.0,-52.25,1,7.3,6.118530954272073,5.467915087748229,1.1189879242970793,1.3350609661728035
A802,2022-03-04,-32.0,-52.25,1,8.5,8.078281304790307,5.4535116409832725,1.481298993492895,1.5586287441145799
A802,2022-03-05,-32.0,-52.25,1,7.7,10.823251176518427,6.580805749666776,1.6446696025128036,1.1700694858513179
A802,2022-03-06,-32.0,-52.25,1,7.8,6.866312009042242,3.725700864512865,1.8429584818372184,2.093565823894949
A802,2022-03-07,-32.0,-52.25,1,15.0,11.638467357705938,7.6407679863196245,1.5232064863825174,1.9631534456819886
A802,2022-03-08,-32.0,-52.25,1,8.6,6.9558661483326105,5.277099406440691,1.3181230089853884,1.6296831531169784
A802,2022-03-09,-32.0,-52.25,1,9.1,8.539721193676383,7.447520199996449,1.1466529749970273,1.2218832249698819
A802,2022-03-10,-32.0,-52.25,1,12.4,9.23935369540912,8.032180595338886,1.1502920764469318,1.5437899898809273
A802,2022-03-11,-32.0,-52.25,1,11.7,11.39522743446506,8.192379371956333,1.3909545587540204,1.4281565182455715
A802,2022-03-12,-32.0,-52.25,1,8.4,8.302073105407178,5.281343363259893,1.5719623842602708,1.5905044270431843
A802,2022-03-13,-32.0,-52.25,1,6.3,7.549654617851357,4.229499993402953,1.7849993213446225,1.4895377727453718
A802,2022-03-14,-32.0,-52.25,1,7.0,8.656119149692325,5.451595796840684,1.5878138204429482,1.2840276977351566
A802,2022-03-15,-32.0,-52.25,1,6.0,7.5308597871843155,4.098429916874427,1.837498734863704,1.4639752592318966
A802,2022-03-16,-32.0,-52.25,1,11.5,11.00810840794894,8.40956889895518,1.3089979451047256,1.367489836658426
A802,2022-03-17,-32.0,-52.25,1,10.6,10.728314289845823,8.065198611004506,1.3301984002238514,1.3142887746790142
A802,2022-03-18,-32.0,-52.25,1,10.3,10.01959587314323,9.097830662331551,1.1013170331503457,1.1321380208411531
A802,2022-03-19,-32.0,-52.25,1,14.1,11.942175102975847,10.758716749298156,1.1099999545721746,1.3105652215372072
A802,2022-03-20,-32.0,-52.25,1,13.5,12.601590226238894,8.548029818324663,1.4742099049800335,1.5793112900775865
A802,2022-03-21,-32.0,-52.25,1,13.3,13.753737734412178,9.27517131479176,1.4828553853747304,1.4339357785003461
A802,2022-03-22,-32.0,-52.25,1,13.9,17.630660038841086,10.948857784806933,1.6102739103348374,1.2695388206875962
A802,2022-03-23,-32.0,-52.25,1,10.1,12.113414560465353,7.36889065477263,1.6438586386975118,1.370626933303523
A802,2022-03-24,-32.0,-52.25,1,8.7,9.11062837219407,6.224162561442784,1.4637516745838643,1.3977784021732407
A802,2022-03-25,-32.0,-52.25,1,13.9,13.893892377867228,9.607254742861473,1.4461875686382604,1.4468232988542526
A802,2022-03-26,-32.0,-52.25,1,13.0,12.0735073088692,9.272477815724681,1.3020799347068168,1.4019985011939333
A802,2022-03-27,-32.0,-52.25,1,12.8,8.427335506356338,6.4524883351348485,1.3060597816919908,1.983730823704387
A802,2022-03-28,-32.0,-52.25,1,6.8,5.965451665009457,4.481408922917824,1.3311553950147847,1.517379939425959
A802,2022-03-29,-32.0,-52.25,1,11.8,11.469416552910337,7.629454974644604,1.5033074565650224,1.5466373468636492
A802,2022-03-30,-32.0,-52.25,1,16.8,17.754697784162612,11.232237028893723,1.5806911604955058,1.4956949320766475
A802,2022-03-31,-32.0,-52.25,1,10.2,20.057259912686916,11.160531618645946,1.7971599022377367,0.9139349583454266
A802,2022-04-01,-32.0,-52.25,1,9.3,8.003688822432089,5.240544559876535,1.5272628122869454,1.7746247348422708
A802,2022-04-02,-32.0,-52.25,1,9.0,9.187891284483955,6.8816590468428664,1.3351273612863936,1.307824165471984
A802,2022-04-03,-32.0,-52.25,1,12.3,9.560201566116104,8.057087593179025,1.1865579783704456,1.5266062156768587
A802,2022-04-04,-32.0,-52.25,1,8.5,6.565199170747586,6.182224167532071,1.0619477703876916,1.374909703960667
A802,2022-04-05,-32.0,-52.25,1,5.8,6.856101426322596,5.888112308259065,1.1643971900307954,0.9850355591663099
A802,2022-04-06,-32.0,-52.25,1,7.0,6.630575110923047,4.96593384244899,1.3352121315521042,1.4096039581042614
A802,2022-04-07,-32.0,-52.25,1,7.4,5.491227777311939,4.7027382948352745,1.167666034774381,1.5735513090590139
A802,2022-04-08,-32.0,-52.25,1,8.6,6.20758975920972,4.761763882995219,1.30363241683984,1.8060534313159755
A802,2022-04-09,-32.0,-52.25,1,7.3,7.23384361327986,5.271092951650186,1.3723612312727684,1.384912022413613
A802,2022-04-10,-32.0,-52.25,1,10.5,11.218960412782957,8.404848346133036,1.33482008844867,1.2492789361072667
A802,2022-04-11,-32.0,-52.25,1,13.1,13.392941640746464,8.818543553897666,1.5187248958845345,1.4855060725089908
A802,2022-04-12,-32.0,-52.25,1,8.4,9.924253533829308,6.040555735479645,1.6429371681049942,1.39060052879936
A802,2022-04-13,-32.0,-52.25,1,7.1,9.611896123920799,6.442635215454169,1.4919199679138149,1.102033525500402
A802,2022-04-14,-32.0,-52.25,1,12.3,14.133833075983208,8.126305963382125,1.739269126669799,1.5136028664715457
A802,2022-04-15,-32.0,-52.25,1,8.9,12.54582909580414,7.9414082823627385,1.5797990293066115,1.1207080260268472
A802,2022-04-16,-32.0,-52.25,1,8.0,7.083759156067566,4.750767592399858,1.4910767614479734,1.6839384045639638
A802,2022-04-17,-32.0,-52.25,1,8.1,6.721921077833308,5.8580675513762,1.1474639066349053,1.382708534676613
A802,2022-04-18,-32.0,-52.25,1,9.4,11.580822819792257,7.463022829302202,1.5517603368868527,1.259543246081549
A802,2022-04-19,-32.0,-52.25,1,8.4,9.753949125475305,6.786806497745424,1.4371927546063918,1.2376955203880469
A802,2022-04-20,-32.0,-52.25,1,8.1,7.170373602657887,5.520212950496028,1.298930614988971,1.4673346975268702
A802,2022-04-21,-32.0,-52.25,1,8.7,8.032766680305057,5.17653394592666,1.5517654794142566,1.6806612476376988
A802,2022-04-22,-32.0,-52.25,1,6.1,10.22200204534262,4.464188972081646,2.2897780782286445,1.366429610876346
A802,2022-04-23,-32.0,-52.25,1,11.2,14.403462903485458,11.506123749968264,1.2518084470910706,0.9733947107974474
A802,2022-04-24,-32.0,-52.25,1,10.6,10.146781090180195,7.706428455212457,1.316664541707013,1.3754750415973038
A802,2022-04-25,-32.0,-52.25,1,12.8,13.495205444837396,9.098142842563535,1.483292324418477,1.4068805273223666
A802,2022-04-26,-32.0,-52.25,1,14.5,8.728865517772208,7.101046870301002,1.229236431923763,2.041952442342543
A802,2022-04-27,-32.0,-52.25,1,17.0,17.182035194787538,9.499004653249509,1.8088248002815481,1.789661192995045
A802,2022-04-28,-32.0,-52.25,1,10.5,14.053767161693173,7.324296796796132,1.9187872299004478,1.4335847237366208
A802,2022-04-29,-32.0,-52.25,1,8.4,10.112720706938083,8.154158978709626,1.2401917516376892,1.0301491572499704
A802,2022-04-30,-32.0,-52.25,1,6.5,7.283976547135282,4.032353872546905,1.8063832633157755,1.6119616991587316
A802,2022-05-01,-32.0,-52.25,1,9.4,6.817480000973583,4.9006568550393474,1.39113596455201,1.9181102203338265
A802,2022-05-02,-32.0,-52.25,1,10.1,13.274522605362245,8.723064413017708,1.5217728514708948,1.157849985026758
A802,2022-05-03,-32.0,-52.25,1,10.1,12.816537575849798,8.545110541222721,1.4998679670697248,1.1819624744789772
A802,2022-05-04,-32.0,-52.25,1,11.4,10.507632681491716,7.695277395582853,1.3654650951924328,1.4814280777641216
A802,2022-05-05,-32.0,-52.25,1,7.0,5.485468586595795,3.717794912833356,1.475462933057618,1.8828365103833158
A802,2022-05-06,-32.0,-52.25,1,4.8,3.3667553068554423,2.2856117993178597,1.473021493790087,2.1000941635988046
A802,2022-05-07,-32.0,-52.25,1,5.1,4.6387214153337215,2.953530523145358,1.5705683008800337,1.7267470100728
A802,2022-05-08,-32.0,-52.25,1,10.4,8.041381266801505,5.567817593434325,1.4442609032817548,1.8678772832400035
A802,2022-05-09,-32.0,-52.25,1,5.8,8.580433956557457,4.273983711941567,2.0075963164257296,1.3570477547199638
A802,2022-05-10,-32.0,-52.25,1,5.7,8.385224947463096,3.9242478203650797,2.1367725310179324,1.4525076552045377
A802,2022-05-11,-32.0,-52.25,1,11.0,16.054381965305957,8.377789655628012,1.9163028227285441,1.3129954859406676
A802,2022-05-12,-32.0,-52.25,1,7.3,13.921363153345338,6.771382123964179,2.055911614274005,1.0780664665438127
A802,2022-05-13,-32.0,-52.25,1,5.8,7.0566781539489645,3.633831718223169,1.9419386204817048,1.596111336392875
A802,2022-05-14,-32.0,-52.25,1,8.6,8.814880761719019,6.081211111374204,1.449527174814208,1.4141919828954288
A802,2022-05-15,-32.0,-52.25,1,11.4,16.468560409480734,8.84585081644361,1.8617271250909204,1.2887397986419198
A802,2022-05-16,-32.0,-52.25,1,14.2,21.979876096576287,11.575282466291672,1.898863043781764,1.2267519208582387
A802,2022-05-17,-32.0,-52.25,1,18.8,24.690813567112134,15.448891741087994,1.5982255543576793,1.2169157707280305
A802,2022-05-18,-32.0,-52.25,1,17.6,18.95703067798676,12.863893921209613,1.4736619249270209,1.3681704861528463
A802,2022-05-19,-32.0,-52.25,1,10.1,13.305180121821987,8.471779949697016,1.5705294756030381,1.192193383205287
A802,2022-05-20,-32.0,-52.25,1,8.1,8.783532245007596,5.149950259919729,1.7055567144729087,1.572830724801263
A802,2022-05-21,-32.0,-52.25,1,6.5,5.717875804847975,3.60004774357431,1.588277770775056,1.805531610407608
A802,2022-05-22,-32.0,-52.25,1,5.9,5.2851315076801475,3.636910418441571,1.4531926551946377,1.6222560693502512
A802,2022-05-23,-32.0,-52.25,1,5.7,5.200360810371876,3.83227533813251,1.3569903912243535,1.487367033178165
A802,2022-05-24,-32.0,-52.25,1,6.3,5.696615577309362,4.819280795725903,1.1820468278921503,1.3072489998066328
A802,2022-05-25,-32.0,-52.25,1,11.0,7.4477132268439314,5.732492498230045,1.2992102875221336,1.918886069784887
A802,2022-05-26,-32.0,-52.25,1,9.2,5.641530416909063,5.3937075467821085,1.0459466643264346,1.7056912930862795
A802,2022-05-27,-32.0,-52.25,1,9.9,7.662170504046492,6.254311484308831,1.2251021592496276,1.5829080506843445
A802,2022-05-28,-32.0,-52.25,1,7.0,10.02390655754729,5.5035019965589935,1.821368750990666,1.2719174090200522
A802,2022-05-29,-32.0,-52.25,1,9.5,16.65352558819313,7.454918128988371,2.233897851062384,1.2743265366066663
A802,2022-05-30,-32.0,-52.25,1,13.2,15.204846723993443,7.989831834995815,1.9030246240472226,1.652099852988572
A802,2022-05-31,-32.0,-52.25,1,8.6,12.468221388188795,7.434602032250158,1.677052965862002,1.1567532414908726
A802,2022-06-01,-32.0,-52.25,1,7.1,7.075989447118518,4.627229508439738,1.529206501257916,1.5343954707779468
A802,2022-06-02,-32.0,-52.25,1,8.5,9.322471283743335,6.46362054048513,1.4422986661038788,1.3150524457244868
A802,2022-06-03,-32.0,-52.25,1,6.9,8.534517309409312,6.423274448834687,1.3286863853307167,1.0742184620885693
A802,2022-06-04,-32.0,-52.25,1,9.7,11.893494735117779,7.766094027647959,1.5314641688313224,1.2490191292388644
A802,2022-06-05,-32.0,-52.25,1,8.3,9.24751869115855,7.011511366020032,1.318905184405021,1.1837676025492
A802,2022-06-06,-32.0,-52.25,1,6.8,5.107085352080293,4.293034463319627,1.1896213262940345,1.583961195303762
A802,2022-06-07,-32.0,-52.25,1,5.6,4.042535179147711,3.395872879981151,1.1904259440860312,1.6490605502379945
A802,2022-06-08,-32.0,-52.25,1,5.1,5.070877810698788,2.665652239883993,1.9023028341159272,1.9132278110748415
A802,2022-06-09,-32.0,-52.25,1,5.0,4.925892708554244,2.587754757931345,1.903539233560142,1.9321769130846878
A802,2022-06-10,-32.0,-52.25,1,15.5,24.911209837192608,10.667995526321821,2.335135009733328,1.452943991376437
A802,2022-06-11,-32.0,-52.25,1,16.7,23.1677596614274,10.4024659376179,2.2271411221494155,1.6053885780686532
A802,2022-06-12,-32.0,-52.25,1,12.5,17.889478130193858,10.246641568087508,1.7458869827075303,1.2199119015668929
A802,2022-06-13,-32.0,-52.25,1,6.3,8.583571334708955,5.447305234867287,1.5757463488124286,1.156535154240074
A802,2022-06-14,-32.0,-52.25,1,9.1,6.339680579257598,5.086198787438745,1.246447660463949,1.7891553948842969
A802,2022-06-15,-32.0,-52.25,1,7.3,6.372644922409406,4.845545766807422,1.3151552434119596,1.5065382417819448
A802,2022-06-16,-32.0,-52.25,1,4.7,5.054257804340221,4.0720946436716865,1.2411935985316263,1.1541971420787387
A802,2022-06-17,-32.0,-52.25,1,13.6,14.121301487691786,7.976588141646372,1.7703435650592763,1.7049896219404093
A802,2022-06-18,-32.0,-52.25,1,10.4,13.819607515331406,9.638190801274177,1.4338383416838398,1.0790406845468459
A802,2022-06-19,-32.0,-52.25,1,5.2,4.770033833717373,4.613766497360598,1.0338697973653783,1.1270618057881276
A802,2022-06-20,-32.0,-52.25,1,4.8,5.235925045224976,3.7225496773710702,1.4065426922449233,1.289438802973838
A802,2022-06-21,-32.0,-52.25,1,6.1,8.03245983705794,4.647340646430661,1.7283991960492897,1.3125786259470862
A802,2022-06-22,-32.0,-52.25,1,8.6,13.96408977752275,7.574707460627817,1.8435153898821803,1.1353573777867327
A802,2022-06-23,-32.0,-52.25,1,10.5,14.410048755627642,8.306686491831767,1.7347529330494786,1.2640419269855663
A802,2022-06-24,-32.0,-52.25,1,8.0,6.563351221748698,6.94439863645844,0.945128810332226,1.1520075990453083
A802,2022-06-25,-32.0,-52.25,1,11.3,8.820164415741115,7.198328874174979,1.2253072303190675,1.569808798336562
A802,2022-06-26,-32.0,-52.25,1,4.7,8.161295580549778,5.9284109546666,1.3766413366005847,0.792792543556778
A802,2022-06-27,-32.0,-52.25,1,8.0,5.236727613928933,5.69021482000204,0.9203040271029794,1.4059223163031889
A802,2022-06-28,-32.0,-52.25,1,8.5,14.284473446385647,8.177045186094528,1.7468991697241816,1.039495295250988
A802,2022-06-29,-32.0,-52.25,1,11.0,13.77717819995013,8.852152006724253,1.5563648465915112,1.2426356880953018
A802,2022-06-30,-32.0,-52.25,1,9.4,6.7256492504795595,5.039736891177135,1.3345238840253513,1.8651767350109492
A802,2022-07-01,-32.0,-52.25,1,12.5,11.140055327962612,9.468764113626765,1.1765057397438643,1.3201300454840668
A802,2022-07-02,-32.0,-52.25,1,15.4,6.842512685775542,9.603059379251972,0.7125346637509324,1.60365560513691
A802,2022-07-03,-32.0,-52.25,1,6.3,6.502547118294579,4.5650085358239005,1.4244326307970394,1.380063136916559
A802,2022-07-04,-32.0,-52.25,1,7.7,11.28035307582527,5.821047615205359,1.9378561766716134,1.3227859500558912
A802,2022-07-05,-32.0,-52.25,1,4.6,10.695275403323022,4.736380187859445,2.258111675818962,0.9712058191170923
A802,2022-07-06,-32.0,-52.25,1,7.1,11.961311715700832,6.232072388393774,1.9193152727135903,1.1392678963778728
A802,2022-07-07,-32.0,-52.25,1,8.8,8.804847367865634,6.104486457212984,1.442356769824911,1.4415627033789273
A802,2022-07-08,-32.0,-52.25,1,7.0,5.8270408071585384,5.710550823934579,1.020399080021443,1.225801190781976
A802,2022-07-09,-32.0,-52.25,1,11.5,13.313496321183637,9.43171302418462,1.4115671550910658,1.2192907026021589
A802,2022-07-10,-32.0,-52.25,1,13.2,10.661820333754557,8.731556598949084,1.2210675396684478,1.5117579380506714
A802,2022-07-11,-32.0,-52.25,1,18.1,15.705835389222957,11.849920085361452,1.3253958909499168,1.527436461142
A802,2022-07-12,-32.0,-52.25,1,18.4,16.903988084770457,13.04404232825934,1.2959163777128133,1.4106056647897571
A802,2022-07-13,-32.0,-52.25,1,8.5,6.9700373897663646,7.427782519049951,0.9383739187153619,1.144352298710974
A802,2022-07-14,-32.0,-52.25,1,10.7,12.692034689144986,8.910951133404494,1.424318739844318,1.2007696866262565
A802,2022-07-15,-32.0,-52.25,1,10.9,14.374884015245803,7.850917214431035,1.8309814793133783,1.3883728107544357
A802,2022-07-16,-32.0,-52.25,1,16.7,15.21926242111594,9.50006259060188,1.602017068410885,1.7578831550563463
A802,2022-07-17,-32.0,-52.25,1,14.8,15.05234221213525,10.94858960287872,1.3748202058991714,1.3517722863690704
A802,2022-07-18,-32.0,-52.25,1,6.1,5.879837835344689,3.8372773408764798,1.5322942057666502,1.589668782868503
A802,2022-07-19,-32.0,-52.25,1,5.2,4.872932335335526,3.422163974692521,1.4239330351706352,1.519506382059678
A802,2022-07-20,-32.0,-52.25,1,9.1,8.649092352885672,7.036288101609065,1.2292123670870996,1.2932955371624142
A802,2022-07-21,-32.0,-52.25,1,10.2,11.350069589775908,7.201120515772261,1.5761532618314618,1.4164462291194044
A802,2022-07-22,-32.0,-52.25,1,5.2,5.461552265547713,3.1066610774185155,1.7580135487730761,1.673822753887575
A802,2022-07-23,-32.0,-52.25,1,6.1,8.206794911121294,5.875167504676094,1.3968614349445252,1.0382682698229386
A802,2022-07-24,-32.0,-52.25,1,6.1,8.74596785302691,5.5532448245216255,1.5749292763767742,1.0984568829135808
A802,2022-07-25,-32.0,-52.25,1,5.9,5.931437355652619,4.918280599283796,1.2059981605190155,1.199606220283398
A802,2022-07-26,-32.0,-52.25,1,10.2,9.434659602639735,7.111555338090361,1.3266661305588867,1.4342854010243793
A802,2022-07-27,-32.0,-52.25,1,8.8,8.627329197107542,5.149852381805948,1.6752575719621141,1.7087868442772762
A802,2022-07-28,-32.0,-52.25,1,13.2,13.201917275721271,10.76945708457369,1.2258665568788858,1.225688527874618
A802,2022-07-29,-32.0,-52.25,1,15.5,22.119651682797183,12.053382353828667,1.8351406296981063,1.2859460975347339
A802,2022-07-30,-32.0,-52.25,1,4.5,5.4466936692255725,4.873883441340139,1.1175264519103747,0.9232883909022382
A802,2022-07-31,-32.0,-52.25,1,6.5,6.374661293756611,4.064793178387466,1.5682621511103518,1.5990973500350636
A802,2022-08-01,-32.0,-52.25,1,3.7,4.700319313819022,2.8924389296727253,1.6250366656318151,1.2791972760574928
A802,2022-08-02,-32.0,-52.25,1,6.6,6.248642343934267,4.612718690026011,1.3546549798160423,1.4308264699234852
A802,2022-08-03,-32.0,-52.25,1,8.2,13.607253960657761,6.131055666776646,2.219398208108534,1.3374531965897292
A802,2022-08-04,-32.0,-52.25,1,9.5,16.715189494361223,8.041415054354017,2.078637824484734,1.1813841140877603
A802,2022-08-05,-32.0,-52.25,1,13.3,15.418576527254867,9.623001059037332,1.6022627902316073,1.3821052204405047
A802,2022-08-06,-32.0,-52.25,1,9.2,6.442090342819232,5.798933952673361,1.1109094180749153,1.5864984969795553
A802,2022-08-07,-32.0,-52.25,1,10.9,10.921550198975854,7.249098940734504,1.50660796441954,1.503635153708576
A802,2022-08-08,-32.0,-52.25,1,10.5,10.912583545735034,6.97123032491422,1.5653741215140975,1.506190372519244
A802,2022-08-09,-32.0,-52.25,1,10.7,13.80019407979601,8.298079128341982,1.6630588677639413,1.2894550455001432
A802,2022-08-10,-32.0,-52.25,1,10.2,9.131697415198538,7.426843513060764,1.2295529586882552,1.3733963805838096
A802,2022-08-11,-32.0,-52.25,1,5.7,5.113715017738427,4.647032991215826,1.1004258044659374,1.2265890969086237
A802,2022-08-12,-32.0,-52.25,1,10.8,8.186750454226486,7.0394745421926554,1.1629774928735628,1.5342054204852649
A802,2022-08-13,-32.0,-52.25,1,9.0,9.036986388172448,7.185464153516131,1.2576760798048507,1.2525286895483216
A802,2022-08-14,-32.0,-52.25,1,9.1,9.60145131236459,7.023143951134014,1.3671158357524853,1.295716001738885
A802,2022-08-15,-32.0,-52.25,1,11.5,15.602598114920408,8.833710792639408,1.7662563877369746,1.301831163590079
A802,2022-08-16,-32.0,-52.25,1,13.0,14.16205120368398,9.303988737019264,1.5221483606633324,1.3972501867155993
A802,2022-08-17,-32.0,-52.25,1,11.8,13.884102153466271,8.502742976128536,1.632896841930411,1.3877874508412777
A802,2022-08-18,-32.0,-52.25,1,15.9,18.582735574329387,10.137360697101085,1.8330940497799757,1.568455584750656
A802,2022-08-19,-32.0,-52.25,1,9.3,13.411399695412932,9.00173939245334,1.4898675812206312,1.0331336639001913
A802,2022-08-20,-32.0,-52.25,1,7.4,6.011940997454357,4.715831283815087,1.274842256992435,1.5691825162187383
A802,2022-08-21,-32.0,-52.25,1,6.3,5.2129402464601915,3.8908780674060943,1.3397850449565663,1.61917178869601
A802,2022-08-22,-32.0,-52.25,1,6.4,4.8779689261859795,3.5955428163693255,1.3566710717442132,1.7799815846616824
A802,2022-08-23,-32.0,-52.25,1,10.3,9.163547077251485,5.765507363501053,1.589373926614327,1.7864863143189913
A802,2022-08-24,-32.0,-52.25,1,6.8,6.41581562996256,5.9007448530970175,1.0872891117458174,1.152396887052489
A802,2022-08-25,-32.0,-52.25,1,5.6,4.500230172477216,3.9777970504601665,1.1313372993618698,1.4078144080659345
A802,2022-08-26,-32.0,-52.25,1,8.7,5.672501072840986,5.146389297361721,1.1022293000160277,1.6905056141905208
A802,2022-08-27,-32.0,-52.25,1,9.3,10.122375905264736,7.42041241177382,1.3641257848692836,1.25329961246411
A802,2022-08-28,-32.0,-52.25,1,17.0,21.820566134505114,10.726773705449178,2.0342152014841437,1.5848194869035073
A802,2022-08-29,-32.0,-52.25,1,8.2,13.68045435909301,7.966978142440311,1.7171447083828253,1.0292484620132663
A802,2022-08-30,-32.0,-52.25,1,8.0,6.442832650542972,5.594837397388751,1.1515674528003264,1.4298896342785221
A802,2022-08-31,-32.0,-52.25,1,11.8,10.220742957804541,7.727344159723318,1.3226721557294403,1.527044707223511
A802,2022-09-01,-32.0,-52.25,1,7.9,10.214259928107504,6.795365460131573,1.5031215006808085,1.162557046614979
A802,2022-09-02,-32.0,-52.25,1,11.1,11.253701196172804,9.000665621070253,1.250318773072546,1.2332421253396277
A802,2022-09-03,-32.0,-52.25,1,11.2,10.844108971182816,8.309948208338731,1.3049550610076182,1.3477821665315803
A802,2022-09-04,-32.0,-52.25,1,5.9,5.903517868257574,4.651643388900263,1.2691252047275443,1.268368941195828
A802,2022-09-05,-32.0,-52.25,1,7.9,5.096108362720591,4.851782629092524,1.0503579307455013,1.6282675057677953
A802,2022-09-06,-32.0,-52.25,1,9.4,11.396471682242224,8.14176139284873,1.3997550569649768,1.154541326678578
A802,2022-09-07,-32.0,-52.25,1,5.8,7.589787698664977,4.966539598212352,1.528184271680192,1.1678151125760967
A802,2022-09-08,-32.0,-52.25,1,7.0,10.122265703678204,7.892021803428954,1.2825947464159622,0.8869717005797696
A802,2022-09-09,-32.0,-52.25,1,15.5,14.069332823965755,12.211863114221355,1.152103711970148,1.2692575944410511
A802,2022-09-10,-32.0,-52.25,1,13.0,13.830563022978282,10.712727831209538,1.2910402691913363,1.213509780592663
A802,2022-09-11,-32.0,-52.25,1,6.2,5.34775581364549,4.682988051111954,1.1419537601373315,1.323941024903499
A802,2022-09-12,-32.0,-52.25,1,6.2,7.207576997958883,5.554697644705469,1.2975642346310023,1.116172363748657
A802,2022-09-15,-32.0,-52.25,1,6.3,7.035363827889414,5.94110075921102,1.184185239912294,1.060409552932181
A802,2022-09-16,-32.0,-52.25,1,11.2,9.338455280875491,7.412533012196461,1.2598197222879344,1.5109544850015104
A802,2022-09-17,-32.0,-52.25,1,13.1,16.499348062195686,9.675775749911862,1.7052222466344344,1.353896611351222
A802,2022-09-18,-32.0,-52.25,1,16.2,20.462123092230513,10.381169064429386,1.9710808065291092,1.5605178857464694
A802,2022-09-19,-32.0,-52.25,1,12.6,12.802736914501692,9.723158763809852,1.3167260995628502,1.295875168355567
A802,2022-09-20,-32.0,-52.25,1,10.1,9.533002193386228,6.843879954922849,1.3929236421701225,1.4757710635668007
A802,2022-09-21,-32.0,-52.25,1,7.9,6.990688968704033,6.872305810202564,1.0172261191179413,1.1495413938465502
A802,2022-09-22,-32.0,-52.25,1,18.8,18.896245089176773,14.21773686855617,1.3290613874678996,1.3222920197361316
A802,2022-09-23,-32.0,-52.25,1,13.0,14.544299272222927,10.942740768257243,1.3291276454627439,1.1880021902474802
A802,2022-09-24,-32.0,-52.25,1,7.5,6.7352819510857636,5.508168166171858,1.2227807408731934,1.3616142016253023
A802,2022-09-25,-32.0,-52.25,1,11.2,14.075049532163662,8.325893422960359,1.6905152176640679,1.3452009809678445
A802,2022-09-26,-32.0,-52.25,1,10.9,11.413060455189603,7.753414325114469,1.4720044585030099,1.4058322621420178
A802,2022-09-27,-32.0,-52.25,1,9.8,6.630414491439495,5.368617196486273,1.235032085315947,1.8254235013094322
A802,2022-09-28,-32.0,-52.25,1,9.2,6.408973480755856,7.103262706845569,0.9022577011799646,1.2951794660689881
A802,2022-09-29,-32.0,-52.25,1,9.8,9.009862841588765,6.453462652290827,1.396128454914119,1.5185646106623445
A802,2022-09-30,-32.0,-52.25,1,9.6,8.245995593961393,6.246379539942814,1.320124008032481,1.5368902799793507
A802,2022-10-01,-32.0,-52.25,1,9.0,6.467417872476785,4.994178839916071,1.2949912447639687,1.8020980602591414
A802,2022-10-02,-32.0,-52.25,1,7.1,6.147205487880495,4.583020446838368,1.3413000354648628,1.5491966667741988
A802,2022-10-03,-32.0,-52.25,1,10.1,6.500564421021715,6.251057834455233,1.0399142982154517,1.6157265326085715
A802,2022-10-04,-32.0,-52.25,1,7.5,7.075731040509728,5.5217598360442315,1.2814268006228167,1.358262623275005
A802,2022-10-05,-32.0,-52.25,1,11.8,9.782129140660436,8.25517643215444,1.1849691185955054,1.429406154668996
A802,2022-10-06,-32.0,-52.25,1,11.1,13.203616274138444,9.286691365940634,1.4217783012110548,1.1952588454387274
A802,2022-10-07,-32.0,-52.25,1,15.0,13.875346679191132,10.130266354468445,1.3696921871230698,1.4807113135167984
A802,2022-10-08,-32.0,-52.25,1,15.9,10.871890125258421,7.322498693751299,1.484724078481027,2.1713899400990493
A802,2022-10-09,-32.0,-52.25,1,12.8,14.984889876572284,9.553015196724276,1.5686031653870491,1.3398910957860837
A802,2022-10-10,-32.0,-52.25,1,8.4,11.08669769831861,6.717731334913687,1.6503633660813941,1.2504221412284164
A802,2022-10-11,-32.0,-52.25,1,13.8,11.730758807945554,8.070576896391648,1.453521719518015,1.7099149388155852
A802,2022-10-12,-32.0,-52.25,1,9.5,10.126546552101745,6.616430764047884,1.5305150032139683,1.4358194529323496
A802,2022-10-13,-32.0,-52.25,1,15.3,13.674675085270573,11.19114876096412,1.22191880184537,1.3671518739316537
A802,2022-10-14,-32.0,-52.25,1,11.2,13.317700712007614,9.411773374206238,1.4150043974184399,1.1899989039998082
A802,2022-10-15,-32.0,-52.25,1,13.3,12.587137957075685,9.06336870227947,1.388792442473401,1.4674455422579247
A802,2022-10-16,-32.0,-52.25,1,10.5,11.604974404549035,8.09631815940759,1.4333644226992897,1.2968857934269087
A802,2022-10-17,-32.0,-52.25,1,14.8,14.395934915630086,10.416410914799364,1.3820436840847665,1.420834884592787
A802,2022-10-18,-32.0,-52.25,1,13.4,12.930818224895667,9.666413984464796,1.3377058178635013,1.386243132306931
A802,2022-10-19,-32.0,-52.25,1,12.6,10.578427808033812,8.810216498678983,1.2007000973948776,1.4301578175620613
A802,2022-10-20,-32.0,-52.25,1,7.4,7.779438772702562,4.75024908385309,1.63769070534558,1.5578130471418579
A802,2022-10-21,-32.0,-52.25,1,9.9,9.905976563369213,6.270845838474762,1.5796874645827066,1.5787343932549849
A802,2022-10-22,-32.0,-52.25,1,6.3,6.273215109354716,5.489229207307066,1.1428225844539406,1.1477021202928939
A802,2022-10-23,-32.0,-52.25,1,9.1,7.016039662126534,7.66699585755396,0.9150963157510947,1.1869055584573145
A802,2022-10-24,-32.0,-52.25,1,8.6,7.902481690639366,6.114856145465925,1.2923413899931135,1.406410845229249
A802,2022-10-25,-32.0,-52.25,1,12.4,14.020973956420429,9.221629260481867,1.5204443336825033,1.3446647712393558
A802,2022-10-26,-32.0,-52.25,1,13.4,14.448254350619925,10.163168168839492,1.4216289753935791,1.318486497260245
A802,2022-10-27,-32.0,-52.25,1,15.3,10.959619734319803,9.268985903703479,1.1823968499014355,1.6506660123290071
A802,2022-10-28,-32.0,-52.25,1,7.0,7.045294596765142,5.270117667624968,1.3368381962409155,1.3282435879946153
A802,2022-10-29,-32.0,-52.25,1,8.5,8.959565654868229,5.430943551873449,1.6497254241903418,1.5651055693752984
A802,2022-10-30,-32.0,-52.25,1,13.0,19.823972316554407,12.805917153747961,1.5480322165564255,1.0151557162147684
A802,2022-10-31,-32.0,-52.25,1,15.7,16.586561936215823,11.522894906932324,1.4394439999827762,1.3625048329265481
A802,2022-11-01,-32.0,-52.25,1,10.7,13.221594595218031,9.681898595768459,1.365599367152701,1.105155140199104
A802,2022-11-02,-32.0,-52.25,1,8.1,6.334466759499506,4.9983546429934425,1.267310387505014,1.6205332711544107
A802,2022-11-03,-32.0,-52.25,1,10.4,9.510504736644334,7.360077006001045,1.2921746238374865,1.413028694063982
A802,2022-11-04,-32.0,-52.25,1,10.2,8.370399379766765,6.320523377365286,1.32432061081245,1.61379040801078
A802,2022-11-05,-32.0,-52.25,1,11.3,11.883373921728642,8.204939769279505,1.4483194582636343,1.377219128689872
A802,2022-11-06,-32.0,-52.25,1,10.7,10.916125617187795,7.93537465786976,1.3756282580006391,1.3483925411623097
A802,2022-11-07,-32.0,-52.25,1,10.7,8.998881468664141,7.609924354497845,1.1825191748910557,1.4060586546666216
A802,2022-11-08,-32.0,-52.25,1,9.1,8.40906897540501,7.584949372839458,1.1086519582472887,1.1997443295515862
A802,2022-11-09,-32.0,-52.25,1,10.0,8.131237709833846,6.258601511317543,1.299210006441532,1.5978010394042212
A802,2022-11-10,-32.0,-52.25,1,9.8,6.702134021185065,6.058450044494676,1.106245652264692,1.6175754405873624
A802,2022-11-11,-32.0,-52.25,1,9.5,7.976738508008604,6.778910749699937,1.1766991486591984,1.4014050856799538
A802,2022-11-12,-32.0,-52.25,1,10.5,6.924955222775345,6.160036596954617,1.1241743638664234,1.7045353277918776
A802,2022-11-13,-32.0,-52.25,1,11.2,12.535142129850225,9.347869786232314,1.3409624242212033,1.1981339338397214
A802,2022-11-14,-32.0,-52.25,1,17.1,19.382250403072597,12.190297572914673,1.5899735250218623,1.4027549284764038
A802,2022-11-15,-32.0,-52.25,1,16.9,11.76491399625798,9.614355186876955,1.2236820637037016,1.7577881897963925
A802,2022-11-16,-32.0,-52.25,1,10.4,6.850555977404773,5.193833855837195,1.3189786519077114,2.002374409476297
A802,2022-11-17,-32.0,-52.25,1,6.5,7.9895220714895485,5.293897108472686,1.509194815800748,1.2278289258015596
A802,2022-11-18,-32.0,-52.25,1,11.0,10.27033199968789,7.4803848272165245,1.3729684016149093,1.4705125811145114
A802,2022-11-19,-32.0,-52.25,1,13.6,16.02672272381144,9.952167718270863,1.610375063755055,1.366536455674094
A802,2022-11-20,-32.0,-52.25,1,13.4,17.379814504350552,9.906046028784386,1.7544653491261137,1.352709240504546
A802,2022-11-21,-32.0,-52.25,1,11.1,12.891384797111655,9.485698821677374,1.359033745373759,1.1701826305757792
A802,2022-11-22,-32.0,-52.25,1,8.8,9.416715515455872,6.734723164565917,1.3982334960701863,1.3066609844188302
A802,2022-11-23,-32.0,-52.25,1,6.9,7.061133258401844,4.387631410655155,1.60932690044433,1.5726024714026063
A802,2022-11-24,-32.0,-52.25,1,8.4,8.595968858930334,5.527792303992869,1.5550455563826524,1.519593996672498
A802,2022-11-25,-32.0,-52.25,1,8.0,9.644352165773808,5.849521809151001,1.6487419793334508,1.367633160626017
A802,2022-11-26,-32.0,-52.25,1,10.9,8.622633146399314,6.734536509934334,1.2803602940870225,1.618522668029352
A802,2022-11-27,-32.0,-52.25,1,12.2,9.560720700332906,7.774908883046459,1.2296890991456493,1.5691502220177336
A802,2022-11-28,-32.0,-52.25,1,11.1,10.097249314773041,7.719939974746044,1.3079440187104825,1.4378350137839182
A802,2022-11-29,-32.0,-52.25,1,11.6,9.264605587439771,7.885374690666255,1.1749100012211318,1.471077844116991
A802,2022-11-30,-32.0,-52.25,1,13.0,12.316136065009676,9.457073997303354,1.302319942565911,1.374632365540007
A802,2022-12-01,-32.0,-52.25,1,12.3,11.107422052505834,9.288419688836942,1.195835505350282,1.3242295688665373
A802,2022-12-02,-32.0,-52.25,1,9.1,6.5254173713340595,5.989061104748095,1.0895559850208816,1.5194368267148868
A802,2022-12-03,-32.0,-52.25,1,7.5,8.443890448031452,5.660851800892855,1.4916289535613072,1.3248889502489831
A802,2022-12-04,-32.0,-52.25,1,8.3,6.095604396054902,5.961938958990834,1.02241979295385,1.3921645385991885
A802,2022-12-05,-32.0,-52.25,1,8.3,7.448292899203311,6.021999586798759,1.2368471289056924,1.3782797358862335
A802,2022-12-06,-32.0,-52.25,1,9.3,8.376783924475445,5.589717414549261,1.4986059765153488,1.663769258852583
A802,2022-12-07,-32.0,-52.25,1,8.8,8.579931532175658,5.711270929657026,1.5022806023126103,1.540812913340194
A802,2022-12-08,-32.0,-52.25,1,9.2,7.396405943801388,7.030830257159062,1.0519960905428036,1.3085225590010803
A802,2022-12-09,-32.0,-52.25,1,9.4,8.659123632777812,6.902538292804827,1.2544839688617215,1.361817870651803
A802,2022-12-10,-32.0,-52.25,1,9.7,8.288400532718985,6.577404276457007,1.2601324450112141,1.4747459016195692
A802,2022-12-11,-32.0,-52.25,1,8.4,9.26314548929667,6.682814557993237,1.3861143996906409,1.2569554230639033
A802,2022-12-12,-32.0,-52.25,1,18.3,15.255808994260617,9.883070288210742,1.5436305266855053,1.8516513053468409
A802,2022-12-13,-32.0,-52.25,1,11.0,10.644946353497877,7.502317335035134,1.4188877753526838,1.4662136389020775
A802,2022-12-14,-32.0,-52.25,1,9.4,9.553710555852224,6.9954535806706595,1.3657028019241466,1.343729879928503
A802,2022-12-15,-32.0,-52.25,1,11.3,11.010293341967927,9.52968459012259,1.1553680751805753,1.185768520787385
A802,2022-12-16,-32.0,-52.25,1,11.6,11.21091919439635,8.780979528689125,1.2767276313272513,1.3210371305502535
A802,2022-12-17,-32.0,-52.25,1,10.5,11.977689042738163,8.948093436019635,1.3385744268743553,1.173434327108535
A802,2022-12-18,-32.0,-52.25,1,13.6,13.281365545436339,10.49670552677809,1.2652889529533164,1.2956446158563857
A802,2022-12-19,-32.0,-52.25,1,11.4,13.67854228760343,10.564711548636442,1.2947388316881099,1.0790640092271488
A802,2022-12-20,-32.0,-52.25,1,12.0,11.644971313197884,9.209327321035616,1.2644757762707441,1.3030267664164819
A802,2022-12-21,-32.0,-52.25,1,11.1,11.018588744788135,8.32699149178366,1.3232376610040137,1.33301445197254
A802,2022-12-22,-32.0,-52.25,1,11.3,13.409069719322437,9.175783889566828,1.4613541339578622,1.2315024128727003
A802,2022-12-23,-32.0,-52.25,1,11.9,12.843995843679654,9.249234714439604,1.3886549795982608,1.2865929309180693
A802,2022-12-24,-32.0,-52.25,1,11.8,11.80936717651224,9.08672586521085,1.2996284197067294,1.298597555933442
A802,2022-12-25,-32.0,-52.25,1,9.6,5.83508619242495,7.4472803979488775,0.783519067448037,1.289061172269547
A802,2022-12-26,-32.0,-52.25,1,9.3,8.12966020790889,5.82294960702756,1.3961412611397879,1.597128710984564
A802,2022-12-27,-32.0,-52.25,1,7.3,7.953200023155058,6.144266191105057,1.294410068800203,1.188099566807193
A802,2022-12-28,-32.0,-52.25,1,10.8,8.361765127543862,6.182259611239916,1.3525418946078236,1.7469340789837762
A802,2022-12-29,-32.0,-52.25,1,9.3,8.933879352111587,7.507688383822212,1.1899640602242594,1.2387301556148647
A802,2022-12-30,-32.0,-52.25,1,10.0,11.176111130603951,7.395202431065185,1.5112650714815083,1.3522280279972847
A802,2022-12-31,-32.0,-52.25,1,9.3,10.561310409827392,7.75271230016389,1.3622729698874714,1.199580177869286
A811,2021-02-04,-31.5,-52.75,1,16.8,14.85908300139182,8.845522396724974,1.6798423354728431,1.8992660067448528
A811,2021-02-05,-31.5,-52.75,1,13.0,16.347038586558963,6.874160779675541,2.378041350864438,1.891139939356146
A811,2021-02-06,-31.5,-52.75,1,8.8,8.388771458295018,3.6154428215359125,2.3202611332493155,2.4340033667747467
A811,2021-02-07,-31.5,-52.75,1,8.0,10.334726150861533,4.0405334554723975,2.5577627966090564,1.979936582177039
A811,2021-02-08,-31.5,-52.75,1,14.2,10.873709162283586,5.06557369105626,2.1465898682872044,2.803236289913503
A811,2021-02-09,-31.5,-52.75,1,14.5,9.711535050687809,5.209186920830937,1.864309190336884,2.7835438083467836
A811,2021-02-10,-31.5,-52.75,1,16.8,9.663711890222942,4.386826730260702,2.2028934545241645,3.829647495332373
A811,2021-02-11,-31.5,-52.75,1,12.4,13.938949839891928,5.695620878581647,2.4473099837647685,2.177111198996783
A811,2021-02-12,-31.5,-52.75,1,10.3,11.695540618743463,4.634116511638373,2.5237908001170544,2.2226458860350227
A811,2021-02-13,-31.5,-52.75,1,10.4,9.86835233437798,3.3595118817730985,2.937436354346101,3.0956878159665986
A811,2021-02-14,-31.5,-52.75,1,8.5,10.152408271701663,3.0152445150712155,3.367026528348358,2.819008527339695
A811,2021-02-15,-31.5,-52.75,1,9.0,10.495929978298006,2.8360074150991537,3.700952939127292,3.1734754824981084
A811,2021-02-16,-31.5,-52.75,1,10.3,16.273928028856528,5.10329761873919,3.188904360407875,2.018302824859487
A811,2021-02-17,-31.5,-52.75,1,12.5,16.826888914626846,6.517029630624786,2.581987480240082,1.918051736524271
A811,2021-02-18,-31.5,-52.75,1,10.0,12.912435706578929,5.189544368993586,2.488163659169765,1.9269514410066237
A811,2021-02-19,-31.5,-52.75,1,8.2,8.91411976364157,3.129530850362512,2.848388525266973,2.6202010435686054
A811,2021-02-20,-31.5,-52.75,1,14.3,9.21566864927828,3.0676072059690997,3.004187964921318,4.661613772511149
A811,2021-02-21,-31.5,-52.75,1,10.1,10.339625464994535,4.220619125911655,2.4497888003009924,2.3930138443417106
A811,2021-02-22,-31.5,-52.75,1,11.1,12.059713525960186,4.164800246045398,2.895628316726893,2.665193849462476
A811,2021-02-23,-31.5,-52.75,1,30.6,12.83622265314909,4.0456546582076856,3.1728419100496876,7.563670798722222
A811,2021-02-24,-31.5,-52.75,1,9.3,9.064358709491643,3.5983831369815693,2.5190087782300736,2.584494103593737
A811,2021-02-25,-31.5,-52.75,1,9.9,6.177561319582148,3.3257912806134966,1.8574711394524421,2.9767352081618856
A811,2021-02-26,-31.5,-52.75,1,13.4,14.559535071740958,6.038661296406652,2.411053436695433,2.219034872509535
A811,2021-02-27,-31.5,-52.75,1,13.8,14.363977673255286,7.043239541257727,2.039399283399962,1.9593256652940279
A811,2021-02-28,-31.5,-52.75,1,13.3,13.372386480765512,7.350226337881027,1.8193162857921723,1.8094680882757979
A811,2021-03-01,-31.5,-52.75,1,15.1,14.335725848457699,6.369508802247353,2.2506799650547036,2.3706694611478154
A811,2021-03-02,-31.5,-52.75,1,12.0,12.421456273250149,5.092882666737707,2.438983398218916,2.3562294255026908
A811,2021-03-03,-31.5,-52.75,1,9.8,11.211350914263507,4.161311576432665,2.694186846704369,2.355026731355976
A811,2021-03-04,-31.5,-52.75,1,10.3,12.75498727768424,3.979608512126098,3.2050859371767486,2.5881942830847064
A811,2021-03-05,-31.5,-52.75,1,12.8,16.393958359177212,5.301623079434517,3.0922527146018512,2.4143549641717037
A811,2021-03-06,-31.5,-52.75,1,12.8,11.175772518230835,4.312580511788079,2.591435101949469,2.968060530119326
A811,2021-03-07,-31.5,-52.75,1,7.2,8.474629289613926,3.020822172467158,2.8054048883958465,2.3834570818578293
A811,2021-03-08,-31.5,-52.75,1,8.4,10.452447767884172,3.6876991884496477,2.8344089996880966,2.2778430589756047
A811,2021-03-09,-31.5,-52.75,1,12.7,13.425106876456297,4.966897227019421,2.702916179425873,2.556928283297926
A811,2021-03-10,-31.5,-52.75,1,11.3,12.5351000437795,4.106375497163279,3.0525946914593804,2.7518184851351615
A811,2021-03-11,-31.5,-52.75,1,8.9,9.282847417100095,2.9880024093061155,3.10670680458246,2.9785785889198095
A811,2021-03-12,-31.5,-52.75,1,7.6,7.235267186965763,2.4263403650524062,2.9819671185371757,3.132289314997176
A811,2021-03-13,-31.5,-52.75,1,10.0,9.215666896341316,3.034774130600811,3.036689552417148,3.29513814526297
A811,2021-03-14,-31.5,-52.75,1,10.0,10.939444140080015,4.120992474899135,2.654565424885365,2.4265999175950346
A811,2021-03-15,-31.5,-52.75,1,8.8,10.624023777245375,4.352546057782148,2.440875670517057,2.0218051419044754
A811,2021-03-16,-31.5,-52.75,1,10.4,15.23997687494022,5.544478155567619,2.7486765115372735,1.875740098201414
A811,2021-03-17,-31.5,-52.75,1,16.0,16.244857733021377,5.6219490082951165,2.8895419914076577,2.845988104195217
A811,2021-03-18,-31.5,-52.75,1,10.9,12.020315074797194,5.39732650350785,2.227086885884133,2.019518365790143
A811,2021-03-19,-31.5,-52.75,1,9.1,9.582278838253687,4.52622189093121,2.117059010618293,2.0105068242970727
A811,2021-03-20,-31.5,-52.75,1,16.0,12.315886069328945,5.817305456483348,2.117111807426748,2.750414280234865
A811,2021-03-21,-31.5,-52.75,1,12.7,10.747918280325404,5.0198628262508525,2.141078083671984,2.529949610094257
A811,2021-03-22,-31.5,-52.75,1,10.1,11.234768614593932,4.506902230008708,2.492791731710635,2.241007122974683
A811,2021-03-23,-31.5,-52.75,1,9.3,11.004321090926153,3.399818824144622,3.236737502827018,2.7354398810765557
A811,2021-03-24,-31.5,-52.75,1,9.6,10.097810359235307,4.103740430341889,2.4606357372349796,2.339329244369437
A811,2021-03-25,-31.5,-52.75,1,10.3,12.89876846591805,5.480529612865481,2.3535624067495844,1.8793804116705926
A811,2021-03-26,-31.5,-52.75,1,22.4,12.525400421754055,4.940691357661767,2.535151361424412,4.533778448893239
A811,2021-03-27,-31.5,-52.75,1,7.9,11.067586332456948,4.008285662073857,2.7611770381481895,1.9709174110890588
A811,2021-03-28,-31.5,-52.75,1,9.2,8.430223497417922,2.9577527476985526,2.8502123796444905,3.110469597960337
A811,2021-03-29,-31.5,-52.75,1,8.0,15.542829017868842,5.059586502227658,3.0719563764796933,1.5811568784282517
A811,2021-03-30,-31.5,-52.75,1,16.9,14.741783685953319,5.732178248052827,2.5717594687431395,2.948268401412811
A811,2021-03-31,-31.5,-52.75,1,12.1,11.9767138556415,4.436736102457751,2.6994424683061364,2.7272300449190894
A811,2021-04-01,-31.5,-52.75,1,11.8,10.591057432580254,4.311026680891896,2.456736693262381,2.7371670076416073
A811,2021-04-02,-31.5,-52.75,1,10.7,12.16496819667509,5.028091722553727,2.4194006131806605,2.128043916145101
A811,2021-04-03,-31.5,-52.75,1,9.8,9.798082028604785,4.267687545858659,2.295876144473789,2.2963255614881803
A811,2021-04-04,-31.5,-52.75,1,11.5,11.139764251580655,5.566770515172201,2.0011179230793315,2.065829724551572
A811,2021-04-05,-31.5,-52.75,1,13.5,13.056493661004005,5.3321476123893055,2.4486369489597575,2.5318128794170285
A811,2021-04-06,-31.5,-52.75,1,9.7,12.117640681199942,4.3429836894501666,2.790164906821022,2.2334875499447353
A811,2021-04-07,-31.5,-52.75,1,10.6,9.979642167434683,4.820886202829782,2.0700845752336563,2.1987658604714566
A811,2021-04-08,-31.5,-52.75,1,11.8,10.829048790460662,5.028760442596764,2.153423077928272,2.346502708708607
A811,2021-04-09,-31.5,-52.75,1,14.6,14.19927418870975,5.258455168928076,2.700274839769004,2.7764808353355566
A811,2021-04-10,-31.5,-52.75,1,10.3,10.22128824417,4.289735750157496,2.3827314406941564,2.401080299555011
A811,2021-04-11,-31.5,-52.75,1,20.2,19.797750228116463,9.007817393317717,2.197840982300891,2.2424966135509137
A811,2021-04-12,-31.5,-52.75,1,13.5,10.117525835610419,5.93941428273495,1.7034551479294275,2.272951398464091
A811,2021-04-13,-31.5,-52.75,1,8.3,6.594241200400861,2.738031063761948,2.4083880156350856,3.0313753959372995
A811,2021-04-14,-31.5,-52.75,1,14.2,13.25587388358368,5.788361969209578,2.2900906947589905,2.453198344459972
A811,2021-04-15,-31.5,-52.75,1,11.9,9.366484564006026,3.900828514341855,2.40115260888015,3.050633975897236
A811,2021-04-16,-31.5,-52.75,1,5.8,4.773197927644065,1.910222217733717,2.4987657893053803,3.0362959587398715
A811,2021-04-17,-31.5,-52.75,1,10.0,10.087848353673204,4.229622518293612,2.3850469657852638,2.3642771799962836
A811,2021-04-18,-31.5,-52.75,1,11.8,12.648965268501174,4.832579837283835,2.6174353439364095,2.441759970308576
A811,2021-04-19,-31.5,-52.75,1,11.3,11.539144430139071,5.427143652631694,2.126191081111993,2.082126570303788
A811,2021-04-20,-31.5,-52.75,1,10.4,13.332889433917035,6.506052001995544,2.049305697192023,1.5985116621893125
A811,2021-04-21,-31.5,-52.75,1,13.6,14.923441948011883,7.068787637325208,2.111174180592421,1.9239508523623108
A811,2021-04-22,-31.5,-52.75,1,12.5,14.713117459770936,6.90064713218697,2.1321358965225077,1.8114243143510034
A811,2021-04-23,-31.5,-52.75,1,11.2,14.28088996930791,5.96201774116879,2.3953115521102584,1.8785586501465792
A811,2021-04-24,-31.5,-52.75,1,10.1,11.09111983064807,3.7140517430938083,2.986258834781111,2.7194020704694575
A811,2021-04-25,-31.5,-52.75,1,9.8,13.487867917374684,5.476803422563092,2.4627263161953126,1.7893649349593952
A811,2021-04-26,-31.5,-52.75,1,9.9,12.106968999723046,5.84248290183606,2.0722301122898124,1.6944850616317293
A811,2021-04-27,-31.5,-52.75,1,8.9,7.976680393386174,3.818167038802764,2.0891386658367272,2.330961403613895
A811,2021-04-28,-31.5,-52.75,1,6.6,6.334928713823369,3.248602215002952,1.95004752646135,2.031643015423482
A811,2021-04-29,-31.5,-52.75,1,7.3,5.271801701236192,2.366149998038362,2.2280082436053243,3.0851805701464436
A811,2021-04-30,-31.5,-52.75,1,9.6,8.534390540116238,3.7383917403684053,2.28290428955292,2.5679491788771056
A811,2021-05-01,-31.5,-52.75,1,12.0,10.522373448818895,3.748526874448366,2.807068963689201,3.2012575611495175
A811,2021-05-02,-31.5,-52.75,1,9.3,10.296177001221338,3.0778404619968858,3.345260135589106,3.0215991097752393
A811,2021-05-03,-31.5,-52.75,1,12.8,12.580883891597612,4.742914867403339,2.6525637173170304,2.6987623345235736
A811,2021-05-04,-31.5,-52.75,1,13.7,13.60894006110172,5.383727291645597,2.527791495349311,2.544705416498249
A811,2021-05-05,-31.5,-52.75,1,13.4,12.660145530448975,5.288986730244134,2.3936807135578873,2.533566575876334
A811,2021-05-06,-31.5,-52.75,1,10.1,12.61598591685417,4.831512553840695,2.6111876511270564,2.090442669339904
A811,2021-05-07,-31.5,-52.75,1,8.8,7.6862673355800855,3.7367588312243845,2.056934279877411,2.354982057302477
A811,2021-05-08,-31.5,-52.75,1,8.4,8.108233643926038,3.5870222417897706,2.2604358427062268,2.3417752759204413
A811,2021-05-09,-31.5,-52.75,1,11.2,11.899611080948143,5.2160431569292065,2.2813482793255284,2.1472214977978963
A811,2021-05-10,-31.5,-52.75,1,10.6,13.018019038588564,5.224367878693632,2.4917883542771797,2.028953597090594
A811,2021-05-11,-31.5,-52.75,1,11.0,9.410809601334186,4.387049395791932,2.1451341784209355,2.5073800195984175
A811,2021-05-12,-31.5,-52.75,1,6.2,7.44732217583883,3.2511882034147477,2.2906462837238557,1.906995108277058
A811,2021-05-13,-31.5,-52.75,1,7.0,6.379071233642513,2.5149971708125456,2.5364128865328155,2.78330332981585
A811,2021-05-14,-31.5,-52.75,1,6.8,6.8372188015465385,2.8913773946515953,2.3646926251114335,2.3518202821183034
A811,2021-05-15,-31.5,-52.75,1,7.1,6.454199364126884,2.670977416954226,2.4164185451956195,2.658202931605571
A811,2021-05-16,-31.5,-52.75,1,7.2,5.877631794995786,2.171954675154666,2.7061484579908357,3.3149863035181824
A811,2021-05-17,-31.5,-52.75,1,8.0,8.796452736759306,3.9533396731390176,2.225068793487906,2.023605523794485
A811,2021-05-18,-31.5,-52.75,1,7.1,8.647987662021269,3.4267993309517677,2.5236341048366424,2.0719042214905614
A811,2021-05-19,-31.5,-52.75,1,5.6,7.995028528462695,2.6892775069280335,2.972928047725142,2.082343672444905
A811,2021-05-20,-31.5,-52.75,1,7.6,6.535214831112996,2.788355329295837,2.3437525205094216,2.725621057026215
A811,2021-05-21,-31.5,-52.75,1,15.7,18.91443153859433,6.791732451647496,2.784919999904617,2.311634050924899
A811,2021-05-22,-31.5,-52.75,1,18.7,20.803586974939776,8.93332271104567,2.3287625050438434,2.093286071136583
A811,2021-05-23,-31.5,-52.75,1,23.3,23.98702504327459,11.568319676547837,2.073509871265304,2.0141213807598612
A811,2021-05-24,-31.5,-52.75,1,18.7,12.960449751070357,9.324963159037852,1.3898660541633296,2.0053698530568203
A811,2021-05-25,-31.5,-52.75,1,14.9,12.768067688726244,6.625598923854129,1.9270812850982268,2.2488532993380512
A811,2021-05-26,-31.5,-52.75,1,10.3,5.846840012743656,3.500352469652604,1.6703575035470448,2.9425608104609635
A811,2021-05-27,-31.5,-52.75,1,12.4,9.957654998720189,4.75509185504353,2.0941036056240456,2.607730907836792
A811,2021-05-28,-31.5,-52.75,1,16.5,11.410913345896855,5.124615603157742,2.2266866882397096,3.2197536903710104
A811,2021-05-29,-31.5,-52.75,1,13.5,13.649476817311035,7.109547554285929,1.9198798113506628,1.898855011084586
A811,2021-05-30,-31.5,-52.75,1,10.4,9.351002546822729,4.651214868270818,2.010443037283107,2.2359749645078013
A811,2021-05-31,-31.5,-52.75,1,11.9,11.673054848735543,5.4511582373932335,2.141389836872108,2.1830223012734686
A811,2021-06-01,-31.5,-52.75,1,12.2,10.470637134747943,5.077253938803394,2.0622638262634663,2.4028737083170775
A811,2021-06-02,-31.5,-52.75,1,11.5,11.786006120621195,5.1353418200418615,2.295077238018232,2.2393835508901443
A811,2021-06-03,-31.5,-52.75,1,8.1,6.332582920441289,2.872585681425745,2.204488785621966,2.8197592337714856
A811,2021-06-04,-31.5,-52.75,1,14.4,12.976552315797104,5.6830510280576725,2.283377758132179,2.533850202805863
A811,2021-06-05,-31.5,-52.75,1,14.9,14.338193405825693,7.211510600005067,1.9882371670944532,2.066141315799984
A811,2021-06-06,-31.5,-52.75,1,10.6,7.709193827301113,3.981435558963512,1.9362849688588326,2.662356289086718
A811,2021-06-07,-31.5,-52.75,1,13.3,11.726510396722281,6.7758287642680495,1.7306385395335508,1.9628595206149246
A811,2021-06-08,-31.5,-52.75,1,15.5,12.29468251113988,5.930391439487486,2.073165428722932,2.613655465774707
A811,2021-06-09,-31.5,-52.75,1,15.1,14.733366598953744,6.526176104091418,2.2575802987781834,2.313759199745383
A811,2021-06-10,-31.5,-52.75,1,11.2,11.180708033765812,3.6795624403066136,3.038597174297207,3.043840179830381
A811,2021-06-11,-31.5,-52.75,1,10.1,11.137435638023458,5.82201483022633,1.9129864768122709,1.7347946191348613
A811,2021-06-12,-31.5,-52.75,1,11.5,11.309109114340517,5.186763800706967,2.1803786617002032,2.2171821277908443
A811,2021-06-13,-31.5,-52.75,1,9.4,8.326514880722124,3.7624295006142066,2.2130686779281428,2.498385683629547
A811,2021-06-14,-31.5,-52.75,1,11.6,8.392364319765155,3.817391745562237,2.198455091626731,3.0387240223603293
A811,2021-06-15,-31.5,-52.75,1,11.1,11.603967750455826,5.0513590653331,2.2971971701818883,2.1974284259810455
A811,2021-06-16,-31.5,-52.75,1,10.5,8.863263883019322,4.37145068159746,2.027533770501196,2.401948635541505
A811,2021-06-17,-31.5,-52.75,1,5.4,8.45903856657775,3.2503315565984123,2.6025155954952592,1.6613689729706507
A811,2021-06-18,-31.5,-52.75,1,7.6,7.039632228657825,3.033616565915233,2.3205412008072908,2.505260580849677
A811,2021-06-19,-31.5,-52.75,1,8.9,7.702030582612529,3.3936865015638875,2.2695174050588522,2.6225168399905763
A811,2021-06-20,-31.5,-52.75,1,8.0,9.222455033623518,3.1221307579974984,2.9538977539616895,2.5623526431452586
A811,2021-06-21,-31.5,-52.75,1,8.1,7.0637429250477926,3.0946018982945955,2.282601496800138,2.617461071313835
A811,2021-06-22,-31.5,-52.75,1,11.8,7.311391576916549,3.8301708489177133,1.9088943719005431,3.0808025191185173
A811,2021-06-23,-31.5,-52.75,1,14.0,17.751107127922502,7.501551905211662,2.3663246421837085,1.8662804946098654
A811,2021-06-24,-31.5,-52.75,1,15.6,17.942088240449234,8.785703377801434,2.0421914409019264,1.7756119606104661
A811,2021-06-25,-31.5,-52.75,1,14.9,8.02119096379026,6.6205099580073234,1.2115669358806496,2.2505819180860627
A811,2021-06-26,-31.5,-52.75,1,15.6,12.493041464883802,6.279474127553275,1.9895044093049832,2.484284461265606
A811,2021-06-27,-31.5,-52.75,1,11.5,15.116757654720978,6.198691240384113,2.4387015046395892,1.8552303307314566
A811,2021-06-28,-31.5,-52.75,1,19.2,20.966166034368833,10.284651628512615,2.0385878677935345,1.866859539196345
A811,2021-06-29,-31.5,-52.75,1,19.6,21.851949194865128,10.271354787133843,2.127465134612761,1.908219549046388
A811,2021-06-30,-31.5,-52.75,1,14.3,5.722800112026938,7.700474334664522,0.743175012773581,1.8570284606530012
A811,2021-07-01,-31.5,-52.75,1,10.9,6.39403812026094,4.5179814170473565,1.4152422354228376,2.4125818576570186
A811,2021-07-02,-31.5,-52.75,1,13.3,6.663667421164962,5.066695672375444,1.3151899881211537,2.624984972457305
A811,2021-07-03,-31.5,-52.75,1,7.7,5.502394515883531,2.5431660465845476,2.163600179891205,3.0277220830079266
A811,2021-07-04,-31.5,-52.75,1,6.8,6.623367270157219,2.904528532380534,2.2803588246140407,2.3411716993624303
A811,2021-07-05,-31.5,-52.75,1,11.7,7.0003433579598875,3.50352062387298,1.9980882402288622,3.3394979667812517
A811,2021-07-06,-31.5,-52.75,1,11.0,11.054838660567608,4.576456092054586,2.415589363953577,2.403606585256581
A811,2021-07-07,-31.5,-52.75,1,12.2,12.121633196729285,5.143334958969229,2.3567652687272327,2.372001842641995
A811,2021-07-08,-31.5,-52.75,1,5.2,6.910359888611942,2.661435796480662,2.596478148279897,1.953832591744726
A811,2021-07-09,-31.5,-52.75,1,10.8,7.057754750432648,3.688828211184753,1.9132782407793085,2.9277590014232
A811,2021-07-10,-31.5,-52.75,1,14.1,14.624118665586973,6.124822760914647,2.3876803029975497,2.3021074323944
A811,2021-07-11,-31.5,-52.75,1,9.0,8.251142027087635,3.627095973560939,2.2748617867387146,2.4813239201840465
A811,2021-07-12,-31.5,-52.75,1,12.1,10.796089804747366,5.05469149104529,2.1358553383274392,2.393815729691105
A811,2021-07-13,-31.5,-52.75,1,9.8,10.187820832286958,3.9141947965787267,2.602788405214735,2.5037077890364245
A811,2021-07-14,-31.5,-52.75,1,11.7,11.445773708078264,4.357449060003246,2.6267142886736896,2.685057206381039
A811,2021-07-15,-31.5,-52.75,1,10.7,18.184291761530194,5.80578484936937,3.1320988003035266,1.8429894110117162
A811,2021-07-16,-31.5,-52.75,1,5.7,5.862009387761914,2.3028051046072204,2.5455950987922495,2.475242037893704
A811,2021-07-17,-31.5,-52.75,1,13.2,13.316213526905548,6.519379164671484,2.0425585305831127,2.0247326726340447
A811,2021-07-18,-31.5,-52.75,1,22.2,26.774306738588855,12.635819387131905,2.118921291788591,1.7569102026425043
A811,2021-07-19,-31.5,-52.75,1,23.3,15.315014546366204,10.743908259776948,1.4254602865237194,2.1686707887511063
A811,2021-07-20,-31.5,-52.75,1,10.3,6.666240931095545,4.427049774324388,1.505797601318562,2.326605871869124
A811,2021-07-21,-31.5,-52.75,1,13.2,6.868924398293079,3.967321662852242,1.7313757194456414,3.327181691264749
A811,2021-07-22,-31.5,-52.75,1,12.4,8.282991282995264,3.47937966191421,2.3805942690480366,3.5638536764849733
A811,2021-07-23,-31.5,-52.75,1,11.1,10.7684569386546,4.198165670716054,2.565038586678237,2.64401190201404
A811,2021-07-24,-31.5,-52.75,1,9.8,10.122318329935837,4.3095427615864565,2.348814918409011,2.2740231486628435
A811,2021-07-25,-31.5,-52.75,1,15.2,14.563981098274814,6.099831184069979,2.3876039612882067,2.4918722406114413
A811,2021-07-26,-31.5,-52.75,1,11.4,13.050067541706435,5.621198666326105,2.3215809147403217,2.028037199306246
A811,2021-07-27,-31.5,-52.75,1,17.1,16.55862796028049,8.6343954534272,1.917751862257823,1.9804513346921815
A811,2021-07-28,-31.5,-52.75,1,17.9,18.73698545137711,8.582063422665826,2.1832727781865873,2.0857454808274727
A811,2021-07-29,-31.5,-52.75,1,12.6,10.507098258751274,6.668150345403499,1.5757140607955915,1.889579470667672
A811,2021-07-30,-31.5,-52.75,1,6.8,4.912132755969468,2.6424692162590255,1.8589176841664903,2.5733506972038973
A811,2021-07-31,-31.5,-52.75,1,11.1,6.554981514346078,2.8978016926253862,2.2620531732823013,3.830489860037139
A811,2021-08-01,-31.5,-52.75,1,9.2,4.776388171830729,2.3918178836010284,1.9969698381214476,3.8464466977514338
A811,2021-08-02,-31.5,-52.75,1,6.9,8.572452258003446,3.541602508003821,2.4205009564540885,1.9482705877936306
A811,2021-08-03,-31.5,-52.75,1,7.5,6.0477538880102095,2.393512065251937,2.526727972592707,3.1334707306815113
A811,2021-08-04,-31.5,-52.75,1,9.2,8.551314261007345,3.826810818067406,2.2345798283610687,2.4040906220303127
A811,2021-08-05,-31.5,-52.75,1,12.3,11.806326837335872,5.559455522506038,2.12364804242807,2.212446875455085
A811,2021-08-06,-31.5,-52.75,1,12.3,11.994673670878043,4.835542460918453,2.480522871595217,2.543664976455147
A811,2021-08-07,-31.5,-52.75,1,11.7,12.45705441303219,4.740945381487654,2.627546493506177,2.4678622212535752
A811,2021-08-08,-31.5,-52.75,1,11.3,11.789555105392447,4.485462062829596,2.6283925580579224,2.51924993271965
A811,2021-08-09,-31.5,-52.75,1,11.3,12.824707095737855,4.457363298319958,2.877195830228078,2.5351310278565644
A811,2021-08-10,-31.5,-52.75,1,10.5,12.531202928565751,4.8603532827589655,2.5782493986635577,2.1603367881191766
A811,2021-08-11,-31.5,-52.75,1,9.4,7.9828813760974935,3.55191129175058,2.2474889490168217,2.646462489598707
A811,2021-08-12,-31.5,-52.75,1,11.5,6.44125065060939,3.6351550907016437,1.7719328308950153,3.1635514064904213
A811,2021-08-13,-31.5,-52.75,1,12.8,12.415125753989733,6.665876762265177,1.862489541401432,1.9202275194254184
A811,2021-08-14,-31.5,-52.75,1,12.9,12.027584385188318,4.346529656605072,2.7671695203806936,2.967884960912876
A811,2021-08-15,-31.5,-52.75,1,6.8,8.34093415478001,3.148432774368649,2.64923368308304,2.15980473058174
A811,2021-08-16,-31.5,-52.75,1,7.6,6.226713749905467,2.727762099296829,2.282718772106486,2.786166726914767
A811,2021-08-17,-31.5,-52.75,1,8.6,7.339653750708541,2.564190403139938,2.8623669060304127,3.3538851052047494
A811,2021-08-18,-31.5,-52.75,1,15.9,20.41027044558749,6.813244468636486,2.995675634353413,2.333689928960089
A811,2021-08-19,-31.5,-52.75,1,16.8,23.634462817991338,8.779093416052845,2.692130234629351,1.9136372292474617
A811,2021-08-20,-31.5,-52.75,1,16.5,9.433593185510665,5.06798971230103,1.861407327369556,3.25572878728447
A811,2021-08-21,-31.5,-52.75,1,15.2,11.500722837314358,6.168709436889606,1.8643644922775395,2.464048624028588
A811,2021-08-22,-31.5,-52.75,1,18.6,20.77602519716646,7.787536992933369,2.6678557310249973,2.3884316718980814
A811,2021-08-23,-31.5,-52.75,1,12.2,12.88206772407952,4.494601843704275,2.8661198860414796,2.7143672396897425
A811,2021-08-24,-31.5,-52.75,1,16.8,16.700604789026304,6.663699043342678,2.506206339812259,2.5211222611837374
A811,2021-08-25,-31.5,-52.75,1,13.5,17.752821928313097,7.612385537395347,2.3320970596015558,1.7734256802525479
A811,2021-08-26,-31.5,-52.75,1,17.0,12.395349471451834,7.70620686057588,1.6084890654655404,2.2060139712794578
A811,2021-08-27,-31.5,-52.75,1,7.1,8.224266878510527,3.7418387865014524,2.197921222095209,1.8974628264619502
A811,2021-08-28,-31.5,-52.75,1,13.5,12.529033203997228,6.157412131887661,2.034788793673981,2.192479520753038
A811,2021-08-29,-31.5,-52.75,1,16.7,11.91333908655132,5.3441946325440925,2.2292113041698856,3.1248861892685222
A811,2021-08-30,-31.5,-52.75,1,9.9,8.770157685586836,4.719100930267068,1.8584382523665386,2.0978572288005144
A811,2021-08-31,-31.5,-52.75,1,12.3,9.556162217042749,4.780044742876661,1.9991784033577455,2.5731976710740545
A811,2021-09-01,-31.5,-52.75,1,11.7,11.511130148065122,4.970452943910914,2.315911704217401,2.3539102234803693
A811,2021-09-02,-31.5,-52.75,1,8.6,7.730874411357704,2.9288202134524153,2.6395865392655002,2.936335921371749
A811,2021-09-03,-31.5,-52.75,1,10.8,14.11104040781686,6.0600048500527475,2.3285526591111614,1.7821767914766595
A811,2021-09-04,-31.5,-52.75,1,20.2,9.461096530083749,5.237880387003007,1.80628342593695,3.8565218194220674
A811,2021-09-05,-31.5,-52.75,1,11.1,10.639993976601676,4.136856201683814,2.571999957907869,2.6831969637914885
A811,2021-09-06,-31.5,-52.75,1,14.2,11.913557959989216,7.47733514059204,1.5932892850173792,1.8990722942071674
A811,2021-09-07,-31.5,-52.75,1,18.9,17.892540059215943,8.73563720551685,2.0482238030576863,2.1635513878786092
A811,2021-09-08,-31.5,-52.75,1,19.5,28.072181880836016,10.132471064894652,2.770516856257895,1.9245058658554128
A811,2021-09-09,-31.5,-52.75,1,17.8,16.51676666274839,10.118976686866072,1.6322566178244418,1.7590711542110296
A811,2021-09-10,-31.5,-52.75,1,17.4,14.041217753828116,7.690151621090558,1.825870079767933,2.2626341920593322
A811,2021-09-11,-31.5,-52.75,1,10.0,7.592394930202233,4.312649048259769,1.7604945000720382,2.318760438908234
A811,2021-09-12,-31.5,-52.75,1,12.3,10.364907232201471,4.864122109917348,2.1308896030937827,2.528719411653299
A811,2021-09-13,-31.5,-52.75,1,16.6,18.990166586345886,6.938010222386008,2.7371200066948154,2.3926168264265253
A811,2021-09-14,-31.5,-52.75,1,18.3,10.916473276248594,6.813397979614631,1.6022069030621977,2.6858844962165347
A811,2021-09-15,-31.5,-52.75,1,8.0,9.57478109223858,4.559180261531786,2.100110226618164,1.7547014026842125
A811,2021-09-16,-31.5,-52.75,1,8.8,7.933929326745057,3.9164064947749733,2.025818652208348,2.2469577690008466
A811,2021-09-17,-31.5,-52.75,1,15.7,14.054538415663165,6.34820913087636,2.2139375256723715,2.4731384357894712
A811,2021-09-18,-31.5,-52.75,1,8.3,10.620235103173217,3.917566144033242,2.7109268134116027,2.118662377313411
A811,2021-09-19,-31.5,-52.75,1,13.4,14.161922851579803,5.9660628175520545,2.373746855282125,2.2460373632971864
A811,2021-09-20,-31.5,-52.75,1,15.9,16.852660489022004,5.5120813462455995,3.0574041692074667,2.884572814011506
A811,2021-09-21,-31.5,-52.75,1,16.7,13.369951435369362,6.751701722324806,1.9802343150262423,2.4734504998614937
A811,2021-09-22,-31.5,-52.75,1,14.5,11.655349930317556,6.691924392044876,1.7417037682274212,2.166790769070417
A811,2021-09-23,-31.5,-52.75,1,13.2,13.83146850993522,6.33240363258153,2.184236715229182,2.0845165226176143
A811,2021-09-24,-31.5,-52.75,1,10.7,11.429181036459303,5.206505159401577,2.1951732854468053,2.0551213669074384
A811,2021-09-25,-31.5,-52.75,1,10.7,11.002369454241293,4.551537896202188,2.41728613606001,2.350853765037989
A811,2021-09-26,-31.5,-52.75,1,8.8,7.984475548138036,3.002473345290577,2.6592993941684115,2.9309169434602733
A811,2021-09-27,-31.5,-52.75,1,9.3,7.467253464612166,3.028216292593174,2.4658917141673786,3.071114841679973
A811,2021-09-28,-31.5,-52.75,1,14.7,14.426575401876626,6.804471126173445,2.1201611608556474,2.1603442394598966
A811,2021-09-29,-31.5,-52.75,1,11.8,14.865794093345931,6.027940090291627,2.4661482812823934,1.9575509748354394
A811,2021-09-30,-31.5,-52.75,1,19.1,15.552303923374494,8.377655511388419,1.856402892459949,2.2798741215887715
A811,2021-10-01,-31.5,-52.75,1,13.4,16.299706058885754,6.6596064157771835,2.4475479542259944,2.0121309223701633
A811,2021-10-02,-31.5,-52.75,1,10.1,7.22110982753824,3.858993026600569,1.8712419995999312,2.617263086608167
A811,2021-10-03,-31.5,-52.75,1,12.3,10.617352134981155,5.61368284187977,1.891334518539683,2.191074976348554
A811,2021-10-04,-31.5,-52.75,1,9.2,9.258384380575972,4.508179899886271,2.0536856527862906,2.040734887317183
A811,2021-10-05,-31.5,-52.75,1,9.2,7.757180254064953,4.036776067119848,1.9216275872343676,2.2790464090726736
A811,2021-10-06,-31.5,-52.75,1,16.8,12.169917466248364,7.662040461996809,1.5883389714019802,2.192627418678724
A811,2021-10-07,-31.5,-52.75,1,14.7,9.81494692770459,6.093296947300224,1.6107777140343258,2.4124870537473435
A811,2021-10-08,-31.5,-52.75,1,12.0,11.457319687438048,5.608938536081255,2.0426894703401093,2.1394422354258724
A811,2021-10-09,-31.5,-52.75,1,13.9,15.246060077301967,7.884996865912153,1.9335530928633122,1.762841537717215
A811,2021-10-10,-31.5,-52.75,1,17.5,14.717876801443484,8.563055054030185,1.7187647058880633,2.043663142369225
A811,2021-10-11,-31.5,-52.75,1,17.8,12.950330398679146,6.750956661485977,1.9182955909879302,2.6366633489959304
A811,2021-10-12,-31.5,-52.75,1,9.4,8.97560967400339,3.4821970672380993,2.577570855609957,2.699445154451181
A811,2021-10-13,-31.5,-52.75,1,9.1,9.171110907290803,5.03993361293846,1.8196888315645332,1.8055793387116414
A811,2021-10-14,-31.5,-52.75,1,11.4,19.936428048413035,6.60682822091928,3.0175490237945164,1.7254875741893883
A811,2021-10-15,-31.5,-52.75,1,16.9,17.234840618318856,6.873086366325891,2.507583885859417,2.458866235524135
A811,2021-10-16,-31.5,-52.75,1,14.5,11.274580363828015,6.653047637875464,1.6946489755525571,2.1794523035506663
A811,2021-10-17,-31.5,-52.75,1,9.4,8.092827931631291,3.925261507722031,2.0617296237997267,2.3947449059146013
A811,2021-10-18,-31.5,-52.75,1,10.8,6.493259906896292,3.3776106321176878,1.9224418129052254,3.1975266471815424
A811,2021-10-19,-31.5,-52.75,1,11.6,10.420061533992182,4.480311502314878,2.325744879258589,2.5891056891929356
A811,2021-10-20,-31.5,-52.75,1,12.4,12.327843586172325,5.4340585922258775,2.2686254439377773,2.2819039930375062
A811,2021-10-21,-31.5,-52.75,1,9.5,9.31368307871069,4.033019271018727,2.3093574448401,2.3555553201213275
A811,2021-10-22,-31.5,-52.75,1,10.3,7.508122391942465,3.4882264027830403,2.1524183137746444,2.9527899885690525
A811,2021-10-23,-31.5,-52.75,1,16.5,14.760668252007545,5.322848758533877,2.7730767717836144,3.099843852137695
A811,2021-10-24,-31.5,-52.75,1,12.3,13.736333928952869,6.049398426015163,2.2706942015722404,2.033260025840654
A811,2021-10-25,-31.5,-52.75,1,15.0,16.12360978328765,7.504209465919733,2.1486087050891647,1.9988781054316647
A811,2021-10-26,-31.5,-52.75,1,13.4,11.041622461152656,5.104775577927735,2.16299860642159,2.62499296892493
A811,2021-10-27,-31.5,-52.75,1,9.8,8.575065964729198,3.7193643147753157,2.305519233667007,2.6348588550654015
A811,2021-10-28,-31.5,-52.75,1,13.3,10.289782097773285,6.213680123127012,1.6559883827098247,2.1404384738921554
A811,2021-10-29,-31.5,-52.75,1,14.7,11.722510436090555,7.191612571772011,1.6300252994860835,2.0440478200535104
A811,2021-10-30,-31.5,-52.75,1,15.6,13.83367028926869,6.903319032968852,2.003915829936569,2.2597825662550957
A811,2021-10-31,-31.5,-52.75,1,13.3,11.51276277003992,5.377670784169418,2.140845587634474,2.473189701227534
A811,2021-11-01,-31.5,-52.75,1,10.6,10.461161282245685,4.484758700634658,2.3326029292869825,2.3635608307086726
A811,2021-11-02,-31.5,-52.75,1,13.1,10.798377547663872,4.91255454282039,2.1981186068347083,2.666637059357522
A811,2021-11-03,-31.5,-52.75,1,14.1,15.706539749377525,5.085254766310395,3.0886436316687043,2.772722439279134
A811,2021-11-04,-31.5,-52.75,1,9.9,11.129949376708499,4.192407579441031,2.6547870563177547,2.361411626233143
A811,2021-11-05,-31.5,-52.75,1,15.5,12.686913927322847,6.858507155934729,1.8498069097069827,2.259967023084274
A811,2021-11-06,-31.5,-52.75,1,15.2,16.051178505254192,7.3502122731757265,2.183770741401885,2.0679674865271203
A811,2021-11-07,-31.5,-52.75,1,9.1,9.050030785692323,4.1310088990139215,2.190755577373019,2.2028517058320025
A811,2021-11-08,-31.5,-52.75,1,10.1,7.252248580537757,3.587639958562948,2.021453842721356,2.815221180679908
A811,2021-11-09,-31.5,-52.75,1,11.2,10.321338150921555,4.367538846717586,2.3631932109037868,2.5643732988012995
A811,2021-11-10,-31.5,-52.75,1,12.7,12.058632661639566,6.4458787164548825,1.8707507838856139,1.9702511571587202
A811,2021-11-11,-31.5,-52.75,1,14.5,11.949106186697684,6.805498812590273,1.7558016709358115,2.13063000954093
A811,2021-11-12,-31.5,-52.75,1,13.2,12.29329473230624,6.900048191429448,1.7816244743878376,1.9130301171513153
A811,2021-11-13,-31.5,-52.75,1,16.8,13.365054071779529,7.343189046111922,1.8200612823465396,2.287834331174584
A811,2021-11-14,-31.5,-52.75,1,17.6,17.046350336053123,6.5794241037000445,2.5908575077972,2.6750061589892584
A811,2021-11-15,-31.5,-52.75,1,11.8,12.93137715578657,5.089669716214435,2.5407104737249226,2.318421559341681
A811,2021-11-16,-31.5,-52.75,1,18.5,13.97382127538256,5.681696449772177,2.459445237688275,3.2560697607739684
A811,2021-11-17,-31.5,-52.75,1,11.8,13.375124513224499,5.828851386761162,2.2946415384003247,2.024412567251392
A811,2021-11-18,-31.5,-52.75,1,10.4,9.129281626255121,3.589611397802806,2.5432506794031067,2.8972495480613363
A811,2021-11-19,-31.5,-52.75,1,9.5,9.441309791119819,3.5143117647023816,2.6865316520713924,2.7032319942179437
A811,2021-11-20,-31.5,-52.75,1,10.4,11.56961827039522,3.6637010619748516,3.157904554625105,2.838659547838237
A811,2021-11-21,-31.5,-52.75,1,10.3,11.980761977137332,4.008365703564208,2.988939349142752,2.5696258180338485
A811,2021-11-22,-31.5,-52.75,1,11.4,15.99427019249126,5.225682736818905,3.0607044089759743,2.181533126701003
A811,2021-11-23,-31.5,-52.75,1,14.7,15.450497494936977,7.919520297905604,1.9509385560919663,1.8561730315771223
A811,2021-11-24,-31.5,-52.75,1,11.1,11.556529740989049,4.427540350846755,2.6101466785681344,2.507035310898331
A811,2021-11-25,-31.5,-52.75,1,13.7,18.001890700558068,7.027506396304999,2.561632773471868,1.9494823949506952
A811,2021-11-26,-31.5,-52.75,1,16.3,16.14400308381502,9.212217034100567,1.7524557903982594,1.7693894900286018
A811,2021-11-27,-31.5,-52.75,1,15.7,15.609442800911966,6.675813462535831,2.3382083529611783,2.351773321424757
A811,2021-11-28,-31.5,-52.75,1,10.1,9.987548948293997,3.585930443595247,2.7852043159767756,2.8165632766356055
A811,2021-11-29,-31.5,-52.75,1,16.5,25.672031296198696,11.248694336477703,2.2822232099372135,1.4668369062614812
A811,2021-11-30,-31.5,-52.75,1,16.6,12.877314826641046,7.953520643273325,1.6190710258018892,2.0871260344360105
A811,2021-12-01,-31.5,-52.75,1,11.5,9.799555624693674,5.042956440517766,1.9432163930584225,2.280408354829907
A811,2021-12-02,-31.5,-52.75,1,12.9,10.791422343642962,5.335736328917216,2.022480437265698,2.417660694755096
A811,2021-12-03,-31.5,-52.75,1,12.4,13.16424697767239,6.178482594113552,2.1306602029136426,2.0069652719931423
A811,2021-12-04,-31.5,-52.75,1,11.6,11.571418213192288,6.247574167522862,1.852145793377641,1.8567206549225093
A811,2021-12-05,-31.5,-52.75,1,12.9,12.451789574904602,6.06882945287115,2.051761327551178,2.1256158374819774
A811,2021-12-06,-31.5,-52.75,1,13.4,14.559307483955509,6.5062464013013,2.2377430220047514,2.0595592563662968
A811,2021-12-07,-31.5,-52.75,1,13.6,12.531900030136507,6.854156647630737,1.8283649870284748,1.984197429263757
A811,2021-12-08,-31.5,-52.75,1,13.0,10.417728748470273,5.920100969598056,1.7597214645441397,2.195908493243593
A811,2021-12-09,-31.5,-52.75,1,12.9,11.599508994363486,6.026298978092982,1.9248147223578578,2.1406173253093717
A811,2021-12-10,-31.5,-52.75,1,11.7,11.528710390860391,5.348739319335183,2.155407041278905,2.187431336895708
A811,2021-12-11,-31.5,-52.75,1,11.0,12.413606152619614,5.085438651496505,2.4410099114983193,2.163038580115995
A811,2021-12-12,-31.5,-52.75,1,11.4,13.842667591165347,5.341632164820891,2.591467769407799,2.1341791512861032
A811,2021-12-13,-31.5,-52.75,1,12.0,13.564929472021529,4.494734487220751,3.0179601288104543,2.6697906259241604
A811,2021-12-14,-31.5,-52.75,1,15.3,11.971524764433568,6.04262795566933,1.9811785289878079,2.5320109250885117
A811,2021-12-15,-31.5,-52.75,1,16.5,14.151377228093091,6.190094580421071,2.2861326340397317,2.665548932352115
A811,2021-12-16,-31.5,-52.75,1,12.2,12.80731233795382,5.64570921616746,2.2685037162873845,2.1609331144904167
A811,2021-12-17,-31.5,-52.75,1,15.1,14.84836483376075,6.988132815766331,2.124797170463116,2.160806097722129
A811,2021-12-18,-31.5,-52.75,1,13.1,11.722343751947234,6.499389816557009,1.803606812763392,2.0155738261195113
A811,2021-12-19,-31.5,-52.75,1,13.7,12.557252365205242,6.200248899031499,2.0252819797551562,2.209588715404633
A811,2021-12-20,-31.5,-52.75,1,11.1,9.575655503000707,5.237255228792619,1.82837289470963,2.1194307924838256
A811,2021-12-21,-31.5,-52.75,1,10.6,10.925099077492009,4.53317706336555,2.410031402872432,2.3383158989448956
A811,2021-12-22,-31.5,-52.75,1,11.5,12.827472798369907,5.218118843161,2.4582561616399214,2.20385934963367
A811,2021-12-23,-31.5,-52.75,1,10.6,12.249475285242424,5.13021634859108,2.3877112489820274,2.0661896652586775
A811,2021-12-24,-31.5,-52.75,1,10.9,11.712097118137727,5.504837797538996,2.1276007666154597,1.9800765074082614
A811,2021-12-25,-31.5,-52.75,1,11.6,11.865041199439663,4.647558430588748,2.552962243862873,2.4959341928124017
A811,2021-12-26,-31.5,-52.75,1,11.0,11.814748342591379,5.567723789305521,2.122006907972902,1.97567271945652
A811,2021-12-27,-31.5,-52.75,1,12.4,12.699898606100295,6.627347594629163,1.9162867836285453,1.8710351046094253
A811,2021-12-28,-31.5,-52.75,1,11.0,10.707293416923441,4.825037309278919,2.219111010050117,2.279775117768758
A811,2021-12-29,-31.5,-52.75,1,12.1,12.594684571191696,6.323368587206318,1.9917682161804937,1.9135370385463826
A811,2021-12-30,-31.5,-52.75,1,15.1,13.865690142634342,5.8322044203007275,2.3774355532482145,2.5890724864581127
A811,2021-12-31,-31.5,-52.75,1,17.5,12.678601441589805,5.172394713627059,2.451205320465409,3.383345813476869
A811,2022-01-01,-31.5,-52.75,1,9.8,12.01827908282983,5.085780690145511,2.36311390817876,1.9269411319660363
A811,2022-01-02,-31.5,-52.75,1,11.1,8.629622688838012,3.819243229099547,2.259511157364176,2.906334929241209
A811,2022-01-03,-31.5,-52.75,1,11.9,12.274461720594008,4.867515468961395,2.5217098535925286,2.4447790820352875
A811,2022-01-04,-31.5,-52.75,1,12.6,17.231418398527165,6.461479251147101,2.66679157028448,1.9500178690139927
A811,2022-01-05,-31.5,-52.75,1,15.6,15.706300999074942,7.657901686795386,2.0509927707948394,2.0371115532730424
A811,2022-01-06,-31.5,-52.75,1,11.7,11.710392350811423,5.538374106888187,2.1144097752889195,2.1125333489928884
A811,2022-01-07,-31.5,-52.75,1,12.6,12.04577859785773,6.273695337899835,1.9200451965029817,2.008385699554537
A811,2022-01-08,-31.5,-52.75,1,14.1,11.992766508172155,7.026306488883022,1.7068379421175315,2.0067442293200464
A811,2022-01-09,-31.5,-52.75,1,14.0,14.37249669235817,7.143094717214509,2.0120826142373778,1.9599348117645263
A811,2022-01-10,-31.5,-52.75,1,10.9,13.205276507499038,5.36899814032008,2.4595420155447822,2.030173919812567
A811,2022-01-11,-31.5,-52.75,1,10.8,9.984535400164807,3.6640775491251905,2.7249792795866576,2.947535868223786
A811,2022-01-12,-31.5,-52.75,1,10.0,11.456472199601068,3.768647073474309,3.0399429758858707,2.6534721360313047
A811,2022-01-13,-31.5,-52.75,1,13.2,12.935679609526234,5.720419209289785,2.261316721075107,2.3075231931540268
A811,2022-01-14,-31.5,-52.75,1,12.7,14.743142446296872,4.819243061601739,3.0592236701580258,2.6352686174286855
A811,2022-01-15,-31.5,-52.75,1,14.7,13.676802503347165,4.991099923285087,2.7402381666494957,2.9452425769758226
A811,2022-01-16,-31.5,-52.75,1,14.7,18.073179188935846,6.659919535333049,2.7137233555227995,2.2072338745253144
A811,2022-01-17,-31.5,-52.75,1,14.5,12.169110041890976,4.928964218373218,2.468898028622195,2.941794534833458
A811,2022-01-18,-31.5,-52.75,1,11.1,9.375822533087518,4.6821662784431135,2.002453987218308,2.3706975233034453
A811,2022-01-19,-31.5,-52.75,1,10.0,11.576802998158273,3.6258791550660323,3.1928264851252175,2.757951815914253
A811,2022-01-20,-31.5,-52.75,1,13.7,13.076085264173665,4.486954449158361,2.9142451550018316,3.053295983998628
A811,2022-01-21,-31.5,-52.75,1,11.0,12.615131964042149,5.010456444722278,2.517761027007867,2.195408765919272
A811,2022-01-22,-31.5,-52.75,1,14.7,13.040999943783987,5.1266229984855505,2.543779784009164,2.867384632016536
A811,2022-01-23,-31.5,-52.75,1,25.1,11.623733116889975,3.6601614733860237,3.1757432565227326,6.857620949924905
A811,2022-01-24,-31.5,-52.75,1,13.5,10.5571875883347,3.318690104341715,3.181130884900382,4.067870025688288
A811,2022-01-25,-31.5,-52.75,1,13.5,10.327301705033232,3.9611102473051347,2.607173509512696,3.408135385573897
A811,2022-01-26,-31.5,-52.75,1,11.4,15.609255746825868,3.481682981461401,4.483250149407354,3.274278577544405
A811,2022-01-27,-31.5,-52.75,1,16.7,16.33513226837112,8.084675212665614,2.0205056899230995,2.065636474033916
A811,2022-01-28,-31.5,-52.75,1,14.4,12.807472050834997,5.425144262398449,2.3607615634487904,2.6543072964540446
A811,2022-01-29,-31.5,-52.75,1,13.2,11.84786096566616,5.675385729372913,2.087586911379019,2.3258331027058667
A811,2022-01-30,-31.5,-52.75,1,11.4,12.531068472827526,5.671718006848767,2.209395540768404,2.0099729898831646
A811,2022-01-31,-31.5,-52.75,1,14.2,16.335051353459484,6.353989814932341,2.5708337326998727,2.2348162986709488
A811,2022-02-01,-31.5,-52.75,1,13.3,11.587365206863375,4.921713734271563,2.3543354677816017,2.7023107637056554
A811,2022-02-02,-31.5,-52.75,1,11.7,12.358152669128382,5.599762519649752,2.2069065653700877,2.0893743188116125
A811,2022-02-03,-31.5,-52.75,1,16.4,11.5558412127452,4.962058165880284,2.32884033730289,3.305080160641485
A811,2022-02-04,-31.5,-52.75,1,10.4,9.261172337911725,2.7156337753619564,3.4103171134249646,3.8296769226969216
A811,2022-02-05,-31.5,-52.75,1,9.9,12.474031242353549,4.480676010978581,2.783961886954022,2.209488027195664
A811,2022-02-06,-31.5,-52.75,1,10.8,15.515523177988193,6.884440309197548,2.25370872302569,1.568754977157882
A811,2022-02-07,-31.5,-52.75,1,11.5,14.082913881454086,6.841420188866521,2.058478136509158,1.6809375367288042
A811,2022-02-08,-31.5,-52.75,1,9.9,9.43205749369156,3.9633244984160796,2.379834782002087,2.497902961000665
A811,2022-02-09,-31.5,-52.75,1,11.4,10.211993111090132,4.315791043556794,2.3661926650355327,2.6414624537996314
A811,2022-02-10,-31.5,-52.75,1,12.3,15.366590051124707,6.199949444407992,2.4785024763362404,1.9838871446111408
A811,2022-02-11,-31.5,-52.75,1,13.4,12.367520654928963,5.123787114072019,2.413746000680373,2.6152530738832045
A811,2022-02-12,-31.5,-52.75,1,11.4,10.178198603051708,4.233481871245832,2.404214524262616,2.692818901016151
A811,2022-02-13,-31.5,-52.75,1,10.3,10.904482224904344,5.109648464100877,2.1340963671995308,2.015794251280738
A811,2022-02-14,-31.5,-52.75,1,11.9,10.787390454154577,5.761782897373917,1.8722313294850477,2.065332938077854
A811,2022-02-15,-31.5,-52.75,1,9.3,9.646626165931886,3.363546043456359,2.867992898357673,2.7649391088588695
A811,2022-02-16,-31.5,-52.75,1,10.8,11.606688200471131,4.590258095179003,2.5285480597836654,2.352808878294422
A811,2022-02-17,-31.5,-52.75,1,14.3,11.318492820626153,4.351991329366969,2.6007618039699807,3.2858521347467957
A811,2022-02-18,-31.5,-52.75,1,11.6,11.741706807552626,4.599010146367444,2.553094347231846,2.5222818891065786
A811,2022-02-19,-31.5,-52.75,1,11.5,13.071339261470552,4.738628482144307,2.758464671945659,2.4268625496456018
A811,2022-02-20,-31.5,-52.75,1,11.1,10.993520139127215,4.255002106138357,2.5836697291565915,2.6086943609233244
A811,2022-02-21,-31.5,-52.75,1,14.3,13.164970120610542,5.881214514464831,2.2384781388659323,2.4314705686774714
A811,2022-02-22,-31.5,-52.75,1,8.7,10.312483966258629,3.831916479021313,2.691207917165376,2.270404391022117
A811,2022-02-23,-31.5,-52.75,1,9.9,10.544170787806534,3.7223732071469544,2.8326474002020356,2.6595936111381864
A811,2022-02-24,-31.5,-52.75,1,11.9,14.952467413971132,6.014676535793609,2.485996931836372,1.9784937609167454
A811,2022-02-25,-31.5,-52.75,1,15.1,11.632954557624403,6.355736354292512,1.8303079154263195,2.3758065404651063
A811,2022-02-26,-31.5,-52.75,1,10.2,9.551667300439021,5.023742053307376,1.9013052818169058,2.0303590215753293
A811,2022-02-27,-31.5,-52.75,1,11.1,13.246483833040797,4.926539202623545,2.688801060587645,2.253102947823674
A811,2022-02-28,-31.5,-52.75,1,15.6,12.319849380169053,4.618586621168239,2.6674501077242616,3.37765669014433
A811,2022-03-01,-31.5,-52.75,1,12.1,10.411075265740013,4.736770502500537,2.197926891379689,2.554483058364854
A811,2022-03-02,-31.5,-52.75,1,11.1,10.173897678182936,3.7714115907294956,2.697636530362103,2.9431950697942653
A811,2022-03-03,-31.5,-52.75,1,9.9,10.302479915157386,4.464508148348979,2.3076405222750798,2.2174895130746086
A811,2022-03-04,-31.5,-52.75,1,9.0,9.61989112140697,3.501516002996247,2.7473503228816405,2.57031525553466
A811,2022-03-05,-31.5,-52.75,1,12.2,11.549160038246056,3.3555108286724957,3.441848537504236,3.635810051856263
A811,2022-03-06,-31.5,-52.75,1,10.8,10.431245036921728,3.0978015106297607,3.367305813858013,3.4863434480682525
A811,2022-03-07,-31.5,-52.75,1,19.9,15.181797833812434,7.290076987754914,2.0825291501465872,2.7297379758027076
A811,2022-03-08,-31.5,-52.75,1,16.4,8.154504584856015,3.804838404860885,2.143193407225442,4.3103013202999945
A811,2022-03-09,-31.5,-52.75,1,10.5,10.448187725892078,5.701300448405889,1.8325972855567436,1.841685084836364
A811,2022-03-10,-31.5,-52.75,1,18.6,14.065438047276922,4.92810076719491,2.8541295545145706,3.774273473427204
A811,2022-03-11,-31.5,-52.75,1,12.9,14.699739536913905,6.3165772584240765,2.3271684862731092,2.04224526547126
A811,2022-03-12,-31.5,-52.75,1,10.0,7.9056809536801484,4.35566875178713,1.8150326400363777,2.2958587004342332
A811,2022-03-13,-31.5,-52.75,1,9.8,8.656960757309852,3.0615272236379303,2.827660878031657,3.2010167750051637
A811,2022-03-14,-31.5,-52.75,1,8.0,10.351305371099373,3.555339497498308,2.911481555666626,2.250136732548087
A811,2022-03-15,-31.5,-52.75,1,8.3,7.3353184668896,3.125326476328567,2.3470567066985786,2.6557225502246755
A811,2022-03-16,-31.5,-52.75,1,11.7,13.422271752760784,5.459123908990997,2.458686041299547,2.143201032812332
A811,2022-03-17,-31.5,-52.75,1,14.0,14.777126653418852,4.965407872138961,2.976014666656835,2.8195065461901696
A811,2022-03-18,-31.5,-52.75,1,11.5,16.519763444904772,6.851402999801108,2.4111504527443985,1.6784883330222786
A811,2022-03-19,-31.5,-52.75,1,13.5,12.910662365837796,6.898101563687557,1.8716254387730515,1.9570601962524932
A811,2022-03-20,-31.5,-52.75,1,12.5,11.11102203637126,5.735161475195243,1.9373512122416756,2.1795375865288014
A811,2022-03-21,-31.5,-52.75,1,15.5,13.00124561915251,7.418005933741848,1.7526604501641752,2.089510326420212
A811,2022-03-22,-31.5,-52.75,1,16.7,14.660888686981794,6.184466813838906,2.3705986511521577,2.7003136248755695
A811,2022-03-23,-31.5,-52.75,1,12.6,14.976785478380904,5.684739059663401,2.6345598841378823,2.2164605741368995
A811,2022-03-24,-31.5,-52.75,1,12.9,14.652920770448882,7.201017005061186,2.034840462138914,1.791413628232418
A811,2022-03-25,-31.5,-52.75,1,15.8,12.891928270741065,8.280137274669496,1.5569703548490565,1.9081809245282908
A811,2022-03-26,-31.5,-52.75,1,15.3,12.778276485591213,7.442669955484907,1.7168941471298496,2.05571388917019
A811,2022-03-27,-31.5,-52.75,1,10.3,9.258836089935514,5.542425203190659,1.6705387534333156,1.8583922420947612
A811,2022-03-28,-31.5,-52.75,1,8.4,6.509037900420064,3.467383476683629,1.8772189301212274,2.4225760019004765
A811,2022-03-29,-31.5,-52.75,1,12.9,13.226664420656308,5.944987906526921,2.224842948147116,2.169895078480692
A811,2022-03-30,-31.5,-52.75,1,20.6,13.667102258614849,7.611901255139655,1.7954912709077306,2.7062883909707334
A811,2022-03-31,-31.5,-52.75,1,12.1,11.100780736895278,5.8317609121378045,1.9035040880689942,2.074845005188045
A811,2022-04-01,-31.5,-52.75,1,9.9,6.879694428116132,3.518332951664769,1.9553847013998116,2.813832612207898
A811,2022-04-02,-31.5,-52.75,1,11.5,11.723237816851466,4.959427147269937,2.363829020717618,2.318816197618814
A811,2022-04-03,-31.5,-52.75,1,17.4,10.879161797180346,5.185220508780227,2.098109767705822,3.355691425376465
A811,2022-04-04,-31.5,-52.75,1,16.3,10.198111346042047,4.546018377236843,2.2433062297123083,3.5855552370000434
A811,2022-04-05,-31.5,-52.75,1,8.0,7.595066664941189,2.925512381266653,2.5961492125535868,2.734563713087503
A811,2022-04-06,-31.5,-52.75,1,8.6,9.213840997145654,3.2754650572759867,2.8129871135942657,2.6255813600869606
A811,2022-04-07,-31.5,-52.75,1,9.4,7.938377274210215,3.074563730052747,2.5819524235635294,3.0573443341305317
A811,2022-04-08,-31.5,-52.75,1,8.1,9.601424411177613,3.3419328915292854,2.8730153246087333,2.4237470538474515
A811,2022-04-09,-31.5,-52.75,1,8.6,10.360292196942956,3.9081359427197717,2.650954917840694,2.200537577517081
A811,2022-04-10,-31.5,-52.75,1,10.1,13.706572893675856,5.98589920933174,2.289810171261812,1.6872987076452217
A811,2022-04-11,-31.5,-52.75,1,13.3,15.663837428917207,5.6973007221378325,2.7493436265445315,2.334438824392854
A811,2022-04-12,-31.5,-52.75,1,9.6,12.290995246823684,4.206027405340134,2.922233752261948,2.2824387658082
A811,2022-04-13,-31.5,-52.75,1,8.3,9.679280933394596,3.3638816933988305,2.877414194556513,2.4673876064927147
A811,2022-04-14,-31.5,-52.75,1,12.0,12.004317919852465,5.459999151885881,2.198593367126473,2.197802539191825
A811,2022-04-15,-31.5,-52.75,1,10.6,8.976201655593242,3.9655435518871123,2.263548877510542,2.6730257432063
A811,2022-04-16,-31.5,-52.75,1,8.9,6.841806353231458,3.42796368949259,1.9958806373016713,2.5962935451388596
A811,2022-04-17,-31.5,-52.75,1,10.2,10.401451842334621,4.398079999918097,2.3649983271173607,2.319193830078113
A811,2022-04-18,-31.5,-52.75,1,9.9,11.90750484662223,4.560104456328928,2.611235106708117,2.1710029002208224
A811,2022-04-19,-31.5,-52.75,1,8.9,10.706469783678267,3.5126981037925256,3.047933374097507,2.533664931350352
A811,2022-04-20,-31.5,-52.75,1,9.3,9.54163613552128,3.7714105914757132,2.529991339868338,2.4659208469690936
A811,2022-04-21,-31.5,-52.75,1,9.8,10.403759938730563,3.102711331200456,3.3531188783538206,3.158527801620632
A811,2022-04-22,-31.5,-52.75,1,8.0,12.810123945271021,3.4097633771837605,3.7568952822325574,2.3462038608108555
A811,2022-04-23,-31.5,-52.75,1,12.4,13.614934778997892,7.239775300714747,1.8805742186023033,1.712760339229839
A811,2022-04-24,-31.5,-52.75,1,13.8,11.357961208667408,5.056184473055365,2.2463502408178533,2.729330797470073
A811,2022-04-25,-31.5,-52.75,1,14.1,12.853633375479129,7.343199788712028,1.7504131366870535,1.9201438617637137
A811,2022-04-26,-31.5,-52.75,1,22.1,13.593682489561434,5.625344516817531,2.4165066599782037,3.9286482692624136
A811,2022-04-27,-31.5,-52.75,1,20.9,19.191032413725548,9.127846189919266,2.102471055539915,2.2896967767798087
A811,2022-04-28,-31.5,-52.75,1,14.9,12.874426593455501,5.029175531395656,2.5599477514921207,2.9627122590937036
A811,2022-04-29,-31.5,-52.75,1,10.6,8.41472160995882,4.424457376481571,1.9018652218660084,2.395774012050572
A811,2022-04-30,-31.5,-52.75,1,9.6,8.934318654623409,3.5878860978345597,2.49013441647873,2.6756702242565624
A811,2022-05-01,-31.5,-52.75,1,8.1,9.340036524847326,3.6403265327596595,2.5657139382402683,2.225075120901187
A811,2022-05-02,-31.5,-52.75,1,11.6,11.940594681614044,5.2480945423947745,2.2752247668475487,2.210326034771997
A811,2022-05-03,-31.5,-52.75,1,17.0,15.144032870735158,5.565630092487496,2.7209916252207664,3.0544609895915737
A811,2022-05-04,-31.5,-52.75,1,15.0,16.043837059855893,6.376145613346109,2.5162281467151626,2.352518419372831
A811,2022-05-05,-31.5,-52.75,1,6.6,7.273350307777719,2.665790609236463,2.7284027044648322,2.47581335800803
A811,2022-05-06,-31.5,-52.75,1,6.6,5.070177229042998,2.3151831614811793,2.18996808261134,2.85074637281723
A811,2022-05-07,-31.5,-52.75,1,5.6,6.004034665095647,2.5765103446958775,2.3302971313334053,2.1734824436192994
A811,2022-05-08,-31.5,-52.75,1,10.3,8.712093645224321,3.553747154663485,2.451523213684935,2.89834913732779
A811,2022-05-09,-31.5,-52.75,1,9.0,8.544474970318722,2.6987868260948416,3.1660429374048125,3.3348317521703064
A811,2022-05-10,-31.5,-52.75,1,9.4,7.077132814827801,2.268428236121598,3.119839853046352,4.143838385679536
A811,2022-05-11,-31.5,-52.75,1,10.3,15.50175363500907,5.649878398013568,2.743732261646429,1.8230480860652438
A811,2022-05-12,-31.5,-52.75,1,8.5,9.889370517822478,3.588423668483188,2.755909399628577,2.3687281060636063
A811,2022-05-13,-31.5,-52.75,1,8.6,8.786227323349992,3.5097595999835294,2.5033701235239088,2.450310271974285
A811,2022-05-14,-31.5,-52.75,1,11.3,12.827145613336116,5.067417925223027,2.5312981488045647,2.229932515286405
A811,2022-05-15,-31.5,-52.75,1,12.9,17.035743860173476,6.1832250589778415,2.755155068379426,2.086289901621747
A811,2022-05-16,-31.5,-52.75,1,14.4,18.287923778042195,8.407825980730495,2.1751073131098857,1.712690061973534
A811,2022-05-18,-31.5,-52.75,1,21.1,20.043534063645478,10.510614923364443,1.9069801538528395,2.007494342989963
A811,2022-05-19,-31.5,-52.75,1,9.2,10.929220762462156,5.557126493719925,1.9667036146852521,1.6555318671253685
A811,2022-05-20,-31.5,-52.75,1,10.0,7.650402660357378,4.147828328945747,1.8444357031289866,2.410900164361841
A811,2022-05-21,-31.5,-52.75,1,6.1,7.3964878791458935,3.3079708061047564,2.2359592368517602,1.84403078429309
A811,2022-05-22,-31.5,-52.75,1,6.2,5.467383749007638,2.2909346987052737,2.386529721732156,2.706318955098957
A811,2022-05-23,-31.5,-52.75,1,7.5,6.96099487323786,2.925625813032454,2.379318244400738,2.5635540835709745
A811,2022-05-24,-31.5,-52.75,1,10.7,8.057788065159874,4.183222778758639,1.9262153825694657,2.557836521241931
A811,2022-05-25,-31.5,-52.75,1,11.6,10.118435820411134,5.104764405316141,1.9821552998359175,2.272386946578704
A811,2022-05-26,-31.5,-52.75,1,15.6,10.571429512382956,4.670504932194697,2.263444673725113,3.3401099509533054
A811,2022-05-27,-31.5,-52.75,1,13.2,14.61122369636784,5.391965565440595,2.7098139850924494,2.4480868506661886
A811,2022-05-28,-31.5,-52.75,1,8.1,11.735886083695949,3.3742953131937776,3.478025778540381,2.400501215269547
A811,2022-05-29,-31.5,-52.75,1,9.8,18.43132525071971,5.764716752843201,3.1972646776841627,1.6999967943206522
A811,2022-05-31,-31.5,-52.75,1,4.6,8.413705778736533,3.399403684940514,2.4750534383455447,1.3531785060945167
A811,2022-06-01,-31.5,-52.75,1,6.6,6.089662490528308,3.226760014943727,1.8872374959172502,2.0453953716527318
A811,2022-06-03,-31.5,-52.75,1,7.6,6.638125516287855,2.9489774684227363,2.2509922803303963,2.5771644854461595
A811,2022-06-04,-31.5,-52.75,1,11.9,13.60114274322594,6.63831778110435,2.04888394796961,1.7926228289149961
A811,2022-06-05,-31.5,-52.75,1,9.1,11.120800844733342,4.078647366116099,2.726590422383867,2.2311318393444477
A811,2022-06-06,-31.5,-52.75,1,7.5,10.207611151321986,3.6440908446304765,2.8011406922971682,2.058126517633653
A811,2022-06-07,-31.5,-52.75,1,7.3,6.236266189462327,2.7111060766624626,2.300266390586809,2.6926279509456696
A811,2022-06-08,-31.5,-52.75,1,8.5,6.229284150268048,2.547742013752913,2.445021558949799,3.3362875652700814
A811,2022-06-09,-31.5,-52.75,1,8.5,6.358657026801812,2.4037920037211817,2.6452609114924734,3.536079655328583
A811,2022-06-10,-31.5,-52.75,1,12.8,19.440128487195288,7.123115799928387,2.729160810131815,1.7969664342854972
A811,2022-06-11,-31.5,-52.75,1,10.6,17.45973920240982,7.297828917038794,2.392456633457828,1.4524867766153542
A811,2022-06-12,-31.5,-52.75,1,12.9,14.241881324966656,6.632505909315449,2.147285131697166,1.9449662279051674
A811,2022-06-13,-31.5,-52.75,1,4.4,5.543370290750222,2.447928976654068,2.264514348094826,1.7974377696260229
A811,2022-06-14,-31.5,-52.75,1,9.8,7.7727825028311495,3.9670090892400793,1.9593558592829199,2.470374980128238
A811,2022-06-15,-31.5,-52.75,1,10.3,9.000162613302901,3.350910712663356,2.68588553532345,3.0737912416094786
A811,2022-06-16,-31.5,-52.75,1,9.9,8.607319699819488,3.0966978250030723,2.7795155311322466,3.196953839043103
A811,2022-06-17,-31.5,-52.75,1,12.8,19.39515719171181,6.213706235844723,3.121350842083241,2.0599622051910385
A811,2022-06-18,-31.5,-52.75,1,9.0,9.71749112993537,6.25554250378914,1.5534210060996692,1.4387241385616791
A811,2022-06-19,-31.5,-52.75,1,9.8,6.15743368810845,3.672429163184227,1.6766650667727427,2.6685334323787973
A811,2022-06-20,-31.5,-52.75,1,10.5,6.675533779395529,2.7899720451282666,2.3926884110011315,3.7634785690181607
A811,2022-06-21,-31.5,-52.75,1,13.6,11.786240495681854,4.291977484968649,2.746109581646127,3.1687025497290886
A811,2022-06-22,-31.5,-52.75,1,11.4,15.48703076159937,6.026402460210471,2.5698633411646536,1.891675850603887
A811,2022-06-23,-31.5,-52.75,1,11.8,15.202118906673736,6.0485196435433695,2.51336191375382,1.9508905807384094
A811,2022-06-24,-31.5,-52.75,1,9.1,9.148087019169948,4.542638868083567,2.0138266071388835,2.0032409056190454
A811,2022-06-25,-31.5,-52.75,1,9.4,10.268675656780555,4.941226041305682,2.0781635106227876,1.9023618675651845
A811,2022-06-26,-31.5,-52.75,1,7.7,8.186889068465453,3.8284366516082837,2.1384418271688608,2.01126483228221
A811,2022-06-27,-31.5,-52.75,1,8.9,8.787224716579727,3.6537171085952687,2.405009598555954,2.435875503076852
A811,2022-06-28,-31.5,-52.75,1,7.8,16.44421634376102,6.36687126573766,2.582778205718254,1.225091520536076
A811,2022-06-29,-31.5,-52.75,1,6.3,12.456892341160742,5.630185548913222,2.212518971699833,1.1189684505541864
A811,2022-06-30,-31.5,-52.75,1,8.3,8.621220128746657,4.450320502624163,1.9372133138867398,1.8650342138517544
A811,2022-07-01,-31.5,-52.75,1,14.2,12.30008830754771,6.590195353701648,1.866422411991,2.154716095331529
A811,2022-07-02,-31.5,-52.75,1,15.8,10.547921329532462,7.574979601517862,1.3924686117199427,2.0858141976823306
A811,2022-07-03,-31.5,-52.75,1,9.5,8.535456921749365,4.085160571447309,2.0893810102366146,2.325489985974847
A811,2022-07-04,-31.5,-52.75,1,13.2,13.254391828699772,4.357172092826954,3.041971156135873,3.029487869375335
A811,2022-07-05,-31.5,-52.75,1,10.1,14.137574638263706,4.163423658287978,3.395660830749363,2.425888122121392
A811,2022-07-06,-31.5,-52.75,1,12.9,12.533824934400462,4.4917471611036675,2.79041194547575,2.8719336902369945
A811,2022-07-07,-31.5,-52.75,1,17.8,16.753633053193017,7.27049857421452,2.3043306978439264,2.448250256609541
A811,2022-07-08,-31.5,-52.75,1,10.0,8.60400020843046,5.1233656872799065,1.6793648420982594,1.951841935629856
A811,2022-07-09,-31.5,-52.75,1,16.2,12.93922108910808,6.79073052394815,1.9054240252174197,2.3856048981577427
A811,2022-07-10,-31.5,-52.75,1,16.8,13.967783696869862,6.720742878287737,2.07830948896954,2.499723662137806
A811,2022-07-11,-31.5,-52.75,1,22.6,18.318167627055153,7.890208755033065,2.3216328231328767,2.8643095134312824
A811,2022-07-12,-31.5,-52.75,1,17.3,13.610522348743256,8.04317184871404,1.6921834575646093,2.1508927479606146
A811,2022-07-13,-31.5,-52.75,1,8.6,6.901563843981891,5.011526341328552,1.3771380960460624,1.7160440580903233
A811,2022-07-14,-31.5,-52.75,1,15.1,15.34639399926141,5.854434628915564,2.621328099465699,2.579241371219653
A811,2022-07-15,-31.5,-52.75,1,16.5,13.745654026420821,4.755525642538901,2.890459448575748,3.4696479927276576
A811,2022-07-16,-31.5,-52.75,1,16.1,16.506003610912412,7.023328470804935,2.350168254201085,2.29236039107748
A811,2022-07-18,-31.5,-52.75,1,8.2,7.1064509543352905,2.9064384569267707,2.445071884250237,2.8213224265792882
A811,2022-07-19,-31.5,-52.75,1,7.8,6.19907714848614,3.335560037082635,1.8584816581229968,2.3384378974698583
A811,2022-07-20,-31.5,-52.75,1,13.2,10.695065809997768,5.147688061896593,2.077644503979,2.564257942843694
A811,2022-07-21,-31.5,-52.75,1,15.0,15.068355530605972,6.436494233454815,2.3410811824060267,2.330461188333682
A811,2022-07-22,-31.5,-52.75,1,11.6,7.085558470522856,2.8602660358209793,2.4772375652424565,4.055566809074969
A811,2022-07-23,-31.5,-52.75,1,8.0,8.613221142831977,3.3893600692960155,2.5412529110903757,2.36032756521547
A811,2022-07-24,-31.5,-52.75,1,10.7,9.42381955824308,3.782765492786727,2.4912513282182456,2.8286183799666134
A811,2022-07-25,-31.5,-52.75,1,9.6,9.046258634631782,4.147451333295769,2.1811608883770024,2.314674538295635
A811,2022-07-26,-31.5,-52.75,1,11.8,10.130771974364924,4.45685949308575,2.2730741209323577,2.6476042195869534
A811,2022-07-27,-31.5,-52.75,1,9.9,8.97555088492736,2.9275400914488094,3.0659019533650356,3.3816787100259975
A811,2022-07-28,-31.5,-52.75,1,14.3,21.008848722563005,6.978643200060811,3.0104488967683483,2.0491089155948523
A811,2022-07-29,-31.5,-52.75,1,13.8,16.75019818890721,8.155561210984947,2.0538375907651716,1.6920969192668684
A811,2022-07-30,-31.5,-52.75,1,4.7,5.962125292832062,2.8462380089906305,2.09473883561355,1.6513025211362329
A811,2022-07-31,-31.5,-52.75,1,7.5,6.61995533840705,2.7714707459591157,2.3886073299020514,2.7061443859493073
A811,2022-08-01,-31.5,-52.75,1,4.2,5.86735255980715,2.5090519527262938,2.3384739217662607,1.6739390332019035
A811,2022-08-02,-31.5,-52.75,1,7.1,7.805707430504784,3.7528023562009647,2.0799676320835223,1.8919195113668252
A811,2022-08-03,-31.5,-52.75,1,11.4,12.959469474004557,4.047070769597211,3.202185039945413,2.8168521503602464
A811,2022-08-04,-31.5,-52.75,1,11.6,17.151128222200892,6.706451599288846,2.5574072918113067,1.7296777331890485
A811,2022-08-05,-31.5,-52.75,1,13.3,11.761120687936922,7.3989579676567026,1.5895644683141434,1.7975504196859489
A811,2022-08-06,-31.5,-52.75,1,11.3,8.364729118275896,5.5147801233710165,1.5167837939407804,2.049039081741786
A811,2022-08-07,-31.5,-52.75,1,13.1,15.358609615301468,6.963367463018148,2.20562963205227,1.881273689715929
A811,2022-08-08,-31.5,-52.75,1,13.2,11.907329140288933,5.487156279177513,2.170036451390038,2.405617651184994
A811,2022-08-09,-31.5,-52.75,1,15.2,14.779025393022678,7.209666603885452,2.049890266084971,2.1082805676213066
A811,2022-08-10,-31.5,-52.75,1,13.8,11.8630084841333,6.282880317165116,1.8881480921613323,2.1964448315683764
A811,2022-08-11,-31.5,-52.75,1,8.2,5.696700417954183,3.983725012384369,1.429993385649014,2.0583750069365543
A811,2022-08-12,-31.5,-52.75,1,11.5,7.893105900450076,4.360827180424172,1.810001995924618,2.637114364821357
A811,2022-08-13,-31.5,-52.75,1,11.0,10.380583417393526,4.396004604726262,2.3613677306509375,2.502272174185988
A811,2022-08-14,-31.5,-52.75,1,11.2,11.980279977660425,4.344585447625235,2.7575197040281223,2.577921446135202
A811,2022-08-15,-31.5,-52.75,1,16.1,20.447387825660332,6.232018826977888,3.2810215105810174,2.5834325034938033
A811,2022-08-16,-31.5,-52.75,1,14.0,9.499634927250913,5.9885820931743865,1.586291175348222,2.337782096359136
A811,2022-08-17,-31.5,-52.75,1,12.1,13.25839775298072,6.172329380000241,2.1480379507841825,1.9603620051785908
A811,2022-08-18,-31.5,-52.75,1,15.2,14.971994692079404,7.527590644442983,1.9889491072594425,2.019238388211365
A811,2022-08-19,-31.5,-52.75,1,9.7,9.615958399185864,4.8994735351712455,1.9626513604282114,1.979804550502785
A811,2022-08-20,-31.5,-52.75,1,8.7,6.317686196879663,3.0544329781729767,2.0683662866482724,2.84831916829419
A811,2022-08-21,-31.5,-52.75,1,9.2,5.532897987862941,2.5901423832485135,2.1361366169081686,3.5519282876107807
A811,2022-08-22,-31.5,-52.75,1,7.7,6.738622357424409,3.0149099104436594,2.23509907678561,2.5539734946398136
A811,2022-08-23,-31.5,-52.75,1,9.7,9.991891635703121,3.8669118796552686,2.5839460392859763,2.508461610163391
A811,2022-08-24,-31.5,-52.75,1,9.8,8.366162070365375,3.125603233207131,2.676655175385454,3.1353947602442105
A811,2022-08-25,-31.5,-52.75,1,9.3,8.055876889899572,2.8471743766049844,2.8294286981837504,3.266396352965731
A811,2022-08-26,-31.5,-52.75,1,14.4,9.079591223544329,3.053004000968064,2.973986021854318,4.716665944569337
A811,2022-08-27,-31.5,-52.75,1,14.8,18.923268671817056,6.295153946538559,3.0060057041531394,2.3510147846563627
A811,2022-08-28,-31.5,-52.75,1,18.8,16.88356055427953,7.793376004078251,2.166398816821415,2.4123050126366308
A811,2022-08-29,-31.5,-52.75,1,10.3,9.086983772563725,4.113761849353761,2.2089231475544016,2.5037910256321836
A811,2022-08-30,-31.5,-52.75,1,12.1,9.131978812036884,5.477703879221918,1.667118013932151,2.2089547494339445
A811,2022-08-31,-31.5,-52.75,1,13.5,9.542502906757369,4.621502205173908,2.0648054427138987,2.9211281095757897
A811,2022-09-01,-31.5,-52.75,1,12.8,13.140329900521724,4.3188693331750745,3.0425393515810386,2.9637386576337814
A811,2022-09-02,-31.5,-52.75,1,13.0,15.021909025956443,6.706579215636062,2.239876476957671,1.938395056855682
A811,2022-09-03,-31.5,-52.75,1,11.8,8.28136975042326,4.971861542523015,1.6656477014886473,2.373356518293546
A811,2022-09-04,-31.5,-52.75,1,7.3,5.726018654193845,2.7552430743641296,2.0782263123972564,2.6494940021525086
A811,2022-09-05,-31.5,-52.75,1,10.0,10.392650382142083,4.731231832510729,2.1966056092894948,2.1136144568703763
A811,2022-09-06,-31.5,-52.75,1,13.0,9.5843586416697,4.975309049245941,1.9263845817019767,2.6129030119184824
A811,2022-09-07,-31.5,-52.75,1,8.7,12.065910929439044,4.1435970212193,2.9119412113797964,2.099625025176779
A811,2022-09-08,-31.5,-52.75,1,12.3,11.432757444113737,5.415261429029661,2.111210620936232,2.2713584858642712
A811,2022-09-09,-31.5,-52.75,1,15.6,15.974773594422672,8.012148126867684,1.9938190534512674,1.947043383744673
A811,2022-09-10,-31.5,-52.75,1,12.5,11.503413234683032,7.206500802639477,1.5962550410692737,1.73454500905928
A811,2022-09-11,-31.5,-52.75,1,11.9,7.598249055872889,4.042312472660122,1.8796787995146536,2.943859506281308
A811,2022-09-12,-31.5,-52.75,1,11.7,9.978253369644321,3.941373383660991,2.531669141271742,2.9685084007778824
A811,2022-09-13,-31.5,-52.75,1,11.0,13.993771286691356,5.778151409789048,2.4218422630780885,1.9037230456378078
A811,2022-09-14,-31.5,-52.75,1,11.2,11.29429343064464,5.764651131310238,1.959232774608093,1.9428755955704071
A811,2022-09-15,-31.5,-52.75,1,12.6,9.813922352786662,4.5183085108028065,2.1720345853592318,2.788654198772551
A811,2022-09-16,-31.5,-52.75,1,12.7,13.672034243766756,7.194877299299695,1.9002456435355064,1.7651447650450047
A811,2022-09-17,-31.5,-52.75,1,16.1,13.315530783390976,6.801971993870371,1.9575985898486983,2.3669606423708585
A811,2022-09-18,-31.5,-52.75,1,18.2,15.86632887042836,7.1946981123547555,2.205280697348879,2.529640537487863
A811,2022-09-19,-31.5,-52.75,1,12.9,11.04792809857748,5.088004730417708,2.1713674974650585,2.5353750013005496
A811,2022-09-20,-31.5,-52.75,1,10.8,10.8485566147363,5.114142853048689,2.121285409199933,2.1117908338367606
A811,2022-09-21,-31.5,-52.75,1,10.8,11.78948073065269,4.920979976688221,2.395758728241547,2.194684808953096
A811,2022-09-22,-31.5,-52.75,1,14.0,20.780604536791106,7.982529918224376,2.603260463747002,1.7538299440679255
A811,2022-09-23,-31.5,-52.75,1,12.1,11.566513856893183,6.151238831196668,1.880355189304692,1.9670834334432847
A811,2022-09-24,-31.5,-52.75,1,9.3,9.003199949271385,3.976075615034124,2.264343242173003,2.3389897226389103
A811,2022-09-25,-31.5,-52.75,1,14.4,16.53618168284576,7.811057613289489,2.1170221116679024,1.8435403645596329
A811,2022-09-26,-31.5,-52.75,1,11.9,11.508660800166838,4.454452928019341,2.5836305795881715,2.6714840615211752
A811,2022-09-27,-31.5,-52.75,1,11.1,8.487662324887168,4.423549459877329,1.918744755059785,2.5092971381194453
A811,2022-09-28,-31.5,-52.75,1,13.4,9.0709149551934,5.868127400618921,1.5457938002908178,2.2835223377370233
A811,2022-09-29,-31.5,-52.75,1,12.0,12.291715075206477,6.114498251690908,2.010257353791428,1.9625486026889467
A811,2022-09-30,-31.5,-52.75,1,12.7,12.84800146494812,6.212209992990253,2.068185312384091,2.044361026805348
A811,2022-10-01,-31.5,-52.75,1,9.6,9.874463591835276,3.9853967475304275,2.477661376613016,2.4087940569401756
A811,2022-10-02,-31.5,-52.75,1,7.2,7.1992147425758155,3.156415867474881,2.280819462593551,2.2810682439510006
A811,2022-10-03,-31.5,-52.75,1,10.7,8.571627896024061,4.395326233826313,1.9501687565434944,2.43440405348142
A811,2022-10-04,-31.5,-52.75,1,10.6,9.835814679783317,4.3778790472179185,2.2467077262067896,2.4212637867956066
A811,2022-10-05,-31.5,-52.75,1,14.6,12.923650632687503,7.123347515546045,1.8142664813815184,2.0495981654884665
A811,2022-10-06,-31.5,-52.75,1,17.5,15.481590050214965,5.661660765681205,2.7344609101375994,3.09096583569228
A811,2022-10-07,-31.5,-52.75,1,13.6,14.854886375065693,8.27315931843397,1.7955518325347057,1.6438701923335315
A811,2022-10-08,-31.5,-52.75,1,16.7,15.092349187128058,7.92064412290695,1.9054446775963754,2.1084143840906395
A811,2022-10-09,-31.5,-52.75,1,14.2,11.502056764566838,7.427706501101229,1.5485340949944033,1.9117610527414772
A811,2022-10-10,-31.5,-52.75,1,12.5,12.184676060410967,5.894064401693959,2.067279084515785,2.1207776413857116
A811,2022-10-11,-31.5,-52.75,1,12.6,12.77367173242746,4.7851268094237325,2.669453128655075,2.6331590576002735
A811,2022-10-12,-31.5,-52.75,1,10.6,10.886716491228269,4.410166494806992,2.4685499978396437,2.4035373749452744
A811,2022-10-13,-31.5,-52.75,1,16.0,14.455775246036561,7.64467405253205,1.890960313899656,2.092960391777661
A811,2022-10-14,-31.5,-52.75,1,16.2,12.852235491828864,6.2655129305601625,2.0512662944388533,2.58558240634764
A811,2022-10-15,-31.5,-52.75,1,13.8,14.94665970540579,7.586222084082345,1.970237562220509,1.819087267291529
A811,2022-10-16,-31.5,-52.75,1,12.2,14.103443998666151,5.940616337762124,2.3740708365588588,2.0536589650554395
A811,2022-10-17,-31.5,-52.75,1,17.6,15.510598207814539,8.1282634583647,1.908230249580895,2.165284145888265
A811,2022-10-18,-31.5,-52.75,1,18.7,15.140382779925734,8.848442420730969,1.7110788611172303,2.1133662978003755
A811,2022-10-19,-31.5,-52.75,1,11.6,12.63709471853385,5.7408042628596,2.2012760128907587,2.020622802809484
A811,2022-10-20,-31.5,-52.75,1,11.9,11.391126122400438,4.8566636782260275,2.345463239192471,2.450241727330533
A811,2022-10-21,-31.5,-52.75,1,13.3,12.462052593752805,5.418177996165419,2.3000448864124645,2.454699718136382
A811,2022-10-22,-31.5,-52.75,1,10.0,6.1059932029830986,2.8901843920831376,2.112665620819482,3.4599868532237044
A811,2022-10-23,-31.5,-52.75,1,11.8,13.565668263279072,5.6060458152501305,2.4198282908028284,2.1048704182724394
A811,2022-10-24,-31.5,-52.75,1,11.6,11.09934324037649,5.092404783635893,2.1795877806185984,2.2779021882305655
A811,2022-10-25,-31.5,-52.75,1,12.9,13.92061109064101,5.464677699843851,2.5473800753224256,2.3606149728406867
A811,2022-10-26,-31.5,-52.75,1,18.7,15.397315024187114,5.664368212707932,2.7182757981099197,3.3013390545563066
A811,2022-10-27,-31.5,-52.75,1,15.9,17.32484885492188,8.67304890506583,1.9975500016842556,1.833265345790105
A811,2022-10-28,-31.5,-52.75,1,8.6,9.109919184601607,3.7075328355040793,2.4571378296001023,2.319601843480568
A811,2022-10-29,-31.5,-52.75,1,12.2,9.13762487338931,5.256720031308755,1.7382749735512038,2.320838836258622
A811,2022-10-30,-31.5,-52.75,1,13.3,23.27409634422938,9.701932849430206,2.398913361433569,1.3708608590071936
A811,2022-10-31,-31.5,-52.75,1,18.6,15.949530724864386,8.150447586216126,1.95689016537422,2.2820832602440078
A811,2022-11-01,-31.5,-52.75,1,11.3,11.457555962804399,5.553695232497605,2.06305090271432,2.0346813296267556
A811,2022-11-02,-31.5,-52.75,1,8.0,6.269819987348638,2.775095258243168,2.2593170337935997,2.8827839247091527
A811,2022-11-03,-31.5,-52.75,1,12.8,10.604905261079809,5.244579160569101,2.022069824174233,2.440615273049105
A811,2022-11-04,-31.5,-52.75,1,12.6,10.732622504802368,5.49528193919598,1.9530613030516626,2.292875986967744
A811,2022-11-05,-31.5,-52.75,1,14.0,12.515610164713303,7.1391071494930065,1.7531058019772285,1.9610295386859726
A811,2022-11-06,-31.5,-52.75,1,13.7,12.079405295391075,7.018074715878191,1.7211850520858334,1.9521023292904172
A811,2022-11-07,-31.5,-52.75,1,14.4,11.106515648410843,6.422750704559095,1.7292459507305875,2.2420300370335675
A811,2022-11-08,-31.5,-52.75,1,12.7,10.9048609539582,5.970004171059949,1.8266085988382297,2.1273016962976707
A811,2022-11-09,-31.5,-52.75,1,11.6,9.743629792527889,5.148636268631241,1.8924680797306006,2.253023790139257
A811,2022-11-10,-31.5,-52.75,1,11.0,10.16285675054747,5.056430940905272,2.0098873828835435,2.1754474902470693
A811,2022-11-11,-31.5,-52.75,1,14.5,10.80830182727321,5.3415687748137985,2.0234321194619413,2.714558327577736
A811,2022-11-12,-31.5,-52.75,1,11.5,10.471413327237293,4.417803275263585,2.370276056851473,2.603103688294916
A811,2022-11-13,-31.5,-52.75,1,12.0,13.403268942122471,5.246604641958395,2.5546557929929032,2.287193493489681
A811,2022-11-14,-31.5,-52.75,1,18.4,20.93087268817671,8.391932374007636,2.4941660341551346,2.192582015673814
A811,2022-11-15,-31.5,-52.75,1,16.5,17.62454569139029,8.8331576366012,1.9952712740414555,1.8679616824260399
A811,2022-11-16,-31.5,-52.75,1,9.7,6.699365054608483,2.601612568717508,2.57508175320317,3.728456772017255
A811,2022-11-17,-31.5,-52.75,1,9.1,8.904381150286595,4.350003032215039,2.0469827456079837,2.0919525647701085
A811,2022-11-18,-31.5,-52.75,1,10.9,12.410969338678647,5.2657175225973045,2.3569379263924057,2.0699933016200984
A811,2022-11-19,-31.5,-52.75,1,12.3,15.269392122377688,5.785089826057643,2.639439072078039,2.1261554046399422
A811,2022-11-20,-31.5,-52.75,1,12.9,14.898424868963296,5.668635136023224,2.6282208170863406,2.275680069444348
A811,2022-11-21,-31.5,-52.75,1,12.0,13.978013870862435,5.300727501799108,2.6369991413665743,2.263840198525034
A811,2022-11-22,-31.5,-52.75,1,10.4,11.15512596312041,4.9617268340096805,2.2482346038598235,2.0960444514426304
A811,2022-11-23,-31.5,-52.75,1,9.5,8.889553900629632,3.2203998949574144,2.7603882097217576,2.9499442025430898
A811,2022-11-24,-31.5,-52.75,1,8.6,10.291379189082974,3.5126285395839116,2.9298228016737684,2.4483089808917606
A811,2022-11-25,-31.5,-52.75,1,9.3,10.730557226882377,4.04163240194134,2.655005740187581,2.3010504358419337
A811,2022-11-26,-31.5,-52.75,1,11.0,12.200721241923292,6.1327004902323825,1.9894533022370016,1.7936633327389488
A811,2022-11-27,-31.5,-52.75,1,13.8,13.642364430209359,6.622024417625899,2.060150124771114,2.0839548648096833
A811,2022-11-28,-31.5,-52.75,1,13.9,13.83077331610849,6.832643173873492,2.024220051325714,2.0343518088505648
A811,2022-11-29,-31.5,-52.75,1,13.3,11.969974080436373,6.350714250384613,1.88482328262706,2.094252626654478
A811,2022-11-30,-31.5,-52.75,1,13.5,13.343207471371644,7.462731166379979,1.7879791156732991,1.8089891889471048
A811,2022-12-01,-31.5,-52.75,1,12.7,13.96828683406139,5.174849996302728,2.6992641031220814,2.45417741752394
A811,2022-12-02,-31.5,-52.75,1,10.2,11.53198444555391,4.2680972993053645,2.7019028941609995,2.389823681306435
A811,2022-12-03,-31.5,-52.75,1,10.0,11.400022506656851,4.504824972417107,2.5306249580080933,2.219842071829575
A811,2022-12-04,-31.5,-52.75,1,12.0,11.59777234433063,4.572745990542654,2.536281780863648,2.6242437311887388
A811,2022-12-05,-31.5,-52.75,1,11.6,11.343031990577087,4.877695414451403,2.3254900166522274,2.378172274888685
A811,2022-12-06,-31.5,-52.75,1,10.5,10.528592618274276,4.400887182591502,2.3923795774456593,2.3858825651188313
A811,2022-12-07,-31.5,-52.75,1,9.7,12.292076281618302,4.761822959415397,2.581380363441186,2.0370349932520075
A811,2022-12-08,-31.5,-52.75,1,11.4,11.275133926825761,4.196370708223042,2.6868774736062893,2.7166332034634144
A811,2022-12-09,-31.5,-52.75,1,11.6,13.444963924920653,4.43591823082624,3.0309314160681398,2.6150166428652515
A811,2022-12-10,-31.5,-52.75,1,11.6,12.553026321634638,4.219318865932587,2.9751309916369806,2.7492589132478558
A811,2022-12-11,-31.5,-52.75,1,10.1,11.839048176780224,3.8869319316972155,3.0458594039774565,2.598450443043871
A811,2022-12-12,-31.5,-52.75,1,18.9,17.05543029916091,6.766089883067931,2.5207218044563593,2.79334154979186
A811,2022-12-13,-31.5,-52.75,1,11.0,12.731080515937652,5.367214636203966,2.37200883118434,2.0494801765147774
A811,2022-12-14,-31.5,-52.75,1,10.5,9.849821443546299,4.619425372688228,2.1322611902731734,2.273009985631531
A811,2022-12-15,-31.5,-52.75,1,14.8,12.619391676208897,6.834241889963284,1.846494736269379,2.1655657259856675
A811,2022-12-16,-31.5,-52.75,1,16.6,15.320331477602725,6.605204527106535,2.3194333218193206,2.5131697181936876
A811,2022-12-17,-31.5,-52.75,1,15.9,12.533606730742951,6.734371710213485,1.8611397276652,2.361022035045339
A811,2022-12-18,-31.5,-52.75,1,15.2,14.000683097188482,7.7805426621819,1.799448149708142,1.9535912416342254
A811,2022-12-19,-31.5,-52.75,1,15.0,14.034199834994176,7.722499566099882,1.8173131270348406,1.942376282654231
A811,2022-12-20,-31.5,-52.75,1,13.9,12.25256904516383,6.797705217778754,1.8024566603915682,2.0448077041713826
A811,2022-12-21,-31.5,-52.75,1,13.0,12.735449959493865,6.473541041736678,1.9673081359004227,2.0081744930920293
A811,2022-12-22,-31.5,-52.75,1,14.1,13.999493706519772,6.74940932387716,2.07418057414213,2.089071698484622
A811,2022-12-23,-31.5,-52.75,1,13.1,15.261338226655417,5.801123923738842,2.63075542382474,2.2581830990359206
A811,2022-12-24,-31.5,-52.75,1,12.0,14.927292601233795,5.495841746820093,2.7161067019207312,2.1834689848817477
A811,2022-12-25,-31.5,-52.75,1,9.6,10.835946656040935,4.801798894046826,2.2566431654343386,1.9992507416130834
A811,2022-12-26,-31.5,-52.75,1,9.9,10.391197344495133,4.226413600484897,2.458632383565808,2.342411542226764
A811,2022-12-27,-31.5,-52.75,1,10.0,11.546891396315802,4.881139559162657,2.3656138605257646,2.048701922736146
A811,2022-12-28,-31.5,-52.75,1,9.4,11.714863804572527,4.522135207017807,2.5905602703768067,2.078664075636734
A811,2022-12-29,-31.5,-52.75,1,11.3,10.656405738979673,4.993529549235258,2.134042791558461,2.2629284334024935
A811,2022-12-30,-31.5,-52.75,1,11.2,13.12647809117061,4.3619565717298165,3.009309669941316,2.5676550914303182
A811,2022-12-31,-31.5,-52.75,1,11.4,11.870473948911137,4.232984282464671,2.8042801855147705,2.693135442818679
A827,2021-01-01,-31.25,-54.0,1,7.2,7.887399296907466,3.2321063834555126,2.440327873266004,2.227649447696189
A827,2021-01-02,-31.25,-54.0,1,12.1,10.2495418869087,5.802793632387402,1.7663116312981484,2.085202536320731
A827,2021-01-03,-31.25,-54.0,1,11.4,12.212072461357895,6.041652468834304,2.0213132953862427,1.8869009859151256
A827,2021-01-04,-31.25,-54.0,1,13.3,10.977738960958316,5.3450301978399475,2.053821691296464,2.488292770614251
A827,2021-01-05,-31.25,-54.0,1,11.6,12.377203093146814,5.001867807589595,2.4745162345886547,2.3191336609093733
A827,2021-01-06,-31.25,-54.0,1,9.0,10.706938494292634,4.293190141351303,2.493935311917625,2.096343209519997
A827,2021-01-07,-31.25,-54.0,1,12.1,10.297545631894643,5.943284299390708,1.7326355451228077,2.0359113564936586
A827,2021-01-08,-31.25,-54.0,1,8.6,9.421901040415523,3.8528861212842833,2.445413838827637,2.2320929633740016
A827,2021-01-09,-31.25,-54.0,1,13.9,10.288010929041315,5.3422215622644496,1.9257926331083233,2.601913798967952
A827,2021-01-10,-31.25,-54.0,1,10.3,13.505911359033854,6.4560045110132895,2.091992243189133,1.5954140029532575
A827,2021-01-11,-31.25,-54.0,1,16.9,17.028027654033355,7.011123124674444,2.428716105998215,2.4104554576317954
A827,2021-01-12,-31.25,-54.0,1,10.4,11.15572316169616,5.713403631228062,1.9525529582264616,1.8202809868282634
A827,2021-01-13,-31.25,-54.0,1,12.2,14.001072825865712,6.222960973006447,2.249905292126795,1.9604815220471994
A827,2021-01-14,-31.25,-54.0,1,13.6,12.19657589945034,6.837792680723843,1.7837007451005695,1.9889459413326809
A827,2021-01-15,-31.25,-54.0,1,12.1,11.50757185308941,6.428347072780901,1.7901292078355746,1.8822879136744468
A827,2021-01-16,-31.25,-54.0,1,15.8,17.059230128520294,6.483820125418265,2.631046173172458,2.4368350284826508
A827,2021-01-17,-31.25,-54.0,1,10.6,13.836108507027943,6.605764721424125,2.094550607010575,1.604659028442473
A827,2021-01-18,-31.25,-54.0,1,8.1,8.703134644810756,3.9998300295823324,2.17587611984591,2.025086051180483
A827,2021-01-19,-31.25,-54.0,1,11.2,11.667092631972974,5.604929433690481,2.0815770778207554,1.998241036306059
A827,2021-01-20,-31.25,-54.0,1,13.1,12.673414127862618,7.244387292879174,1.7494114568280843,1.808296474275549
A827,2021-01-21,-31.25,-54.0,1,12.2,13.554188565772195,7.355039532533245,1.8428437407873213,1.65872663852264
A827,2021-01-22,-31.25,-54.0,1,11.8,11.784072916903435,6.792536058322517,1.734856144409431,1.7372009362456187
A827,2021-01-23,-31.25,-54.0,1,12.0,9.52147553471504,5.375687333320745,1.7712108134892772,2.2322726855073975
A827,2021-01-24,-31.25,-54.0,1,8.3,8.28313825991123,3.9719803596709156,2.085392552292857,2.0896377243636897
A827,2021-01-25,-31.25,-54.0,1,7.9,9.374437243130016,3.7277333539622393,2.5147821351454356,2.1192502922997494
A827,2021-01-26,-31.25,-54.0,1,15.5,13.715229830529536,5.012992554709737,2.7359366049015956,3.091965493832153
A827,2021-01-27,-31.25,-54.0,1,13.3,15.393089265835572,5.843555004872661,2.6341994304836716,2.276011775179624
A827,2021-01-28,-31.25,-54.0,1,10.3,10.19136681731117,5.225300189564947,1.9503887714745234,1.971178616793989
A827,2021-01-29,-31.25,-54.0,1,9.0,14.23614408336267,5.2961333192375015,2.6880260041135604,1.6993529916078007
A827,2021-01-30,-31.25,-54.0,1,19.6,12.040255645012467,3.6565498343479335,3.2927913444285344,5.360244188630137
A827,2021-01-31,-31.25,-54.0,1,9.2,13.713269663621611,6.062972308489827,2.261806415381325,1.5174075572005288
A827,2021-02-01,-31.25,-54.0,1,7.4,6.95413130113972,3.9347982617822805,1.7673412557597863,1.880655501928616
A827,2021-02-02,-31.25,-54.0,1,15.2,8.423112558323387,1.9788961069388893,4.256470326455346,7.68105002920671
A827,2021-02-03,-31.25,-54.0,1,11.5,12.414506922598012,4.906687622177022,2.530119681246365,2.3437399902987153
A827,2021-02-04,-31.25,-54.0,1,13.2,14.292334394105454,7.44868128487432,1.9187737865933683,1.772125762288233
A827,2021-02-05,-31.25,-54.0,1,9.2,9.75384090913578,5.855417546920964,1.6657805922422695,1.5711945264838993
A827,2021-02-06,-31.25,-54.0,1,5.1,5.810168003075989,2.3607582133893965,2.4611448856230784,2.1603228873988787
A827,2021-02-07,-31.25,-54.0,1,7.1,6.717589658302121,2.895593670220216,2.319935192354262,2.4520014921361635
A827,2021-02-08,-31.25,-54.0,1,12.3,9.081930757935876,3.89293168572962,2.3329283663588676,3.1595725260446517
A827,2021-02-09,-31.25,-54.0,1,11.4,9.851008491606535,4.423178813900135,2.227133223881676,2.5773319324497437
A827,2021-02-10,-31.25,-54.0,1,12.0,11.48741678017129,4.369630744435811,2.6289216302313663,2.7462274736327617
A827,2021-02-11,-31.25,-54.0,1,12.9,11.47045549562111,4.291204070564131,2.6730156168297023,3.00614927369421
A827,2021-02-12,-31.25,-54.0,1,11.8,13.525552641415544,4.418665980815362,3.061003637781129,2.6704892497492163
A827,2021-02-13,-31.25,-54.0,1,12.6,11.314996557424793,3.5461517849275763,3.190781794935459,3.5531474015169184
A827,2021-02-14,-31.25,-54.0,1,13.5,11.813949842970263,3.0727302173614888,3.8447728916190824,4.393486913925123
A827,2021-02-15,-31.25,-54.0,1,6.6,10.187405120407398,2.822210552122076,3.6097254022196483,2.338592347419766
A827,2021-02-16,-31.25,-54.0,1,11.0,15.625818674784025,6.162520912381083,2.5356212006340275,1.7849838006877943
A827,2021-02-17,-31.25,-54.0,1,11.4,14.167737026215416,6.114439159279545,2.317095101799129,1.864439191074271
A827,2021-02-18,-31.25,-54.0,1,7.4,8.221713427016336,4.6613689832969385,1.7637980293937605,1.5875164627637044
A827,2021-02-19,-31.25,-54.0,1,7.6,8.316793955119474,3.5992520646128674,2.3107006138549013,2.111549806339404
A827,2021-02-20,-31.25,-54.0,1,7.0,6.4866620102962465,2.5262738661917057,2.567679655442395,2.7708793150571296
A827,2021-02-21,-31.25,-54.0,1,7.8,7.8410948289879485,3.345781844968651,2.3435762378767455,2.331293659127702
A827,2021-02-22,-31.25,-54.0,1,9.8,11.341397417233054,4.448904363220714,2.549256286782175,2.2027895409523808
A827,2021-02-23,-31.25,-54.0,1,11.3,8.47681870357948,4.1127790447190975,2.061092660560968,2.7475339368180887
A827,2021-02-24,-31.25,-54.0,1,6.7,9.351929754897807,4.446249135482427,2.1033301261205875,1.5068881198158584
A827,2021-02-25,-31.25,-54.0,1,8.7,8.427463546829966,3.759287605923193,2.2417714285950137,2.3142682635646556
A827,2021-02-26,-31.25,-54.0,1,9.9,10.562964389959099,5.44271509723475,1.9407527679201444,1.8189451079351624
A827,2021-02-27,-31.25,-54.0,1,12.3,11.680317556586271,6.680003518477371,1.7485496114302441,1.84131639541466
A827,2021-02-28,-31.25,-54.0,1,12.4,11.432005577707205,7.584949265954591,1.5071960506077886,1.6348164720966554
A827,2021-03-01,-31.25,-54.0,1,10.2,12.757448178177393,6.797042586481004,1.876911614994344,1.5006526544775984
A827,2021-03-02,-31.25,-54.0,1,9.6,10.834555686995905,5.081628330108845,2.132103133714196,1.8891582336157147
A827,2021-03-03,-31.25,-54.0,1,8.7,10.489215760688975,4.523790912501473,2.318678286324437,1.923165806792174
A827,2021-03-04,-31.25,-54.0,1,8.0,10.918295789162045,3.997345434722425,2.73138660830302,2.001328164063339
A827,2021-03-05,-31.25,-54.0,1,12.3,13.27587591700553,4.889163637260022,2.7153674742712393,2.5157677084608996
A827,2021-03-06,-31.25,-54.0,1,8.9,8.758166057976924,4.2223417553605636,2.074243764578698,2.107835063019429
A827,2021-03-07,-31.25,-54.0,1,8.3,6.865860347727029,2.7740915793569965,2.47499412017193,2.9919704388143695
A827,2021-03-08,-31.25,-54.0,1,7.3,8.655558846009868,3.832520010608308,2.258451051019048,1.9047519594923976
A827,2021-03-09,-31.25,-54.0,1,9.3,9.08668539319245,4.459752958693764,2.0374862637803792,2.0853173003385184
A827,2021-03-10,-31.25,-54.0,1,7.9,8.848003417133713,4.230105267269741,2.091674522994679,1.8675658171265652
A827,2021-03-11,-31.25,-54.0,1,6.5,8.053345974064221,3.3014452214610954,2.4393395721707942,1.9688347266059876
A827,2021-03-12,-31.25,-54.0,1,6.4,6.909681702650273,2.6093744879175302,2.648022250023874,2.452695092112924
A827,2021-03-13,-31.25,-54.0,1,7.4,7.715821106844049,3.488611962041605,2.2117166342365566,2.1211874752815367
A827,2021-03-14,-31.25,-54.0,1,9.1,8.474402195301154,4.460223473837685,1.8999949767112392,2.0402565148086937
A827,2021-03-15,-31.25,-54.0,1,8.5,9.169215282611406,4.532642138239214,2.022929453277631,1.875285923918533
A827,2021-03-16,-31.25,-54.0,1,11.0,12.051936607608994,5.209715228221516,2.3133580396722118,2.111439784733716
A827,2021-03-17,-31.25,-54.0,1,12.0,12.86930519980382,6.730047304101385,1.9122161581183963,1.7830483884841393
A827,2021-03-18,-31.25,-54.0,1,10.3,8.531431539632182,5.552379323456046,1.5365361483123314,1.8550605785320924
A827,2021-03-19,-31.25,-54.0,1,9.7,10.58224798846458,5.264774139198905,2.010009871016953,1.8424342134221097
A827,2021-03-20,-31.25,-54.0,1,16.3,14.001039268114866,6.266948663661644,2.2341078600657243,2.6009467884289736
A827,2021-03-21,-31.25,-54.0,1,8.5,9.650676572994504,4.7901637415209155,2.0146861555781257,1.7744696128698894
A827,2021-03-22,-31.25,-54.0,1,8.0,9.060762146324548,4.277102776956335,2.118434514863903,1.8704250089807164
A827,2021-03-23,-31.25,-54.0,1,8.2,9.034251270927808,4.100823905496414,2.2030332145740337,1.9995981756274344
A827,2021-03-24,-31.25,-54.0,1,8.8,9.469577732657132,5.037000162113632,1.88000345997279,1.7470716134158977
A827,2021-03-25,-31.25,-54.0,1,10.3,10.21773949076897,5.2164537719954955,1.9587520444679967,1.9745214757380765
A827,2021-03-26,-31.25,-54.0,1,21.6,12.951776379744345,5.2051811693174415,2.488246990535148,4.149711469664834
A827,2021-03-27,-31.25,-54.0,1,5.7,9.082248362579161,3.3985328678063,2.672402685468689,1.6771943134624623
A827,2021-03-28,-31.25,-54.0,1,5.4,8.81488986450739,4.463834291404515,1.974735012337083,1.2097223255796368
A827,2021-03-29,-31.25,-54.0,1,8.0,12.119727251090325,4.97768973217817,2.4348097015253085,1.6071712843579158
A827,2021-03-30,-31.25,-54.0,1,12.7,10.092055313504224,6.006577444840457,1.6801673509051513,2.114348831198218
A827,2021-03-31,-31.25,-54.0,1,8.9,7.719444583139385,3.885213836260981,1.9868776619431474,2.290736205285706
A827,2021-04-01,-31.25,-54.0,1,10.7,8.82250811309799,3.7962176731473067,2.324025878574968,2.818594959843021
A827,2021-04-02,-31.25,-54.0,1,10.6,10.534411254072934,5.038640108836631,2.090725081872382,2.103742234221096
A827,2021-04-03,-31.25,-54.0,1,9.1,9.13392974760233,4.704978947194934,1.9413327562385583,1.9341213004630633
A827,2021-04-04,-31.25,-54.0,1,9.7,9.383721904499886,4.573415857652966,2.051797211661291,2.1209529817343022
A827,2021-04-05,-31.25,-54.0,1,11.4,12.262381793620627,5.453158245478048,2.248675215649395,2.0905316674888876
A827,2021-04-06,-31.25,-54.0,1,6.5,8.992235083742324,3.8897565212324516,2.311773252299395,1.671055749767213
A827,2021-04-07,-31.25,-54.0,1,8.1,9.71023067624826,4.495343447149199,2.160064251020948,1.8018645505577016
A827,2021-04-08,-31.25,-54.0,1,11.7,11.328160292739273,5.588239616672163,2.0271429054227412,2.093682591042407
A827,2021-04-09,-31.25,-54.0,1,12.8,12.443419521092686,6.0068334001497945,2.0715439720339806,2.1309064439311407
A827,2021-04-10,-31.25,-54.0,1,10.3,9.8361652234664,3.460319024685163,2.8425602244467454,2.976604158900391
A827,2021-04-11,-31.25,-54.0,1,16.8,20.2153123193609,8.427839643466314,2.3986351395559398,1.9933934093091352
A827,2021-04-12,-31.25,-54.0,1,9.6,8.727773826329337,5.674545696833894,1.5380568406029382,1.6917653875545153
A827,2021-04-13,-31.25,-54.0,1,8.0,7.706615413805594,3.1441295871482815,2.451112525802563,2.544424387817928
A827,2021-04-14,-31.25,-54.0,1,12.3,12.605874802084134,6.366644697093385,1.9799871677838714,1.9319438393688622
A827,2021-04-15,-31.25,-54.0,1,8.7,10.229441572727957,4.54009550396558,2.2531335659774063,1.9162592488199686
A827,2021-04-16,-31.25,-54.0,1,5.9,5.703869097835684,1.9572606856421948,2.914210222315988,3.0144170591482338
A827,2021-04-17,-31.25,-54.0,1,8.0,8.347676807526307,3.8529667913302528,2.166558202969675,2.0763220742003767
A827,2021-04-18,-31.25,-54.0,1,12.1,8.77344352021456,5.108631533493445,1.7173764564333336,2.3685403655889887
A827,2021-04-19,-31.25,-54.0,1,9.8,9.934991012333366,5.642176202982207,1.7608438047507566,1.7369184597283847
A827,2021-04-20,-31.25,-54.0,1,11.6,12.62569995348534,6.8423995429406865,1.845215245653302,1.695311699821408
A827,2021-04-21,-31.25,-54.0,1,14.8,15.114236646357623,7.960924570080839,1.8985529272769064,1.8590805464508646
A827,2021-04-22,-31.25,-54.0,1,15.0,14.507289381433464,7.122332979939924,2.036873229922456,2.106051492151175
A827,2021-04-23,-31.25,-54.0,1,10.4,12.496192470527424,5.761349132469831,2.168969833836547,1.8051327494436409
A827,2021-04-24,-31.25,-54.0,1,11.3,11.432913725778803,4.873329795439251,2.346016831546758,2.3187431334064863
A827,2021-04-25,-31.25,-54.0,1,10.3,9.799573955655772,5.185403623281512,1.8898382204342747,1.9863448919877498
A827,2021-04-26,-31.25,-54.0,1,7.8,7.757851252835039,4.341594515437853,1.7868668355024062,1.7965749616332753
A827,2021-04-27,-31.25,-54.0,1,8.6,6.366816061427583,3.489862347007925,1.8243745535941405,2.4642805775343293
A827,2021-04-28,-31.25,-54.0,1,6.8,5.344499641577178,2.8123103803467346,1.9003946644460508,2.4179407961228008
A827,2021-04-29,-31.25,-54.0,1,4.9,5.808602437752847,2.6012882243898727,2.2329714882383875,1.8836820749262748
A827,2021-04-30,-31.25,-54.0,1,8.9,8.157286397279037,4.071020311713003,2.003744951556534,2.186184130399256
A827,2021-05-01,-31.25,-54.0,1,7.8,9.496057756709154,4.0945934037290215,2.31916989561428,1.9049510490825283
A827,2021-05-02,-31.25,-54.0,1,8.6,8.11305120995983,3.336552613510749,2.431566994360448,2.5775106812869963
A827,2021-05-03,-31.25,-54.0,1,12.6,13.645903454665437,6.274279848585484,2.174895571121499,2.008198598734902
A827,2021-05-04,-31.25,-54.0,1,11.7,11.948807398780021,5.27351411403969,2.265815003124516,2.218634433697837
A827,2021-05-05,-31.25,-54.0,1,11.7,10.937048440860979,5.803351637502618,1.8846089508316555,2.016076352222371
A827,2021-05-06,-31.25,-54.0,1,8.1,9.898395931255711,4.371838761321802,2.2641264858228634,1.8527673233655597
A827,2021-05-07,-31.25,-54.0,1,8.3,5.651584097532363,2.709938714563477,2.0855025492496178,3.062799891154359
A827,2021-05-08,-31.25,-54.0,1,8.3,8.876986895386672,4.298449307711579,2.0651603078024037,1.9309289015249036
A827,2021-05-09,-31.25,-54.0,1,11.4,9.329443196313594,5.027964494839817,1.855510953963253,2.2673191132713413
A827,2021-05-10,-31.25,-54.0,1,7.9,9.284832151397866,4.212553585053961,2.2040864202511816,1.8753470645522496
A827,2021-05-11,-31.25,-54.0,1,8.0,7.234544584516695,4.087490335834787,1.76992334907605,1.9571911717721924
A827,2021-05-12,-31.25,-54.0,1,6.0,5.369149672788772,2.730929553977978,1.966052059075585,2.1970541097481506
A827,2021-05-13,-31.25,-54.0,1,5.9,5.178399652491071,2.734436825496084,1.8937719109863145,2.157665499889403
A827,2021-05-14,-31.25,-54.0,1,5.6,6.204302643150577,2.8447098707360237,2.180996630614324,1.9685663053403362
A827,2021-05-15,-31.25,-54.0,1,7.0,6.551805223319663,2.7764237487336954,2.359800166061787,2.521228974212832
A827,2021-05-16,-31.25,-54.0,1,6.5,5.52353554162487,2.574091861156108,2.1458191236205812,2.5251624070170675
A827,2021-05-17,-31.25,-54.0,1,6.8,7.062431515567255,4.039650574057509,1.7482778240578372,1.683313909294372
A827,2021-05-18,-31.25,-54.0,1,5.4,4.9598696659534625,2.866049677928054,1.730559558736989,1.8841264481862745
A827,2021-05-19,-31.25,-54.0,1,6.3,5.845432427967242,2.64101244779282,2.2133301313488545,2.3854488097036857
A827,2021-05-20,-31.25,-54.0,1,8.1,5.666380909317943,3.0721355639269015,1.84444364234858,2.6366023996826238
A827,2021-05-21,-31.25,-54.0,1,4.6,18.565096188544867,7.134438007066619,2.602180602053904,0.6447599650377124
A827,2021-08-26,-31.25,-54.0,1,6.8,9.346147676600916,6.66349226390786,1.402590009329401,1.0204859149955827
A827,2021-08-27,-31.25,-54.0,1,6.4,4.686710384304207,3.1832221266260956,1.4723164761585965,2.0105414405319477
A827,2021-08-28,-31.25,-54.0,1,10.5,9.50504796858793,5.274404496988728,1.8021082709933542,1.9907460654552904
A827,2021-08-29,-31.25,-54.0,1,9.2,8.24686317920246,5.229197553897291,1.577080057542695,1.7593521577977662
A827,2021-08-30,-31.25,-54.0,1,8.2,8.202801039249323,4.095712803452644,2.0027773999032465,2.00209350447802
A827,2021-08-31,-31.25,-54.0,1,12.3,9.962206527872098,4.9739135835302655,2.002890955094029,2.4729018294021103
A827,2021-09-01,-31.25,-54.0,1,10.5,10.56471823633513,5.095648531536324,2.073282364541319,2.0605816776837784
A827,2021-09-02,-31.25,-54.0,1,9.1,7.776014844126041,4.204261232350128,1.849555585245912,2.1644706399257725
A827,2021-09-03,-31.25,-54.0,1,8.4,10.088355534271836,5.267330551168444,1.9152691171116936,1.5947356860177764
A827,2021-09-04,-31.25,-54.0,1,11.6,11.572371562957237,5.777269881378649,2.0030865444346673,2.007868809693179
A827,2021-09-05,-31.25,-54.0,1,10.9,10.645639171809725,4.933593127242326,2.1577862011008992,2.2093431134019452
A827,2021-09-06,-31.25,-54.0,1,12.4,13.011821803447495,6.743248977789418,1.9296072036351013,1.8388761917055876
A827,2021-09-07,-31.25,-54.0,1,13.4,17.88499562778631,8.696212432008041,2.056641988408336,1.5409007202582572
A827,2021-09-08,-31.25,-54.0,1,22.0,20.811424059482267,8.71309848100608,2.388521615456276,2.5249341606729683
A827,2021-09-09,-31.25,-54.0,1,19.8,21.644593506651695,9.956442245060725,2.1739284951298066,1.9886621659280503
A827,2021-09-10,-31.25,-54.0,1,13.7,13.278557788625173,7.441690027293387,1.784347069002377,1.8409796631885271
A827,2021-09-11,-31.25,-54.0,1,5.8,4.988526313749623,3.220704795303166,1.5488927519915874,1.8008480654477506
A827,2021-09-12,-31.25,-54.0,1,13.3,10.683472672656645,5.779470471595498,1.848521023710211,2.301248888694186
A827,2021-09-13,-31.25,-54.0,1,15.0,20.51654408996928,7.219633111132208,2.8417710116507298,2.077667904878846
A827,2021-09-14,-31.25,-54.0,1,11.2,9.89081473901194,7.415566981710092,1.333790762514431,1.5103363003292818
A827,2021-09-15,-31.25,-54.0,1,5.9,6.626745619994069,4.177761323373998,1.5861953584850197,1.4122396047352717
A827,2021-09-16,-31.25,-54.0,1,10.5,8.393560762563844,4.255205614359957,1.972539407787549,2.4675658361997503
A827,2021-09-17,-31.25,-54.0,1,10.8,10.334175758290941,5.4575442726516075,1.893557842503762,1.9789120271767768
A827,2021-09-18,-31.25,-54.0,1,6.7,8.248770199952288,3.1012421370527425,2.6598278481381286,2.160424663379341
A827,2021-09-19,-31.25,-54.0,1,10.4,13.4062867992217,6.4495944712303315,2.0786247661032093,1.6125044832494848
A827,2021-09-20,-31.25,-54.0,1,16.1,19.599725097553854,6.353112348484493,3.085058790472875,2.5341909786689962
A827,2021-09-21,-31.25,-54.0,1,12.7,12.216870065031655,6.4693424363094,1.8884253207040123,1.9631052344239541
A827,2021-09-22,-31.25,-54.0,1,11.9,13.735991396731524,7.191833248009412,1.909942976018449,1.6546546046925845
A827,2021-09-23,-31.25,-54.0,1,15.9,14.578252269748514,6.494053519460715,2.244861737905593,2.448393742421818
A827,2021-09-24,-31.25,-54.0,1,8.9,8.290529236148013,4.5548198617433435,1.8201662168424015,1.9539740912154433
A827,2021-09-25,-31.25,-54.0,1,8.6,7.267475300022179,3.299160297559918,2.202825763088036,2.606723900733353
A827,2021-09-26,-31.25,-54.0,1,6.7,5.157277541419858,2.6559271765281176,1.9417993034588985,2.5226595289251783
A827,2021-09-27,-31.25,-54.0,1,7.0,8.436598437115057,4.099735295815113,2.057839794126924,1.7074273080863027
A827,2021-09-28,-31.25,-54.0,1,10.4,12.41867003328126,5.5028533074943295,2.2567692321305906,1.8899286277241394
A827,2021-09-29,-31.25,-54.0,1,10.2,12.067006620588165,6.218292704026868,1.9405658747414323,1.6403216261265154
A827,2021-09-30,-31.25,-54.0,1,15.2,16.473577606374107,8.13257554353607,2.025628599228645,1.8690265978631155
A827,2021-10-01,-31.25,-54.0,1,10.1,9.144502321207092,5.419478801539082,1.6873398081398783,1.863647846935335
A827,2021-10-02,-31.25,-54.0,1,8.9,9.161078798150662,3.987510765314191,2.297443025819349,2.2319688958378863
A827,2021-10-03,-31.25,-54.0,1,8.8,7.617479640124637,5.474726287337364,1.3913900422279197,1.6073862944260333
A827,2021-10-04,-31.25,-54.0,1,8.8,8.679372242847887,4.572499032791881,1.8981681965602137,1.9245493409381627
A827,2021-10-05,-31.25,-54.0,1,8.0,6.9291378853421435,3.5885379687617447,1.9309083380642342,2.229320149219563
A827,2021-10-06,-31.25,-54.0,1,18.0,11.423699365001124,7.86586292628882,1.4523135569552723,2.288369396807243
A827,2021-10-07,-31.25,-54.0,1,12.3,12.89796185611811,7.022209029098404,1.8367385252520896,1.7515855693032858
A827,2021-10-08,-31.25,-54.0,1,11.3,12.639857694099621,6.138192340790583,2.0592149923525596,1.8409328630690303
A827,2021-10-09,-31.25,-54.0,1,12.2,15.925682317921659,7.770226583288344,2.049577595610081,1.5700957841099383
A827,2021-10-10,-31.25,-54.0,1,11.8,14.14314642244416,7.460042752623023,1.8958532667217347,1.5817603720636864
A827,2021-10-11,-31.25,-54.0,1,11.5,14.48400629914767,6.268958642489607,2.310432581414447,1.8344354550460038
A827,2021-10-12,-31.25,-54.0,1,7.5,7.439008707593012,3.3258958269801027,2.2366932383289937,2.2550315434292973
A827,2021-10-13,-31.25,-54.0,1,12.4,9.059924386686303,5.384514189572302,1.682589007608492,2.3029004221056657
A827,2021-10-14,-31.25,-54.0,1,7.2,11.825234009000228,3.696848944996069,3.19873334965619,1.947604597084141
A827,2021-10-15,-31.25,-54.0,1,14.5,16.64878350564346,6.691580024267711,2.488019786846293,2.1669022782981364
A827,2021-10-16,-31.25,-54.0,1,9.7,10.234921751815145,6.144707056954849,1.6656484445797644,1.5785943756295286
A827,2021-10-17,-31.25,-54.0,1,8.1,7.8318896114905066,3.8199888744229,2.050238853817002,2.120425023809447
A827,2021-10-18,-31.25,-54.0,1,7.5,7.482557519749307,3.8836512821736466,1.9266810988141507,1.9311723569069552
A827,2021-10-19,-31.25,-54.0,1,8.2,8.208762734539194,3.7177508412431735,2.207991628560637,2.2056346296886353
A827,2021-10-20,-31.25,-54.0,1,10.8,9.533099322415895,4.864528605796139,1.9597169828659455,2.2201534568286188
A827,2021-10-21,-31.25,-54.0,1,8.6,8.716769134065368,4.793485933653658,1.8184613983880686,1.7941014366229644
A827,2021-10-22,-31.25,-54.0,1,6.7,7.078281351322871,3.4801404394905093,2.0339068133581204,1.9252096622229637
A827,2021-10-23,-31.25,-54.0,1,12.5,13.019593946255165,5.199364116665679,2.504074277953157,2.4041401447406563
A827,2021-10-24,-31.25,-54.0,1,8.4,8.325097674234401,4.555318769660494,1.8275554566414824,1.84399828524537
A827,2021-10-25,-31.25,-54.0,1,13.2,14.007454112156262,7.131386052377304,1.964197984694261,1.8509725743426377
A827,2021-10-26,-31.25,-54.0,1,8.2,9.671727937649074,4.5357872476392,2.132315165946781,1.8078449345850514
A827,2021-10-27,-31.25,-54.0,1,8.1,6.461659932071596,2.8154651459827185,2.295059465144328,2.876966888244944
A827,2021-10-28,-31.25,-54.0,1,11.4,11.2814871678218,6.236982454805596,1.8088053396926604,1.8278069695732908
A827,2021-10-29,-31.25,-54.0,1,11.5,11.97498907246573,6.297386883277111,1.901580654710234,1.8261542784577163
A827,2021-10-30,-31.25,-54.0,1,11.5,13.386061006403738,6.359288043148461,2.104962208910472,1.8083785357686661
A827,2021-10-31,-31.25,-54.0,1,9.8,8.924293227141437,5.357130549062717,1.6658718964208983,1.8293375362514934
A827,2021-11-01,-31.25,-54.0,1,9.7,7.661089886623106,3.7615590772183793,2.0366794005767352,2.578717973285964
A827,2021-11-02,-31.25,-54.0,1,9.2,11.617015003422337,4.041915994016114,2.874135687288117,2.2761482459358904
A827,2021-11-03,-31.25,-54.0,1,11.1,16.008893019307525,5.3762243468647,2.9777204198414027,2.0646459827282477
A827,2021-11-04,-31.25,-54.0,1,5.3,9.417747208319982,4.4831919852628825,2.1006789892732534,1.1821934053732526
A827,2021-11-05,-31.25,-54.0,1,15.4,11.965718532297007,7.489224469529976,1.5977246483904597,2.0562876787383173
A827,2021-11-06,-31.25,-54.0,1,14.1,10.235110672659314,7.404559828854363,1.3822713178404955,1.9042320307892708
A827,2021-11-07,-31.25,-54.0,1,9.8,8.940193448383848,4.397352500925949,2.0330854636969207,2.2286136937933487
A827,2021-11-08,-31.25,-54.0,1,9.6,8.521933571475014,4.226181879578476,2.016461622878616,2.271553916405868
A827,2021-11-09,-31.25,-54.0,1,9.6,9.35081632389761,4.2550165630565155,2.197598102222337,2.256160430337787
A827,2021-11-10,-31.25,-54.0,1,12.2,11.941671775488082,6.077161173551989,1.9650082389551624,2.007516281301673
A827,2021-11-11,-31.25,-54.0,1,16.0,15.332286820252818,7.466868464793142,2.0533757749377437,2.1427992304191816
A827,2021-11-12,-31.25,-54.0,1,13.0,14.488622869760036,7.0211957999883055,2.063554881888377,1.851536457653218
A827,2021-11-13,-31.25,-54.0,1,14.2,12.187968709721146,6.718659734985953,1.81404762117286,2.113516766752839
A827,2021-11-14,-31.25,-54.0,1,13.7,14.694476347701345,6.662923614035535,2.205409696840474,2.0561544441453257
A827,2021-11-15,-31.25,-54.0,1,9.8,11.493929249510922,5.621179367298805,2.044754045098938,1.7434063849681567
A827,2021-11-16,-31.25,-54.0,1,15.3,14.3010502024229,5.446175186854748,2.625888758947907,2.809311025640362
A827,2021-11-17,-31.25,-54.0,1,12.1,12.840299930012,5.713795421141824,2.247245304321036,2.1176816998432155
A827,2021-11-18,-31.25,-54.0,1,8.4,8.568867866319561,3.6951232609925007,2.318966719399229,2.2732665209505845
A827,2021-11-19,-31.25,-54.0,1,6.3,6.576183260984164,2.7767780432179126,2.36827832784332,2.268816557155986
A827,2021-11-20,-31.25,-54.0,1,9.1,8.862498884427128,4.280159956476273,2.0705999248970492,2.1260887659655965
A827,2021-11-21,-31.25,-54.0,1,7.1,8.425149212887105,3.1115142314388105,2.7077328227392328,2.281847188182988
A827,2021-11-22,-31.25,-54.0,1,15.0,13.265500359291499,5.95834882829781,2.226371892879123,2.517475970651625
A827,2021-11-23,-31.25,-54.0,1,12.6,13.140090776874501,7.063877562992725,1.8601809926200776,1.7837228756640293
A827,2021-11-24,-31.25,-54.0,1,10.2,11.005978580250419,4.602908231149687,2.3910923328361493,2.2159903017341502
A827,2021-11-25,-31.25,-54.0,1,16.8,17.584566124608347,7.393348290983498,2.378430642318511,2.2723128058890874
A827,2021-11-26,-31.25,-54.0,1,15.9,12.45939185715632,8.100487534642166,1.538103947925735,1.9628448203892424
A827,2021-11-27,-31.25,-54.0,1,10.6,13.364435968526747,5.600556376220391,2.3862693401804327,1.8926691006998753
A827,2021-11-28,-31.25,-54.0,1,14.2,11.164734941512307,4.742948229943785,2.3539651710777023,2.9939184050862604
A827,2021-11-29,-31.25,-54.0,1,16.2,21.536621481659175,10.617450351267037,2.028417441960451,1.525790040361881
A827,2021-11-30,-31.25,-54.0,1,11.8,11.91781488956948,6.865374250940506,1.73593083988638,1.7187701017731827
A827,2021-12-01,-31.25,-54.0,1,9.2,8.707492090632188,4.800939646196958,1.8137058018485586,1.916291534155764
A827,2021-12-02,-31.25,-54.0,1,10.7,12.703554750875474,5.984099949621541,2.1228847876578163,1.7880717384536184
A827,2021-12-03,-31.25,-54.0,1,12.4,13.095025148879424,5.885523352123732,2.224955091572989,2.1068644635528604
A827,2021-12-04,-31.25,-54.0,1,10.1,12.309671141829705,6.095532528619265,2.0194578708315154,1.6569512101820922
A827,2021-12-05,-31.25,-54.0,1,11.2,11.041710157676086,5.493205132309713,2.0100669630433785,2.0388825340099332
A827,2021-12-06,-31.25,-54.0,1,16.0,13.671859650419586,6.2571015263832495,2.18501483358897,2.5570945161326755
A827,2021-12-07,-31.25,-54.0,1,13.3,14.547490099359294,7.59626098003441,1.9150856108808145,1.7508613823244068
A827,2021-12-08,-31.25,-54.0,1,11.9,12.077067462225392,6.843368941864398,1.7647839192687356,1.7389096074013484
A827,2021-12-09,-31.25,-54.0,1,11.7,10.728584643532445,6.419333658483622,1.6712925693391603,1.8226190789347096
A827,2021-12-10,-31.25,-54.0,1,10.3,10.9782792811048,6.009060317687265,1.8269544156165272,1.7140783176502064
A827,2021-12-11,-31.25,-54.0,1,11.7,10.44406982278767,5.133058016569336,2.0346681820222114,2.279343027535009
A827,2021-12-12,-31.25,-54.0,1,11.5,11.479009195484151,4.948440725306591,2.3197224808170143,2.323964383606412
A827,2021-12-13,-31.25,-54.0,1,9.3,12.253043823755293,4.593556477330906,2.6674416400938528,2.0245750859699414
A827,2021-12-14,-31.25,-54.0,1,12.5,14.007073051354162,6.9686209713880745,2.0100207930471075,1.793755185039162
A827,2021-12-15,-31.25,-54.0,1,11.1,10.261374777541908,6.231736553006673,1.646631671647131,1.7812049507523708
A827,2021-12-16,-31.25,-54.0,1,10.9,9.629439276798166,5.272886060232616,1.82621796996944,2.067179126476164
A827,2021-12-17,-31.25,-54.0,1,12.9,14.042053602719458,6.6929964109793225,2.098021983051507,1.9273878555856667
A827,2021-12-18,-31.25,-54.0,1,12.5,12.059549939981453,6.637750393750639,1.8168128092516664,1.8831681305414252
A827,2021-12-19,-31.25,-54.0,1,10.5,12.546875837565816,6.135006561105403,2.0451283486981513,1.7114896121819492
A827,2021-12-20,-31.25,-54.0,1,12.4,8.755779020164756,5.349098559588486,1.6368700113909191,2.318147602229627
A827,2021-12-21,-31.25,-54.0,1,9.3,8.500024906771348,4.552570680314721,1.8670824691476808,2.042801892173388
A827,2021-12-22,-31.25,-54.0,1,11.3,11.966469817158476,5.508809522525024,2.172242436088716,2.0512598872397607
A827,2021-12-23,-31.25,-54.0,1,10.1,11.166255603560913,4.957881686410791,2.252223088373981,2.037160351704922
A827,2021-12-24,-31.25,-54.0,1,8.5,9.74842233882716,5.224725995990417,1.865824609043295,1.6268795734978465
A827,2021-12-25,-31.25,-54.0,1,9.5,9.560205935478786,4.486615905003551,2.1308278082857686,2.11740880011713
A827,2021-12-26,-31.25,-54.0,1,11.5,11.24588631318367,6.286469492223215,1.788903346639252,1.8293256674873348
A827,2021-12-27,-31.25,-54.0,1,11.2,10.700023715951383,6.358317993167395,1.6828387204681419,1.7614721396500526
A827,2021-12-28,-31.25,-54.0,1,9.8,10.017873598086975,4.463003816671689,2.24464822563335,2.195830521899129
A827,2021-12-29,-31.25,-54.0,1,10.9,13.275237600033728,6.05408601272754,2.1927732067441923,1.8004369242664984
A827,2021-12-30,-31.25,-54.0,1,11.5,11.583282704073264,6.058174583686169,1.912008732014005,1.8982615705674641
A827,2021-12-31,-31.25,-54.0,1,10.9,10.422622708348955,4.382382121965411,2.3783007547672765,2.4872317604087817
A827,2022-01-01,-31.25,-54.0,1,18.2,10.289164194122945,4.254251166672922,2.418560585873844,4.2780736931039
A827,2022-01-02,-31.25,-54.0,1,12.7,9.626136065821106,3.7740744811820437,2.5505951495706016,3.365063425039335
A827,2022-01-03,-31.25,-54.0,1,10.6,7.7122002401821135,3.176936267788478,2.4275590034265035,3.3365478896996725
A827,2022-01-04,-31.25,-54.0,1,12.2,18.1807576066817,6.0368351044085955,3.0116372722197777,2.020926493601018
A827,2022-01-05,-31.25,-54.0,1,13.7,15.614697150568501,7.484918516918192,2.086154594104737,1.8303472468048694
A827,2022-01-06,-31.25,-54.0,1,13.0,13.102700488259932,5.968609775188317,2.1952684095261574,2.178061640759524
A827,2022-01-07,-31.25,-54.0,1,12.9,15.159062606830169,7.049623777906873,2.150336398707946,1.829884885549195
A827,2022-01-08,-31.25,-54.0,1,13.6,14.19069784378375,7.032750791843038,2.017801890583537,1.933809458423297
A827,2022-01-09,-31.25,-54.0,1,14.1,12.356792797512126,6.948093443710623,1.7784436691330667,2.0293336746590884
A827,2022-01-10,-31.25,-54.0,1,9.6,9.971114695177885,5.615527459187496,1.7756327909792813,1.709545553782941
A827,2022-01-11,-31.25,-54.0,1,8.5,9.6268718447441,4.804447786526957,2.003741589562196,1.7691939589470462
A827,2022-01-12,-31.25,-54.0,1,12.1,10.768498951498293,4.690642520718856,2.295740701606053,2.5796039554396986
A827,2022-01-13,-31.25,-54.0,1,14.1,11.98510578485798,5.685263415066441,2.1081003481908,2.480096166280313
A827,2022-01-14,-31.25,-54.0,1,12.7,12.812363060787876,6.144485731378398,2.085180700373059,2.066893887497237
A827,2022-01-15,-31.25,-54.0,1,11.3,10.477534895714394,5.232427450245076,2.0024233485021656,2.1596094943410504
A827,2022-01-16,-31.25,-54.0,1,19.7,13.49975924064021,6.896003144879225,1.9576208068676337,2.8567272354898297
A827,2022-01-17,-31.25,-54.0,1,12.9,13.040286284378393,5.004162216461021,2.60588800288744,2.577854082660608
A827,2022-01-18,-31.25,-54.0,1,10.7,10.084009287647872,4.558147619248695,2.2123042362787686,2.3474448161386325
A827,2022-01-19,-31.25,-54.0,1,13.4,11.951789511709352,5.374717080255568,2.2237057938575333,2.493154486070703
A827,2022-01-20,-31.25,-54.0,1,16.3,11.801282504089205,4.5363387405260545,2.601499398327708,3.593206092477516
A827,2022-01-21,-31.25,-54.0,1,11.7,11.881296437719028,4.942973432552618,2.4036739423831714,2.36699633523176
A827,2022-01-22,-31.25,-54.0,1,8.9,10.100735271517289,3.706389123385736,2.7252225644053274,2.401258935238287
A827,2022-01-23,-31.25,-54.0,1,12.4,10.275893157384875,4.789568943636176,2.145473481708263,2.5889594963395783
A827,2022-01-24,-31.25,-54.0,1,17.1,11.697031294866694,3.5096146184422254,3.3328534800947827,4.872329830786376
A827,2022-01-25,-31.25,-54.0,1,10.0,11.972973603231598,5.206243062452995,2.2997338886422183,1.9207708668308616
A827,2022-01-26,-31.25,-54.0,1,10.1,16.838625426514007,6.11131759588472,2.755318335583298,1.6526714315749529
A827,2022-01-27,-31.25,-54.0,1,15.9,14.918589030453479,7.537569735694579,1.9792306477518442,2.109433220193595
A827,2022-01-28,-31.25,-54.0,1,11.8,10.287077371021674,5.487772604702331,1.8745451227711114,2.1502348675834133
A827,2022-01-29,-31.25,-54.0,1,12.0,12.667991473582049,6.180815313674661,2.049566413278022,1.941491436162275
A827,2022-01-30,-31.25,-54.0,1,10.9,10.178772292978138,5.352573172342795,1.90165962523833,2.036403734996326
A827,2022-01-31,-31.25,-54.0,1,13.5,10.3131159547254,5.833134741170915,1.7680229263236933,2.3143645053688706
A827,2022-02-01,-31.25,-54.0,1,10.4,10.961379231670849,5.637375536663977,1.9444117498259574,1.8448300866886005
A827,2022-02-02,-31.25,-54.0,1,8.4,9.051550953145249,4.190087905029079,2.1602293694796435,2.0047312109891653
A827,2022-02-03,-31.25,-54.0,1,16.7,11.60874934859509,5.313167133104574,2.1849019723593566,3.1431347032070316
A827,2022-02-04,-31.25,-54.0,1,9.2,13.456954596579395,4.328652242112965,3.108809357716061,2.125372860978354
A827,2022-02-05,-31.25,-54.0,1,9.6,10.380718604099537,5.638349900820283,1.8410915935865066,1.7026257981263924
A827,2022-02-06,-31.25,-54.0,1,12.6,11.869709666858734,6.486481810121439,1.8299148928988536,1.942501400426205
A827,2022-02-07,-31.25,-54.0,1,9.8,9.392023088336042,5.615575347105495,1.6724952489822948,1.7451462039506487
A827,2022-02-08,-31.25,-54.0,1,10.1,8.056462161076357,4.040398740536971,1.9939770004001263,2.499753278969121
A827,2022-02-09,-31.25,-54.0,1,9.4,8.5000201664117,3.8135814943237114,2.2288812181052045,2.4648745579428
A827,2022-02-10,-31.25,-54.0,1,9.7,10.89607383245719,5.130770074553155,2.1236722117987608,1.8905544117263497
A827,2022-02-11,-31.25,-54.0,1,20.4,12.64919178231483,6.286255779911126,2.0121980754804194,3.2451749840011144
A827,2022-02-12,-31.25,-54.0,1,9.5,10.79272733303275,4.89849405604454,2.203274559395447,1.9393715479306117
A827,2022-02-13,-31.25,-54.0,1,10.2,9.98564756811387,5.333199181910087,1.8723560151258982,1.9125481070719859
A827,2022-02-14,-31.25,-54.0,1,8.8,7.612006897151143,4.124417804018215,1.8455954898010438,2.1336344711310766
A827,2022-02-15,-31.25,-54.0,1,8.4,8.093678385582608,3.070338605699684,2.6360865770823283,2.7358546006640743
A827,2022-02-16,-31.25,-54.0,1,9.1,10.7562566988639,4.742561486821971,2.268026830806943,1.9187943108984302
A827,2022-02-17,-31.25,-54.0,1,10.6,10.41137949140236,5.023010989548479,2.072736753526045,2.1102880368081456
A827,2022-02-18,-31.25,-54.0,1,12.4,9.878426368175555,5.536924803187279,1.7840997881150797,2.2395102770516324
A827,2022-02-19,-31.25,-54.0,1,8.8,12.197510137115987,5.8232735526530695,2.094613970446027,1.5111775053038239
A827,2022-02-20,-31.25,-54.0,1,12.0,10.783773864984608,5.568514200125065,1.9365621559773363,2.1549734038085937
A827,2022-02-21,-31.25,-54.0,1,12.6,13.61445168306217,6.56987858031785,2.072253165202865,1.9178436627044047
A827,2022-02-22,-31.25,-54.0,1,7.0,9.002969630847785,4.022906605638014,2.2379265822950805,1.740035423688349
A827,2022-02-23,-31.25,-54.0,1,11.2,8.36389860084127,3.8898180197772954,2.1502030579106965,2.8793120765688767
A827,2022-02-24,-31.25,-54.0,1,12.4,12.33167826730681,6.6204143661771315,1.8626746885070835,1.8729945459834128
A827,2022-02-25,-31.25,-54.0,1,10.8,11.814365422802569,6.401876229681033,1.845453582502517,1.687005435988896
A827,2022-02-26,-31.25,-54.0,1,6.9,9.445129801614005,4.9143835743782525,1.9219358152785142,1.4040418082084607
A827,2022-02-27,-31.25,-54.0,1,13.8,12.331969787461178,6.01486169979625,2.050249931412208,2.294317091358471
A827,2022-02-28,-31.25,-54.0,1,12.7,10.97470718737841,4.0327146680609935,2.7214192152739782,3.149243386987853
A827,2022-03-01,-31.25,-54.0,1,8.1,9.042339411742327,5.271583039484757,1.7152986766999923,1.536540340791386
A827,2022-03-02,-31.25,-54.0,1,7.5,9.391723069827496,4.005610529329,2.3446420966445656,1.8723737480429388
A827,2022-03-03,-31.25,-54.0,1,7.2,7.83828924876662,3.2329453120144387,2.424504126202681,2.2270713869619096
A827,2022-03-04,-31.25,-54.0,1,8.0,9.853473551710008,4.550299780086631,2.165455910142785,1.7581259228260544
A827,2022-03-05,-31.25,-54.0,1,11.1,10.308243917941857,4.060809481190122,2.5384702152834726,2.7334451545722027
A827,2022-03-06,-31.25,-54.0,1,9.3,10.359221390430584,3.508536162108983,2.952576491103814,2.6506781091319196
A827,2022-03-07,-31.25,-54.0,1,16.5,15.074732104609403,7.178699772230227,2.0999251372684293,2.2984663690530547
A827,2022-03-08,-31.25,-54.0,1,6.7,6.079557273739403,2.9505770304780836,2.0604638384086957,2.2707422754234603
A827,2022-03-09,-31.25,-54.0,1,10.0,10.994863408530286,5.89660783806577,1.864608213819569,1.6958902939830305
A827,2022-03-10,-31.25,-54.0,1,10.6,15.619390464841524,4.848289547632125,3.221629053171946,2.1863380674483386
A827,2022-03-11,-31.25,-54.0,1,11.8,9.768559326320826,5.442064243120179,1.7950099245282105,2.1682948735707193
A827,2022-03-12,-31.25,-54.0,1,8.0,7.217212635916451,2.934860039252156,2.45913349849402,2.7258540076883917
A827,2022-03-13,-31.25,-54.0,1,7.7,7.491169553631689,3.533495411254595,2.1200450776790145,2.1791453232044966
A827,2022-03-14,-31.25,-54.0,1,6.9,7.690090055019353,3.115383730308095,2.468424669553899,2.214815444040862
A827,2022-03-15,-31.25,-54.0,1,6.6,6.064224525537281,2.332283785948752,2.6001229190342325,2.8298443095830974
A827,2022-03-16,-31.25,-54.0,1,9.1,9.560150507901012,5.107527274526714,1.8717766923304189,1.7816840735017407
A827,2022-03-17,-31.25,-54.0,1,11.5,11.762651768946219,4.992551619354566,2.3560400904711902,2.3034313667219957
A827,2022-03-18,-31.25,-54.0,1,25.0,15.137192487681697,7.145359297019408,2.1184648466867126,3.498774373799288
A827,2022-03-19,-31.25,-54.0,1,11.2,11.189225263857288,6.445262786933608,1.7360386432250754,1.7377103727571208
A827,2022-03-20,-31.25,-54.0,1,11.7,10.788940006175807,5.788067742215818,1.863996844315704,2.0213999768290454
A827,2022-03-21,-31.25,-54.0,1,15.6,13.677700786443658,8.265366756715633,1.6548207948946112,1.887393561492593
A827,2022-03-22,-31.25,-54.0,1,14.0,15.36711218427016,6.321459451181179,2.4309437247752625,2.2146784469817438
A827,2022-03-23,-31.25,-54.0,1,15.1,14.76558554518147,6.343095300545581,2.3278202274387167,2.3805412475359184
A827,2022-03-24,-31.25,-54.0,1,13.2,15.167995508853519,6.646006726481431,2.282272066986584,1.9861550767626777
A827,2022-03-25,-31.25,-54.0,1,16.5,14.293425839536757,8.42905731190275,1.6957324301678292,1.9575142734763706
A827,2022-03-26,-31.25,-54.0,1,12.7,12.500665554576328,7.18911414479464,1.7388325324654328,1.766559793628479
A827,2022-03-27,-31.25,-54.0,1,7.7,6.773539685746717,4.527892598085739,1.4959585588691684,1.7005703720214866
A827,2022-03-28,-31.25,-54.0,1,9.0,6.5769277814231115,3.828822917262231,1.7177414373934774,2.3505918645188686
A827,2022-03-29,-31.25,-54.0,1,14.3,12.082232967821145,6.216367435761126,1.943616282769136,2.3003788221616155
A827,2022-03-30,-31.25,-54.0,1,14.8,12.867213124198534,8.080402282471717,1.5923975904158298,1.831591978050977
A827,2022-03-31,-31.25,-54.0,1,7.8,10.143884651208243,6.031497832507339,1.681818502285916,1.2932111088494713
A827,2022-04-01,-31.25,-54.0,1,7.7,7.903894575678222,3.5469149972809895,2.228385676492734,2.170900629392783
A827,2022-04-02,-31.25,-54.0,1,9.6,10.472758052324169,5.095795678681378,2.055176210486165,1.8839059894340504
A827,2022-04-03,-31.25,-54.0,1,15.0,12.615126360953044,5.82232193464126,2.1666830694978256,2.576291755829235
A827,2022-04-04,-31.25,-54.0,1,8.2,8.625538530977044,4.474471685605776,1.9277222289114289,1.8326185919064193
A827,2022-04-05,-31.25,-54.0,1,5.8,7.499945334497478,2.9256685366393187,2.5634979631399317,1.9824528743992278
A827,2022-04-06,-31.25,-54.0,1,7.8,7.984895669885101,3.5194662255611098,2.268780308756072,2.2162451633575326
A827,2022-04-07,-31.25,-54.0,1,6.2,7.269084145454971,3.283851393343935,2.2135849874902185,1.888026971185977
A827,2022-04-08,-31.25,-54.0,1,8.3,8.265377444786257,3.0027861095622637,2.752569494865272,2.764099638522022
A827,2022-04-09,-31.25,-54.0,1,7.4,6.6565432818917065,2.9705802060406836,2.2408226070972956,2.4910958421361857
A827,2022-04-10,-31.25,-54.0,1,9.3,9.70583114312501,5.403800089371765,1.7961121770982078,1.7210111118454052
A827,2022-04-11,-31.25,-54.0,1,11.5,12.422646934323453,4.996151298419115,2.486443302518527,2.301771766527334
A827,2022-04-12,-31.25,-54.0,1,8.0,8.620424034453592,3.6717294706321066,2.347783000736583,2.1788097581771892
A827,2022-04-13,-31.25,-54.0,1,7.1,8.798031869030835,4.1213661728665825,2.1347367596098445,1.7227297216984854
A827,2022-04-14,-31.25,-54.0,1,10.5,8.494134076621835,4.662810914906899,1.821676716391455,2.251860560425417
A827,2022-04-15,-31.25,-54.0,1,8.6,6.494125994608441,2.9574803327636587,2.1958306612101506,2.907880706670198
A827,2022-04-16,-31.25,-54.0,1,11.5,8.270652399950057,3.9576762529307383,2.0897748758063455,2.905745509497908
A827,2022-04-17,-31.25,-54.0,1,9.9,9.731898529845726,4.99351227039232,1.948908504250282,1.9825724788340606
A827,2022-04-18,-31.25,-54.0,1,8.8,9.297236971650188,4.984652355911311,1.8651725953615548,1.7654190045097249
A827,2022-04-19,-31.25,-54.0,1,7.1,9.324912146589504,3.9745684514410975,2.346144558966768,1.786357459116268
A827,2022-04-20,-31.25,-54.0,1,9.6,9.341323804406004,4.253781290776115,2.196004722824302,2.2568156056392947
A827,2022-04-21,-31.25,-54.0,1,9.2,10.176418737656686,3.7406420236553095,2.7205005646898055,2.4594708453309497
A827,2022-04-22,-31.25,-54.0,1,20.1,11.987690785235932,3.6747623218962655,3.2621676547097054,5.4697415068814355
A827,2022-04-23,-31.25,-54.0,1,20.1,12.397666481566938,6.715891530476943,1.8460194637310487,2.992901226707656
A827,2022-04-24,-31.25,-54.0,1,10.2,12.066853650719608,6.02295019262265,2.0034789039929257,1.6935222231280787
A827,2022-04-25,-31.25,-54.0,1,15.4,19.83767873532391,8.134615541509872,2.4386744074252613,1.8931441715242507
A827,2022-04-26,-31.25,-54.0,1,18.4,16.628020841938675,6.0360954177550115,2.754764411614137,3.048328219908005
A827,2022-04-27,-31.25,-54.0,1,24.3,18.870111296205845,10.082499205263385,1.8715708191035658,2.4101167285304252
A827,2022-04-28,-31.25,-54.0,1,12.3,14.577306020671804,6.003935266960104,2.427958559262173,2.0486563317375177
A827,2022-04-29,-31.25,-54.0,1,8.0,7.108069654218072,4.263717805796984,1.6671060276442042,1.8762967823815964
A827,2022-04-30,-31.25,-54.0,1,10.5,8.935760397759672,4.5734084311622185,1.9538513850793051,2.295880667131163
A827,2022-05-01,-31.25,-54.0,1,6.8,8.19923213034235,3.437875882406616,2.384970374382057,1.9779655323797778
A827,2022-05-02,-31.25,-54.0,1,11.9,11.047597254509322,5.601450742192113,1.9722742844625774,2.124449637727773
A827,2022-05-03,-31.25,-54.0,1,12.5,13.190424678782191,5.968069311582136,2.2101661341606316,2.094479696430712
A827,2022-05-04,-31.25,-54.0,1,10.3,12.095049758664421,6.104747962902434,1.981252925127144,1.6872113414986885
A827,2022-05-05,-31.25,-54.0,1,4.9,6.217235183218468,2.518683235468143,2.4684466453213525,1.94546099763484
A827,2022-05-06,-31.25,-54.0,1,6.1,5.0784580853741215,2.4010565499822247,2.115093076592352,2.5405482432494804
A827,2022-05-07,-31.25,-54.0,1,5.3,5.355673603631455,2.704747144732458,1.980101398410466,1.9595177354459334
A827,2022-05-08,-31.25,-54.0,1,7.2,7.285431720213725,3.9256456240195132,1.8558556777608695,1.8340932141062285
A827,2022-05-09,-31.25,-54.0,1,6.6,7.195790331873542,3.040313952935376,2.3667918653355247,2.1708284414600674
A827,2022-05-10,-31.25,-54.0,1,5.8,5.828383828022091,2.1945708467525105,2.6558193993357913,2.642885741685097
A827,2022-05-11,-31.25,-54.0,1,8.8,8.476448888693103,4.395925750119825,1.928251151298916,2.0018536481786864
A827,2022-05-12,-31.25,-54.0,1,6.7,5.660646837987972,3.158447910868135,1.7922242182655088,2.1212950756431597
A827,2022-05-13,-31.25,-54.0,1,9.2,8.330565391532282,4.72955159753655,1.7613858776530462,1.9452161183296832
A827,2022-05-14,-31.25,-54.0,1,6.0,8.35848976087873,4.07554043206148,2.0508911395220433,1.4721973932092962
A827,2022-05-15,-31.25,-54.0,1,8.9,12.968645326692114,5.552098470325073,2.335809675568093,1.602997505820337
A827,2022-05-16,-31.25,-54.0,1,13.3,15.594633076993832,8.518935896106633,1.8305846254954177,1.561227853126402
A827,2022-05-17,-31.25,-54.0,1,17.7,22.14694122342597,11.32773218629972,1.9551081239554284,1.5625369411016967
A827,2022-05-18,-31.25,-54.0,1,17.2,18.223044306166887,9.92469888609345,1.8361306993102964,1.7330500599973613
A827,2022-05-19,-31.25,-54.0,1,7.5,8.09456480330476,4.331076384477123,1.8689499063826809,1.731671144586717
A827,2022-05-20,-31.25,-54.0,1,8.1,5.352318204705997,3.349184655943238,1.5980958813985169,2.4184990772683386
A827,2022-05-21,-31.25,-54.0,1,7.0,5.821933082653391,3.1093538744995945,1.8723932101779013,2.2512715768405576
A827,2022-05-22,-31.25,-54.0,1,4.6,4.8271961734304645,2.472145966379759,1.95263396218447,1.8607315516794893
A827,2022-05-23,-31.25,-54.0,1,7.3,5.906263847482999,3.35778624709676,1.7589755311523263,2.1740514323423037
A827,2022-05-24,-31.25,-54.0,1,8.3,8.907086161148218,4.368227237183393,2.0390619987277616,1.9000843017845819
A827,2022-05-25,-31.25,-54.0,1,10.2,9.906065761936258,5.728794714765996,1.7291710133029075,1.7804792295505807
A827,2022-05-26,-31.25,-54.0,1,7.3,11.28758647271781,5.252891889353887,2.148832816375781,1.3897106877061407
A827,2022-05-27,-31.25,-54.0,1,13.4,13.116029880838765,4.744371926829101,2.7645450405497316,2.8243991421127657
A827,2022-05-28,-31.25,-54.0,1,6.8,9.980184712946599,3.6168840446912895,2.7593322289651763,1.880071331006797
A827,2022-05-29,-31.25,-54.0,1,4.1,15.236365410831816,5.793992787420131,2.62968318564581,0.7076294621736302
A827,2022-05-30,-31.25,-54.0,1,9.3,7.628046608302266,4.798580838388961,1.5896463694593603,1.9380730080859305
A827,2022-05-31,-31.25,-54.0,1,6.0,4.794735669447848,3.1385721492443004,1.5276805634697024,1.9116973307255878
A827,2022-06-01,-31.25,-54.0,1,7.4,8.188683093787922,3.6827696041232727,2.2235121862143576,2.009357303186947
A827,2022-06-02,-31.25,-54.0,1,8.6,6.271788603774779,3.761056010273372,1.6675605432738332,2.2865918445534956
A827,2022-06-03,-31.25,-54.0,1,6.5,6.547670741306817,3.92541641525727,1.6680194019308103,1.6558752785400968
A827,2022-06-04,-31.25,-54.0,1,12.7,11.353367178316613,6.635265223394297,1.7110645612608613,1.9140154270281395
A827,2022-06-05,-31.25,-54.0,1,7.2,9.272956284680282,4.7469006435528875,1.9534759585234969,1.51677916616579
A827,2022-06-06,-31.25,-54.0,1,5.7,11.005413722981626,3.889518863164436,2.8295051676463236,1.4654768881523283
A827,2022-06-07,-31.25,-54.0,1,7.3,7.033122729258206,3.681878311322815,1.910199668367466,1.9826836692430707
A827,2022-06-08,-31.25,-54.0,1,6.6,7.091385945650531,4.07783724411471,1.7390066157949509,1.6185050076545773
A827,2022-06-09,-31.25,-54.0,1,8.0,5.917038684449194,2.734517164153539,2.1638330751823216,2.9255621814596924
A827,2022-06-10,-31.25,-54.0,1,11.6,12.992137122511402,6.857322102600841,1.8946371379556097,1.6916224477191117
A827,2022-06-11,-31.25,-54.0,1,11.8,11.336878406198062,6.486852920585232,1.7476700250474109,1.8190639042476435
A827,2022-06-12,-31.25,-54.0,1,8.3,9.337198748863058,4.987225019694636,1.8722232728602182,1.664252157707575
A827,2022-06-13,-31.25,-54.0,1,4.7,4.885383277069763,2.933896132430172,1.6651520901059156,1.6019653688649669
A827,2022-06-14,-31.25,-54.0,1,10.1,9.048107053576453,5.241126942276936,1.7263667057157037,1.9270664708632668
A827,2022-06-15,-31.25,-54.0,1,9.1,8.890320521036674,4.217430284306746,2.1079946606629085,2.1577120157413203
A827,2022-06-16,-31.25,-54.0,1,7.0,7.985072092369363,3.240438306862652,2.4641950675186286,2.1602015953135996
A827,2022-06-17,-31.25,-54.0,1,11.4,17.30226005480643,6.77561417630713,2.5536076294468955,1.6825043019514536
A827,2022-06-18,-31.25,-54.0,1,8.2,8.048074790872809,6.2453470016506945,1.2886513413499106,1.3129774851313585
A827,2022-06-19,-31.25,-54.0,1,6.6,5.704957871991546,3.5111865217407847,1.624794876793708,1.8797064636508787
A827,2022-06-20,-31.25,-54.0,1,5.9,8.548303941115647,3.7622095426121573,2.2721498747729063,1.5682273762730248
A827,2022-06-21,-31.25,-54.0,1,8.1,10.98934699186599,4.920784191800946,2.2332511574428597,1.6460790972089958
A827,2022-06-22,-31.25,-54.0,1,9.2,14.473068351856313,6.1256346564214486,2.3627051176949188,1.5018851949251855
A827,2022-06-23,-31.25,-54.0,1,7.3,12.77123858202949,6.01417315965919,2.1235235905234906,1.2137994377956478
A827,2022-06-24,-31.25,-54.0,1,8.4,6.766193210550103,4.3136209378900645,1.5685646253979084,1.947319924710102
A827,2022-06-25,-31.25,-54.0,1,9.3,8.762629524869883,5.032499443001374,1.741208245349326,1.8479882820321778
A827,2022-06-26,-31.25,-54.0,1,7.7,8.581639432217562,4.914117911065061,1.746323467919723,1.5669139689672489
A827,2022-06-27,-31.25,-54.0,1,9.1,10.216064766851835,4.760845664831587,2.145850860555721,1.9114251207977162
A827,2022-06-28,-31.25,-54.0,1,9.1,17.07046529317865,6.2560776909458,2.7286210524342005,1.454585516604135
A827,2022-06-29,-31.25,-54.0,1,9.8,7.413832334178412,4.383075962699755,1.6914679091283333,2.2358727257749127
A827,2022-06-30,-31.25,-54.0,1,6.4,6.124296239451959,3.615944712270521,1.6936918915462056,1.7699385663397817
A827,2022-07-01,-31.25,-54.0,1,15.6,14.68768718141227,7.200238005580621,2.039889121724646,2.1665950469844266
A827,2022-07-02,-31.25,-54.0,1,14.2,12.518942453295615,7.175660648008021,1.7446397018190793,1.9789118656192235
A827,2022-07-03,-31.25,-54.0,1,8.6,10.81499700165815,4.848386122179775,2.230638552524331,1.7737861183658252
A827,2022-07-04,-31.25,-54.0,1,10.6,13.891619805758644,4.959133436111945,2.8012192018470747,2.1374702126004097
A827,2022-07-05,-31.25,-54.0,1,6.6,14.611815734611026,4.171984854155506,3.5023654796006576,1.5819808150612218
A827,2022-07-06,-31.25,-54.0,1,12.9,13.038436338808165,5.342164252321398,2.440665566047021,2.41475166069527
A827,2022-07-07,-31.25,-54.0,1,14.1,14.755465980671651,7.25359734554485,2.0342273326950577,1.943863069358296
A827,2022-07-08,-31.25,-54.0,1,9.8,13.219708368147167,6.975518793942216,1.8951577307235732,1.4049134250072788
A827,2022-07-09,-31.25,-54.0,1,17.8,16.632205555513004,7.9467429904517495,2.092958785189995,2.2399113726701914
A827,2022-07-11,-31.25,-54.0,1,17.8,19.98047170739249,7.890366030284625,2.532261701257444,2.2559156231384505
A827,2022-07-12,-31.25,-54.0,1,13.4,15.684004832020388,7.852206313561943,1.9974010113478233,1.7065267346396873
A827,2022-07-13,-31.25,-54.0,1,8.5,9.77416883002715,5.592350313921524,1.7477747782887387,1.5199333952381722
A827,2022-07-14,-31.25,-54.0,1,14.1,16.515621527732097,6.56315203110409,2.5164161136998295,2.1483579739090732
A827,2022-07-15,-31.25,-54.0,1,15.1,16.069958163144,5.555838203923737,2.892445311275409,2.7178617241473706
A827,2022-07-16,-31.25,-54.0,1,16.7,19.368610314086183,8.289554079141302,2.3365081075739282,2.0145836362925227
A827,2022-07-17,-31.25,-54.0,1,12.3,13.617486009367015,7.8468299739910305,1.7354123964076325,1.5675119813694667
A827,2022-07-18,-31.25,-54.0,1,5.2,4.957542063836002,2.707790269936875,1.8308441827555477,1.9203850673860439
A827,2022-07-19,-31.25,-54.0,1,7.7,6.418579204322343,3.684083854574987,1.7422456864958684,2.090071861539728
A827,2022-07-20,-31.25,-54.0,1,12.6,10.020828930707129,5.349453130664727,1.8732436168595676,2.355380950582198
A827,2022-07-21,-31.25,-54.0,1,11.2,12.632963494693144,5.448745545590235,2.3185086161561026,2.0555190008945003
A827,2022-07-22,-31.25,-54.0,1,7.2,6.448310903021198,3.0491623287887384,2.1147811128778935,2.3613042611805315
A827,2022-07-23,-31.25,-54.0,1,10.4,8.573520208263078,4.683638245998183,1.830525706290085,2.220496001988629
A827,2022-07-24,-31.25,-54.0,1,9.3,8.069646175970735,4.023793507914196,2.005482179962504,2.311251802983503
A827,2022-07-25,-31.25,-54.0,1,9.1,9.572671199453444,4.810849605862695,1.989808866148674,1.8915577799211127
A827,2022-07-26,-31.25,-54.0,1,11.2,11.937096147210093,5.62296577321754,2.1229181589664057,1.9918314376634025
A827,2022-07-27,-31.25,-54.0,1,6.5,8.069208292012766,3.851042416536663,2.095330931013116,1.687854688924878
A827,2022-07-28,-31.25,-54.0,1,12.2,19.89427420604891,7.097707788328708,2.8029153635716804,1.7188647890043278
A827,2022-07-29,-31.25,-54.0,1,10.2,11.338422011135753,6.763230065108372,1.6764803063008133,1.5081551125433372
A827,2022-07-30,-31.25,-54.0,1,4.7,4.174279012880063,2.423102006735878,1.7227004894041449,1.9396624603234491
A827,2022-07-31,-31.25,-54.0,1,6.1,6.097269915290875,3.0741333454306865,1.9834110073181117,1.984299090040087
A827,2022-08-01,-31.25,-54.0,1,6.5,4.105560850109809,2.9074313172461013,1.4120921191694968,2.235650404342743
A827,2022-08-02,-31.25,-54.0,1,8.4,9.774036384985532,4.921456732579773,1.986004737231956,1.7068117137741885
A827,2022-08-03,-31.25,-54.0,1,12.3,14.349491331721891,5.3479887599344265,2.6831565988365758,2.2999300395221502
A827,2022-08-04,-31.25,-54.0,1,11.5,18.752627265616265,7.201498555054626,2.6039895894242835,1.5968898573100898
A827,2022-08-05,-31.25,-54.0,1,9.6,8.81838372972972,6.600950834985779,1.3359262854968252,1.4543359343200868
A827,2022-08-06,-31.25,-54.0,1,11.2,9.887601918799557,5.829751038761018,1.696059034606895,1.9211798112017329
A827,2022-08-07,-31.25,-54.0,1,12.8,14.274927150986874,7.372924857298352,1.9361281211019437,1.7360817108192097
A827,2022-08-08,-31.25,-54.0,1,12.5,14.009030290337114,6.397594347681367,2.1897340670582377,1.9538594228829596
A827,2022-08-09,-31.25,-54.0,1,13.8,14.891890510369807,7.3655722862430455,2.0218239576826837,1.8735815037447634
A827,2022-08-10,-31.25,-54.0,1,8.3,9.37522885847853,4.999275270713107,1.8753175912118214,1.660240645003745
A827,2022-08-11,-31.25,-54.0,1,8.3,6.997776585131079,4.893534721961064,1.4300044819804094,1.6961154812596915
A827,2022-08-12,-31.25,-54.0,1,10.3,8.532786202138734,4.985938903315607,1.7113699882011195,2.06580950944878
A827,2022-08-13,-31.25,-54.0,1,8.8,7.548934167912671,3.990304016540919,1.891819304148316,2.2053457489759065
A827,2022-08-14,-31.25,-54.0,1,10.4,11.822671541843524,5.566902162814156,2.123743366789651,1.8681844400769276
A827,2022-08-15,-31.25,-54.0,1,20.8,21.859169267258984,8.890338098168344,2.4587556767680834,2.3396185578460034
A827,2022-08-16,-31.25,-54.0,1,9.0,9.136747358301795,5.554857310199043,1.6448212524786536,1.6202036339395207
A827,2022-08-17,-31.25,-54.0,1,11.7,15.636040284746349,6.3178073577059894,2.474915647067756,1.8519083184341183
A827,2022-08-18,-31.25,-54.0,1,12.5,14.210923047815347,7.911254980079657,1.7962918757640978,1.580027445895081
A827,2022-08-19,-31.25,-54.0,1,7.2,8.607526831602149,5.407729173387266,1.5917081931472927,1.3314276231570414
A827,2022-08-20,-31.25,-54.0,1,7.1,6.941112187613111,3.63202183666433,1.9110876805707393,1.9548340619341322
A827,2022-08-21,-31.25,-54.0,1,9.7,5.626986838890216,3.1990493955490042,1.7589559094396356,3.032150742497471
A827,2022-08-22,-31.25,-54.0,1,7.8,7.1409267861163,3.5070316390354717,2.0361740414980254,2.2241031170580516
A827,2022-08-23,-31.25,-54.0,1,11.1,10.06873801564365,4.5746438167824515,2.2009884089129885,2.4264184151952444
A827,2022-08-24,-31.25,-54.0,1,6.8,6.261331763518655,2.9057008517042093,2.154843902752876,2.340227142106443
A827,2022-08-25,-31.25,-54.0,1,8.3,6.868810693781827,3.911717042018829,1.7559579642388572,2.1218303652445134
A827,2022-08-26,-31.25,-54.0,1,16.9,8.77567477514447,4.44137454844621,1.9758916253110403,3.8051283033340138
A827,2022-08-27,-31.25,-54.0,1,14.4,15.630980754389311,6.227584810658705,2.5099587126676144,2.312292877224884
A827,2022-08-28,-31.25,-54.0,1,14.1,19.512267234211908,7.202725716553662,2.709011560632921,1.9575922442242497
A827,2022-08-29,-31.25,-54.0,1,9.5,8.531221567531388,4.613093942487445,1.8493491946819607,2.0593554170885726
A827,2022-08-30,-31.25,-54.0,1,11.8,10.317319349495056,6.137376457682042,1.681063467531156,1.9226456257592208
A827,2022-08-31,-31.25,-54.0,1,12.6,9.82369516827088,5.405739048328056,1.8172714369757188,2.330856130374451
A827,2022-09-01,-31.25,-54.0,1,9.8,13.749834790560117,5.6018207508515445,2.4545295899498347,1.7494312002950616
A827,2022-09-02,-31.25,-54.0,1,8.7,12.682389170401427,6.314050597984782,2.0085979631600024,1.377879360481642
A827,2022-09-03,-31.25,-54.0,1,8.5,7.190822948275889,4.653348648699518,1.5453007051783072,1.8266415525033814
A827,2022-09-04,-31.25,-54.0,1,7.0,4.939671508956772,2.5570585246813895,1.93177882370614,2.737520448763371
A827,2022-09-05,-31.25,-54.0,1,7.7,9.10183256588579,4.282956190624238,2.1251285702642697,1.7978236660127338
A827,2022-09-06,-31.25,-54.0,1,9.1,9.506236227707985,4.801628435972325,1.979794220746067,1.8951903757953439
A827,2022-09-07,-31.25,-54.0,1,8.6,10.495333644971975,4.412510697908458,2.378540101885031,1.9490037733112857
A827,2022-09-08,-31.25,-54.0,1,9.3,12.465335087865007,6.046954563552929,2.0614236400911397,1.5379642599027108
A827,2022-09-09,-31.25,-54.0,1,12.6,14.61150642359341,7.616716454075152,1.918347165959664,1.6542561451475135
A827,2022-09-10,-31.25,-54.0,1,11.5,10.227076382472761,6.901810580483094,1.4817961552571202,1.6662294431144842
A827,2022-09-11,-31.25,-54.0,1,8.6,9.10374147818084,4.076728663992301,2.233099680778272,2.1095345579310893
A827,2022-09-12,-31.25,-54.0,1,9.0,8.354139760600196,4.5394513765652915,1.8403412808270305,1.982618438532481
A827,2022-09-13,-31.25,-54.0,1,11.8,9.115180478516,5.761547439461125,1.5820715830760461,2.0480608940544713
A827,2022-09-14,-31.25,-54.0,1,7.7,9.631091582354173,4.893971215911186,1.9679501896214167,1.5733643824806134
A827,2022-09-21,-31.25,-54.0,1,9.8,11.000762125594324,5.1556547591912745,2.1337274583761934,1.9008254931207316
A827,2022-09-22,-31.25,-54.0,1,11.2,14.600515170327958,6.654765425609504,2.1939939632043015,1.683004476295902
A827,2022-09-23,-31.25,-54.0,1,6.8,6.8889953354447115,3.7741680581411305,1.8253016901525336,1.8017215702231248
A827,2022-09-24,-31.25,-54.0,1,7.9,7.556894797382001,3.9839179658090997,1.8968500009882256,1.982972558119825
A827,2022-09-25,-31.25,-54.0,1,11.5,13.058502493860702,6.492285315452255,2.0113876484725997,1.7713331194223563
A827,2022-09-26,-31.25,-54.0,1,9.0,10.095846461663255,4.815090824948444,2.096709455479763,1.8691236213797409
A827,2022-09-27,-31.25,-54.0,1,9.9,8.369031567714368,4.422764719088161,1.89226244199574,2.2384188689198634
A827,2022-09-28,-31.25,-54.0,1,12.7,12.384100170218012,6.291567255977212,1.9683649027915389,2.018574940597599
A827,2022-09-29,-31.25,-54.0,1,12.0,13.132080229878282,6.717258106232545,1.9549762748723032,1.7864431900965534
A827,2022-09-30,-31.25,-54.0,1,9.0,10.747427640498298,4.75995407511161,2.2578847339501475,1.8907745448760387
A827,2022-10-01,-31.25,-54.0,1,7.2,5.98447521307467,3.4053947394921544,1.7573514000221697,2.1142923363632535
A827,2022-10-02,-31.25,-54.0,1,7.0,6.557126995940107,3.5217947296846535,1.8618708639294377,1.9876229415070963
A827,2022-10-03,-31.25,-54.0,1,10.4,6.706899973795532,4.161146780218663,1.6117912508347263,2.4993110191257166
A827,2022-10-04,-31.25,-54.0,1,9.4,10.065014129163288,4.551339162371235,2.21144014323895,2.0653261962359726
A827,2022-10-05,-31.25,-54.0,1,11.3,14.273283419461896,7.054425645219511,2.023309073947686,1.601831328062482
A827,2022-10-06,-31.25,-54.0,1,9.0,15.371421621828663,6.143948958711548,2.5018797722974924,1.4648559192925645
A827,2022-10-07,-31.25,-54.0,1,11.5,13.436953229523668,7.27187522670064,1.8477975502366006,1.5814352751508531
A827,2022-10-08,-31.25,-54.0,1,17.9,17.507622189336143,8.421964439515317,2.078805047809452,2.1253948682108352
A827,2022-10-09,-31.25,-54.0,1,11.0,12.778308753493079,7.240924389498043,1.7647344546265729,1.5191430552643215
A827,2022-10-10,-31.25,-54.0,1,13.2,13.484225048892492,6.240972422219078,2.1605968007302874,2.1150550117807647
A827,2022-10-11,-31.25,-54.0,1,8.7,9.648329714312725,5.180634594778661,1.862383755850463,1.679330946978649
A827,2022-10-12,-31.25,-54.0,1,6.7,6.669296190567427,4.620408611232041,1.4434429401665074,1.4500881986308634
A827,2022-10-13,-31.25,-54.0,1,17.0,13.283441903638701,8.789811497695364,1.5112317149374068,1.9340574032170426
A827,2022-10-14,-31.25,-54.0,1,16.8,16.81213339807721,7.874765815737439,2.1349375703946345,2.1333967756127805
A827,2022-10-15,-31.25,-54.0,1,12.7,16.34119072272125,7.94975976451722,2.05555780385442,1.597532551447013
A827,2022-10-16,-31.25,-54.0,1,10.3,8.8374898561163,5.863202825587409,1.5072802560315501,1.7567190333327907
A827,2022-10-17,-31.25,-54.0,1,16.9,14.957877740135933,8.31779713152726,1.7982979752464177,2.0317879521181506
A827,2022-10-18,-31.25,-54.0,1,13.8,15.249295555577024,9.444323077889287,1.6146520433294085,1.4611952477894439
A827,2022-10-19,-31.25,-54.0,1,9.2,13.40151133309237,6.328109063096052,2.1177750255991366,1.4538308218567368
A827,2022-10-20,-31.25,-54.0,1,8.7,12.46223002919467,5.238511858539212,2.3789637908102077,1.6607769983031102
A827,2022-10-21,-31.25,-54.0,1,11.3,16.04070668015137,5.520791378263405,2.905508573156239,2.046808007361162
A827,2022-10-22,-31.25,-54.0,1,7.1,6.7415187569523765,3.206711824090268,2.1023151211490356,2.214106034306417
A827,2022-10-23,-31.25,-54.0,1,9.1,11.155575746848896,5.4059453180736705,2.0635753953249423,1.6833318623434859
A827,2022-10-24,-31.25,-54.0,1,10.2,10.053599556028995,4.555493005942884,2.2069180092941725,2.2390551333727338
A827,2022-10-25,-31.25,-54.0,1,9.3,11.43299136848472,5.324280599933158,2.1473307339639933,1.7467148519777027
A827,2022-10-26,-31.25,-54.0,1,26.6,14.851448105702383,6.84689229875318,2.1690786794480226,3.884974210101693
A827,2022-10-27,-31.25,-54.0,1,12.6,13.996164190701418,7.652517319008685,1.8289621058334953,1.6465170184851299
A827,2022-10-28,-31.25,-54.0,1,7.5,7.184910333370462,3.2612801440017205,2.2030951087060835,2.2997104415559964
A827,2022-10-29,-31.25,-54.0,1,11.5,8.849423772843904,5.178059383846134,1.7090232299094978,2.2209092533539248
A827,2022-10-30,-31.25,-54.0,1,18.5,22.041863771792237,9.341530646543374,2.359555902109933,1.9804035013090189
A827,2022-10-31,-31.25,-54.0,1,15.8,17.67475658423413,8.004122580883845,2.2082066342220386,1.9739827620500168
A827,2022-11-01,-31.25,-54.0,1,10.9,11.530356084672722,5.587926357047374,2.0634409524976793,1.9506341536253697
A827,2022-11-02,-31.25,-54.0,1,6.4,5.935284688628638,2.6504925917834266,2.239313819260663,2.414645496403239
A827,2022-11-03,-31.25,-54.0,1,11.1,9.187548135100844,4.730588870414427,1.9421573902903895,2.3464309209833267
A827,2022-11-04,-31.25,-54.0,1,12.4,12.214244009918561,5.945892852126105,2.054232108395806,2.0854731675102527
A827,2022-11-05,-31.25,-54.0,1,14.2,15.686162042530414,6.856502070115276,2.287779086496606,2.071026866876051
A827,2022-11-06,-31.25,-54.0,1,13.4,14.809149451783897,7.230436658156888,2.0481680639684767,1.8532767291285277
A827,2022-11-07,-31.25,-54.0,1,13.7,11.938104916532888,6.310570140433866,1.891763287764062,2.1709607365299157
A827,2022-11-08,-31.25,-54.0,1,13.0,11.526257781487141,6.548098357045661,1.7602450594049266,1.9853092136302724
A827,2022-11-09,-31.25,-54.0,1,9.3,9.817064204363657,5.188350277579402,1.892135973699863,1.792477281302385
A827,2022-11-10,-31.25,-54.0,1,11.8,9.666137093200438,5.158273948643987,1.873909216423351,2.28758691715123
A827,2022-11-11,-31.25,-54.0,1,10.4,10.06110312117529,5.347947854029741,1.8813016498644675,1.944671168056263
A827,2022-11-12,-31.25,-54.0,1,7.5,9.177047340826721,4.16575889633567,2.2029713118776835,1.8003922422387986
A827,2022-11-13,-31.25,-54.0,1,11.2,13.894062562805049,4.647654615319536,2.9894782880396553,2.409817623513312
A827,2022-11-14,-31.25,-54.0,1,16.5,20.55221231363828,8.913185981653161,2.3058211010005634,1.851189915027408
A827,2022-11-15,-31.25,-54.0,1,14.3,13.097170429609456,8.286014065456408,1.5806357949849847,1.7257996289935493
A827,2022-11-16,-31.25,-54.0,1,8.1,5.968647902579082,2.8244877734684533,2.1131788774747005,2.867776619919034
A827,2022-11-17,-31.25,-54.0,1,7.4,7.360174383037824,3.7989182167659927,1.9374395454355209,1.947922955366909
A827,2022-11-18,-31.25,-54.0,1,9.5,10.459516168270797,5.18715658657079,2.0164257611481795,1.8314465432940428
A827,2022-11-19,-31.25,-54.0,1,11.9,12.499515355017298,5.284992941587453,2.3650959411239665,2.2516586363548856
A827,2022-11-20,-31.25,-54.0,1,10.4,12.885553717351414,5.260729804634305,2.4493851986087964,1.9769120228981132
A827,2022-11-21,-31.25,-54.0,1,9.1,10.679568440477329,3.766162632676095,2.835663109133666,2.416252532762739
A827,2022-11-22,-31.25,-54.0,1,8.6,14.237437646834477,5.180514554253753,2.748267087705415,1.660066757835568
A827,2022-11-23,-31.25,-54.0,1,7.2,6.468040232505013,3.099671736567932,2.0866855532472157,2.3228266125922414
A827,2022-11-24,-31.25,-54.0,1,6.3,7.039017427271363,2.9057270895571237,2.422463366421729,2.1681320391861765
A827,2022-11-25,-31.25,-54.0,1,7.7,8.528767694734501,3.5851991901148037,2.3788825229711703,2.1477188830206764
A827,2022-11-26,-31.25,-54.0,1,11.4,10.905340376282561,5.995836211185327,1.8188189256968823,1.9013194487756555
A827,2022-11-27,-31.25,-54.0,1,13.8,13.410881091502812,7.507181451215318,1.7864069462889778,1.8382398360393908
A827,2022-11-28,-31.25,-54.0,1,12.4,12.486382691324266,6.592740357466018,1.8939594181323904,1.880856719309064
A827,2022-11-29,-31.25,-54.0,1,10.5,12.654909436960422,6.74083505957829,1.8773504061605266,1.5576705122134948
A827,2022-11-30,-31.25,-54.0,1,12.4,12.113044107699872,6.045559257223521,2.003626727043761,2.0510922931048756
A827,2022-12-01,-31.25,-54.0,1,10.4,9.59761032964195,5.349392159012807,1.794149698573066,1.9441461180739545
A827,2022-12-02,-31.25,-54.0,1,9.4,10.563883887015585,4.393959574496729,2.4041832219691144,2.1393005194128687
A827,2022-12-03,-31.25,-54.0,1,10.3,11.290228320245859,4.942420915985509,2.2843518413677257,2.083998950127096
A827,2022-12-04,-31.25,-54.0,1,10.6,8.504582737081833,3.961813925254993,2.146638609872233,2.6755421127754646
A827,2022-12-05,-31.25,-54.0,1,10.6,10.447969952528743,4.794228376642471,2.1792808209620045,2.2109918775758173
A827,2022-12-06,-31.25,-54.0,1,11.1,9.966258861169921,4.768041841943714,2.090220512223343,2.3279997046911474
A827,2022-12-07,-31.25,-54.0,1,7.9,9.225342061670487,4.321995225875196,2.1345100074242613,1.8278594924639846
A827,2022-12-08,-31.25,-54.0,1,10.1,10.238265067009225,4.908271938803418,2.085920502095326,2.057750696360615
A827,2022-12-09,-31.25,-54.0,1,8.2,10.134446809917744,3.6838381639475815,2.751056468522419,2.225939260918271
A827,2022-12-10,-31.25,-54.0,1,10.7,10.1260039245397,4.628912545579138,2.18755567853849,2.3115580375825155
A827,2022-12-11,-31.25,-54.0,1,9.7,11.481660894892135,4.895028074356958,2.3455761071197614,1.9816025266155912
A827,2022-12-12,-31.25,-54.0,1,14.3,12.082572386937175,7.167799863024295,1.6856737936094102,1.9950333816890964
A827,2022-12-13,-31.25,-54.0,1,11.1,11.144919327454074,5.062763730277188,2.201350867077474,2.1924783757175788
A827,2022-12-14,-31.25,-54.0,1,8.9,9.690757504772,4.231978135563913,2.289888367648833,2.103035439906419
A827,2022-12-15,-31.25,-54.0,1,11.6,12.378492683623369,6.921540575100304,1.7884013752883312,1.675927472235023
A827,2022-12-16,-31.25,-54.0,1,14.9,14.224781821271584,7.222721473321083,1.9694490330015288,2.0629343184611026
A827,2022-12-17,-31.25,-54.0,1,15.7,13.810774918883268,6.678511703087828,2.0679420105676867,2.3508231621037754
A827,2022-12-18,-31.25,-54.0,1,14.5,15.676976064984224,8.060461173680533,1.944922967456696,1.7989045152089074
A827,2022-12-19,-31.25,-54.0,1,15.6,13.739737579275658,7.241796483038765,1.8972830307308306,2.1541616139775868
A827,2022-12-20,-31.25,-54.0,1,13.2,11.143157840319084,6.572198753137177,1.6954992170618703,2.0084602574897943
A827,2022-12-21,-31.25,-54.0,1,11.9,12.779669499226902,6.773901081569496,1.8866040919903546,1.7567425116935425
A827,2022-12-22,-31.25,-54.0,1,11.2,11.569838602787106,6.442103462196748,1.7959721806209255,1.738562577537495
A827,2022-12-23,-31.25,-54.0,1,17.9,14.345189234902287,6.854019147170872,2.09296019268104,2.6116063605378996
A827,2022-12-24,-31.25,-54.0,1,9.3,10.812859159832488,4.673211391091774,2.313796285878338,1.9900661925390235
A827,2022-12-25,-31.25,-54.0,1,11.6,9.558205090329555,4.685159088004181,2.0401025687264824,2.4759031192132803
A827,2022-12-26,-31.25,-54.0,1,8.0,8.050115323386267,4.024424737025413,2.000314541684379,1.9878617498790816
A827,2022-12-27,-31.25,-54.0,1,9.4,8.455589987505203,4.06875643970682,2.078175509594888,2.3102882021311975
A827,2022-12-28,-31.25,-54.0,1,10.2,11.11762816345646,5.2309771875625,2.1253444174618905,1.949922478012743
A827,2022-12-29,-31.25,-54.0,1,12.3,8.82197333729615,4.221558880075696,2.0897430517747426,2.9136156451712103
A827,2022-12-30,-31.25,-54.0,1,11.7,9.897317291984972,4.54281464608607,2.1786751305189513,2.575495790936641
A827,2022-12-31,-31.25,-54.0,1,8.0,10.112192424700039,4.189220426728231,2.413860192264371,1.9096631795639305
A836,2021-01-01,-32.5,-53.25,1,9.1,11.765301666717855,6.468521392801455,1.8188548745948283,1.406813002137862
A836,2021-01-02,-32.5,-53.25,1,8.2,8.648990669653005,5.659871131816264,1.528125017022698,1.4487962374098442
A836,2021-01-03,-32.5,-53.25,1,10.8,9.998322215943725,6.611511167678712,1.5122597485461278,1.633514596904456
A836,2021-01-04,-32.5,-53.25,1,11.5,11.242606063050467,7.1193879552382535,1.5791534516360302,1.6153073933186364
A836,2021-01-05,-32.5,-53.25,1,12.1,12.571116296389091,6.8676299044632545,1.8304883156588208,1.7618887692442835
A836,2021-01-06,-32.5,-53.25,1,10.4,13.292937390673854,6.208931219391504,2.140938097229656,1.6750064757552967
A836,2021-01-07,-32.5,-53.25,1,11.9,10.50106220577768,6.233738321185269,1.684552938337173,1.9089668810059002
A836,2021-01-08,-32.5,-53.25,1,10.0,10.556603507672897,6.303694962179151,1.6746691537281397,1.5863711775391902
A836,2021-01-09,-32.5,-53.25,1,10.3,9.152498404495178,7.668443050875789,1.1935275966416548,1.3431670459916463
A836,2021-01-10,-32.5,-53.25,1,8.6,9.897640899856965,5.9972178687042685,1.6503720752761988,1.4339982619070792
A836,2021-01-11,-32.5,-53.25,1,13.9,14.440048247351134,6.194943610095697,2.330941031298277,2.243765379453596
A836,2021-01-12,-32.5,-53.25,1,10.6,8.033801358701329,7.294208235412761,1.1013945721617744,1.4532077585251681
A836,2021-01-13,-32.5,-53.25,1,8.7,10.821956579082638,6.444244423515065,1.6793212466605534,1.3500419022366186
A836,2021-01-14,-32.5,-53.25,1,12.1,11.200832032775162,7.925915339884,1.4131909757364494,1.5266375530295646
A836,2021-01-15,-32.5,-53.25,1,12.9,12.968413118256235,8.918214440472903,1.4541490569460407,1.4464778892798138
A836,2021-01-16,-32.5,-53.25,1,14.8,17.729485527447203,8.290305732705761,2.1385804214075366,1.7852176357758556
A836,2021-01-17,-32.5,-53.25,1,11.1,14.119890333005593,6.739418255635696,2.095120053010233,1.647026431505102
A836,2021-01-18,-32.5,-53.25,1,7.4,9.13510173186293,5.285176404547519,1.728438377951363,1.400142480321532
A836,2021-01-19,-32.5,-53.25,1,8.1,7.809344783659685,4.418586586385922,1.7673852556654666,1.833165389348
A836,2021-01-20,-32.5,-53.25,1,9.7,10.323522946213826,6.48812594622981,1.5911409599273776,1.4950387955456659
A836,2021-01-21,-32.5,-53.25,1,10.5,12.144280398433025,7.428977443162831,1.6347176298953319,1.4133842887978545
A836,2021-01-22,-32.5,-53.25,1,12.4,11.908413665794704,7.376653806147675,1.6143381509743995,1.680978981237521
A836,2021-01-23,-32.5,-53.25,1,9.4,9.128200560451901,5.847217840925735,1.561118605255644,1.607602154687602
A836,2021-01-24,-32.5,-53.25,1,6.5,8.38803852816318,4.602033042696453,1.8226810738517443,1.4124192372576878
A836,2021-01-25,-32.5,-53.25,1,10.1,10.417049637905777,5.017022401862243,2.076341065178247,2.0131462829926834
A836,2021-01-26,-32.5,-53.25,1,13.9,14.83578993835205,4.4776538713518566,3.313295391872921,3.104304262759691
A836,2021-01-27,-32.5,-53.25,1,10.5,8.973670721775719,4.665837635599116,1.9232711085591507,2.2503997824287234
A836,2021-01-28,-32.5,-53.25,1,7.5,8.678190149173288,5.2098708619810505,1.6657207787053308,1.4395750295330985
A836,2021-01-29,-32.5,-53.25,1,6.4,9.751623178536201,5.224008698136367,1.8666935187177296,1.2251128146634138
A836,2021-01-30,-32.5,-53.25,1,13.6,12.211364063946315,6.495829002528907,1.8798776967793145,2.093651171344774
A836,2021-01-31,-32.5,-53.25,1,13.6,12.601695587263693,7.499117240900922,1.6804238662295885,1.813546789990729
A836,2021-02-01,-32.5,-53.25,1,8.0,8.154801294609488,4.874178167626997,1.6730617991708885,1.6413023334136378
A836,2021-02-02,-32.5,-53.25,1,16.8,8.547759765025482,3.125191546656829,2.735115476095998,5.375670498652086
A836,2021-02-03,-32.5,-53.25,1,4.5,11.461971950818464,3.0819293659984663,3.7190897615218637,1.4601243135700857
A836,2021-02-04,-32.5,-53.25,1,13.7,17.087583296531225,10.367417896038859,1.648200493881893,1.3214476485253324
A836,2021-02-05,-32.5,-53.25,1,11.4,12.736588038004555,7.672356331572113,1.6600621096797716,1.485853824735493
A836,2021-02-06,-32.5,-53.25,1,5.9,6.740668405626528,4.439006615348725,1.518508303709069,1.329126201254039
A836,2021-02-07,-32.5,-53.25,1,5.7,6.050447334023465,3.8626458953203953,1.566399690262469,1.475672415870573
A836,2021-02-08,-32.5,-53.25,1,16.9,9.01825562930444,5.264384167599151,1.713069438360776,3.210252037458605
A836,2021-02-09,-32.5,-53.25,1,8.8,7.90647353263801,5.443090117371555,1.4525707570787039,1.6167286982655145
A836,2021-02-10,-32.5,-53.25,1,9.5,9.546051236182047,6.619112018454867,1.4421951478637205,1.4352378345483316
A836,2021-02-11,-32.5,-53.25,1,11.4,10.907446572250523,7.010279505503519,1.5559217808202195,1.6261833770037657
A836,2021-02-12,-32.5,-53.25,1,9.8,10.325154707037449,5.707071953687256,1.809186004806986,1.7171677665056182
A836,2021-02-13,-32.5,-53.25,1,5.4,10.835641544798854,4.847503264052112,2.235303609830095,1.11397552633849
A836,2021-02-14,-32.5,-53.25,1,11.5,8.732618688407042,3.3545077268026766,2.6032489413075437,3.428222838216902
A836,2021-02-15,-32.5,-53.25,1,10.2,8.759790410462703,2.4684666093424736,3.5486768900617425,4.1321199004255424
A836,2021-02-16,-32.5,-53.25,1,8.7,13.4334387962909,5.600262476357149,2.3987159267986784,1.5534986148826302
A836,2021-02-17,-32.5,-53.25,1,10.9,12.365959899313124,6.3237275964599196,1.9554858603074081,1.723666909071466
A836,2021-02-18,-32.5,-53.25,1,8.3,9.362174934877148,6.067882927449998,1.5429063228172009,1.3678576365493658
A836,2021-02-19,-32.5,-53.25,1,11.0,6.996285425047845,3.2005956961058226,2.1859322730328774,3.4368602111737334
A836,2021-02-20,-32.5,-53.25,1,6.1,6.629695939153833,3.7748289366356884,1.7562904307559275,1.6159672669661733
A836,2021-02-21,-32.5,-53.25,1,7.5,7.625313627846258,4.804290692392656,1.587188227373615,1.5611045376325499
A836,2021-02-22,-32.5,-53.25,1,6.7,9.885434987588763,5.3467213878355375,1.8488778955416245,1.253104381919608
A836,2021-02-23,-32.5,-53.25,1,16.1,9.32027569010475,5.805664758866688,1.60537614161589,2.7731535782205325
A836,2021-02-24,-32.5,-53.25,1,2.7,6.23974576122218,3.0034955065797377,2.0774946217008847,0.8989525684606913
A836,2021-02-25,-32.5,-53.25,1,4.9,6.252544023961908,3.350686762129974,1.866048505228604,1.4623867725806619
A836,2021-02-26,-32.5,-53.25,1,9.5,11.642969355457756,5.762680515943587,2.0204086142282565,1.648538379616289
A836,2021-02-27,-32.5,-53.25,1,11.8,12.754047476765896,8.023333436028526,1.5896195239118753,1.4707104090941145
A836,2021-02-28,-32.5,-53.25,1,9.5,11.905140922826092,7.688306814123145,1.548473703072928,1.235642675257033
A836,2021-03-01,-32.5,-53.25,1,10.4,13.798310148562583,7.964497543498103,1.732477167982426,1.305794865677389
A836,2021-03-02,-32.5,-53.25,1,8.3,11.2564505074423,5.647062735039072,1.99332839665441,1.4697906485968182
A836,2021-03-03,-32.5,-53.25,1,8.3,10.69446876687605,6.129694170268906,1.744698588511617,1.354064292515247
A836,2021-03-04,-32.5,-53.25,1,8.4,8.830530031153623,5.326045486386543,1.6579899765641501,1.5771551372346582
A836,2021-03-05,-32.5,-53.25,1,10.3,13.244580811572922,6.260770042322065,2.1154875074537354,1.6451650404619909
A836,2021-03-06,-32.5,-53.25,1,5.2,7.457917363018552,5.3454971995950995,1.3951774894921767,0.9727813533217976
A836,2021-03-07,-32.5,-53.25,1,6.0,5.134608434018426,2.9430836198818344,1.7446355921836096,2.0386780584375312
A836,2021-03-08,-32.5,-53.25,1,4.8,6.358022226013385,3.433668277374318,1.8516704912669324,1.3979218760382113
A836,2021-03-09,-32.5,-53.25,1,7.6,8.018510630999485,4.8643255267583285,1.6484321591740099,1.5623954355424836
A836,2021-03-10,-32.5,-53.25,1,7.7,7.053289396800044,4.359972551822978,1.617737110260234,1.7660661640588768
A836,2021-03-11,-32.5,-53.25,1,0.0,7.002768041538424,3.2400519339862686,2.161313517256758,0.0
A836,2021-03-12,-32.5,-53.25,1,3.0,4.741013137614812,2.4116758679500876,1.9658583479730423,1.243948260157359
A836,2021-03-13,-32.5,-53.25,1,5.9,7.096862944604754,4.639612281866599,1.5296241395734815,1.2716579838059927
A836,2021-03-14,-32.5,-53.25,1,5.0,6.773416663913135,4.317098794211591,1.568974208557608,1.158185216123395
A836,2021-03-15,-32.5,-53.25,1,6.9,6.6801040597815335,4.565877648168304,1.4630492918401776,1.511210008609862
A836,2021-03-16,-32.5,-53.25,1,8.2,11.157161817933506,6.549179740727813,1.7035968258054872,1.2520651936006768
A836,2021-03-17,-32.5,-53.25,1,10.9,11.871511642729697,8.013063061813412,1.4815198072387428,1.3602788242044928
A836,2021-03-18,-32.5,-53.25,1,9.9,9.81846212880427,7.760135642247871,1.2652436222055734,1.275750896170196
A836,2021-03-19,-32.5,-53.25,1,6.3,6.883343621939749,4.421235421839634,1.5568824016785008,1.4249410852179027
A836,2021-03-20,-32.5,-53.25,1,8.9,11.720127168017592,7.292988599325347,1.6070403797287969,1.2203501868662339
A836,2021-03-21,-32.5,-53.25,1,7.4,9.236230500494639,6.483297397798984,1.4246192845681038,1.1413945012783506
A836,2021-03-22,-32.5,-53.25,1,8.5,5.271675599728178,5.528840923850695,0.9534865756377364,1.5373927586399012
A836,2021-03-23,-32.5,-53.25,1,5.4,7.171192204853497,3.9910667297477382,1.7968109005550914,1.353021727186535
A836,2021-03-24,-32.5,-53.25,1,6.9,6.596874965562777,4.536055792584793,1.4543196263914695,1.5211453111488638
A836,2021-03-25,-32.5,-53.25,1,8.8,9.486822113078151,6.4164294189621565,1.4785204501809395,1.3714792800484636
A836,2021-03-26,-32.5,-53.25,1,8.1,12.393705399460387,5.581738175736315,2.220402499948051,1.4511608651245071
A836,2021-03-27,-32.5,-53.25,1,5.5,7.631168447727487,4.373759505892285,1.7447617861583045,1.2574994104249342
A836,2021-03-28,-32.5,-53.25,1,6.4,8.034134852363307,4.095181256952822,1.9618508554958116,1.5628123881291076
A836,2021-03-29,-32.5,-53.25,1,7.6,8.91940858883751,5.91136871584745,1.5088567500325223,1.2856582570506208
A836,2021-03-30,-32.5,-53.25,1,9.9,9.891427969129614,5.8606803901630435,1.6877610295439496,1.6892236636239062
A836,2021-03-31,-32.5,-53.25,1,6.9,7.330552962781555,4.71958457016204,1.5532199611649022,1.4619930838029458
A836,2021-04-01,-32.5,-53.25,1,5.9,8.092584081813184,5.341608658609465,1.515008792111674,1.1045361757249916
A836,2021-04-02,-32.5,-53.25,1,7.6,6.487034717910061,4.583873094774232,1.415186368336745,1.6579865635163968
A836,2021-04-03,-32.5,-53.25,1,7.5,6.729239280812318,4.8967478321871925,1.3742262234905858,1.531628798751116
A836,2021-04-04,-32.5,-53.25,1,9.0,8.569367230941502,6.51047742765405,1.316242522329018,1.3823870983365059
A836,2021-04-05,-32.5,-53.25,1,9.9,11.625547917600704,6.946823758800578,1.6735055215519017,1.4251117264142759
A836,2021-04-06,-32.5,-53.25,1,7.5,8.815989176523296,4.979122896976056,1.7705907965994296,1.5062893917631426
A836,2021-04-07,-32.5,-53.25,1,10.0,10.011964883928242,6.242823813040509,1.6037557976591377,1.6018392156304653
A836,2021-04-08,-32.5,-53.25,1,7.9,10.374002837156736,6.355400230776033,1.6323130661261291,1.2430373718627885
A836,2021-04-09,-32.5,-53.25,1,5.9,10.667246171625981,5.578200826151232,1.9123094531872595,1.0576887035583478
A836,2021-04-10,-32.5,-53.25,1,8.2,11.78671178807007,5.580105388769694,2.1122740462557488,1.4695062957955962
A836,2021-04-11,-32.5,-53.25,1,12.6,19.217574095094577,10.685228182046476,1.7985178947684346,1.1791980279064849
A836,2021-04-12,-32.5,-53.25,1,9.4,7.89904646410762,7.306012619741542,1.0811706569960808,1.2866115197502268
A836,2021-04-13,-32.5,-53.25,1,4.5,3.8487341358797402,2.280489982455987,1.6876785977962612,1.9732601478712477
A836,2021-04-14,-32.5,-53.25,1,8.5,10.736954177636942,6.071820630554647,1.768325322985726,1.3999096016154127
A836,2021-04-15,-32.5,-53.25,1,8.0,8.094588448887697,4.95189347078129,1.6346451103300017,1.6155436394591487
A836,2021-04-16,-32.5,-53.25,1,4.5,4.140895588372987,2.266589413803033,1.8269279663779598,1.9853617830366568
A836,2021-04-17,-32.5,-53.25,1,5.2,4.9373231220260365,3.0994406050554515,1.5929723299013512,1.6777220997616014
A836,2021-04-18,-32.5,-53.25,1,7.4,7.046170062418911,4.9853460049621585,1.4133763344420855,1.48435033248132
A836,2021-04-19,-32.5,-53.25,1,7.5,7.749331235008768,5.5201149950794814,1.4038351088548635,1.3586673478152806
A836,2021-04-20,-32.5,-53.25,1,9.2,11.108832357852812,6.953360220946693,1.5976207193161,1.3231013075211324
A836,2021-04-21,-32.5,-53.25,1,12.6,15.676080369266453,8.622480111596907,1.818047727147868,1.4612964990262465
A836,2021-04-22,-32.5,-53.25,1,10.5,14.53693102941703,8.132497279851798,1.7875113300599768,1.2911163248727637
A836,2021-04-23,-32.5,-53.25,1,10.0,13.380782184580417,6.748370443158705,1.9828167847758642,1.4818392209244677
A836,2021-04-24,-32.5,-53.25,1,8.5,11.73942817756011,5.34767654967513,2.1952390105331405,1.5894753396250887
A836,2021-04-25,-32.5,-53.25,1,11.0,8.868943338050443,6.559062755204684,1.3521662574447615,1.6770688756211987
A836,2021-04-26,-32.5,-53.25,1,8.3,9.077300833640162,6.622953247569612,1.3705820491743934,1.2532173623671292
A836,2021-04-27,-32.5,-53.25,1,6.7,6.102673786819403,4.725974818242675,1.2913047617737083,1.4176969318874522
A836,2021-04-28,-32.5,-53.25,1,4.9,4.860147897148391,3.917242773163065,1.240706328044089,1.2508798365957252
A836,2021-04-29,-32.5,-53.25,1,0.0,3.779791877806173,2.6052454785917902,1.4508390510092195,0.0
A836,2021-04-30,-32.5,-53.25,1,5.0,7.042179535644749,4.775379979184148,1.4746846463195737,1.0470370989942097
A836,2021-05-01,-32.5,-53.25,1,6.2,7.791776601171614,4.522304755291843,1.7229658377299648,1.3709823498173086
A836,2021-05-02,-32.5,-53.25,1,4.7,7.576203771551063,3.9194131387369517,1.9329944314042198,1.199159117355665
A836,2021-05-03,-32.5,-53.25,1,7.3,8.70514062584602,4.558444338217688,1.9096735596533911,1.6014235248629218
A836,2021-05-04,-32.5,-53.25,1,18.7,12.614609485057972,6.441106727003278,1.9584537284832284,2.9032277825180777
A836,2021-05-05,-32.5,-53.25,1,7.3,10.648573392935699,5.741431790613772,1.854689523673213,1.271459849428885
A836,2021-05-06,-32.5,-53.25,1,9.0,10.221116289969794,6.107495755434812,1.6735363722315222,1.473599059318423
A836,2021-05-07,-32.5,-53.25,1,8.7,7.06336116804783,4.487211273687358,1.5741093381242834,1.938843408380633
A836,2021-05-08,-32.5,-53.25,1,5.0,5.873723542647525,3.783666227945874,1.5523894521310166,1.3214696272811741
A836,2021-05-09,-32.5,-53.25,1,8.3,10.444402378329391,6.4028648012934735,1.6312077019367124,1.2962947458024223
A836,2021-05-10,-32.5,-53.25,1,8.5,10.002715801738228,5.4400229315893,1.8387267714726232,1.5624934135188893
A836,2021-05-11,-32.5,-53.25,1,6.8,7.512555399079374,5.540386024530078,1.3559624484318438,1.2273513018574835
A836,2021-05-12,-32.5,-53.25,1,6.2,7.101913512480265,4.211037834349796,1.686499573703506,1.4723211340981242
A836,2021-05-13,-32.5,-53.25,1,5.2,5.893998179744191,3.54690195150313,1.661731353257846,1.4660681549982821
A836,2021-05-14,-32.5,-53.25,1,0.0,4.920622401499389,2.3643555418108027,2.0811685529033435,0.0
A836,2021-05-15,-32.5,-53.25,1,0.0,5.745449958659631,2.8434493705396604,2.0205916160093955,0.0
A836,2021-05-16,-32.5,-53.25,1,0.0,5.044508323376043,2.7506264548265618,1.833948886270753,0.0
A836,2021-05-17,-32.5,-53.25,1,6.2,5.892633207946765,4.1006711733002374,1.4369923748858773,1.5119476149096378
A836,2021-05-18,-32.5,-53.25,1,5.9,5.794356277753754,3.8641554130447577,1.4995142944284676,1.526853702644196
A836,2021-05-19,-32.5,-53.25,1,3.4,6.607731316012109,2.863006808321548,2.3079691242110334,1.187562666675343
A836,2021-05-20,-32.5,-53.25,1,2.4,4.536733614260328,2.2689898062225016,1.9994508577423933,1.057739436915148
A836,2021-05-21,-32.5,-53.25,1,8.9,16.8692584911364,8.312093940077892,2.029483619019147,1.0707289961061965
A836,2021-05-22,-32.5,-53.25,1,12.7,18.013405870331514,9.57178092396862,1.8819283489057184,1.3268168275976764
A836,2021-05-23,-32.5,-53.25,1,16.7,22.760678774772057,12.18973099093188,1.8672010720912595,1.370005622964393
A836,2021-05-24,-32.5,-53.25,1,11.2,14.615229645965583,11.053397220506342,1.3222387067435977,1.0132631422330212
A836,2021-05-25,-32.5,-53.25,1,12.5,12.306848378014882,8.230202161023303,1.4953275918661892,1.5187962282624916
A836,2021-05-26,-32.5,-53.25,1,4.7,4.963498631372867,4.022287210273608,1.2339990587184437,1.1684894077169323
A836,2021-05-27,-32.5,-53.25,1,5.9,8.75432674418638,5.8505311926808465,1.4963302400879859,1.0084554386071884
A836,2021-05-28,-32.5,-53.25,1,6.2,8.715101218534933,4.698632662945534,1.8548164633647928,1.3195328183227824
A836,2021-05-29,-32.5,-53.25,1,11.9,14.389491009268067,8.990276273924607,1.6005616035408543,1.3236523147252721
A836,2021-05-30,-32.5,-53.25,1,7.4,7.318285852064732,5.803694662771429,1.260970171123724,1.2750498484126473
A836,2021-05-31,-32.5,-53.25,1,9.1,9.493760643071107,7.274785788087749,1.3050227071451184,1.2508959390805685
A836,2021-06-01,-32.5,-53.25,1,5.6,8.547537182068352,6.052638156105466,1.4122002607154387,0.9252163859078743
A836,2021-06-02,-32.5,-53.25,1,8.1,7.144995303510768,5.242949999211183,1.362781507469221,1.544931765746129
A836,2021-06-03,-32.5,-53.25,1,2.9,5.038636450201631,3.7687098876015397,1.3369658584700161,0.7694940938649966
A836,2021-06-04,-32.5,-53.25,1,5.5,9.154848065718658,5.0216127191766775,1.8230892300311938,1.0952656661467428
A836,2021-06-05,-32.5,-53.25,1,10.0,12.196277583088026,5.958635482468296,2.046823911107222,1.6782365743671261
A836,2021-06-06,-32.5,-53.25,1,7.7,3.9031693657878033,4.951375436665931,0.7883000220270209,1.555123439636581
A836,2021-06-07,-32.5,-53.25,1,8.3,8.95651731178403,6.944340634605939,1.2897577729915424,1.1952178668538183
A836,2021-06-08,-32.5,-53.25,1,10.3,12.00075013757173,7.303032808003507,1.6432556792597073,1.4103729602189479
A836,2021-06-09,-32.5,-53.25,1,12.9,18.37976753119051,9.480640720058553,1.938663015918717,1.3606675309092748
A836,2021-06-10,-32.5,-53.25,1,7.7,10.047406220819697,5.213803242543862,1.9270781334505205,1.476848979871189
A836,2021-06-11,-32.5,-53.25,1,8.4,9.451951414667,6.675196232592511,1.4159810566342037,1.258389971966054
A836,2021-06-12,-32.5,-53.25,1,6.9,8.525508862949426,5.669872583325482,1.5036508735702598,1.21695856451734
A836,2021-06-13,-32.5,-53.25,1,3.8,6.396643151820691,4.371261846274534,1.4633401925515663,0.8693142011702183
A836,2021-06-14,-32.5,-53.25,1,6.1,5.29922889593476,3.902659091204498,1.3578508324946292,1.5630368570361919
A836,2021-06-15,-32.5,-53.25,1,8.1,6.844086658752691,5.591079664773921,1.2241082347427859,1.4487362880971448
A836,2021-06-16,-32.5,-53.25,1,6.8,7.467658583486888,5.955108142753982,1.2539921029936858,1.1418768285969851
A836,2021-06-17,-32.5,-53.25,1,3.7,7.294616783985294,4.105299654719069,1.7768780351027689,0.9012740387286531
A836,2021-06-18,-32.5,-53.25,1,2.8,4.237131887254839,3.5131404397552797,1.2060809864891116,0.7970077052185947
A836,2021-06-19,-32.5,-53.25,1,5.2,4.670394777809478,3.7024042778006363,1.261449163132413,1.4044927592534522
A836,2021-06-20,-32.5,-53.25,1,5.8,8.967844165303177,5.335379779514274,1.6808258335678585,1.0870828768871676
A836,2021-06-21,-32.5,-53.25,1,0.0,4.621661614569653,3.097533297421184,1.4920458218858745,0.0
A836,2021-06-22,-32.5,-53.25,1,7.6,8.235615280548421,5.626259652133503,1.463781586657743,1.350808613519649
A836,2021-06-23,-32.5,-53.25,1,11.3,17.251479814992255,9.596598278976812,1.7976661430941554,1.1775005758816453
A836,2021-06-24,-32.5,-53.25,1,13.3,14.863808812331813,8.723475248717435,1.70388616790277,1.5246217385617535
A836,2021-06-25,-32.5,-53.25,1,8.6,13.940074818177564,7.76741268941514,1.7946870310076448,1.1071897868539222
A836,2021-06-26,-32.5,-53.25,1,0.0,8.44265307180535,7.891581306778487,1.0698303348346063,0.0
A836,2021-07-12,-32.5,-53.25,1,0.0,5.272320564419254,4.1265696065511825,1.2776521583566944,0.0
A836,2021-08-25,-32.5,-53.25,1,10.0,16.33518348631249,8.33516252227279,1.959791838810876,1.1997366545977377
A836,2021-08-26,-32.5,-53.25,1,8.4,6.290793394843361,7.815154084958632,0.8049480952590407,1.0748348540135615
A836,2021-08-27,-32.5,-53.25,1,6.6,5.681711269476668,4.694393172142348,1.210318578169656,1.405932515232422
A836,2021-08-28,-32.5,-53.25,1,7.8,9.819302373956605,6.515059572970442,1.5071700057348278,1.1972261976483676
A836,2021-08-29,-32.5,-53.25,1,9.7,9.455252934648936,6.445834107605778,1.4668781071315793,1.504847912321302
A836,2021-08-30,-32.5,-53.25,1,6.9,7.132217404299416,5.941287488498132,1.200449804542674,1.161364437145629
A836,2021-08-31,-32.5,-53.25,1,7.7,8.498069862772114,5.702724000574117,1.4901773015696673,1.3502319241164065
A836,2021-09-01,-32.5,-53.25,1,5.1,7.467712914003465,4.792948719931427,1.5580623433230274,1.0640631264823892
A836,2021-09-02,-32.5,-53.25,1,6.2,5.7568293126324726,4.560277889889013,1.2623856378130895,1.359566269798285
A836,2021-09-03,-32.5,-53.25,1,7.0,9.03469726614735,6.168319265821196,1.4646935213306522,1.1348310128477246
A836,2021-09-04,-32.5,-53.25,1,7.5,5.060548159240843,5.969296947046645,0.8477628444576857,1.256429369577716
A836,2021-09-05,-32.5,-53.25,1,11.9,5.719593008763127,5.1119079436351305,1.1188763709809424,2.327897945583462
A836,2021-09-06,-32.5,-53.25,1,9.7,13.152020209823586,8.071991730492012,1.6293401491160757,1.2016860675610175
A836,2021-09-07,-32.5,-53.25,1,11.2,13.460022574806153,10.057879200908442,1.3382565355915614,1.1135548336063132
A836,2021-09-08,-32.5,-53.25,1,19.8,19.43358846169486,10.362016646440923,1.8754639299262061,1.9108249557580834
A836,2021-09-09,-32.5,-53.25,1,11.8,18.71761583093658,11.0993440414535,1.6863713532106568,1.0631258888750281
A836,2021-09-10,-32.5,-53.25,1,11.2,14.25817321226093,8.979073780980634,1.5879336287961483,1.2473446897968143
A836,2021-09-11,-32.5,-53.25,1,4.8,5.710716675906187,4.768789017592565,1.1975192559030714,1.006544844465187
A836,2021-09-12,-32.5,-53.25,1,7.6,9.925006443357717,6.320044915086575,1.5704012513686003,1.2025230994574176
A836,2021-09-13,-32.5,-53.25,1,10.5,16.94033178468909,6.752327371675436,2.5088137544619276,1.5550193913946242
A836,2021-09-14,-32.5,-53.25,1,11.3,13.305336773632606,8.787485826918143,1.5141232698066174,1.2859195704629685
A836,2021-09-15,-32.5,-53.25,1,4.6,7.158564847048197,5.08998904998369,1.406400834412627,0.9037347536169531
A836,2021-09-16,-32.5,-53.25,1,4.3,4.375388356359878,3.332441167853267,1.3129679223049777,1.2903453604763941
A836,2021-09-17,-32.5,-53.25,1,8.2,10.396543166920905,6.741397846820179,1.5421939786308274,1.2163649418596207
A836,2021-09-18,-32.5,-53.25,1,5.3,7.9906993565667035,4.466776592277811,1.7889185168519666,1.1865379632289357
A836,2021-09-19,-32.5,-53.25,1,7.7,13.850961260621474,7.635839021389266,1.8139409725404907,1.0084026101690997
A836,2021-09-20,-32.5,-53.25,1,10.2,13.802700075140892,6.9852023744390905,1.9759914366474234,1.4602297046288593
A836,2021-09-21,-32.5,-53.25,1,10.2,14.713233011083831,8.746328940390288,1.6822181181796807,1.1662035660351968
A836,2021-09-22,-32.5,-53.25,1,9.1,10.701556167850566,7.480465469316057,1.4306003031157652,1.216501839000136
A836,2021-09-23,-32.5,-53.25,1,9.0,9.926195155987488,7.023528866115922,1.413277477063573,1.2814071347267182
A836,2021-09-24,-32.5,-53.25,1,6.9,7.378004408433111,5.9398434764175745,1.242121015094983,1.1616467719047563
A836,2021-09-25,-32.5,-53.25,1,6.6,7.125071797843783,5.348323368750493,1.3322066200175149,1.2340315917625473
A836,2021-09-26,-32.5,-53.25,1,3.8,4.195254648917324,3.2748998892854404,1.2810329447452813,1.1603408129917316
A836,2021-09-27,-32.5,-53.25,1,4.9,4.65443352310231,4.426503919990767,1.0514920142919513,1.1069684086059095
A836,2021-09-28,-32.5,-53.25,1,6.0,7.001994265259037,5.926107065491886,1.1815504154543737,1.0124690515529828
A836,2021-09-29,-32.5,-53.25,1,8.3,11.398539803097439,6.7930258403159165,1.677976806071937,1.2218413701211537
A836,2021-09-30,-32.5,-53.25,1,11.4,18.220032352853607,10.269432289965152,1.7742005437493793,1.1100905754195964
A836,2021-10-01,-32.5,-53.25,1,10.0,11.902944700388808,7.674442862000789,1.5509848616275468,1.3030261844171083
A836,2021-10-02,-32.5,-53.25,1,5.4,7.728518570585216,4.8894712605964425,1.5806450551961015,1.1044138951215108
A836,2021-10-03,-32.5,-53.25,1,6.7,5.621537130053469,5.805709545207587,0.968277363219773,1.154036375369591
A836,2021-10-04,-32.5,-53.25,1,6.7,6.893738145185202,5.073813922275783,1.3586895875150893,1.320505659575867
A836,2021-10-05,-32.5,-53.25,1,4.9,6.131801955347665,4.53471511685073,1.3521912176053257,1.080552994782824
A836,2021-10-06,-32.5,-53.25,1,10.9,11.698174705984242,9.036179273238131,1.2945930301128454,1.20626203513711
A836,2021-10-07,-32.5,-53.25,1,8.4,8.963276574046802,8.09633289720181,1.1070785611032148,1.037506746159504
A836,2021-10-08,-32.5,-53.25,1,6.4,7.922598057448693,5.457211182256294,1.4517668077805779,1.1727601857903378
A836,2021-10-09,-32.5,-53.25,1,10.1,11.750244474811335,7.904377895972246,1.486548926361275,1.2777729168473277
A836,2021-10-10,-32.5,-53.25,1,11.8,15.957140681842809,9.780965540242255,1.631448410301585,1.2064248617839153
A836,2021-10-11,-32.5,-53.25,1,10.3,11.477081623302398,7.903596340950925,1.4521340827891431,1.3032042067523848
A836,2021-10-12,-32.5,-53.25,1,3.1,7.4088545514851925,5.5412174488284975,1.3370445429914581,0.5594438458024039
A836,2021-10-13,-32.5,-53.25,1,6.6,7.6058873755501235,4.465314803682052,1.703326128155262,1.4780592836495445
A836,2021-10-14,-32.5,-53.25,1,9.3,12.937099897373137,4.834472504159123,2.6760106477476664,1.9236845368339897
A836,2021-10-15,-32.5,-53.25,1,9.0,14.119460487834088,7.366602978574236,1.9166854150957418,1.2217300194100997
A836,2021-10-16,-32.5,-53.25,1,6.8,8.757922202956024,6.521156079937265,1.3430014702301494,1.0427598905231872
A836,2021-10-17,-32.5,-53.25,1,4.7,4.205619126006491,3.0214589837384582,1.3919166696093517,1.5555398982066204
A836,2021-10-18,-32.5,-53.25,1,4.1,4.902699439458904,3.362320469484897,1.4581297303317404,1.2193959609769482
A836,2021-10-19,-32.5,-53.25,1,6.8,7.600533456264495,5.402492266291426,1.4068568878270562,1.2586783404445114
A836,2021-10-20,-32.5,-53.25,1,8.6,8.400175986837555,5.7105346109415915,1.4709964231269193,1.5059885958001353
A836,2021-10-21,-32.5,-53.25,1,5.0,5.5621479493309085,4.458679076659243,1.2474878442021584,1.1214083619910034
A836,2021-10-22,-32.5,-53.25,1,5.6,5.531761472459319,3.997458286647269,1.383819686358477,1.4008901653097192
A836,2021-10-23,-32.5,-53.25,1,7.3,7.115569667889586,5.542636627526797,1.283787869576551,1.3170627068975589
A836,2021-10-24,-32.5,-53.25,1,7.5,7.812642044599556,6.0959712655411105,1.2816074263279955,1.2303207599411576
A836,2021-10-25,-32.5,-53.25,1,11.1,15.994384458989712,8.861491839396008,1.80493135341869,1.252610756876414
A836,2021-10-26,-32.5,-53.25,1,7.7,7.268526989898522,5.828017137465922,1.2471698038037937,1.3212040765116957
A836,2021-10-27,-32.5,-53.25,1,4.2,5.156895721363315,4.3156250112098595,1.194936007639276,0.9732078178920729
A836,2021-10-28,-32.5,-53.25,1,6.7,7.081700772607864,5.8299082153408035,1.214719084937409,1.1492462235288095
A836,2021-10-29,-32.5,-53.25,1,9.7,13.150531662948158,8.443065012158208,1.5575542346305624,1.1488718831409892
A836,2021-10-30,-32.5,-53.25,1,9.0,14.18822075794975,8.138097623750468,1.7434321157001633,1.1059095646302066
A836,2021-10-31,-32.5,-53.25,1,7.9,10.371032951318346,6.828884249030982,1.5187009433920329,1.1568507697463184
A836,2021-11-01,-32.5,-53.25,1,6.9,8.78082106214513,6.018746155521621,1.4589120117799903,1.1464181777578233
A836,2021-11-02,-32.5,-53.25,1,7.6,9.581061075733695,6.3200532457170455,1.5159779044941686,1.2025215143797
A836,2021-11-03,-32.5,-53.25,1,8.4,15.717377038843088,5.9503373880272115,2.6414261938269794,1.4116846578988618
A836,2021-11-04,-32.5,-53.25,1,3.5,8.13498293536018,5.351613075520304,1.5200992337379073,0.6540084177628475
A836,2021-11-05,-32.5,-53.25,1,11.1,11.461536203816884,9.645887399090986,1.1882303545132615,1.1507494894711343
A836,2021-11-06,-32.5,-53.25,1,9.6,8.675367609787788,8.345489743851227,1.0395276821446708,1.1503219457040337
A836,2021-11-07,-32.5,-53.25,1,5.0,4.700836038951232,3.745396326708568,1.2550970922434526,1.3349722069049954
A836,2021-11-08,-32.5,-53.25,1,6.4,5.141091431851751,3.4000842858136076,1.5120482316577448,1.882306278907007
A836,2021-11-09,-32.5,-53.25,1,6.5,7.109237498504095,4.836288791047012,1.4699778705657094,1.3440057616147465
A836,2021-11-10,-32.5,-53.25,1,7.4,9.433757513014896,6.316487891340313,1.4935131160384638,1.17153711481742
A836,2021-11-11,-32.5,-53.25,1,8.2,10.187288684448006,6.863531718530867,1.4842633650170682,1.1947202018256575
A836,2021-11-12,-32.5,-53.25,1,9.8,10.207898449224324,7.305000425109055,1.3973850588888819,1.3415468076244086
A836,2021-11-13,-32.5,-53.25,1,11.2,14.76114510541577,9.078958475143084,1.6258632689894679,1.233621679255834
A836,2021-11-14,-32.5,-53.25,1,10.8,15.54184002477511,8.397403491221638,1.8507911452655603,1.286111833412549
A836,2021-11-15,-32.5,-53.25,1,8.0,11.423295485360194,6.961693234716502,1.6408788925651907,1.1491457222081662
A836,2021-11-16,-32.5,-53.25,1,9.7,12.959143380568333,6.660046507488491,1.945803736655172,1.456446285937105
A836,2021-11-17,-32.5,-53.25,1,9.0,7.9952346572737785,6.628663048911505,1.2061609706631082,1.3577398539631447
A836,2021-11-18,-32.5,-53.25,1,3.3,5.400177108574393,3.0364084470265342,1.7784751962018246,1.0868103081558718
A836,2021-11-19,-32.5,-53.25,1,8.2,7.931030119896971,4.7482874499487115,1.6702927536500844,1.7269384144147741
A836,2021-11-20,-32.5,-53.25,1,11.7,9.9284975512729,5.636716303771975,1.761397419385636,2.0756765764795717
A836,2021-11-21,-32.5,-53.25,1,7.2,10.050572010858128,5.332049615294753,1.8849359507136798,1.3503250193597434
A836,2021-11-22,-32.5,-53.25,1,8.4,8.505550236241858,5.511560699407294,1.5432199153964745,1.5240692170737273
A836,2021-11-23,-32.5,-53.25,1,9.3,11.92228563650354,8.808856006546172,1.3534431290105853,1.055755706880535
A836,2021-11-24,-32.5,-53.25,1,6.8,8.530644733642905,4.744315737539807,1.7980769420853344,1.4332941516085056
A836,2021-11-25,-32.5,-53.25,1,8.3,13.25562509058018,5.872860042131451,2.2570987552036543,1.413280742339581
A836,2021-11-26,-32.5,-53.25,1,11.9,20.11073472992933,10.32374720115823,1.948007282440342,1.1526822352512591
A836,2021-11-27,-32.5,-53.25,1,8.0,11.479653058697904,6.645811902957135,1.7273514848637068,1.203765637188784
A836,2021-11-28,-32.5,-53.25,1,6.0,7.7056830554274685,4.102785577889697,1.878158853086091,1.462421051768967
A836,2021-11-29,-32.5,-53.25,1,14.1,18.47618565134117,10.346976543569996,1.7856603398625632,1.362716919346094
A836,2021-11-30,-32.5,-53.25,1,10.4,9.829521609698515,9.16297090516226,1.0727439507813707,1.1350030582483701
A836,2021-12-01,-32.5,-53.25,1,5.6,6.128528592287473,5.713230106362223,1.0726906632839408,0.9801810702082293
A836,2021-12-02,-32.5,-53.25,1,7.6,7.0973334303629425,5.696734315133907,1.2458600028981892,1.3340976741376003
A836,2021-12-03,-32.5,-53.25,1,9.4,7.872539686565471,5.995589992511918,1.3130550448575928,1.5678190155997922
A836,2021-12-04,-32.5,-53.25,1,8.4,8.457818444599154,5.962804180536066,1.4184296831694347,1.4087331640739587
A836,2021-12-05,-32.5,-53.25,1,7.8,6.462605941605412,5.997931882582953,1.0774723801668704,1.3004482466114642
A836,2021-12-06,-32.5,-53.25,1,7.7,8.75637094477047,6.33080154348943,1.3831378040550784,1.2162756875420695
A836,2021-12-07,-32.5,-53.25,1,8.5,9.501476481123314,6.489728089740925,1.4640792880280167,1.309762116757549
A836,2021-12-08,-32.5,-53.25,1,9.8,8.945373751757648,6.541892164571561,1.36739853343998,1.49803753309679
A836,2021-12-09,-32.5,-53.25,1,7.9,9.867310257228565,6.636036105748336,1.4869283560228375,1.1904697132610205
A836,2021-12-10,-32.5,-53.25,1,8.6,8.670835435965685,5.851894603558156,1.4817142179378135,1.469609516680444
A836,2021-12-11,-32.5,-53.25,1,7.4,9.918190305059623,5.453433800807671,1.81870554724451,1.3569432160163082
A836,2021-12-12,-32.5,-53.25,1,8.2,10.092377634531912,6.007927629376248,1.6798434097615318,1.3648633115860844
A836,2021-12-13,-32.5,-53.25,1,9.8,12.615976996346914,5.948248532264756,2.1209566022527078,1.647543801648906
A836,2021-12-14,-32.5,-53.25,1,8.6,10.63492671387098,6.436960826300907,1.6521658280748768,1.3360342298280095
A836,2021-12-15,-32.5,-53.25,1,6.6,7.754665443086731,5.634963351954707,1.3761696321231127,1.1712587265914571
A836,2021-12-16,-32.5,-53.25,1,8.3,9.488832567584673,6.377914808954972,1.4877640814928708,1.3013657674364523
A836,2021-12-17,-32.5,-53.25,1,8.5,10.361468845244843,7.221532204694074,1.4348019992917538,1.17703553194361
A836,2021-12-18,-32.5,-53.25,1,8.8,8.869311862390406,6.831700262893802,1.298258342884836,1.2881127188493566
A836,2021-12-19,-32.5,-53.25,1,9.6,11.033648366272008,7.463785746803388,1.4782911434720016,1.286210553955346
A836,2021-12-20,-32.5,-53.25,1,7.7,6.878801143705886,6.029133133237287,1.1409270606058715,1.2771321896263315
A836,2021-12-21,-32.5,-53.25,1,6.2,6.709240631091144,5.305568451004998,1.2645658411626484,1.1685835471269015
A836,2021-12-22,-32.5,-53.25,1,6.4,7.47326421837978,5.899971103500371,1.2666611560090517,1.0847510755100087
A836,2021-12-23,-32.5,-53.25,1,6.6,6.708240224905402,5.002983746956976,1.3408478948158955,1.3192127605879984
A836,2021-12-24,-32.5,-53.25,1,8.0,8.265947282323625,6.212917328441817,1.3304454003408899,1.2876398601631447
A836,2021-12-25,-32.5,-53.25,1,7.0,8.81058511257525,5.92497506194573,1.4870248432205047,1.1814395717812924
A836,2021-12-26,-32.5,-53.25,1,7.2,5.530582815721524,5.356084847731362,1.0325793882940584,1.3442654858333045
A836,2021-12-27,-32.5,-53.25,1,6.9,6.587061054332532,6.039587081386362,1.0906475832815543,1.1424622092568844
A836,2021-12-28,-32.5,-53.25,1,6.1,7.960449938682909,4.9184275263357025,1.6184949144942582,1.2402337875952367
A836,2021-12-29,-32.5,-53.25,1,9.6,11.552346230079038,7.154959728717454,1.6145927675472505,1.341726629357399
A836,2021-12-30,-32.5,-53.25,1,9.8,11.343332784882898,7.097363198813078,1.5982460622530763,1.380794490218409
A836,2021-12-31,-32.5,-53.25,1,9.3,10.25949998706912,5.7239884022361185,1.7923691080612898,1.6247412374851924
A836,2022-01-01,-32.5,-53.25,1,16.4,9.367007828180144,5.8157461695429316,1.6106287233158787,2.8199304993548058
A836,2022-01-02,-32.5,-53.25,1,16.4,10.209701668128778,4.172429956474839,2.4469438132293173,3.9305632859217288
A836,2022-01-03,-32.5,-53.25,1,6.2,8.623246951438215,5.492407785128911,1.5700303562285154,1.1288309685939464
A836,2022-01-04,-32.5,-53.25,1,12.0,12.031204161117778,5.399991859148881,2.2280041294384607,2.2222255723717663
A836,2022-01-05,-32.5,-53.25,1,10.1,15.656411297533095,8.701364586175295,1.7993052862545216,1.1607374797335641
A836,2022-01-06,-32.5,-53.25,1,7.1,11.411669170208246,6.104950733725657,1.869248363818338,1.1629905481099756
A836,2022-01-07,-32.5,-53.25,1,8.0,10.221199552632918,6.544787873084091,1.5617312204522829,1.2223467215645862
A836,2022-01-08,-32.5,-53.25,1,9.8,12.700913037691567,7.8868212507832,1.6103969690488806,1.2425791948849878
A836,2022-01-09,-32.5,-53.25,1,9.8,13.083909620757941,8.271937992739264,1.581722400753295,1.1847284165575227
A836,2022-01-10,-32.5,-53.25,1,8.0,9.765328942744947,6.329060832356673,1.5429349158441814,1.2640106031373284
A836,2022-01-11,-32.5,-53.25,1,6.2,10.150755420472903,5.12472822600678,1.9807402408112547,1.209820253206106
A836,2022-01-12,-32.5,-53.25,1,7.3,8.684919653224998,6.839816230946501,1.2697592098937387,1.0672801364123519
A836,2022-01-13,-32.5,-53.25,1,8.7,10.161828496671674,6.720321543904645,1.5121045072446702,1.294580913005707
A836,2022-01-14,-32.5,-53.25,1,7.0,10.874626493154093,6.290815936241036,1.7286511961836275,1.1127332401625987
A836,2022-01-15,-32.5,-53.25,1,8.7,9.214611888211477,6.185714724465051,1.4896600148349661,1.4064664129418587
A836,2022-01-16,-32.5,-53.25,1,10.7,11.20009027401047,6.941165643580893,1.6135748445029805,1.5415278282395164
A836,2022-01-17,-32.5,-53.25,1,5.7,10.03266608792196,4.101092152307076,2.446340076088773,1.3898736698207224
A836,2022-01-18,-32.5,-53.25,1,6.1,8.016890599034012,7.673376298964074,1.044767034312694,0.7949564523277082
A836,2022-01-19,-32.5,-53.25,1,10.8,11.058163424585993,5.377085137816501,2.056534933176906,2.008523153937936
A836,2022-01-20,-32.5,-53.25,1,6.3,11.954376871990064,5.644873034072945,2.117740611672292,1.1160569886997727
A836,2022-01-21,-32.5,-53.25,1,8.0,11.514614751190669,6.960137375265455,1.6543660175603228,1.149402600648365
A836,2022-01-22,-32.5,-53.25,1,12.3,9.617990243812395,6.778736356760304,1.4188470737943004,1.8144974745526792
A836,2022-01-23,-32.5,-53.25,1,10.8,12.494902962295981,5.013116895853941,2.492441972105177,2.15434832747109
A836,2022-01-24,-32.5,-53.25,1,8.9,9.45902457447538,4.408322129124256,2.1457199127946853,2.0189087229358273
A836,2022-01-25,-32.5,-53.25,1,8.9,8.573726649389439,4.456081511207553,1.9240506772206791,1.9972704668026124
A836,2022-01-26,-32.5,-53.25,1,7.3,17.358321951696773,6.7400814991663,2.5753875459582902,1.0830729570410917
A836,2022-01-27,-32.5,-53.25,1,9.7,11.093179417655946,8.550076542366037,1.2974362700367317,1.134492767630329
A836,2022-01-28,-32.5,-53.25,1,6.1,7.2890410650564075,4.539822792261032,1.6055783228988425,1.3436647814532714
A836,2022-01-29,-32.5,-53.25,1,6.8,7.794041597032289,5.544615393639161,1.4056956242580312,1.226415092343651
A836,2022-01-30,-32.5,-53.25,1,7.1,9.699517815201208,6.658271617745528,1.4567621106579967,1.0663427999959005
A836,2022-01-31,-32.5,-53.25,1,8.7,10.408945311712932,7.683529787131904,1.3547087862072786,1.1322920898374655
A836,2022-02-01,-32.5,-53.25,1,5.0,6.044956541445787,5.2202698572259205,1.157977787887408,0.9578048906952537
A836,2022-02-02,-32.5,-53.25,1,8.0,8.582560438274927,6.3606842038555795,1.3493140302536226,1.2577263299993318
A836,2022-02-03,-32.5,-53.25,1,9.9,8.243005536245633,5.833437744048207,1.4130613709996103,1.6971124805610316
A836,2022-02-04,-32.5,-53.25,1,4.8,8.866223471315188,3.1120969075252707,2.8489548156023137,1.5423684231661487
A836,2022-02-05,-32.5,-53.25,1,7.4,7.823382961706446,4.7918842475322245,1.6326318745565305,1.5442777032460522
A836,2022-02-06,-32.5,-53.25,1,9.1,9.91194524717516,7.949253879640548,1.2469025895073516,1.144761525771207
A836,2022-02-07,-32.5,-53.25,1,8.2,11.840982726401554,7.998166184720277,1.4804622025762115,1.0252350114536637
A836,2022-02-08,-32.5,-53.25,1,6.7,6.6268491773781175,5.608488504158859,1.1815748882188337,1.19461776466721
A836,2022-02-09,-32.5,-53.25,1,6.0,5.862504647767425,4.323393674325425,1.355996027514692,1.3877986720550435
A836,2022-02-10,-32.5,-53.25,1,8.1,11.812441604718803,7.258546279363591,1.6273839347559391,1.1159259290016106
A836,2022-02-11,-32.5,-53.25,1,7.6,11.036919171961662,6.683415293906391,1.6513891007228867,1.1371431619593213
A836,2022-02-12,-32.5,-53.25,1,5.1,10.481998102740915,5.363716520174241,1.9542416276690937,0.9508332479573931
A836,2022-02-13,-32.5,-53.25,1,7.1,5.675759034182913,6.508769465643764,0.8720172167937645,1.090835992498585
A836,2022-02-14,-32.5,-53.25,1,8.0,8.205251454141495,6.763484751297126,1.2131692102311404,1.1828222128342538
A836,2022-02-15,-32.5,-53.25,1,3.6,5.617080816323401,3.246766586332072,1.7300537833454528,1.1087954444138166
A836,2022-02-16,-32.5,-53.25,1,5.7,8.082175302349013,4.608833170065559,1.7536272206255727,1.2367555495437732
A836,2022-02-17,-32.5,-53.25,1,6.2,7.074401881719173,4.318909194517571,1.6380066269277966,1.4355476627918662
A836,2022-02-18,-32.5,-53.25,1,6.7,6.4967584383886905,5.103652089321356,1.272962640220364,1.3127854098869256
A836,2022-02-19,-32.5,-53.25,1,7.0,8.415530516728811,5.510516611191095,1.5271763267418585,1.2702983211744558
A836,2022-02-20,-32.5,-53.25,1,5.6,7.7516788469954045,4.7377670761217825,1.6361460414682807,1.1819914128374625
A836,2022-02-21,-32.5,-53.25,1,8.7,8.89356481575046,6.62813616467965,1.341789696950244,1.312586190724476
A836,2022-02-22,-32.5,-53.25,1,6.7,7.53197293155928,6.117863873262648,1.2311442502793855,1.0951534945524868
A836,2022-02-23,-32.5,-53.25,1,5.6,6.991636652275937,4.8710992411046785,1.4353303651211093,1.1496378379533938
A836,2022-02-24,-32.5,-53.25,1,7.8,11.30842240440018,7.44046256041772,1.519854755342698,1.048321920399811
A836,2022-02-25,-32.5,-53.25,1,7.2,10.83414648172751,8.454394502776257,1.281481066227722,0.8516281086286738
A836,2022-02-26,-32.5,-53.25,1,5.6,8.28769633512032,6.613648320492331,1.253120204387186,0.8467338643708117
A836,2022-02-27,-32.5,-53.25,1,7.4,12.996878361584892,6.422860204143606,2.0235343676326885,1.1521346821819363
A836,2022-02-28,-32.5,-53.25,1,7.0,11.149612806519968,5.9023475343414695,1.8890132683052763,1.1859687961903445
A836,2022-03-01,-32.5,-53.25,1,3.7,6.137995402070796,5.587085511291237,1.0986041630589323,0.6622415197552417
A836,2022-03-02,-32.5,-53.25,1,6.0,8.1422571606058,4.561841226248143,1.7848620232016155,1.3152584016902888
A836,2022-03-03,-32.5,-53.25,1,5.4,5.316829451056384,4.672818618890478,1.1378206356143181,1.1556194323849416
A836,2022-03-04,-32.5,-53.25,1,4.6,7.336143105632372,4.61760404632319,1.5887336878686782,0.996187623246474
A836,2022-03-05,-32.5,-53.25,1,12.7,8.381712418458978,4.176547334402348,2.006852011329683,3.0407891933582825
A836,2022-03-06,-32.5,-53.25,1,6.7,11.102092776822582,4.336037638003002,2.560423525736678,1.5451895392415784
A836,2022-03-07,-32.5,-53.25,1,7.5,10.945637286629909,7.62664169992665,1.435184412391522,0.9833948276437494
A836,2022-03-08,-32.5,-53.25,1,2.4,6.746123760626304,4.27568079749335,1.5777893814199764,0.5613141190069703
A836,2022-03-09,-32.5,-53.25,1,5.1,7.612304232195531,5.467120430889592,1.3923791012880398,0.9328493974972021
A836,2022-03-10,-32.5,-53.25,1,7.7,13.067867845060716,5.798494355180899,2.253665700887456,1.327930929711111
A836,2022-03-11,-32.5,-53.25,1,7.0,8.239961513232162,6.438058715427067,1.2798829394779085,1.0872842745634477
A836,2022-03-12,-32.5,-53.25,1,3.9,5.448500349222908,3.6681559487809077,1.4853513387383892,1.063204524141386
A836,2022-03-13,-32.5,-53.25,1,3.7,5.264593798636506,3.6010792780048586,1.4619488748254663,1.0274697429182809
A836,2022-03-14,-32.5,-53.25,1,2.6,4.3744476258500065,2.6221546360216914,1.6682645507462814,0.9915509803589219
A836,2022-03-15,-32.5,-53.25,1,2.7,5.177764901889018,2.61491529351818,1.9800889591810482,1.032538226646472
A836,2022-03-16,-32.5,-53.25,1,6.3,9.335896229403254,5.6021925392409235,1.6664718615094642,1.124559706913184
A836,2022-03-17,-32.5,-53.25,1,7.0,9.419445766989046,5.822666099274144,1.617720406149217,1.2021984226216618
A836,2022-03-18,-32.5,-53.25,1,9.9,12.079022106210614,9.262879827413103,1.3040244860419388,1.0687820833755575
A836,2022-03-19,-32.5,-53.25,1,8.3,8.331580383448612,7.860483669231175,1.059932280765557,1.0559146675018554
A836,2022-03-20,-32.5,-53.25,1,5.9,7.44027938423603,5.772746429025026,1.2888630179262244,1.0220438525300801
A836,2022-03-21,-32.5,-53.25,1,8.5,14.41413028606167,8.490440822384596,1.6976892705099107,1.001125875300868
A836,2022-03-22,-32.5,-53.25,1,8.5,13.262005172858357,7.681616990577785,1.7264600915569515,1.1065378566031132
A836,2022-03-23,-32.5,-53.25,1,5.2,10.7757300618764,5.24932027664973,2.0527857882494813,0.9906044451375698
A836,2022-03-24,-32.5,-53.25,1,9.4,9.351036774968382,6.767681578486041,1.381719377089879,1.3889542365411969
A836,2022-03-25,-32.5,-53.25,1,10.4,14.526313560759233,9.851517101162155,1.4745255387158192,1.055674967947134
A836,2022-03-26,-32.5,-53.25,1,10.8,9.853174204524256,8.844334711292465,1.114066182043484,1.2211206781003594
A836,2022-03-27,-32.5,-53.25,1,7.7,7.84371549705271,6.408468105095242,1.2239610728211836,1.2015351990092433
A836,2022-03-28,-32.5,-53.25,1,4.7,5.386908802577672,4.101675929618443,1.313343349160885,1.145873072531407
A836,2022-03-29,-32.5,-53.25,1,7.8,10.456371426874043,5.46233877157119,1.9142663727292708,1.427959767086435
A836,2022-03-30,-32.5,-53.25,1,9.8,10.698602511472505,8.92013613389716,1.1993765959262712,1.0986379414950065
A836,2022-03-31,-32.5,-53.25,1,7.1,8.820942695593136,7.494352744520865,1.1770119443659952,0.9473800129291783
A836,2022-04-01,-32.5,-53.25,1,5.1,5.516413730382144,3.591262528748391,1.5360652935347217,1.4201133888636726
A836,2022-04-02,-32.5,-53.25,1,5.9,9.24275756731654,5.906379829473386,1.5648769354781955,0.9989198409757615
A836,2022-04-03,-32.5,-53.25,1,6.4,7.099441527973999,6.061386996313553,1.1712569305163614,1.0558639472933153
A836,2022-04-04,-32.5,-53.25,1,5.0,6.323444331651343,5.744794309377315,1.1007259774870424,0.8703531807637437
A836,2022-04-05,-32.5,-53.25,1,3.9,5.6367426667673906,3.926074199309068,1.4357198515910308,0.9933587094931479
A836,2022-04-06,-32.5,-53.25,1,3.9,6.485405428710322,3.7724295540041664,1.7191587903414989,1.0338165217321094
A836,2022-04-07,-32.5,-53.25,1,4.6,5.65052104575825,3.765170081650861,1.5007346077924708,1.2217243577966344
A836,2022-04-08,-32.5,-53.25,1,5.2,5.22799758988138,3.151227813206239,1.6590351125906437,1.6501504518993262
A836,2022-04-09,-32.5,-53.25,1,5.0,7.516114799644934,4.894910876264453,1.5354957402985139,1.021469057638031
A836,2022-04-10,-32.5,-53.25,1,7.0,10.652005868017763,7.366368659768658,1.4460321441952229,0.9502646858051544
A836,2022-04-11,-32.5,-53.25,1,7.1,10.124139393489353,6.417132220241023,1.5776734912139767,1.1064132320049545
A836,2022-04-12,-32.5,-53.25,1,4.4,7.500358418813135,4.216799169350283,1.7786852343667048,1.0434454720967763
A836,2022-04-13,-32.5,-53.25,1,6.9,8.385059831578921,5.162218463652892,1.6243132464497598,1.3366346365584494
A836,2022-04-14,-32.5,-53.25,1,7.5,9.469404615559101,6.418807377200852,1.4752591967775437,1.1684413566668892
A836,2022-04-15,-32.5,-53.25,1,5.6,7.8040350946390395,5.303085745802179,1.4716026609255872,1.0559889597170575
A836,2022-04-16,-32.5,-53.25,1,4.5,5.372447326932946,3.8116545598737313,1.4094790707138265,1.18058967026358
A836,2022-04-17,-32.5,-53.25,1,6.1,5.832907426991227,4.55706584871057,1.279969967658391,1.3385806136038183
A836,2022-04-18,-32.5,-53.25,1,6.0,8.363660833697345,5.531370624426461,1.5120413007155096,1.084722107302678
A836,2022-04-19,-32.5,-53.25,1,4.1,7.1469561816893545,4.525884856498874,1.5791290340554718,0.9059002007337125
A836,2022-04-20,-32.5,-53.25,1,6.0,7.3209126516037815,4.605025079226133,1.5897660763302617,1.3029245002522962
A836,2022-04-21,-32.5,-53.25,1,5.6,8.331395134272844,4.462711813378763,1.8668906894897752,1.2548423994602924
A836,2022-04-22,-32.5,-53.25,1,6.5,9.275772245106698,3.1711494219734973,2.9250505134930282,2.049729966983033
A836,2022-04-23,-32.5,-53.25,1,7.2,12.039367171318718,7.719715975878415,1.5595608969213113,0.932676800869053
A836,2022-04-24,-32.5,-53.25,1,5.6,9.146515060067538,5.72563813318066,1.5974664914749928,0.9780569204238433
A836,2022-04-25,-32.5,-53.25,1,12.2,14.388984963621203,9.151773177831567,1.572261974157728,1.333074996827083
A836,2022-04-26,-32.5,-53.25,1,7.4,8.926136855999676,5.984218478976636,1.491612795782506,1.2365858676445713
A836,2022-04-27,-32.5,-53.25,1,13.9,16.100667630602498,8.708168095381144,1.8489155760718918,1.5962025362570378
A836,2022-04-28,-32.5,-53.25,1,8.0,6.18116737414893,4.708108921390591,1.3128768848285812,1.699196032541472
A836,2022-04-29,-32.5,-53.25,1,6.1,8.553045376502437,5.868200056592078,1.4575245039395548,1.0395010294762408
A836,2022-04-30,-32.5,-53.25,1,4.5,5.423146894570002,3.5782345136925056,1.515592919865296,1.2576034306248676
A836,2022-05-01,-32.5,-53.25,1,5.0,5.80639047284885,4.083079626042148,1.422061533117139,1.224565881132877
A836,2022-05-02,-32.5,-53.25,1,6.3,9.362958677487907,6.061348724616788,1.5446988950598373,1.0393726357327016
A836,2022-05-03,-32.5,-53.25,1,5.9,8.26860204432411,6.200879699345709,1.3334562909189447,0.9514779008892148
A836,2022-05-04,-32.5,-53.25,1,5.3,6.7791661541310395,5.135538626406916,1.320049686565027,1.0320241722547707
A836,2022-05-05,-32.5,-53.25,1,2.4,4.004484860718261,2.4432057817718844,1.639028890073308,0.9823159464936472
A836,2022-05-06,-32.5,-53.25,1,0.0,3.5583454742913463,2.0631067689467617,1.7247510055468045,0.0
A836,2022-05-07,-32.5,-53.25,1,0.0,4.545083485889016,2.729700423556301,1.6650484597747919,0.0
A836,2022-05-08,-32.5,-53.25,1,4.3,6.747418302914702,4.286437033642684,1.5741321405065962,1.0031641585425997
A836,2022-05-09,-32.5,-53.25,1,1.9,6.385665174158751,3.6118700506765573,1.7679664784624851,0.5260432887512388
A836,2022-05-10,-32.5,-53.25,1,0.3,5.780717446499882,2.6300868317944928,2.1979188582742464,0.11406467511770771
A836,2022-05-11,-32.5,-53.25,1,6.2,11.834258105018396,6.749975941290768,1.753229671920191,0.9185217923627742
A836,2022-05-12,-32.5,-53.25,1,2.4,7.3493796970934095,4.233434150747556,1.7360326003407018,0.5669156326846844
A836,2022-05-13,-32.5,-53.25,1,3.6,5.623416071888854,3.2365068353664874,1.7374955030033432,1.1123103342966838
A836,2022-05-14,-32.5,-53.25,1,6.0,7.180753990721114,4.3615969778375625,1.6463588972590637,1.3756429194369861
A836,2022-05-15,-32.5,-53.25,1,5.8,11.58290504213213,6.22500508564455,1.8607061171473425,0.9317261464372694
A836,2022-05-16,-32.5,-53.25,1,10.3,19.805847234408642,10.228024239982844,1.9364294383449627,1.0070371127725521
A836,2022-05-17,-32.5,-53.25,1,12.5,24.14449097670511,13.78667214754689,1.751292169590123,0.9066727536727686
A836,2022-05-18,-32.5,-53.25,1,10.9,15.366363761064154,9.985274128998377,1.5389025441413249,1.0916074871039498
A836,2022-05-19,-32.5,-53.25,1,5.6,8.426768720762938,6.823329754717656,1.2349936209570795,0.8207136693237133
A836,2022-05-20,-32.5,-53.25,1,5.1,7.007143273927587,4.947387364236034,1.4163320472096521,1.0308471167766609
A836,2022-05-21,-32.5,-53.25,1,4.5,6.040409472339005,4.116537657483465,1.467351928958582,1.0931516663814402
A836,2022-05-22,-32.5,-53.25,1,1.1,4.108239256929488,2.708808778580632,1.5166220995053525,0.4060825587608959
A836,2022-05-23,-32.5,-53.25,1,2.9,4.264049669083136,3.3300702696229347,1.2804683756916506,0.8708524941512324
A836,2022-05-24,-32.5,-53.25,1,2.1,4.8364257451371655,3.593710019897342,1.345803005350811,0.5843543269693164
A836,2022-05-25,-32.5,-53.25,1,5.4,7.614499748798336,4.112844501401449,1.8513950007601065,1.3129599230313604
A836,2022-05-26,-32.5,-53.25,1,5.2,7.217469506140419,5.965574530352856,1.2098532118604701,0.8716679296423822
A836,2022-05-27,-32.5,-53.25,1,5.1,9.876831845676024,5.403794381769356,1.8277586354871758,0.9437812839818147
A836,2022-05-28,-32.5,-53.25,1,2.3,6.7491868537505315,4.038552866610513,1.671189427666204,0.5695109302680367
A836,2022-05-29,-32.5,-53.25,1,5.6,12.479366795493926,5.757247609342246,2.167592509872902,0.9726870164334982
A836,2022-05-30,-32.5,-53.25,1,8.1,15.026077356853074,7.557080696679533,1.9883441715072998,1.0718424647177602
A836,2022-05-31,-32.5,-53.25,1,5.6,7.463331644423988,4.940150122613304,1.510749968965708,1.1335687906256662
A836,2022-06-01,-32.5,-53.25,1,0.0,5.039006170053977,3.2387683852375013,1.555840236375675,0.0
A836,2022-06-02,-32.5,-53.25,1,5.6,7.686494021332604,4.766360293228597,1.6126548453025131,1.1749006905658657
A836,2022-06-03,-32.5,-53.25,1,2.1,5.979438217448252,4.145209034328752,1.4424937724320395,0.5066089508656252
A836,2022-06-04,-32.5,-53.25,1,8.8,13.18658826537786,7.2758501734984495,1.812377653598294,1.209480650392323
A836,2022-06-05,-32.5,-53.25,1,4.4,6.560546948256265,5.266444409132897,1.2457260418203935,0.8354782958251041
A836,2022-06-06,-32.5,-53.25,1,3.5,4.63494665019836,3.223865822343486,1.4376983738203888,1.085653123570691
A836,2022-06-07,-32.5,-53.25,1,0.0,2.929826583813563,2.2584792956342246,1.2972563394657162,0.0
A836,2022-06-08,-32.5,-53.25,1,0.0,5.1634441333671734,2.89383859187891,1.784288919173842,0.0
A836,2022-06-09,-32.5,-53.25,1,2.4,3.330830585960772,1.9864743019173903,1.676754933474739,1.2081706758972242
A836,2022-06-10,-32.5,-53.25,1,9.1,20.489410690455184,8.586033072736411,2.3863652185915827,1.0598608138251422
A836,2022-06-11,-32.5,-53.25,1,10.2,15.6411828665617,8.65903929426589,1.8063415969158914,1.1779597774495087
A836,2022-06-12,-32.5,-53.25,1,5.9,12.118279259181202,7.335089583447052,1.6520969677764095,0.8043528211726835
A836,2022-06-13,-32.5,-53.25,1,0.0,5.213116308630653,2.9772688317494955,1.7509726542118584,0.0
A836,2022-06-14,-32.5,-53.25,1,3.9,6.793309633141079,4.332124404339919,1.5681243194067895,0.9002511553206973
A836,2022-06-15,-32.5,-53.25,1,3.5,6.469263844117122,3.861206695615923,1.6754513171911853,0.9064523802815211
A836,2022-06-16,-32.5,-53.25,1,3.0,4.893510685722821,2.6969914352222344,1.8144331575600987,1.1123505847369506
A836,2022-06-17,-32.5,-53.25,1,7.5,13.99084989040905,7.645116496919333,1.8300375012005097,0.9810184060664335
A836,2022-06-18,-32.5,-53.25,1,5.7,11.07668237705604,7.462712008988267,1.4842703783443636,0.7637973960585355
A836,2022-06-19,-32.5,-53.25,1,4.6,5.905233800197269,4.78690907588172,1.2336214677546513,0.9609541203062661
A836,2022-06-20,-32.5,-53.25,1,3.7,6.157977044682943,3.5777974960106005,1.7211642222762342,1.0341557911328578
A836,2022-06-21,-32.5,-53.25,1,4.6,6.817773062647085,4.245982990102321,1.6056995702855579,1.0833769260788177
A836,2022-06-22,-32.5,-53.25,1,5.0,12.679576158065435,6.78717742035052,1.8681663043089576,0.7366832617352999
A836,2022-06-23,-32.5,-53.25,1,4.4,10.901281157355179,5.851379303967553,1.8630276027335158,0.7519594562971779
A836,2022-06-24,-32.5,-53.25,1,3.6,4.1985798658331275,4.993772393952876,0.8407631615163971,0.7208978936163287
A836,2022-06-25,-32.5,-53.25,1,5.5,6.3708062212796905,5.01963905989149,1.269176158936298,1.0956963109054487
A836,2022-06-26,-32.5,-53.25,1,1.5,5.4296106681220815,3.87090596738754,1.402671807030876,0.38750618398832987
A836,2022-06-27,-32.5,-53.25,1,1.0,5.383203714391682,3.9759469543333625,1.3539425390282327,0.2515124098700828
A836,2022-06-28,-32.5,-53.25,1,3.4,13.637595787043967,5.168448069969665,2.6386249029535107,0.6578377017571457
A836,2022-06-29,-32.5,-53.25,1,5.3,7.264493914772256,4.804959795861455,1.5118740267148987,1.103026919094084
A836,2022-06-30,-32.5,-53.25,1,4.6,6.839835775904362,5.353110108435562,1.2777311950161423,0.8593135405063324
A836,2022-07-01,-32.5,-53.25,1,8.5,12.703522209816958,8.448022776790935,1.5037272679610976,1.0061525903258524
A836,2022-07-02,-32.5,-53.25,1,8.6,7.120561093593482,7.578503821462204,0.9395734648082072,1.134788634089612
A836,2022-07-03,-32.5,-53.25,1,3.8,5.901679669438555,4.214043554795665,1.4004790393593172,0.901746731040671
A836,2022-07-04,-32.5,-53.25,1,3.5,11.567659859122625,4.768890413985654,2.4256501732978224,0.733923344041541
A836,2022-07-05,-32.5,-53.25,1,4.6,8.692940448530438,4.334296811178733,2.0056172494025275,1.0613024904376605
A836,2022-07-06,-32.5,-53.25,1,4.6,13.421478851037373,5.307561457994139,2.528746762003522,0.8666880329895332
A836,2022-07-07,-32.5,-53.25,1,6.4,8.672482378468628,6.585266752187237,1.3169523277987396,0.9718664772196659
A836,2022-07-08,-32.5,-53.25,1,6.0,8.106393456975436,6.503980549486013,1.2463741850544212,0.9225119839071719
A836,2022-07-09,-32.5,-53.25,1,9.5,9.694493513230052,7.905527932763531,1.2262929934194988,1.2016907764791227
A836,2022-07-10,-32.5,-53.25,1,10.9,12.640888164888773,7.665992427490149,1.648956515996378,1.4218641751996444
A836,2022-07-11,-32.5,-53.25,1,10.3,15.71012519734411,9.827807118550577,1.598538209779301,1.0480466166819788
A836,2022-07-12,-32.5,-53.25,1,9.3,13.159591087181964,9.162519812640769,1.4362414877430079,1.015004626475084
A836,2022-07-13,-32.5,-53.25,1,6.8,6.222626782906451,5.366742662014145,1.1594792548840214,1.26706280294199
A836,2022-07-14,-32.5,-53.25,1,7.4,12.593490673629152,6.558825375878517,1.9200832392861695,1.1282508034464651
A836,2022-07-15,-32.5,-53.25,1,8.4,12.072861145476736,5.749845295136349,2.0996845177189147,1.460908871253519
A836,2022-07-16,-32.5,-53.25,1,7.0,17.244686703273924,7.202818615007683,2.394158124063149,0.9718417711387188
A836,2022-07-17,-32.5,-53.25,1,7.6,12.158392484356792,8.374598294050768,1.4518179926306427,0.9075062150024514
A836,2022-07-18,-32.5,-53.25,1,3.6,4.773918239602488,3.760638504417997,1.2694435357171636,0.9572842472816042
A836,2022-07-19,-32.5,-53.25,1,1.9,4.166555153048527,3.026628283163701,1.3766325968160429,0.627761265091315
A836,2022-07-20,-32.5,-53.25,1,4.7,8.267264651690455,5.611034570960305,1.4733939966218292,0.8376351884061936
A836,2022-07-21,-32.5,-53.25,1,7.9,12.177419292199056,6.306826189046953,1.9308315985221767,1.2526110222793054
A836,2022-07-22,-32.5,-53.25,1,2.5,4.155377000741942,3.3190015700262463,1.2519960937255845,0.7532385710743217
A836,2022-07-23,-32.5,-53.25,1,2.6,8.191952560238994,4.289223607487623,1.9098916983340402,0.6061703091117062
A836,2022-07-24,-32.5,-53.25,1,4.0,5.343637394337368,4.007743928336166,1.3333280493686146,0.9980677587004965
A836,2022-07-25,-32.5,-53.25,1,5.2,6.613851897626437,4.667062432248795,1.4171337953239236,1.11419122317042
A836,2022-07-26,-32.5,-53.25,1,6.0,9.460522253343074,5.831691342911085,1.6222604553382511,1.0288610365659199
A836,2022-07-27,-32.5,-53.25,1,2.8,6.150560518845805,3.965876474032146,1.5508704214865443,0.7060229985310692
A836,2022-07-28,-32.5,-53.25,1,9.9,15.99106347089703,8.422563976920621,1.8985980414889687,1.175414045785562
A836,2022-07-29,-32.5,-53.25,1,8.0,16.09792226306889,8.655225914679734,1.8599078085028304,0.9242970754156242
A836,2022-07-30,-32.5,-53.25,1,0.0,3.770507631106786,3.57470440835157,1.0547746611713578,0.0
A836,2022-07-31,-32.5,-53.25,1,2.8,5.758489271762323,3.3068159695760264,1.7413999825640827,0.8467359616504433
A836,2022-08-01,-32.5,-53.25,1,0.0,3.8631701903364952,2.7395447630869363,1.410150417101946,0.0
A836,2022-08-02,-32.5,-53.25,1,3.7,6.557196480569848,4.527549329132195,1.4482882468840335,0.8172191468335006
A836,2022-08-03,-32.5,-53.25,1,5.6,13.63545136267486,4.710009789599091,2.8949942721531983,1.18895718908403
A836,2022-08-04,-32.5,-53.25,1,6.1,16.204996512080253,7.818249503257541,2.072714167708296,0.7802258034178088
A836,2022-08-05,-32.5,-53.25,1,8.1,11.202381225197527,7.388280428796441,1.5162366037887935,1.0963308821399864
A836,2022-08-06,-32.5,-53.25,1,5.4,4.289519887573505,5.264835811820182,0.8147490331878959,1.025673011089227
A836,2022-08-07,-32.5,-53.25,1,6.2,10.12456220185847,7.345384450800527,1.3783570172089574,0.8440674605294896
A836,2022-08-08,-32.5,-53.25,1,7.1,9.749003375905394,6.812214508224386,1.43110634054982,1.0422455122967973
A836,2022-08-09,-32.5,-53.25,1,6.6,9.866616663150898,7.098287944948251,1.3899994956069408,0.9298016720633493
A836,2022-08-10,-32.5,-53.25,1,4.7,5.996632222301316,5.387932350344667,1.1129746686440318,0.8723197869585984
A836,2022-08-11,-32.5,-53.25,1,3.8,3.9267254745270908,3.874813367654698,1.0133973179987799,0.9806923945604172
A836,2022-08-12,-32.5,-53.25,1,4.2,6.945030611294088,4.558541604473569,1.523520286505341,0.9213473001712411
A836,2022-08-13,-32.5,-53.25,1,4.1,6.853641080466682,4.587236869491152,1.4940674038545856,0.8937842358366814
A836,2022-08-14,-32.5,-53.25,1,5.8,10.706726229306122,6.231571355498346,1.7181422820199566,0.9307443771597745
A836,2022-08-15,-32.5,-53.25,1,5.1,12.927831087230174,6.9646447714424715,1.8562082505972013,0.7322699387213285
A836,2022-08-16,-32.5,-53.25,1,4.4,8.489742358442273,5.886983742489333,1.4421209111157411,0.747411610506579
A836,2022-08-17,-32.5,-53.25,1,4.8,9.6204329597535,6.285200328110007,1.5306485804003664,0.7636988082197509
A836,2022-08-18,-32.5,-53.25,1,8.3,11.606428705729353,7.958230645583372,1.4584182367434455,1.0429453944773897
A836,2022-08-19,-32.5,-53.25,1,5.4,7.639564077943096,6.6230673542172935,1.1534782404226254,0.8153321884249758
A836,2022-08-20,-32.5,-53.25,1,2.8,4.027583789988343,3.2714365480613576,1.2311361479332605,0.8558931096063197
A836,2022-08-21,-32.5,-53.25,1,2.5,5.085893465338806,3.6294145614667137,1.401298578381055,0.6888163249639092
A836,2022-08-22,-32.5,-53.25,1,2.4,4.110815771298765,3.369446479694335,1.220027027012367,0.7122831641527424
A836,2022-08-23,-32.5,-53.25,1,3.8,6.617392865538316,4.333196323449703,1.5271389458463633,0.8769508040602186
A836,2022-08-24,-32.5,-53.25,1,1.6,5.062670455164338,3.9244908632170006,1.2900196819452763,0.40769619697583936
A836,2022-08-25,-32.5,-53.25,1,4.8,5.522969316383178,3.772196521751454,1.4641255524563257,1.2724681686974597
A836,2022-08-26,-32.5,-53.25,1,3.7,6.187826253329512,4.703270460658385,1.3156432965293074,0.7866866324081344
A836,2022-08-27,-32.5,-53.25,1,6.9,11.949814659723366,8.840821668612554,1.3516633529831992,0.7804704425265102
A836,2022-08-28,-32.5,-53.25,1,8.4,15.939681677463975,8.244063680565827,1.9334738661759057,1.0189149824014303
A836,2022-08-29,-32.5,-53.25,1,4.0,7.606674730283597,4.686803551161409,1.6229984140040672,0.8534601368151613
A836,2022-08-30,-32.5,-53.25,1,5.4,8.92974679576106,5.534017902878418,1.6136100302668728,0.9757828931473621
A836,2022-08-31,-32.5,-53.25,1,4.2,7.776804123355184,5.763715203071298,1.34926932531489,0.7286966569343947
A836,2022-09-01,-32.5,-53.25,1,3.4,7.8953124525159435,4.054788147940685,1.9471578204463666,0.8385148313424873
A836,2022-09-02,-32.5,-53.25,1,7.7,11.47271288447162,7.828607498470881,1.465485769558957,0.9835721105578481
A836,2022-09-03,-32.5,-53.25,1,5.5,5.077589948175449,6.566012268746664,0.7733141121810105,0.8376469270670207
A836,2022-09-04,-32.5,-53.25,1,3.6,3.4583022586878087,3.3714926110811665,1.0257481352091127,1.0677763279586592
A836,2022-09-05,-32.5,-53.25,1,3.9,6.240831619215016,3.8251272139599917,1.6315357032934203,1.0195739335849423
A836,2022-09-06,-32.5,-53.25,1,4.8,8.62960260278731,5.967381389492146,1.4461288862788328,0.8043729211697837
A836,2022-09-07,-32.5,-53.25,1,2.9,5.782477116206235,3.672927643578261,1.5743509476197566,0.7895608847809332
A836,2022-09-08,-32.5,-53.25,1,5.4,9.113904044939733,6.3329101720046195,1.4391336364170815,0.8526885512874225
A836,2022-09-09,-32.5,-53.25,1,7.5,11.739264642788442,9.93243538408643,1.181912007360942,0.755101816420207
A836,2022-09-10,-32.5,-53.25,1,7.4,9.593919305899131,7.850557260191636,1.222068572704728,0.942608244834248
A836,2022-09-11,-32.5,-53.25,1,3.3,4.606860916891469,3.6756219288741585,1.2533554881425328,0.8978072456463956
A836,2022-09-12,-32.5,-53.25,1,5.1,7.612467272718179,4.943221578279804,1.539980992591323,1.031715839405029
A836,2022-09-13,-32.5,-53.25,1,6.5,9.715323686203453,6.597562488757241,1.4725625869795276,0.985212343358097
A836,2022-09-14,-32.5,-53.25,1,5.4,9.622088626201759,5.884149868297926,1.6352555325014324,0.917719657191877
A836,2022-09-15,-32.5,-53.25,1,4.8,4.506006893668875,4.838783070793557,0.9312272998694056,0.9919849536079333
A836,2022-09-16,-32.5,-53.25,1,7.2,10.832115173325567,7.41404825681581,1.4610257174098502,0.9711293682747435
A836,2022-09-17,-32.5,-53.25,1,7.9,15.667587944768565,8.179676840382637,1.915428720535572,0.9658083264363346
A836,2022-09-18,-32.5,-53.25,1,8.5,16.872575525453787,8.423459913495265,2.0030457435218696,1.0090865377517984
A836,2022-09-19,-32.5,-53.25,1,5.2,7.705879396942232,5.586877672813393,1.3792819260103417,0.9307524353547243
A836,2022-09-20,-32.5,-53.25,1,3.8,6.54085919748549,6.109730920540783,1.070564200379965,0.6219586507851732
A836,2022-09-21,-32.5,-53.25,1,3.2,5.778477086592193,4.788158048389792,1.2068267229682268,0.6683154498369425
A836,2022-09-22,-32.5,-53.25,1,7.3,14.745597470623297,8.677477733499593,1.6992953394392007,0.8412582808271797
A836,2022-09-23,-32.5,-53.25,1,5.9,7.46616632720734,6.093413773149642,1.2252846442345129,0.9682585525371818
A836,2022-09-24,-32.5,-53.25,1,3.7,4.333669068855466,3.9811747248257676,1.0885402848138308,0.9293739299929689
A836,2022-09-25,-32.5,-53.25,1,8.9,13.639574891707612,7.912750733503513,1.7237463116278964,1.124766885719824
A836,2022-09-26,-32.5,-53.25,1,5.6,8.589193157450698,6.027533718269586,1.4249929670931023,0.9290698753001211
A836,2022-09-27,-32.5,-53.25,1,4.7,5.0156568253676355,3.915763183701255,1.280888702933955,1.20027687567088
A836,2022-09-28,-32.5,-53.25,1,4.8,6.846186603668611,5.92176797458796,1.1561051755231888,0.8105687390316887
A836,2022-09-29,-32.5,-53.25,1,6.0,7.112492024037179,5.928483817637661,1.1997151789260199,1.01206314878512
A836,2022-09-30,-32.5,-53.25,1,5.3,7.253049738267766,5.207667108940377,1.3927637052329886,1.0177301830412908
A836,2022-10-01,-32.5,-53.25,1,3.6,6.00902515689706,4.145457351841377,1.4495445609223074,0.8684204647289184
A836,2022-10-02,-32.5,-53.25,1,2.8,3.711279527045584,2.806539655362779,1.322368461800999,0.9976698510743353
A836,2022-10-03,-32.5,-53.25,1,4.9,4.4817061031657754,4.8851077139635475,0.9174221666300841,1.003048507199521
A836,2022-10-04,-32.5,-53.25,1,4.4,5.9596392014689465,4.841704413728349,1.230896951199822,0.9087708839730233
A836,2022-10-05,-32.5,-53.25,1,7.7,11.502938534784718,8.197729816253116,1.403185856647602,0.939284432713762
A836,2022-10-06,-32.5,-53.25,1,6.4,10.908385039706182,7.561674354939125,1.442588575978686,0.8463733955720608
A836,2022-10-07,-32.5,-53.25,1,8.1,11.94571664850879,8.42175386541929,1.4184357367126703,0.9617949098773297
A836,2022-10-08,-32.5,-53.25,1,9.1,11.50238855189983,8.361345930939303,1.375662321222448,1.088341527208852
A836,2022-10-09,-32.5,-53.25,1,6.0,8.666056476397003,7.36445200775285,1.1767415236427508,0.8147245706379188
A836,2022-10-10,-32.5,-53.25,1,5.4,6.196166385721575,5.675896575427045,1.0916630180590254,0.9513915428583568
A836,2022-10-11,-32.5,-53.25,1,5.5,10.917880212316192,7.805078083640384,1.3988175512555485,0.704669439698255
A836,2022-10-12,-32.5,-53.25,1,5.0,5.0351072264871926,5.676138460389297,0.8870656101193592,0.880880555485441
A836,2022-10-13,-32.5,-53.25,1,8.2,11.923532736315815,9.836176849090338,1.2122121144475477,0.8336572355099884
A836,2022-10-14,-32.5,-53.25,1,6.6,10.777419347812245,7.2979715197340695,1.4767691705386325,0.9043608874264963
A836,2022-10-15,-32.5,-53.25,1,7.4,12.22274792127562,8.32578677640973,1.468059205636581,0.8888048900035667
A836,2022-10-16,-32.5,-53.25,1,8.1,8.489181471287436,7.501890839346336,1.1316055715930846,1.0797277877620757
A836,2022-10-17,-32.5,-53.25,1,9.0,14.306930283190242,10.127668812340248,1.4126577940382188,0.8886546516048965
A836,2022-10-18,-32.5,-53.25,1,8.7,13.390098064271873,9.568790252081417,1.3993511939881051,0.9092058422022118
A836,2022-10-19,-32.5,-53.25,1,7.2,8.469548137903494,7.148597676812718,1.184784557868661,1.0071905463856234
A836,2022-10-20,-32.5,-53.25,1,4.5,8.772420577474866,4.927988454143943,1.7801219826515913,0.9131514900802887
A836,2022-10-21,-32.5,-53.25,1,4.3,12.706167297171442,5.694945869186583,2.2311304776258183,0.7550554647526746
A836,2022-10-22,-32.5,-53.25,1,4.4,4.283440033008964,3.8329197308570118,1.117539717444388,1.1479499465062353
A836,2022-10-23,-32.5,-53.25,1,7.1,6.941132933531304,6.365634209493249,1.090407130711312,1.1153641202649642
A836,2022-10-24,-32.5,-53.25,1,5.7,7.985977441201041,5.504505101963572,1.450807528246686,1.0355154358866325
A836,2022-10-25,-32.5,-53.25,1,5.6,10.492976752447467,6.7102484827440385,1.5637240229525073,0.8345443562039268
A836,2022-10-26,-32.5,-53.25,1,7.2,12.115093958771999,7.6065571424037515,1.5927171428496627,0.9465517533369538
A836,2022-10-27,-32.5,-53.25,1,9.0,13.941195778040452,9.639765937121139,1.4462172493582257,0.933632627462716
A836,2022-10-28,-32.5,-53.25,1,4.6,6.1138133855266075,5.166180221269195,1.1834301405816239,0.8904064130519048
A836,2022-10-29,-32.5,-53.25,1,8.5,6.402196254925723,4.397875499435726,1.4557474980242537,1.932751393505933
A836,2022-10-30,-32.5,-53.25,1,7.8,16.815420792054436,9.825400292068148,1.7114234832375426,0.793860786139857
A836,2022-10-31,-32.5,-53.25,1,8.9,16.028069080714378,9.37723566266333,1.7092530951879772,0.9491069991379758
A836,2022-11-01,-32.5,-53.25,1,6.2,7.725393062018847,6.500989735444436,1.188341064422663,0.953700936673782
A836,2022-11-02,-32.5,-53.25,1,3.0,3.140314598335427,3.0398551899556967,1.0330474322302157,0.9868891156107086
A836,2022-11-03,-32.5,-53.25,1,5.7,7.274026488971127,5.939164715190807,1.2247558095780873,0.9597309172821749
A836,2022-11-04,-32.5,-53.25,1,6.1,6.959497453461533,5.886831541731401,1.1822144738007307,1.0362110681709609
A836,2022-11-05,-32.5,-53.25,1,7.7,11.204494400212061,7.3526384527198525,1.5238739769758907,1.0472431154494823
A836,2022-11-06,-32.5,-53.25,1,6.7,10.755525673651833,7.308836152893654,1.4715784358353134,0.9166986179252892
A836,2022-11-07,-32.5,-53.25,1,6.4,8.148486995609606,6.927298699188837,1.1762863634801493,0.9238810505961608
A836,2022-11-08,-32.5,-53.25,1,5.9,6.774969726618053,6.0053654745399605,1.1281527752708587,0.9824547773176067
A836,2022-11-09,-32.5,-53.25,1,6.7,7.763079883517138,5.522216742611821,1.4057905086582068,1.2132808819871
A836,2022-11-10,-32.5,-53.25,1,6.4,8.23889569596631,6.027890134610937,1.366795928920506,1.0617313615675381
A836,2022-11-11,-32.5,-53.25,1,6.6,7.98556773529109,6.085721008273018,1.3121810422192197,1.084505844258694
A836,2022-11-12,-32.5,-53.25,1,6.4,7.4686988644998795,5.787677712061005,1.2904483000039508,1.1057975786493726
A836,2022-11-13,-32.5,-53.25,1,5.9,11.15926886799993,6.1104051607772245,1.8262731479135677,0.9655660868238627
A836,2022-11-14,-32.5,-53.25,1,10.9,18.37597789117256,9.91996959780936,1.8524228033148964,1.0987936900942783
A836,2022-11-15,-32.5,-53.25,1,8.8,12.331094303328697,9.875287388973272,1.2486820704679011,0.8911133067201735
A836,2022-11-16,-32.5,-53.25,1,4.6,5.404379697928662,4.270707995670939,1.2654528718439388,1.0771047809081893
A836,2022-11-17,-32.5,-53.25,1,3.6,5.715506446294672,4.166073679156241,1.3719167941965535,0.8641229793922203
A836,2022-11-18,-32.5,-53.25,1,5.8,8.437674435936056,6.110466861982111,1.3808559356459789,0.9491909752569377
A836,2022-11-19,-32.5,-53.25,1,6.6,12.001538229259726,7.174500707285994,1.6728046618033894,0.9199246427416801
A836,2022-11-20,-32.5,-53.25,1,7.0,12.472365327801821,7.393719021040706,1.6868865711975984,0.9467495289014529
A836,2022-11-21,-32.5,-53.25,1,7.2,10.682930247754072,7.110858482187629,1.5023404381502343,1.0125359712945585
A836,2022-11-22,-32.5,-53.25,1,5.1,9.92403849718394,6.357991813640359,1.5608762622016952,0.8021400702433308
A836,2022-11-23,-32.5,-53.25,1,3.7,4.091864493582006,3.6135140877528813,1.132378176537453,1.0239340182843735
A836,2022-11-24,-32.5,-53.25,1,2.4,6.354304467085095,4.244993059746074,1.4968939589892276,0.5653719490753567
A836,2022-11-25,-32.5,-53.25,1,4.3,8.03866127766631,5.740737758892239,1.4002836595722654,0.7490326471261333
A836,2022-11-26,-32.5,-53.25,1,6.4,9.978576793951374,6.604947785089856,1.5107730020935544,0.9689705669509592
A836,2022-11-27,-32.5,-53.25,1,6.9,9.706590017478387,6.620443634169811,1.4661540153261303,1.0422262285245247
A836,2022-11-28,-32.5,-53.25,1,7.3,10.448269151833582,7.263552826303684,1.4384515954777675,1.005017816290167
A836,2022-11-29,-32.5,-53.25,1,7.4,10.108016226208594,6.865064381754166,1.4723847678797422,1.0779214277534783
A836,2022-11-30,-32.5,-53.25,1,7.5,13.556708670637713,8.470192124533162,1.6005196188374413,0.8854580734098008
A836,2022-12-01,-32.5,-53.25,1,5.8,8.465837088357219,6.840442948633763,1.2376153345519965,0.8478983076905027
A836,2022-12-02,-32.5,-53.25,1,4.6,6.725722112924156,5.684005969233918,1.1832714725017501,0.8092883830345415
A836,2022-12-03,-32.5,-53.25,1,3.5,7.100659652721913,4.742932831118348,1.4971031438890587,0.7379400309100996
A836,2022-12-04,-32.5,-53.25,1,4.6,4.585161882848156,5.117182959511795,0.8960324301724016,0.8989320953337308
A836,2022-12-05,-32.5,-53.25,1,4.7,5.466635860386892,4.8527325434525075,1.126506728206706,0.968526486451725
A836,2022-12-06,-32.5,-53.25,1,4.4,6.72678118298876,4.849206830147274,1.3871920540012237,0.9073648854582614
A836,2022-12-07,-32.5,-53.25,1,5.6,7.792482908531207,5.551422744749347,1.4036911377180745,1.008750415431179
A836,2022-12-08,-32.5,-53.25,1,5.3,7.178064949881544,5.6641821258754055,1.267272977874483,0.9357043757100023
A836,2022-12-09,-32.5,-53.25,1,6.2,8.981519541924747,5.672642493668018,1.5833043510057618,1.0929650523403573
A836,2022-12-10,-32.5,-53.25,1,5.2,7.844017971532155,6.091421663098731,1.2877154801235466,0.8536595047263136
A836,2022-12-11,-32.5,-53.25,1,4.4,7.746549796587328,5.63213025326665,1.3754209239202713,0.7812319321713109
A836,2022-12-12,-32.5,-53.25,1,7.9,8.399591054649404,7.783623694376069,1.0791363231907514,1.0149514301042093
A836,2022-12-13,-32.5,-53.25,1,5.1,6.455267699036884,5.550397919523973,1.1630279112655975,0.9188530397181683
A836,2022-12-14,-32.5,-53.25,1,5.7,7.146708302695468,5.618002304292713,1.2721084676726941,1.0145955254672345
A836,2022-12-15,-32.5,-53.25,1,7.0,7.679555269797666,7.628071068025649,1.0067493080901961,0.9176631860892964
A836,2022-12-16,-32.5,-53.25,1,7.3,7.804808344595623,7.190407426203325,1.0854473024926647,1.0152414970808605
A836,2022-12-17,-32.5,-53.25,1,7.3,8.379406190587574,7.69493164926959,1.0889513477852601,0.9486763928166825
A836,2022-12-18,-32.5,-53.25,1,7.9,11.651910767052751,8.609136433512086,1.353435487640352,0.9176297833134938
A836,2022-12-19,-32.5,-53.25,1,7.5,10.248689080868434,8.26177654316598,1.2404945870081656,0.9077950681447429
A836,2022-12-20,-32.5,-53.25,1,7.4,8.55384875296159,7.832676657832559,1.0920722412826616,0.9447600511633671
A836,2022-12-21,-32.5,-53.25,1,7.1,7.922019350235539,7.2225216461779,1.0968495129990794,0.9830361676738293
A836,2022-12-22,-32.5,-53.25,1,8.5,9.947107703372662,8.32997541175621,1.1941341014445457,1.020411175284363
A836,2022-12-23,-32.5,-53.25,1,6.7,11.249655251470154,7.5646348314169565,1.4871379124275512,0.885700387304089
A836,2022-12-24,-32.5,-53.25,1,6.1,9.75633125718407,6.519016884355216,1.4965954882856622,0.9357239148496759
A836,2022-12-25,-32.5,-53.25,1,4.8,9.429639098993732,5.299799530679792,1.7792444873446405,0.9056946347146674
A836,2022-12-26,-32.5,-53.25,1,6.5,3.964985082893709,4.554024954721775,0.8706551067057005,1.4273088234311428
A836,2022-12-27,-32.5,-53.25,1,3.2,7.49621912205493,4.775809498321476,1.5696227256739572,0.6700434766346279
A836,2022-12-28,-32.5,-53.25,1,12.9,7.81268262575546,5.601484573845893,1.3947521452141378,2.3029609079407067
A836,2022-12-29,-32.5,-53.25,1,4.7,7.2957775430542116,5.771219402066494,1.2641656874874347,0.8143859507952645
A836,2022-12-30,-32.5,-53.25,1,5.7,8.93154180341204,5.440155270017208,1.6417806772239039,1.0477642120648463
A836,2022-12-31,-32.5,-53.25,1,6.1,8.428822649575494,6.047155793657348,1.393849098185331,1.0087386877642672
A899,2021-01-01,-33.5,-53.25,1,17.7,17.9804721848731,8.149422931437755,2.2063491287843755,2.171932926897106
A899,2021-01-02,-33.5,-53.25,1,9.8,10.904896345251275,5.305962670646569,2.055215428781454,1.8469786932756167
A899,2021-01-03,-33.5,-53.25,1,11.9,11.551431099005836,7.863538874657502,1.4689863283099698,1.5133135589055389
A899,2021-01-04,-33.5,-53.25,1,15.6,12.991471156218035,8.485893565765197,1.530949104597514,1.838344999156645
A899,2021-01-05,-33.5,-53.25,1,15.9,18.487852624225365,9.432750422890594,1.9599641457024688,1.6856165261634863
A899,2021-01-06,-33.5,-53.25,1,15.8,15.249478480493845,8.867485253679858,1.7197072274989764,1.7817903890444324
A899,2021-01-07,-33.5,-53.25,1,14.8,14.297011450206469,6.784585937094685,2.107278407667834,2.181415363770556
A899,2021-01-08,-33.5,-53.25,1,13.3,14.386971459352539,8.133241701320886,1.7689098624741486,1.635264324905038
A899,2021-01-09,-33.5,-53.25,1,11.9,10.89377354054909,7.071693934486237,1.540475823964026,1.6827651352341146
A899,2021-01-10,-33.5,-53.25,1,12.8,12.205196247735106,6.925418253814783,1.762376769231522,1.8482638204485737
A899,2021-01-11,-33.5,-53.25,1,19.8,19.189788058645142,7.810003271038137,2.457078107739942,2.5352102057913872
A899,2021-01-12,-33.5,-53.25,1,17.3,15.728179517357463,9.762321068958132,1.6111106576251981,1.7721195479843315
A899,2021-01-13,-33.5,-53.25,1,12.8,13.783842308447744,5.936363902166626,2.321933516140576,2.1562020474062105
A899,2021-01-14,-33.5,-53.25,1,12.9,10.190897423521346,7.592369132010225,1.3422552626630668,1.6990743963715156
A899,2021-01-15,-33.5,-53.25,1,17.6,14.500527395239509,9.1751364048825,1.5804154570958893,1.9182276124673479
A899,2021-01-16,-33.5,-53.25,1,14.6,22.16774314369576,9.572441215255578,2.315787858625559,1.5252117690450804
A899,2021-01-17,-33.5,-53.25,1,14.6,18.720179298689235,7.66991331252314,2.440728928203614,1.9035417227156506
A899,2021-01-18,-33.5,-53.25,1,10.8,15.485558858639665,6.4248396864294515,2.4102638531741527,1.6809757950555193
A899,2021-01-19,-33.5,-53.25,1,8.5,9.232522763363901,3.8751364970693465,2.3825025958043518,2.1934711219664917
A899,2021-01-20,-33.5,-53.25,1,8.9,9.301538131389508,5.314349285312208,1.7502684961067743,1.6747111494153781
A899,2021-01-21,-33.5,-53.25,1,12.2,10.761242822144883,6.892385181371843,1.5613234807638816,1.7700693851198464
A899,2021-01-22,-33.5,-53.25,1,13.5,14.220833397260694,8.368867291523916,1.699254260091293,1.613121528844525
A899,2021-01-23,-33.5,-53.25,1,13.4,12.562967256845418,6.8293641077223946,1.8395515393065185,1.9621153285483448
A899,2021-01-24,-33.5,-53.25,1,9.6,9.81643136906886,5.360751795169445,1.8311669228772003,1.7907935988848664
A899,2021-01-25,-33.5,-53.25,1,12.5,11.75963979819813,5.85020448944384,2.010124572468762,2.136677448208026
A899,2021-01-26,-33.5,-53.25,1,12.9,15.854145711784922,5.639950286932782,2.811043520812132,2.2872542032663032
A899,2021-01-27,-33.5,-53.25,1,12.9,10.206280884417376,5.910529379252781,1.7267964051145064,2.182545618550134
A899,2021-01-28,-33.5,-53.25,1,11.8,9.890281567993815,5.568376171755904,1.7761518372554674,2.119109707395908
A899,2021-01-29,-33.5,-53.25,1,9.7,10.282757041420815,5.522059605845134,1.8621235146640673,1.7565909628596712
A899,2021-01-30,-33.5,-53.25,1,13.5,13.323487218722695,8.694466175063459,1.5324100353550976,1.5527117741534564
A899,2021-01-31,-33.5,-53.25,1,23.9,31.575436508903323,12.42161982841409,2.541974150317774,1.924064681590838
A899,2021-02-01,-33.5,-53.25,1,16.3,18.433158778000273,8.859910475861946,2.080512983536324,1.8397477090099195
A899,2021-02-02,-33.5,-53.25,1,9.2,6.866439624681506,4.140763382944073,1.6582545269223967,2.2218125377303792
A899,2021-02-03,-33.5,-53.25,1,12.8,15.846976807012085,6.022987188262847,2.631082602648318,2.1251913045645683
A899,2021-02-04,-33.5,-53.25,1,23.7,21.417928641883954,12.878622446181518,1.663060527737912,1.840258932897516
A899,2021-02-05,-33.5,-53.25,1,18.9,19.87040084811062,9.950718738416256,1.996880966135434,1.8993602871151092
A899,2021-02-06,-33.5,-53.25,1,18.1,13.597060667948723,6.3279627878722495,2.148726394853007,2.8603202336602314
A899,2021-02-07,-33.5,-53.25,1,16.3,16.303091148780172,6.7924428996812525,2.4001808170585024,2.3997257306005335
A899,2021-02-08,-33.5,-53.25,1,13.4,11.928981496132153,5.852191902857387,2.038378387815293,2.2897403609504545
A899,2021-02-09,-33.5,-53.25,1,13.1,11.277636092293372,5.01178290541811,2.2502243822455696,2.6138402734559643
A899,2021-02-10,-33.5,-53.25,1,11.8,13.665684804772708,7.090121301165276,1.927426093898665,1.6642874640326177
A899,2021-02-11,-33.5,-53.25,1,17.0,18.01037543882149,8.798870135589654,2.046896381158435,1.9320662469194119
A899,2021-02-12,-33.5,-53.25,1,15.7,16.985567771230325,8.286003709182404,2.049910712978226,1.894761401398063
A899,2021-02-13,-33.5,-53.25,1,12.9,10.963138886040992,7.426110401627013,1.4762962430021291,1.737113953648426
A899,2021-02-14,-33.5,-53.25,1,9.9,10.214639107791347,4.558530254471375,2.2407746658634116,2.1717526148453836
A899,2021-02-15,-33.5,-53.25,1,6.8,9.588953909902234,3.8229871479984814,2.508235978486748,1.7787138006885868
A899,2021-02-16,-33.5,-53.25,1,9.8,9.694362955748112,4.561035123681527,2.125474304158202,2.1486350651230555
A899,2021-02-17,-33.5,-53.25,1,12.9,14.54875680088557,6.163557175830541,2.3604480960988443,2.092947243287594
A899,2021-02-18,-33.5,-53.25,1,13.5,12.566092667900815,6.530866554131844,1.9241080128870036,2.0671070045764504
A899,2021-02-19,-33.5,-53.25,1,18.9,8.77086827564743,6.186447076619775,1.417755323373713,3.0550653332876823
A899,2021-02-20,-33.5,-53.25,1,12.5,8.806460964258337,7.124502164042646,1.2360808883888807,1.7545085554310706
A899,2021-02-21,-33.5,-53.25,1,9.7,8.105882019334345,4.141612355466207,1.9571802775399763,2.3420830264806622
A899,2021-02-22,-33.5,-53.25,1,9.8,10.156819996357491,5.780525281405327,1.7570756119741813,1.6953476583736145
A899,2021-02-23,-33.5,-53.25,1,13.6,12.472279143563348,6.229548053966365,2.0021162106009,2.18314392668355
A899,2021-02-24,-33.5,-53.25,1,10.9,8.06901815475032,3.836585731717453,2.1031768137077997,2.84106775195679
A899,2021-02-25,-33.5,-53.25,1,7.1,7.2186324719121755,3.759529111284558,1.920089526702909,1.888534385513527
A899,2021-02-26,-33.5,-53.25,1,9.4,10.244345680717966,5.962079222408164,1.7182505127095808,1.5766311800538628
A899,2021-02-27,-33.5,-53.25,1,12.7,14.59626488287176,8.14428640533296,1.7922091827853672,1.5593754158355622
A899,2021-02-28,-33.5,-53.25,1,13.7,14.969735670921924,8.018781794560285,1.8668341469370036,1.7084889389674742
A899,2021-03-01,-33.5,-53.25,1,14.5,18.52333050341486,9.51229107819473,1.947304844978553,1.5243435972264057
A899,2021-03-02,-33.5,-53.25,1,14.5,15.436405061423029,7.535069431549576,2.048608204828254,1.9243352873814326
A899,2021-03-03,-33.5,-53.25,1,12.4,16.374412702309243,7.8993819695373855,2.072872633005261,1.5697430568389372
A899,2021-03-04,-33.5,-53.25,1,13.0,15.03473775216174,6.873202988615043,2.1874427071433336,1.891403472519806
A899,2021-03-05,-33.5,-53.25,1,16.3,18.62021384564586,9.257913161009181,2.011275491767101,1.7606559617181783
A899,2021-03-06,-33.5,-53.25,1,10.9,13.696752466966915,7.231909001405625,1.893933187531087,1.5072092303541746
A899,2021-03-07,-33.5,-53.25,1,8.6,6.654029151127374,4.316455964976972,1.5415491794928744,1.992375242508904
A899,2021-03-08,-33.5,-53.25,1,6.1,8.444529914318409,4.301728164709244,1.9630552166443505,1.4180347447436399
A899,2021-03-09,-33.5,-53.25,1,11.0,10.810661452583334,6.472704299456755,1.67019238828671,1.6994442339847373
A899,2021-03-10,-33.5,-53.25,1,11.7,9.958077852070213,5.340018936513941,1.8648019736370118,2.1910034662981865
A899,2021-03-11,-33.5,-53.25,1,6.9,7.577967156423289,3.4862427798879034,2.1736774042646996,1.9792081147664256
A899,2021-03-12,-33.5,-53.25,1,10.9,5.887069702387561,3.098086504358991,1.9002276708879775,3.5183007268079054
A899,2021-03-13,-33.5,-53.25,1,10.9,11.682705316386045,6.123008550025088,1.9080008170718914,1.7801706319608748
A899,2021-03-14,-33.5,-53.25,1,9.9,10.472583523543408,5.566030422728364,1.8815174780180135,1.7786464047293522
A899,2021-03-15,-33.5,-53.25,1,11.1,9.80081359977525,5.345708842948696,1.8333983177372442,2.076431830858419
A899,2021-03-16,-33.5,-53.25,1,13.7,14.429577193267475,7.383150119794567,1.954393038085615,1.8555765191973634
A899,2021-03-17,-33.5,-53.25,1,17.0,21.147621959281828,10.019197865125424,2.1107100831786094,1.6967426164097608
A899,2021-03-18,-33.5,-53.25,1,16.1,17.384828286431095,9.82217419279163,1.7699572360658806,1.6391482867220568
A899,2021-03-19,-33.5,-53.25,1,12.5,8.967538685126947,4.513749476898069,1.9867160840502833,2.769316299891377
A899,2021-03-20,-33.5,-53.25,1,14.7,18.312152817633557,9.28758586174898,1.971680594959811,1.582757911347243
A899,2021-03-21,-33.5,-53.25,1,14.9,13.701565376511319,9.256822423515592,1.480158606230202,1.6096236179435341
A899,2021-03-22,-33.5,-53.25,1,11.3,11.044518914037413,5.968495787505432,1.8504694159553952,1.8932743529208222
A899,2021-03-23,-33.5,-53.25,1,8.8,8.467383413910735,4.468782866343975,1.8947851500420103,1.969216286223256
A899,2021-03-24,-33.5,-53.25,1,9.1,8.41005278060442,5.02743340526142,1.6728322590614422,1.8100687301947087
A899,2021-03-25,-33.5,-53.25,1,14.4,10.276023795357405,6.889670447842256,1.4915116583806567,2.0900854560481728
A899,2021-03-26,-33.5,-53.25,1,13.7,14.91182739190237,6.751179013516521,2.208773810033393,2.029275178834876
A899,2021-03-27,-33.5,-53.25,1,7.1,7.213419342837645,4.120721894166645,1.7505232161017874,1.722999072092408
A899,2021-03-28,-33.5,-53.25,1,11.2,8.592285842641168,3.801143380584972,2.2604477080574816,2.946481855224411
A899,2021-03-29,-33.5,-53.25,1,15.1,15.97246764840435,7.937207659720259,2.012353504301195,1.9024322718214215
A899,2021-03-30,-33.5,-53.25,1,17.3,16.078152918364317,8.105586459054882,1.9835890961847866,2.134330450657755
A899,2021-03-31,-33.5,-53.25,1,12.7,12.105262247691794,5.867457841412216,2.063118743223594,2.1644808268350992
A899,2021-04-01,-33.5,-53.25,1,11.1,9.479870803648874,5.0400959907237,1.8808909237237905,2.202339007120014
A899,2021-04-02,-33.5,-53.25,1,13.3,9.02791865629929,5.234896248980584,1.7245649630701545,2.5406425203918745
A899,2021-04-03,-33.5,-53.25,1,9.4,8.571586653869616,5.54416448077775,1.5460556200286415,1.6954763937092543
A899,2021-04-04,-33.5,-53.25,1,12.3,7.21597092475034,7.284798814868088,0.990551847502326,1.6884474523710957
A899,2021-04-05,-33.5,-53.25,1,15.2,15.218219229977215,8.22367085396351,1.8505384639321487,1.848323001968659
A899,2021-04-06,-33.5,-53.25,1,10.3,11.317787226810195,6.323903577175387,1.7896837117597797,1.6287408361467401
A899,2021-04-07,-33.5,-53.25,1,13.7,11.063833372760906,7.2718612671748515,1.5214582575582125,1.8839743356823564
A899,2021-04-08,-33.5,-53.25,1,10.9,12.556541561289158,7.502529497464251,1.6736410787232616,1.4528433381946777
A899,2021-04-09,-33.5,-53.25,1,10.4,12.721295812990292,7.146626707096032,1.7800420162367032,1.4552320173199516
A899,2021-04-10,-33.5,-53.25,1,10.4,15.187449308158955,7.579183428995214,2.0038371482153696,1.3721794831107217
A899,2021-04-11,-33.5,-53.25,1,22.0,23.05140285943676,11.220695830613364,2.0543648279410394,1.9606627193277548
A899,2021-04-12,-33.5,-53.25,1,12.7,17.37065301528131,9.702370653549806,1.7903514136440364,1.308958444640893
A899,2021-04-13,-33.5,-53.25,1,5.1,5.0392601959026395,2.828976586802286,1.7813014852833169,1.8027720779989733
A899,2021-04-14,-33.5,-53.25,1,10.3,8.351832643478541,5.965387486349706,1.400048641029542,1.726627150971998
A899,2021-04-15,-33.5,-53.25,1,8.2,9.24290941572125,5.133258888170203,1.8005928820426143,1.597425763757449
A899,2021-04-16,-33.5,-53.25,1,6.2,5.015713080723497,3.687021626574218,1.3603698564100444,1.6815740800958379
A899,2021-04-17,-33.5,-53.25,1,6.1,5.113913693248006,3.5926273749285524,1.4234467311961925,1.6979217055933367
A899,2021-04-18,-33.5,-53.25,1,8.3,8.133899764819674,5.029447101205797,1.6172552571175451,1.65028080283618
A899,2021-04-19,-33.5,-53.25,1,12.7,10.861504960301886,6.319144738031599,1.718825159191594,2.0097656449559382
A899,2021-04-20,-33.5,-53.25,1,13.9,14.214824625609765,7.600617469172386,1.8702197134988277,1.8287987859377877
A899,2021-04-21,-33.5,-53.25,1,16.3,19.66123824899505,9.57813349205375,2.0527212598682705,1.7017929446820588
A899,2021-04-22,-33.5,-53.25,1,17.1,18.75348864096367,8.958736281154335,2.0933185275710873,1.9087513532429445
A899,2021-04-23,-33.5,-53.25,1,12.7,17.00693683213598,7.7248989777496,2.20157401166305,1.6440344445384236
A899,2021-04-24,-33.5,-53.25,1,10.2,13.492543848791778,6.739821656694876,2.001914076671333,1.5133931607623503
A899,2021-04-25,-33.5,-53.25,1,18.1,16.52236607301344,8.231759284023349,2.007148836954083,2.198800933735936
A899,2021-04-26,-33.5,-53.25,1,17.2,15.172632901748255,7.78581390377555,1.9487536035751687,2.2091460459463663
A899,2021-04-27,-33.5,-53.25,1,11.0,12.781277981872165,5.9523007227886735,2.1472836432706464,1.8480249087358716
A899,2021-04-28,-33.5,-53.25,1,8.4,7.979540631734719,4.481630410128975,1.7804994837816353,1.874317877934575
A899,2021-04-29,-33.5,-53.25,1,6.7,5.344130913913148,3.4342962536112376,1.556106555540652,1.9509091543732733
A899,2021-04-30,-33.5,-53.25,1,8.3,6.093885426955119,4.21793399381767,1.4447559956810792,1.9677880242235926
A899,2021-05-01,-33.5,-53.25,1,8.4,7.6769067778146045,4.845559643156231,1.5843178792891983,1.733545889144918
A899,2021-05-02,-33.5,-53.25,1,6.7,6.786699612362102,3.596033431355984,1.8872737814906768,1.8631639910737925
A899,2021-05-03,-33.5,-53.25,1,9.3,9.386041503179166,5.9748258090870285,1.570931405046833,1.5565307336417677
A899,2021-05-04,-33.5,-53.25,1,18.8,17.605128025497134,9.072264531944423,1.9405439472700092,2.072249980564739
A899,2021-05-05,-33.5,-53.25,1,17.3,15.037902607444416,7.731798891725612,1.9449422854929173,2.2375129309835065
A899,2021-05-06,-33.5,-53.25,1,12.0,15.699697239549998,7.682787185203182,2.043489798830709,1.5619331514364527
A899,2021-05-07,-33.5,-53.25,1,11.6,12.387896706875136,6.271270054141026,1.9753409755804086,1.849705067690447
A899,2021-05-08,-33.5,-53.25,1,11.1,7.773569198367714,5.229065675221032,1.4866076812162292,2.1227501602436467
A899,2021-05-09,-33.5,-53.25,1,11.8,13.521429324335086,7.162317706018997,1.887856679824756,1.647511390074701
A899,2021-05-10,-33.5,-53.25,1,14.6,15.031168819074137,7.063263104501917,2.1280771502754456,2.0670332938177522
A899,2021-05-11,-33.5,-53.25,1,11.2,12.985290892796156,7.101760388417505,1.8284608579549226,1.5770737658604264
A899,2021-05-12,-33.5,-53.25,1,8.4,11.233626346764472,6.396916987680858,1.7561000663910629,1.3131325631044872
A899,2021-05-13,-33.5,-53.25,1,9.8,9.027828434421783,5.207394896150079,1.733655429338808,1.881939087670366
A899,2021-05-14,-33.5,-53.25,1,6.3,5.856733347890494,3.3392056678229936,1.7539301050925717,1.8866762418103185
A899,2021-05-15,-33.5,-53.25,1,5.0,3.46751767898367,2.068563641456831,1.6762924811641742,2.4171361711059762
A899,2021-05-16,-33.5,-53.25,1,6.6,3.8806969934938422,2.1598390991817253,1.7967528205985712,3.0557831842661196
A899,2021-05-17,-33.5,-53.25,1,12.3,12.170537429127164,6.601546464514725,1.8435888461207417,1.8631997920663221
A899,2021-05-18,-33.5,-53.25,1,8.6,10.584340141570193,5.406774568509175,1.957607073765726,1.5905971094280895
A899,2021-05-19,-33.5,-53.25,1,8.4,9.640735516995363,4.466363615034073,2.1585200731404885,1.8807246171639607
A899,2021-05-20,-33.5,-53.25,1,8.2,6.720658392080949,2.780559647747879,2.4170164439825497,2.9490466088873903
A899,2021-05-21,-33.5,-53.25,1,14.0,23.781790669464677,9.49683225056309,2.504181398808492,1.474175770470191
A899,2021-05-22,-33.5,-53.25,1,21.9,22.272666692091235,11.061245794854061,2.013576689748001,1.9798854854295316
A899,2021-05-23,-33.5,-53.25,1,18.8,21.73284397400954,14.122005341053748,1.5389346944113174,1.3312556925146435
A899,2021-05-24,-33.5,-53.25,1,18.3,15.48129491872728,13.723460629578522,1.1280897243483945,1.3334828942896186
A899,2021-05-25,-33.5,-53.25,1,15.1,19.594367993990172,9.216698751831128,2.125963809991865,1.6383306438219005
A899,2021-05-26,-33.5,-53.25,1,8.0,9.692532464678862,6.131716788508565,1.5807208321890556,1.3046916998829399
A899,2021-05-27,-33.5,-53.25,1,10.1,13.021805730147292,6.815464569015653,1.910626282080139,1.481923924293649
A899,2021-05-28,-33.5,-53.25,1,8.1,9.404966745684233,4.912569952743442,1.914469785907475,1.6488314828934958
A899,2021-05-29,-33.5,-53.25,1,15.8,21.025413961500064,10.15156067752796,2.071150892891085,1.5564109304863565
A899,2021-05-30,-33.5,-53.25,1,11.6,13.900411808044906,7.491660139600648,1.8554514685694063,1.5483884457975896
A899,2021-05-31,-33.5,-53.25,1,16.5,12.08154304338021,8.581746934471845,1.4078186103169863,1.922685453904669
A899,2021-06-01,-33.5,-53.25,1,12.3,10.434542036372525,6.557577590457128,1.5912189970206871,1.8756926365460769
A899,2021-06-02,-33.5,-53.25,1,10.5,10.630162639083839,6.671697874717125,1.5933219457325245,1.5738122734529838
A899,2021-06-03,-33.5,-53.25,1,10.4,7.25304828533945,4.874732026796405,1.4878865639115009,2.133450606685905
A899,2021-06-04,-33.5,-53.25,1,8.9,11.800380937783396,5.155181341437988,2.289033140877212,1.7264184148985595
A899,2021-06-05,-33.5,-53.25,1,18.2,12.999124961628185,6.520995302978633,1.993426518140643,2.7909849883938236
A899,2021-06-06,-33.5,-53.25,1,11.0,9.766664557357675,6.3119926022245805,1.5473187585669128,1.7427143365350575
A899,2021-06-07,-33.5,-53.25,1,10.4,8.251767302664003,6.173714567490657,1.336596827154253,1.6845611967167997
A899,2021-06-08,-33.5,-53.25,1,10.5,13.818031202190923,7.0522720589100665,1.9593729633179395,1.488881868465917
A899,2021-06-09,-33.5,-53.25,1,10.6,17.83177074722725,8.541706324782442,2.087612248561054,1.2409698480555034
A899,2021-06-10,-33.5,-53.25,1,10.4,11.21896898954591,5.350619951529252,2.0967605793678983,1.9437000000397324
A899,2021-06-11,-33.5,-53.25,1,10.6,14.389705922597672,7.482032395900919,1.9232349128134179,1.416727359508264
A899,2021-06-12,-33.5,-53.25,1,9.2,9.514262293237403,5.917853314722494,1.6077218861724278,1.5546177829572334
A899,2021-06-13,-33.5,-53.25,1,9.1,7.115404022582202,4.974172750856174,1.4304698246271144,1.8294499318371427
A899,2021-06-14,-33.5,-53.25,1,12.3,6.347170429671556,4.216417606371421,1.5053467237401623,2.9171683519709934
A899,2021-06-15,-33.5,-53.25,1,14.4,12.66968985369997,7.305033577804776,1.734378044776533,1.9712435058138802
A899,2021-06-16,-33.5,-53.25,1,15.4,12.022596635137278,6.5357900249558565,1.839501665327518,2.3562568474809615
A899,2021-06-17,-33.5,-53.25,1,12.5,12.088325480033724,5.7545126502287545,2.1006688515235408,2.1722082754485035
A899,2021-06-18,-33.5,-53.25,1,12.7,8.286461880741982,4.583245077322586,1.8079901338338902,2.7709624481654407
A899,2021-06-19,-33.5,-53.25,1,8.1,6.834371242603697,4.821906363608093,1.41735876378357,1.6798335324659859
A899,2021-06-20,-33.5,-53.25,1,12.8,14.41455569983959,6.5391000835936355,2.2043638292072005,1.9574558939868096
A899,2021-06-21,-33.5,-53.25,1,6.6,6.014349712021391,3.4031867035604804,1.767269984255951,1.9393587760245274
A899,2021-06-22,-33.5,-53.25,1,8.4,9.007336104083349,5.568632023845529,1.617513253796065,1.5084494655114982
A899,2021-06-23,-33.5,-53.25,1,15.8,20.26311593311803,10.332759415131022,1.9610556211582024,1.5291171859535309
A899,2021-06-24,-33.5,-53.25,1,16.6,24.768508943428227,11.027039237299165,2.2461613140586536,1.505390489937697
A899,2021-06-25,-33.5,-53.25,1,13.5,19.551379013921245,9.826634317885365,1.989631279789863,1.373817276931612
A899,2021-06-26,-33.5,-53.25,1,12.3,10.128385647623912,8.534201791307224,1.1867994096343601,1.4412595695274686
A899,2021-06-27,-33.5,-53.25,1,14.0,16.828495837582437,9.504331757176242,1.7706132600933346,1.4730125544522692
A899,2021-06-28,-33.5,-53.25,1,21.5,32.979017428017784,14.298376225623318,2.306486898065945,1.5036672458982479
A899,2021-06-29,-33.5,-53.25,1,18.5,26.90494257595799,12.845167895804169,2.09455748606808,1.4402302990561116
A899,2021-06-30,-33.5,-53.25,1,11.9,13.243609212982033,9.033827278134911,1.4660020393611353,1.3172711447342202
A899,2021-07-01,-33.5,-53.25,1,9.5,8.303252729686978,6.564581802683056,1.2648563121405993,1.4471599692941886
A899,2021-07-02,-33.5,-53.25,1,10.0,6.806964182473356,5.822721755080959,1.1690347690980663,1.717409902211781
A899,2021-07-03,-33.5,-53.25,1,7.7,7.662558494072846,4.609466036634039,1.6623527395958992,1.6704754821499357
A899,2021-07-04,-33.5,-53.25,1,7.9,6.351735480181978,3.864134811439818,1.6437665325178585,2.044442128833589
A899,2021-07-05,-33.5,-53.25,1,6.3,6.758084207234289,4.112069852818789,1.6434750500655235,1.5320751411071978
A899,2021-07-06,-33.5,-53.25,1,11.6,13.707654441994823,7.966080271201791,1.7207527385268035,1.4561741289420855
A899,2021-07-07,-33.5,-53.25,1,10.3,14.240398698221044,7.114600280453227,2.0015739657708327,1.4477271517696355
A899,2021-07-08,-33.5,-53.25,1,7.2,5.679106399556124,3.6401465965894286,1.5601312334171,1.9779423187917524
A899,2021-07-09,-33.5,-53.25,1,9.5,8.252047317255688,5.32127313548939,1.5507655982212156,1.7852870465605781
A899,2021-07-10,-33.5,-53.25,1,14.2,12.309640997901347,7.975249479954545,1.54348036745949,1.780508564113399
A899,2021-07-11,-33.5,-53.25,1,9.5,5.6509099727725935,4.5454564536803375,1.2431996721027212,2.089999122598149
A899,2021-07-12,-33.5,-53.25,1,8.3,9.930197506340274,5.5031548172223115,1.804455414422175,1.508225786057275
A899,2021-07-13,-33.5,-53.25,1,10.7,8.442885322180475,5.074679958361584,1.6637276422267924,2.1085073517531954
A899,2021-07-14,-33.5,-53.25,1,11.1,12.889706323907564,6.738908086607486,1.91272920749933,1.647151119639025
A899,2021-07-15,-33.5,-53.25,1,13.0,14.859544972297323,8.693911772078847,1.7091897596683545,1.495299278484799
A899,2021-07-16,-33.5,-53.25,1,9.2,6.131163637489794,3.4805835199284534,1.7615332608412242,2.643234948198891
A899,2021-07-17,-33.5,-53.25,1,12.7,16.09546069928073,8.598357188745197,1.8719227808247894,1.477026334358805
A899,2021-07-18,-33.5,-53.25,1,23.8,34.2630327631401,15.662524230268616,2.1875805112515048,1.5195507218437565
A899,2021-07-19,-33.5,-53.25,1,20.4,23.82366584974892,14.34456833123127,1.660814414183491,1.422141087061137
A899,2021-07-20,-33.5,-53.25,1,10.4,10.95153749624329,6.1127893959363755,1.791577753934004,1.7013509424868543
A899,2021-07-21,-33.5,-53.25,1,11.3,10.012206130010302,5.786693842765907,1.7302118276961922,1.9527558061718466
A899,2021-07-22,-33.5,-53.25,1,6.8,10.394905513989595,4.592375391434095,2.2635138959630003,1.4807151899393212
A899,2021-07-23,-33.5,-53.25,1,7.4,7.715053742799203,4.191822502198353,1.8405010562239053,1.7653419237382202
A899,2021-07-24,-33.5,-53.25,1,9.4,6.427373393007189,3.5736667019773236,1.7985374487919923,2.6303516203116937
A899,2021-07-25,-33.5,-53.25,1,16.5,12.803183223120906,5.7473711366525055,2.227659032052345,2.8708777644052144
A899,2021-07-26,-33.5,-53.25,1,15.7,15.174661002636963,7.7507263673459565,1.9578372765897487,2.025616601063943
A899,2021-07-27,-33.5,-53.25,1,15.9,23.744307005102147,11.09177337487568,2.1407133199174546,1.4334948490757649
A899,2021-07-28,-33.5,-53.25,1,19.2,24.56309095697536,11.76774658314041,2.087323242681549,1.631578302978392
A899,2021-07-29,-33.5,-53.25,1,11.5,16.56543807484033,10.411165877834852,1.5911222882451417,1.1045833036320412
A899,2021-07-30,-33.5,-53.25,1,6.0,6.862537493147997,3.561811350912286,1.9266987543824567,1.6845361555892682
A899,2021-07-31,-33.5,-53.25,1,6.2,8.635280423713299,4.185272372035021,2.0632541101535367,1.4813850686103258
A899,2021-08-01,-33.5,-53.25,1,9.0,6.049472502786626,4.112718841359569,1.470918080261186,2.18833339869759
A899,2021-08-02,-33.5,-53.25,1,13.4,12.046443140037292,6.177439289797316,1.9500706643824484,2.169183600417004
A899,2021-08-03,-33.5,-53.25,1,6.3,4.890467654377847,3.5393401646478577,1.381745587277966,1.779992797224341
A899,2021-08-04,-33.5,-53.25,1,6.5,5.992047705321004,3.571502973561706,1.6777384058413347,1.819962085462813
A899,2021-08-05,-33.5,-53.25,1,9.6,11.6106876547804,6.836785381816671,1.6982670957699724,1.4041686938912052
A899,2021-08-06,-33.5,-53.25,1,11.1,11.763633548160904,6.180823265312816,1.9032470341255643,1.7958772680484045
A899,2021-08-07,-33.5,-53.25,1,8.5,10.653873213452325,6.426034719187852,1.6579233818392447,1.3227441760654328
A899,2021-08-08,-33.5,-53.25,1,11.5,7.3674037584726,4.260607379579194,1.7291909584966858,2.699145679350491
A899,2021-08-09,-33.5,-53.25,1,23.8,20.377747337938168,6.919756021734099,2.944865003033948,3.4394276221946467
A899,2021-08-10,-33.5,-53.25,1,14.2,16.210897074776764,7.60167210767964,2.1325435831939656,1.868010063950845
A899,2021-08-11,-33.5,-53.25,1,12.3,11.963590046820915,6.494261220819731,1.8421787544466566,1.8939798664962613
A899,2021-08-12,-33.5,-53.25,1,6.3,5.697502514545975,3.5387147445484324,1.6100485418677115,1.7803073869419586
A899,2021-08-13,-33.5,-53.25,1,6.3,10.555972150614606,5.0420334377167775,2.093594237525475,1.249495878562217
A899,2021-08-14,-33.5,-53.25,1,8.1,9.098924519429483,5.6337307106867085,1.6150797733675122,1.4377684017865795
A899,2021-08-15,-33.5,-53.25,1,5.3,5.415646029112908,3.520520828774578,1.5383081914609733,1.5054590663634342
A899,2021-08-16,-33.5,-53.25,1,7.7,5.129817782296522,3.422294303770667,1.4989411567101387,2.2499526097203795
A899,2021-08-17,-33.5,-53.25,1,6.8,5.583548518300298,3.4104336768639656,1.6371960423035117,1.9938813195900882
A899,2021-08-18,-33.5,-53.25,1,10.8,9.593017881081428,5.518820770775252,1.7382368950774707,1.9569397972101346
A899,2021-08-19,-33.5,-53.25,1,16.4,23.720683582294818,9.366529020777985,2.5324945376963743,1.7509154099260786
A899,2021-08-20,-33.5,-53.25,1,15.4,9.016108094212353,5.532675740229477,1.6296107918730829,2.7834633228227577
A899,2021-08-21,-33.5,-53.25,1,13.0,8.422584890084204,6.729573812257504,1.2515777558963666,1.9317716638045193
A899,2021-08-22,-33.5,-53.25,1,15.3,19.210730168242545,9.076242606518685,2.1165950494145154,1.685719593812017
A899,2021-08-23,-33.5,-53.25,1,10.0,9.307629551370711,4.725571094355811,1.9696306257010245,2.1161463451357085
A899,2021-08-24,-33.5,-53.25,1,11.1,13.223315073847266,6.1814754509402805,2.1391842738509674,1.7956877913850728
A899,2021-08-25,-33.5,-53.25,1,17.3,19.22149023008899,9.204491373972386,2.0882729364538,1.87951721579308
A899,2021-08-26,-33.5,-53.25,1,13.0,14.34277105289895,8.149689873944412,1.7599161777621257,1.595152723732794
A899,2021-08-27,-33.5,-53.25,1,9.6,9.445774722148267,5.637569884388914,1.6755046794727484,1.702861374115027
A899,2021-08-28,-33.5,-53.25,1,10.5,11.27609708438421,5.973564483710311,1.8876664201305116,1.757744480474449
A899,2021-08-29,-33.5,-53.25,1,10.5,10.37465459178409,6.404096795605626,1.620002776801092,1.6395754678793906
A899,2021-08-30,-33.5,-53.25,1,10.5,8.557780524048896,7.1021969677896974,1.2049483508920755,1.4784157701652347
A899,2021-08-31,-33.5,-53.25,1,11.6,10.148582237931583,7.155199695932547,1.4183506637418741,1.6211986377674614
A899,2021-09-01,-33.5,-53.25,1,8.1,9.369172608839667,6.18352823548815,1.515182312109234,1.3099317560341919
A899,2021-09-02,-33.5,-53.25,1,11.2,13.674020799810581,7.192384993147535,1.9011803195794374,1.557202514975307
A899,2021-09-03,-33.5,-53.25,1,13.6,13.41647520463514,7.426233870005998,1.80663246532314,1.8313455027223666
A899,2021-09-04,-33.5,-53.25,1,9.4,6.801954939408714,6.18364063945582,1.0999919523148918,1.5201400838240222
A899,2021-09-05,-33.5,-53.25,1,8.9,7.709125985077663,4.682841121382781,1.6462497413965778,1.9005556176913276
A899,2021-09-06,-33.5,-53.25,1,12.2,13.907046844870944,7.701094329767914,1.8058533306252929,1.584190438083839
A899,2021-09-07,-33.5,-53.25,1,17.4,19.827229796891874,10.561257097728028,1.8773550926202878,1.6475311451080141
A899,2021-09-08,-33.5,-53.25,1,21.0,29.394851091420218,12.509813495487814,2.3497433516513015,1.6786821008622173
A899,2021-09-09,-33.5,-53.25,1,15.8,16.21908727033743,8.593086171656102,1.8874577708571503,1.838687484842823
A899,2021-09-14,-33.5,-53.25,1,14.7,16.758033490330952,9.053489898444063,1.851002616483948,1.623683260808227
A899,2021-09-15,-33.5,-53.25,1,10.6,11.439616210600333,6.8133462110464125,1.6790011627551515,1.5557700536065997
A899,2021-09-16,-33.5,-53.25,1,8.5,6.456267739860349,3.665994975187343,1.7611229103036115,2.3186065604374226
A899,2021-09-17,-33.5,-53.25,1,10.3,10.491540909648378,6.494931351593167,1.615342848400525,1.58585201943258
A899,2021-09-18,-33.5,-53.25,1,6.5,7.342331641627094,4.625127176490733,1.5874875136294115,1.405366761164783
A899,2021-09-19,-33.5,-53.25,1,9.9,13.341663661854009,7.834936849222356,1.7028425268262646,1.263571128972483
A899,2021-09-20,-33.5,-53.25,1,16.8,15.128846074876913,8.526757606078997,1.7742788963639682,1.9702682750149654
A899,2021-09-21,-33.5,-53.25,1,18.3,21.919863757412223,10.916144990318704,2.008022408721438,1.6764159889988526
A899,2021-10-16,-33.5,-53.25,1,12.5,16.966785066055678,8.725319734559507,1.9445459401164553,1.432612257232205
A899,2021-10-17,-33.5,-53.25,1,6.1,5.723582377485839,3.9604439866771335,1.4451870539615945,1.5402313529796903
A899,2022-06-29,-33.5,-53.25,1,5.8,10.537471243807154,5.224941484310465,2.01676349399304,1.1100602786493072
A899,2022-06-30,-33.5,-53.25,1,8.4,9.189443479170995,5.380092219352125,1.708045718271646,1.5613115272978602
A899,2022-07-01,-33.5,-53.25,1,12.3,15.275058799702846,8.918931752481953,1.7126556434801865,1.3790889246996612
A899,2022-07-02,-33.5,-53.25,1,13.2,7.14667835467796,7.9316256560007306,0.9010357604649544,1.664223776120024
A899,2022-07-03,-33.5,-53.25,1,9.5,7.627208265032893,4.262242696952422,1.7894823939721876,2.228873547438457
A899,2022-07-04,-33.5,-53.25,1,9.5,16.308460422159552,6.994258088956013,2.3316926848768618,1.3582569986944824
A899,2022-07-05,-33.5,-53.25,1,10.9,10.393385340163205,5.281267966934331,1.96797159417691,2.0638983040141454
A899,2022-07-06,-33.5,-53.25,1,10.8,15.108088382710518,7.642001988108426,1.9769804308111838,1.4132422389847157
A899,2022-07-07,-33.5,-53.25,1,12.2,12.417603073692543,8.100499556924762,1.5329428742548699,1.5060799539913257
A899,2022-07-08,-33.5,-53.25,1,10.0,10.267732931663335,6.440747015443864,1.5941835484366924,1.552614933643819
A899,2022-07-09,-33.5,-53.25,1,18.6,15.33968734141509,10.149936448778252,1.5113087080719139,1.8325237890764217
A899,2022-07-10,-33.5,-53.25,1,18.0,13.652064866063427,8.145205947090131,1.6760859031367545,2.209888874133439
A899,2022-07-11,-33.5,-53.25,1,18.2,27.21267430848275,12.288698632735217,2.2144472024069612,1.4810355875697023
A899,2022-07-12,-33.5,-53.25,1,21.1,22.32662192860223,10.81732412424187,2.063969025257158,1.9505748147746096
A899,2022-07-13,-33.5,-53.25,1,8.5,7.328322834583305,5.547506447671252,1.3210120445483409,1.5322199406488575
A899,2022-07-14,-33.5,-53.25,1,13.3,11.078658594971653,7.950148461969001,1.3935159384718985,1.6729247338742161
A899,2022-07-15,-33.5,-53.25,1,14.9,13.49161165755824,6.987477846302573,1.9308271101993306,2.132386009335878
A899,2022-07-16,-33.5,-53.25,1,17.5,24.799832595902902,9.840916093048534,2.5200735745954694,1.7782897277583456
A899,2022-07-17,-33.5,-53.25,1,14.7,16.26041844184938,9.214516828174899,1.764652313850085,1.5953088234699766
A899,2022-07-18,-33.5,-53.25,1,10.1,8.009026030339205,4.879933915038617,1.6412160840247416,2.0697001590276813
A899,2022-07-19,-33.5,-53.25,1,8.3,6.82281898499482,3.8854470988800514,1.755993277314583,2.1361762980616588
A899,2022-07-20,-33.5,-53.25,1,10.6,9.353041711201612,6.778723565437127,1.3797644380853995,1.5637162214500862
A899,2022-07-21,-33.5,-53.25,1,13.3,13.155419611421523,5.7663241548417234,2.2814221431473825,2.3064953760590425
A899,2022-07-22,-33.5,-53.25,1,7.9,6.698068912929852,3.6498153286069557,1.8351802241694073,2.1644930739592336
A899,2022-07-23,-33.5,-53.25,1,7.9,7.46190822345393,4.2589261898734705,1.7520632879706277,1.8549276619970498
A899,2022-07-24,-33.5,-53.25,1,7.2,8.40089120947771,4.6668539950722,1.800118713452003,1.5427952122784612
A899,2022-07-25,-33.5,-53.25,1,9.1,11.588708986160343,5.572222436242983,2.079728352332955,1.6331006351813167
A899,2022-07-26,-33.5,-53.25,1,9.0,10.484766619524173,6.094461198296161,1.7203763020848204,1.4767507261373896
A899,2022-07-27,-33.5,-53.25,1,8.4,8.54330905420596,4.604867077919816,1.8552781024170797,1.8241568883231658
A899,2022-07-28,-33.5,-53.25,1,15.7,21.099280901551307,9.432999714134123,2.2367519920452006,1.6643698161546205
A899,2022-07-29,-33.5,-53.25,1,17.6,24.693771975454673,10.813559312151991,2.2835933352401803,1.6275862083839119
A899,2022-07-30,-33.5,-53.25,1,5.5,4.829785977433405,3.0697549377461115,1.573345780161706,1.7916739647101059
A899,2022-07-31,-33.5,-53.25,1,5.9,6.380866900385451,3.5565582209349373,1.7941128765517769,1.6589071887733715
A899,2022-08-01,-33.5,-53.25,1,5.3,5.2870693730425575,3.191024421873154,1.6568564429660524,1.6609086297399325
A899,2022-08-02,-33.5,-53.25,1,10.4,8.566441972836758,5.019501006860019,1.7066321853764403,2.071919098290168
A899,2022-08-03,-33.5,-53.25,1,12.3,14.209969813125337,5.177694870212787,2.7444587155715015,2.3755745188388264
A899,2022-08-04,-33.5,-53.25,1,15.8,21.74869024745979,8.671939433375037,2.5079384392097173,1.8219684444741087
A899,2022-08-05,-33.5,-53.25,1,14.8,18.977828223815944,9.223089874591226,2.057643206546012,1.6046683054420465
A899,2022-08-06,-33.5,-53.25,1,7.7,7.824774603172526,4.686058455428481,1.6697987610692426,1.6431719905414481
A899,2022-08-07,-33.5,-53.25,1,12.1,13.166355035606813,7.26643107215139,1.8119424659606134,1.665191602294732
A899,2022-08-08,-33.5,-53.25,1,13.0,12.494555631865877,6.810257457566237,1.8346671487411024,1.9088852486122858
A899,2022-08-09,-33.5,-53.25,1,12.3,15.453674677599508,7.294292436855173,2.118598179518853,1.686249914776239
A899,2022-08-10,-33.5,-53.25,1,11.9,10.622593341158849,5.863980058203415,1.8114988856925547,2.0293384155276066
A899,2022-08-11,-33.5,-53.25,1,6.8,5.780017383949843,4.442913875385385,1.3009519306625037,1.5305270799133277
A899,2022-08-12,-33.5,-53.25,1,8.1,7.986662928798497,5.494860815491463,1.4534786588737583,1.4741046719807647
A899,2022-08-13,-33.5,-53.25,1,9.9,10.78077707152353,6.17712117886663,1.745275308570452,1.6026883257317674
A899,2022-08-14,-33.5,-53.25,1,10.8,14.168256757433936,6.747466174836486,2.0997892231415713,1.6006008359518336
A899,2022-08-15,-33.5,-53.25,1,17.0,18.902694730195552,8.977988382604936,2.1054487848101884,1.8935199373768294
A899,2022-08-16,-33.5,-53.25,1,15.1,11.822028791061618,6.582071726204795,1.7960954062526098,2.2941105214462043
A899,2022-08-17,-33.5,-53.25,1,13.2,13.136630930672796,8.16967535482001,1.6079746575146763,1.6157312777688477
A899,2022-08-18,-33.5,-53.25,1,18.7,17.754066557440332,9.055156435615421,1.9606581822938658,2.0651216942481323
A899,2022-08-19,-33.5,-53.25,1,10.5,15.835732811576738,8.553247517512983,1.8514292704791588,1.2276038988116496
A899,2022-08-20,-33.5,-53.25,1,7.5,6.228757253655049,3.8878303512524157,1.6021165253901917,1.9290965197552843
A899,2022-08-21,-33.5,-53.25,1,5.5,5.780262847811255,4.199184262333681,1.3765204112759977,1.3097781989074697
A899,2022-08-22,-33.5,-53.25,1,8.2,6.269667261141244,4.090919362438996,1.532581482467375,2.0044394116610453
A899,2022-08-23,-33.5,-53.25,1,10.6,9.675305776197195,5.299197289293208,1.8258059188975129,2.0003029555847687
A899,2022-08-24,-33.5,-53.25,1,6.7,7.265089515797805,4.961831087096415,1.4641952513641936,1.3503079573635253
A899,2022-08-25,-33.5,-53.25,1,6.9,6.146715086287257,4.083423046467692,1.5052849083575572,1.6897587934144491
A899,2022-08-26,-33.5,-53.25,1,9.4,9.285849980173666,5.195322554195864,1.7873481161769629,1.8093198067958918
A899,2022-08-27,-33.5,-53.25,1,21.3,17.468971749944114,10.33013651816099,1.6910688178450142,2.0619282196855138
A899,2022-08-28,-33.5,-53.25,1,20.3,23.413364384978042,10.476759340834496,2.2347907041943293,1.937622058462122
A899,2022-08-29,-33.5,-53.25,1,7.9,11.8583250340847,7.585211699312008,1.5633479333424896,1.041500265670442
A899,2022-08-30,-33.5,-53.25,1,8.7,6.305840190646886,5.410186804072315,1.1655494383115204,1.6080775609173792
A899,2022-08-31,-33.5,-53.25,1,12.0,11.606214519632289,7.184558205641666,1.6154388603210872,1.670248838763254
A899,2022-09-01,-33.5,-53.25,1,6.4,10.242253025176314,5.165323851343815,1.982886905050819,1.2390317014362944
A899,2022-09-02,-33.5,-53.25,1,17.4,18.7110924746301,9.65121528895463,1.9387291563212854,1.8028817593483273
A899,2022-09-03,-33.5,-53.25,1,15.7,14.180124367715848,7.958321531491143,1.7817983743940202,1.9727777946486544
A899,2022-09-04,-33.5,-53.25,1,9.7,6.033363478675616,4.364217416688813,1.382461711372117,2.2226207069581587
A899,2022-09-05,-33.5,-53.25,1,7.1,5.968887304733559,3.6861655314498765,1.6192672992592987,1.926120772228957
A899,2022-09-06,-33.5,-53.25,1,12.7,13.372704272397023,7.6831434414703725,1.7405251345714563,1.6529692692512739
A899,2022-09-07,-33.5,-53.25,1,7.5,10.077215917725315,5.271442846542397,1.911661799451185,1.4227603747841715
A899,2022-09-08,-33.5,-53.25,1,8.8,9.28209708988542,6.13894529887505,1.51200192182627,1.4334709907926015
A899,2022-09-09,-33.5,-53.25,1,23.6,20.338962954004625,12.409328387471922,1.6390059412512783,1.9017951063190366
A899,2022-09-10,-33.5,-53.25,1,16.3,13.188818216165092,8.141841284233577,1.6198815176739971,2.0020041451267843
A899,2022-09-11,-33.5,-53.25,1,10.3,8.581782453062917,5.912608981013371,1.4514375093331595,1.7420397717954061
A899,2022-09-12,-33.5,-53.25,1,9.0,9.579864661183622,5.768117654331042,1.6608303150665618,1.5603010443523584
A899,2022-09-13,-33.5,-53.25,1,13.0,15.068220994263609,7.703350249671616,1.9560607405727068,1.6875774278281288
A899,2022-09-14,-33.5,-53.25,1,13.1,16.961020976133124,8.061506778421409,2.1039517105578125,1.6250063865312807
A899,2022-09-15,-33.5,-53.25,1,9.4,7.277965715661264,4.986712477264122,1.459471695800316,1.8850094211080635
A899,2022-09-16,-33.5,-53.25,1,12.1,13.784414433721322,7.533950449647791,1.8296396460061317,1.6060631246341246
A899,2022-09-17,-33.5,-53.25,1,12.6,17.297840478017168,9.139239678391275,1.8927001683647715,1.3786704850066807
A899,2022-09-18,-33.5,-53.25,1,15.4,21.48520349294048,9.267263419756636,2.318397839769693,1.66176348965857
A899,2022-09-19,-33.5,-53.25,1,13.6,13.82098538215525,7.9060301927428185,1.7481574248023928,1.720205927430412
A899,2022-09-20,-33.5,-53.25,1,14.1,12.858652608739972,7.291175617583135,1.7635911248291032,1.9338445182964665
A899,2022-09-21,-33.5,-53.25,1,11.0,13.06873208287604,6.873151956914434,1.901417597748412,1.6004302056691662
A899,2022-09-22,-33.5,-53.25,1,18.6,20.23889750841093,9.275149031112573,2.182056314191992,2.005358613388112
A899,2022-09-23,-33.5,-53.25,1,12.8,15.410311794045347,7.643966108640557,2.01600995805383,1.6745233845988912
A899,2022-09-24,-33.5,-53.25,1,7.2,8.010199764949313,4.162140764488859,1.924538409006218,1.729879023177202
A899,2022-09-25,-33.5,-53.25,1,9.7,15.625078210484876,7.906022043373264,1.9763514602873686,1.2269128452696925
A899,2022-09-26,-33.5,-53.25,1,25.5,13.04764825211412,7.4121356750198855,1.7603088804872848,3.4403039984736368
A899,2022-09-27,-33.5,-53.25,1,10.6,7.700591218623369,4.9077125905741195,1.5690795001755655,2.159865681694286
A899,2022-09-28,-33.5,-53.25,1,14.1,16.030440587130943,6.8139296855894225,2.3525984750082243,2.0692905049812405
A899,2022-09-29,-33.5,-53.25,1,11.1,9.499845188781865,5.80861468786745,1.6354751862994719,1.9109547794906683
A899,2022-09-30,-33.5,-53.25,1,8.1,8.972940550881228,5.077612703346175,1.7671573385201298,1.5952378555107314
A899,2022-10-01,-33.5,-53.25,1,6.6,8.805451513008407,5.175545055582686,1.701357329217,1.2752280057693253
A899,2022-10-02,-33.5,-53.25,1,7.4,5.69894750914788,3.727716461845587,1.5288039118528718,1.9851295225217507
A899,2022-10-03,-33.5,-53.25,1,13.5,12.039361313147891,7.488564737025863,1.6076994371994184,1.8027486539912883
A899,2022-10-04,-33.5,-53.25,1,11.6,8.116311528734894,5.039871600439555,1.6104202988082128,2.301645938556907
A899,2022-10-05,-33.5,-53.25,1,11.2,12.819676238295619,8.247893110153369,1.5542970873997224,1.3579225446329453
A899,2022-10-06,-33.5,-53.25,1,12.8,13.311407486570218,7.459420280777692,1.784509651624351,1.7159510415285943
A899,2022-10-07,-33.5,-53.25,1,14.3,18.725520302651983,10.136924821777056,1.847258476498132,1.410684231304493
A899,2022-10-08,-33.5,-53.25,1,17.4,20.583244566052578,9.932935585381044,2.072221690065754,1.751747995387056
A899,2022-10-09,-33.5,-53.25,1,14.3,17.88172956546587,8.335185233890558,2.1453307951405103,1.7156187413636261
A899,2022-10-10,-33.5,-53.25,1,11.1,11.447732329638193,5.6437766488932315,2.028381532760185,1.9667681218704423
A899,2022-10-11,-33.5,-53.25,1,15.9,11.543097156306695,6.603152885056696,1.748119020904297,2.407940612125245
A899,2022-10-12,-33.5,-53.25,1,16.0,15.14687319447457,7.882932983001432,1.9214768446131567,2.029701385829617
A899,2022-10-13,-33.5,-53.25,1,19.8,20.835497055826217,11.041551378109524,1.8870081152847527,1.7932262706538302
A899,2022-10-14,-33.5,-53.25,1,16.3,14.26564992271854,7.98259922881602,1.7870933406279026,2.0419414194263164
A899,2022-10-15,-33.5,-53.25,1,12.7,15.049201908901614,8.536019717839169,1.763023330118456,1.4878128706121254
A899,2022-10-16,-33.5,-53.25,1,20.8,16.92877088643998,10.001451469696084,1.6926314083244158,2.079698138117552
A899,2022-10-17,-33.5,-53.25,1,16.0,15.081511459669642,9.243079032962777,1.6316544958542254,1.7310249044653423
A899,2022-10-18,-33.5,-53.25,1,13.1,16.730903030275524,8.946920924217906,1.8700179840628304,1.464190877616942
A899,2022-10-19,-33.5,-53.25,1,12.7,13.462901523827263,7.588195422410524,1.774190143293718,1.673652204909296
A899,2022-10-20,-33.5,-53.25,1,9.7,9.09717915926349,5.363231308021069,1.6962123460269285,1.8086111604944215
A899,2022-10-21,-33.5,-53.25,1,8.1,10.218264381112009,5.580431582596821,1.831088551103963,1.4515006375601351
A899,2022-10-22,-33.5,-53.25,1,10.4,7.251132174285334,3.820394622372532,1.8980060677036168,2.7222318707854893
A899,2022-10-23,-33.5,-53.25,1,18.5,14.821415709182922,7.8302066930514505,1.892851145594342,2.362645167006505
A899,2022-10-24,-33.5,-53.25,1,10.1,11.770815013969337,6.454320770573653,1.82371088025784,1.5648432048880525
A899,2022-10-25,-33.5,-53.25,1,13.5,11.3061726414064,7.404043265235495,1.5270268198583783,1.8233280812103163
A899,2022-10-26,-33.5,-53.25,1,15.6,14.745286855061682,9.982368718535952,1.477133060380911,1.562755337922235
A899,2022-10-27,-33.5,-53.25,1,17.4,16.991341671312227,10.16989593153874,1.6707488243433164,1.7109319620507975
A899,2022-10-28,-33.5,-53.25,1,12.2,11.251878661692174,6.268695899332158,1.7949313290011253,1.9461783113932418
A899,2022-10-29,-33.5,-53.25,1,9.8,8.96255788699781,4.548515988259833,1.9704356124351443,2.1545488738073613
A899,2022-10-30,-33.5,-53.25,1,23.4,19.298544182482864,11.736066352605782,1.644379266669532,1.993853757890901
A899,2022-10-31,-33.5,-53.25,1,21.7,20.540535431043867,10.834663240695392,1.8958166926585098,2.002831054175639
A899,2022-11-01,-33.5,-53.25,1,17.6,17.435970500149065,8.256557011884231,2.111772555443179,2.131639129320746
A899,2022-11-02,-33.5,-53.25,1,9.3,7.575226334500806,4.09630465927878,1.8492829426985409,2.2703389453550593
A899,2022-11-03,-33.5,-53.25,1,10.0,10.325714795227086,6.385882342724609,1.6169597623406105,1.565954313485423
A899,2022-11-04,-33.5,-53.25,1,10.2,11.627671850594524,6.403065607906032,1.8159538825023962,1.5929869572796183
A899,2022-11-05,-33.5,-53.25,1,11.9,11.120794153070337,7.542692145252883,1.47437996128072,1.5776860265322454
A899,2022-11-06,-33.5,-53.25,1,10.4,11.327804963981773,7.169809953473424,1.5799309936372865,1.4505265924045458
A899,2022-11-07,-33.5,-53.25,1,11.2,10.398157943882513,6.814615322136687,1.5258613219303807,1.6435263724450844
A899,2022-11-08,-33.5,-53.25,1,11.3,9.890767381729125,6.495741299589958,1.5226541399291067,1.7396012985790106
A899,2022-11-09,-33.5,-53.25,1,9.7,10.529674225479692,6.3509699888879,1.657963152700004,1.5273257497629176
A899,2022-11-10,-33.5,-53.25,1,10.1,10.065980975809872,6.575669458117311,1.5307918136584495,1.5359652829769435
A899,2022-11-11,-33.5,-53.25,1,9.7,10.821716882517105,7.563673637468784,1.4307487870588027,1.2824456031455829
A899,2022-11-12,-33.5,-53.25,1,9.7,11.017453707932075,7.467008098930731,1.4754843656202496,1.2990477406056424
A899,2022-11-13,-33.5,-53.25,1,11.5,13.703454851308516,8.483758363493777,1.6152575620582816,1.3555312996048223
A899,2022-11-14,-33.5,-53.25,1,13.5,20.554529285608997,9.377000555986882,2.1920153638559463,1.4396927801588675
A899,2022-11-15,-33.5,-53.25,1,18.3,16.199271022572084,9.751648062797026,1.66118290141879,1.8766058703261985
A899,2022-11-16,-33.5,-53.25,1,10.9,10.147806324946881,5.318917458833598,1.9078706153060374,2.049289180432271
A899,2022-11-17,-33.5,-53.25,1,6.3,6.426609715017019,3.6720005241266964,1.7501657945828983,1.715686029619594
A899,2022-11-18,-33.5,-53.25,1,9.9,10.604706687760709,6.814044400635365,1.5563013776035697,1.45288163943823
A899,2022-11-19,-33.5,-53.25,1,15.5,16.099171393316944,8.673136247879711,1.8562110559778935,1.7871274654297316
A899,2022-11-20,-33.5,-53.25,1,14.6,16.70721563208772,8.44899939373774,1.9774194379124748,1.728015273716469
A899,2022-11-21,-33.5,-53.25,1,11.7,13.522836353977725,8.462486287198603,1.5979743889728992,1.382572402829043
A899,2022-11-22,-33.5,-53.25,1,15.1,14.71941743892018,7.142839089545357,2.060723649852943,2.1140053430716605
A899,2022-11-23,-33.5,-53.25,1,12.3,8.127527538993714,5.347539836377146,1.5198629253223022,2.3001231176115953
A899,2022-11-24,-33.5,-53.25,1,8.0,10.980705427240357,4.750861479986548,2.3113082697733063,1.6839051261967444
A899,2022-11-25,-33.5,-53.25,1,8.7,9.719248753852453,5.548358057300719,1.7517342344305866,1.5680314626688956
A899,2022-11-26,-33.5,-53.25,1,11.0,11.791200482197947,6.982106510873375,1.6887740775416809,1.5754557715310529
A899,2022-11-27,-33.5,-53.25,1,11.1,11.086251952181243,7.154886110438082,1.5494658868165339,1.5513873776140883
A899,2022-11-28,-33.5,-53.25,1,9.7,12.133235007017275,7.324301957500201,1.6565721999749956,1.3243582878320637
A899,2022-11-29,-33.5,-53.25,1,13.8,9.846933253602623,7.428083282741177,1.3256358173152873,1.8578143882774834
A899,2022-11-30,-33.5,-53.25,1,14.9,18.532459376541656,9.307977361937642,1.9910297002144572,1.6007774214115909
A899,2022-12-01,-33.5,-53.25,1,12.5,13.866724913350192,7.429431009719516,1.8664585343358218,1.6824976211027383
A899,2022-12-02,-33.5,-53.25,1,14.0,13.358042867355417,7.007561125843113,1.906232800180997,1.9978420093075668
A899,2022-12-03,-33.5,-53.25,1,10.3,9.43278637040077,5.851282380212658,1.6120887281563645,1.7602978852689826
A899,2022-12-04,-33.5,-53.25,1,8.3,7.528715817024123,5.303162575613134,1.4196652864547863,1.5651038190245152
A899,2022-12-05,-33.5,-53.25,1,7.9,7.6152091122122085,4.590737061236634,1.6588205794911839,1.7208565628178083
A899,2022-12-06,-33.5,-53.25,1,9.9,9.088635894695608,5.4603488159107965,1.6644789922966867,1.8130709838815786
A899,2022-12-07,-33.5,-53.25,1,8.9,12.845402337664662,6.214195615326219,2.067106208562817,1.4322046731277205
A899,2022-12-08,-33.5,-53.25,1,9.6,12.244225361502046,7.04780076310423,1.7373115065342783,1.3621270411412203
A899,2022-12-09,-33.5,-53.25,1,11.2,13.354497263908447,7.01728364765617,1.9030864269494019,1.5960591822080457
A899,2022-12-10,-33.5,-53.25,1,12.4,11.725240736026974,8.31126095202177,1.4107655629769067,1.4919517112482934
A899,2022-12-11,-33.5,-53.25,1,10.0,12.263869091446152,6.244523993065778,1.9639397822899787,1.6014030871055158
A899,2022-12-12,-33.5,-53.25,1,38.0,17.282894872273,9.386112498178194,1.8413262014095333,4.048534471260135
A899,2022-12-13,-33.5,-53.25,1,13.0,20.2506277344515,7.644267338752795,2.6491260492409077,1.7006207951540615
A899,2022-12-14,-33.5,-53.25,1,10.0,10.437543848017217,6.41949116395301,1.6259145127617811,1.5577558632921578
A899,2022-12-15,-33.5,-53.25,1,15.5,15.878169339528519,8.219674926855998,1.9317271644952843,1.8857193426661103
A899,2022-12-16,-33.5,-53.25,1,17.1,14.951239040079109,8.484212157230502,1.762242476142845,2.01550829742357
A899,2022-12-17,-33.5,-53.25,1,16.1,16.405714156126766,8.272751626700924,1.98310246655733,1.9461481169138513
A899,2022-12-18,-33.5,-53.25,1,14.0,17.777151965996243,9.144567253591573,1.9440123816700217,1.5309636434136817
A899,2022-12-19,-33.5,-53.25,1,14.3,14.169281161615146,8.346328442371984,1.697666376233369,1.7133282135654864
A899,2022-12-20,-33.5,-53.25,1,11.7,12.076263077324601,8.037167485204918,1.5025521241849173,1.4557367407781092
A899,2022-12-21,-33.5,-53.25,1,12.3,12.42008230316208,7.842205481332028,1.5837486447820648,1.5684363320088368
A899,2022-12-22,-33.5,-53.25,1,14.6,14.418816317386714,8.606044204013394,1.6754290328490944,1.6964821065166444
A899,2022-12-23,-33.5,-53.25,1,16.4,16.65800349147588,8.701779671541738,1.914321451501943,1.8846719428710068
A899,2022-12-24,-33.5,-53.25,1,15.5,16.107630837828943,8.204068880685277,1.9633709896988931,1.8893064192197886
A899,2022-12-25,-33.5,-53.25,1,12.3,13.594803321427136,6.453654265123891,2.1065279859961876,1.9058969530596441
A899,2022-12-26,-33.5,-53.25,1,12.5,9.782195816894788,6.370438439808872,1.5355608423693168,1.9621883357176009
A899,2022-12-27,-33.5,-53.25,1,8.3,9.644322384028715,5.501721402355913,1.7529645139608274,1.5086187382090679
A899,2022-12-28,-33.5,-53.25,1,9.4,8.74863448117483,5.561425064182287,1.5730922165110874,1.690214269097971
A899,2022-12-29,-33.5,-53.25,1,15.7,12.652724958222153,6.94314047212493,1.8223345774177921,2.2612245946962752
A899,2022-12-30,-33.5,-53.25,1,11.0,13.98145268507394,5.7884944503224105,2.415386730533221,1.900321421123124
A899,2022-12-31,-33.5,-53.25,1,13.1,12.589618519004855,7.151525145910531,1.760410298802347,1.8317771010692727
A804,2021-01-01,-30.75,-55.5,2,7.9,6.972815624322356,3.3480849476325116,2.0826280495818823,2.3595578139635394
A804,2021-01-02,-30.75,-55.5,2,11.9,10.268142212677548,6.44684569607833,1.5927389450198481,1.8458639404443742
A804,2021-01-03,-30.75,-55.5,2,10.3,9.418702964805554,5.998074514664001,1.5702877551418963,1.7172177462648586
A804,2021-01-04,-30.75,-55.5,2,16.8,10.366383730282758,6.04222378782842,1.7156570319631348,2.7804332626411927
A804,2021-01-05,-30.75,-55.5,2,13.3,12.387489516896627,5.361240240260049,2.3105641533974177,2.480769263075381
A804,2021-01-06,-30.75,-55.5,2,9.3,12.637334210662111,4.608048915542285,2.742447930194101,2.0182077426809513
A804,2021-01-07,-30.75,-55.5,2,9.7,13.173637017945783,6.182831490586824,2.130680261624832,1.568860483221637
A804,2021-01-08,-30.75,-55.5,2,5.9,5.881443715842833,3.3710800490882753,1.744676373802959,1.750180925426462
A804,2021-01-09,-30.75,-55.5,2,3.0,8.229828758404325,3.775136911262522,2.180008024040648,0.7946731656406887
A804,2021-01-10,-30.75,-55.5,2,6.1,7.7845223382328514,3.347524991530762,2.3254560781256877,1.8222418101232998
A804,2021-01-11,-30.75,-55.5,2,24.5,17.59700538755844,8.280897052571568,2.1250119734423976,2.958616662477614
A804,2021-01-12,-30.75,-55.5,2,13.7,15.745298236398536,6.623575808804228,2.377159813807744,2.068369170288593
A804,2021-01-13,-30.75,-55.5,2,11.1,14.686780812072419,6.8281601141380275,2.1509133597589116,1.6256209307419325
A804,2021-01-14,-30.75,-55.5,2,12.0,13.09569096559456,7.385429776343912,1.7731792681234402,1.6248208111648295
A804,2021-01-15,-30.75,-55.5,2,9.9,9.721697619988868,6.2913492614701285,1.5452484381255214,1.5735893190082761
A804,2021-01-16,-30.75,-55.5,2,16.7,11.775143807978159,4.808687937513832,2.448722803598292,3.4728807976327456
A804,2021-01-17,-30.75,-55.5,2,11.5,19.080045124843625,7.305674074798667,2.6116748337653486,1.5741189494984311
A804,2021-01-18,-30.75,-55.5,2,8.2,8.732409519123477,4.581750071806748,1.905911361873996,1.789709144210576
A804,2021-01-19,-30.75,-55.5,2,9.3,8.995515946846348,6.149555801525829,1.4627911734070904,1.512304351753745
A804,2021-01-20,-30.75,-55.5,2,11.2,9.3875966128518,7.075600130927398,1.3267562382190992,1.582904600705865
A804,2021-01-21,-30.75,-55.5,2,11.1,10.245091615654141,8.052069644733661,1.272355067414847,1.378527569897485
A804,2021-01-22,-30.75,-55.5,2,9.5,10.196715737748615,6.577293380132846,1.5502905448232667,1.4443631218724993
A804,2021-01-23,-30.75,-55.5,2,8.7,9.35426222443939,5.066097815618853,1.8464432715057462,1.7172980697644196
A804,2021-01-24,-30.75,-55.5,2,10.2,7.4046884029165705,3.7343430085350624,1.982862416760516,2.7314041524003807
A804,2021-01-25,-30.75,-55.5,2,6.2,5.983500945440157,2.9931318941768024,1.999076939135618,2.0714088851420893
A804,2021-01-26,-30.75,-55.5,2,12.0,11.394822729206915,6.130516428821744,1.8587051941718626,1.9574207392355594
A804,2021-01-27,-30.75,-55.5,2,14.6,10.02182660780264,4.881724752693644,2.0529274212506112,2.990746250481245
A804,2021-01-28,-30.75,-55.5,2,10.2,10.63779548866118,5.474669932558871,1.9430934868595915,1.8631260195868102
A804,2021-01-29,-30.75,-55.5,2,9.0,12.892445424813346,5.289727495676367,2.437260791855756,1.7014108963753383
A804,2021-01-30,-30.75,-55.5,2,17.3,12.791724180257681,5.610173901906456,2.2800940583875273,3.083683376396068
A804,2021-01-31,-30.75,-55.5,2,4.0,10.642836291375499,4.200320732325783,2.533815146416782,0.9523082295158775
A804,2021-02-01,-30.75,-55.5,2,9.1,6.619700887295806,3.3126108635221083,1.9983333871752926,2.7470778714782376
A804,2021-02-02,-30.75,-55.5,2,22.0,12.797423457728497,4.60501538911518,2.7790186082716715,4.777399887088572
A804,2021-02-03,-30.75,-55.5,2,16.8,17.261278084932563,5.981967123762175,2.8855521482833915,2.808440710625998
A804,2021-02-04,-30.75,-55.5,2,14.5,19.537786293321204,9.350593008743381,2.08947029082029,1.5507037881385284
A804,2021-02-05,-30.75,-55.5,2,9.3,8.710062168707728,5.5817048019778195,1.5604662872213175,1.666157622077155
A804,2021-02-06,-30.75,-55.5,2,3.2,5.73507218572062,2.426332738027708,2.3636791837472733,1.3188628046956092
A804,2021-02-07,-30.75,-55.5,2,3.3,6.231556951361093,3.026152803598636,2.059234069063089,1.0904935124477888
A804,2021-02-08,-30.75,-55.5,2,6.0,7.142169562151963,4.2191631807985726,1.692792920325055,1.4220829446241905
A804,2021-02-09,-30.75,-55.5,2,9.4,6.352414729546369,4.686030093088264,1.3556069003730824,2.005962363294398
A804,2021-02-10,-30.75,-55.5,2,5.9,6.482101213658018,3.804159491844088,1.7039509588268555,1.5509339218424676
A804,2021-02-11,-30.75,-55.5,2,7.8,11.857156865020087,4.023413257878843,2.9470392686609626,1.9386524575186654
A804,2021-02-12,-30.75,-55.5,2,10.5,8.278141061622327,2.923758723187654,2.8313352247469346,3.591267609302686
A804,2021-02-13,-30.75,-55.5,2,9.0,4.019345761859025,2.580808002283742,1.5573982095151322,3.4872799495491154
A804,2021-02-14,-30.75,-55.5,2,7.7,9.70915193508598,3.2376893254453876,2.9987904827002994,2.378239301555211
A804,2021-02-15,-30.75,-55.5,2,17.0,8.297770063947667,3.852370469558727,2.1539387578417766,4.412867384986283
A804,2021-02-16,-30.75,-55.5,2,10.3,14.569511474052074,6.518299326091715,2.2351706703208056,1.5801667712267737
A804,2021-02-17,-30.75,-55.5,2,8.7,13.003824795375543,6.472144984474655,2.0091986237281527,1.3442220501656732
A804,2021-02-18,-30.75,-55.5,2,8.1,7.831706484116664,4.195016429314189,1.8669072257714634,1.9308625213952275
A804,2021-02-19,-30.75,-55.5,2,7.5,6.4457196817765015,3.4724749034634215,1.8562321862564326,2.1598428234915548
A804,2021-02-20,-30.75,-55.5,2,6.9,7.2889164798073125,3.0804217583191904,2.3662073091525158,2.2399530133707843
A804,2021-02-21,-30.75,-55.5,2,7.6,6.002411495182613,3.6788027848166993,1.6316208957859886,2.065889487571071
A804,2021-02-22,-30.75,-55.5,2,5.0,4.675479864540323,3.257529070443649,1.4352841566210677,1.5349057189899584
A804,2021-02-23,-30.75,-55.5,2,9.1,7.03005920695249,4.661772587578019,1.5080227692112482,1.9520471728389952
A804,2021-02-24,-30.75,-55.5,2,6.6,7.6193897497369525,3.649517908072181,2.087779794937851,1.8084580391842437
A804,2021-02-25,-30.75,-55.5,2,7.2,5.269107830049915,4.234989889491741,1.2441842761240411,1.7001221225734973
A804,2021-02-26,-30.75,-55.5,2,8.6,8.94194859103751,5.395874126349665,1.6571825772160447,1.5938103444636766
A804,2021-02-27,-30.75,-55.5,2,8.6,10.489690442443575,6.023557582139423,1.741444370606961,1.4277276979139437
A804,2021-02-28,-30.75,-55.5,2,10.4,13.865711673160176,7.326744256510926,1.8924792769774084,1.4194572153597445
A804,2021-03-01,-30.75,-55.5,2,8.4,10.493456103380229,6.647592977718106,1.578534687450476,1.263615270693579
A804,2021-03-02,-30.75,-55.5,2,5.3,6.4528503387199025,4.432312592519884,1.4558653533620223,1.1957640372532508
A804,2021-03-03,-30.75,-55.5,2,7.1,8.202817788324737,4.480736441195186,1.830685177755451,1.5845609517943782
A804,2021-03-04,-30.75,-55.5,2,13.0,9.457571440737686,4.476430271956145,2.112748521961193,2.904099742476087
A804,2021-03-05,-30.75,-55.5,2,11.7,11.943774184517588,6.268034693137083,1.9055054365916184,1.86661379089213
A804,2021-03-06,-30.75,-55.5,2,7.0,7.841401552574066,4.601372262834601,1.7041441345463968,1.52128530363413
A804,2021-03-07,-30.75,-55.5,2,8.4,7.126497722951306,3.8225558777567965,1.864327939434432,2.1974825924400614
A804,2021-03-08,-30.75,-55.5,2,6.0,6.845142038420005,3.5107683980928965,1.9497560824970372,1.709027574493177
A804,2021-03-09,-30.75,-55.5,2,8.6,7.390741553790704,4.69005668784902,1.5758320305463702,1.8336665359036801
A804,2021-03-10,-30.75,-55.5,2,8.1,6.59892722896489,3.361543925157078,1.9630644060843372,2.4096070675683654
A804,2021-03-11,-30.75,-55.5,2,5.1,5.820839158284055,3.5787672465027627,1.6264927997126066,1.4250717212704496
A804,2021-03-12,-30.75,-55.5,2,4.7,5.370524157188789,2.722226252808586,1.9728426877258605,1.7265280559067775
A804,2021-03-13,-30.75,-55.5,2,0.0,5.065207201211018,3.1127897089398835,1.6272243469142234,0.0
A804,2021-03-14,-30.75,-55.5,2,7.8,8.121716943088213,4.573325626877566,1.775888621478569,1.705542232584353
A804,2021-03-15,-30.75,-55.5,2,6.9,7.630983227618973,5.004271127026228,1.5248940422925608,1.3788221750687404
A804,2021-03-16,-30.75,-55.5,2,29.1,11.825492713502191,4.853685319503336,2.4363946022591056,5.995444303541648
A804,2021-03-17,-30.75,-55.5,2,10.9,13.869020263785583,6.697925616074854,2.0706441156199586,1.6273695207722632
A804,2021-03-18,-30.75,-55.5,2,10.0,11.552388822661811,6.1960835950534285,1.8644662625088737,1.6139227056238208
A804,2021-03-19,-30.75,-55.5,2,9.8,9.84756297665528,6.272310135193536,1.5700057497796904,1.5624227419835028
A804,2021-03-20,-30.75,-55.5,2,13.4,15.202583101407521,6.599582643982556,2.3035673498640263,2.0304314261778367
A804,2021-03-21,-30.75,-55.5,2,10.7,13.060883054824425,6.958261482918464,1.8770325155050618,1.5377404293108226
A804,2021-03-22,-30.75,-55.5,2,7.3,8.869922685006635,5.405697049967077,1.6408471660580124,1.3504271387247757
A804,2021-03-23,-30.75,-55.5,2,8.8,8.63551923862597,4.8342885610693695,1.7863061192019014,1.8203298973227604
A804,2021-03-24,-30.75,-55.5,2,7.3,9.733527976830134,5.0039802285420345,1.9451571613555527,1.4588386977154257
A804,2021-03-25,-30.75,-55.5,2,8.5,12.233728872501949,5.404770113199232,2.263505869125758,1.572684836167549
A804,2021-03-26,-30.75,-55.5,2,16.2,9.034820832195647,3.7266982083394544,2.424350008266806,4.347011508403953
A804,2021-03-27,-30.75,-55.5,2,6.4,7.1145849775497,2.8570885879454804,2.490152040635802,2.240042547858907
A804,2021-03-28,-30.75,-55.5,2,7.8,8.997836741874044,4.301144038156116,2.091963594349047,1.8134710046455058
A804,2021-03-29,-30.75,-55.5,2,7.3,7.337562650550983,4.706451547829849,1.5590434908300166,1.55106239293296
A804,2021-03-30,-30.75,-55.5,2,8.5,10.539836029274392,6.660405954206434,1.5824615048603565,1.2761984867651732
A804,2021-03-31,-30.75,-55.5,2,5.5,6.64866477862205,3.99092629476825,1.6659452687306853,1.3781261776771
A804,2021-04-01,-30.75,-55.5,2,7.7,7.766452499426649,4.245771034597902,1.8292207554621878,1.8135692992519634
A804,2021-04-02,-30.75,-55.5,2,10.2,11.148283287023503,5.40080374179648,2.0641896687983015,1.8886077864786757
A804,2021-04-03,-30.75,-55.5,2,6.7,7.922863275075836,4.851445825552329,1.633093217973599,1.3810316019013191
A804,2021-04-04,-30.75,-55.5,2,7.2,7.708283916168194,4.136179338442468,1.8636242013313786,1.7407369001343287
A804,2021-04-05,-30.75,-55.5,2,6.6,9.67198874874871,5.120747932929634,1.8887843876383237,1.2888742204157022
A804,2021-04-06,-30.75,-55.5,2,5.0,6.334255561291183,3.360911369601782,1.8846839040690615,1.4876917151767755
A804,2021-04-07,-30.75,-55.5,2,7.7,8.181409170349516,4.667351051635068,1.7529020379736386,1.649758056510991
A804,2021-04-08,-30.75,-55.5,2,10.9,11.9541038601125,5.671237788685568,2.107847405721833,1.9219790116623396
A804,2021-04-09,-30.75,-55.5,2,13.6,11.539759177664383,6.41839690461405,1.7979192233139547,2.118909160981186
A804,2021-04-10,-30.75,-55.5,2,14.0,8.683978865668818,5.984106359123895,1.4511738837041992,2.3395306098887043
A804,2021-04-11,-30.75,-55.5,2,15.8,18.218752756459534,8.555017115391657,2.1295986332606494,1.846869478679782
A804,2021-04-12,-30.75,-55.5,2,8.5,8.4679329020896,5.427137247766734,1.5602945928028913,1.5662032508018382
A804,2021-04-13,-30.75,-55.5,2,7.4,6.922929592554632,4.117942797584341,1.6811621561658765,1.7970137915322604
A804,2021-04-14,-30.75,-55.5,2,9.2,10.554263708754299,5.791765120305485,1.8222879363239122,1.5884622060631401
A804,2021-04-15,-30.75,-55.5,2,7.6,6.573495860657816,4.695502257717698,1.3999558513369639,1.6185701939570711
A804,2021-04-16,-30.75,-55.5,2,6.0,5.214725629527403,2.5987631327161136,2.0066182884767954,2.3087906413883372
A804,2021-04-17,-30.75,-55.5,2,7.5,8.764781939161916,4.865567508765864,1.8013894419039878,1.541444032271243
A804,2021-04-18,-30.75,-55.5,2,8.0,8.77390463932399,5.432119172355417,1.615190013498828,1.4727217401107064
A804,2021-04-19,-30.75,-55.5,2,9.4,8.772060663328215,5.622035466089971,1.5602997733184047,1.6719922982872142
A804,2021-04-20,-30.75,-55.5,2,10.9,12.66946990587808,7.537095821348782,1.6809484987562286,1.446180366863031
A804,2021-04-21,-30.75,-55.5,2,11.8,12.945618040803128,7.64009012835375,1.6944326340810574,1.544484397665425
A804,2021-04-22,-30.75,-55.5,2,10.7,9.140536864931423,6.020132479836822,1.518328192202704,1.7773695239826395
A804,2021-04-23,-30.75,-55.5,2,8.4,9.664292390983931,4.838802065829715,1.9972489594543446,1.7359668541349278
A804,2021-04-24,-30.75,-55.5,2,11.9,6.598553094681308,3.523457289809859,1.8727495615641179,3.3773646226437375
A804,2021-04-25,-30.75,-55.5,2,9.3,9.895913218830621,6.166212393728278,1.6048609076287839,1.50821921240649
A804,2021-04-26,-30.75,-55.5,2,7.4,7.354748039432532,4.09021164389183,1.7981338570623453,1.8091973336027454
A804,2021-04-27,-30.75,-55.5,2,6.1,5.713571026692776,3.2502690796535387,1.7578763132133701,1.8767676923075634
A804,2021-04-28,-30.75,-55.5,2,7.6,5.476643244116454,2.879879207397008,1.901691998070483,2.6389995734818665
A804,2021-04-29,-30.75,-55.5,2,5.4,5.332246680962226,2.81706377145229,1.8928384706794463,1.9168895126630807
A804,2021-04-30,-30.75,-55.5,2,5.6,7.549142827389315,3.8772397087338986,1.947040522251967,1.4443264849953432
A804,2021-05-01,-30.75,-55.5,2,5.1,7.369870451514861,3.2109494783721613,2.2952308970152737,1.5883152426881286
A804,2021-05-02,-30.75,-55.5,2,6.2,5.730497049412378,2.9297715122972265,1.955953570221969,2.1162059819260772
A804,2021-05-03,-30.75,-55.5,2,13.0,15.388469641737283,7.3965454729869275,2.080494157433064,1.7575772429815462
A804,2021-05-04,-30.75,-55.5,2,14.2,13.771230427592904,7.095630666004901,1.9408042886970904,2.001231556207127
A804,2021-05-05,-30.75,-55.5,2,10.5,13.432039327741116,7.754231050376346,1.7322206728788667,1.354099449937127
A804,2021-05-06,-30.75,-55.5,2,9.3,9.795780601601352,4.933481265385207,1.985571663225217,1.8850786087405678
A804,2021-05-07,-30.75,-55.5,2,6.1,6.107829719027817,2.8866762898875176,2.115869292453923,2.1131569276989115
A804,2021-05-08,-30.75,-55.5,2,9.3,9.428589931078758,5.682640103211836,1.659191812226452,1.6365632577617626
A804,2021-05-09,-30.75,-55.5,2,6.9,8.33426444013062,4.371038774729718,1.9067011000482297,1.5785721325308215
A804,2021-05-10,-30.75,-55.5,2,8.6,7.765500973101729,4.296473933109764,1.8074125652802697,2.001641377066465
A804,2021-05-11,-30.75,-55.5,2,8.8,8.12451773016809,4.818430927972309,1.6861334844509328,1.8263206698499286
A804,2021-05-12,-30.75,-55.5,2,0.0,5.366429650779768,3.3002529386309902,1.6260661684330986,0.0
A804,2021-05-13,-30.75,-55.5,2,0.0,3.6994148349538234,2.8670049248352725,1.29034129062976,0.0
A804,2021-05-14,-30.75,-55.5,2,6.8,5.984243275808835,3.346684807234177,1.7881108083059762,2.0318614962786916
A804,2021-05-15,-30.75,-55.5,2,5.2,4.540211571665032,2.810553738431258,1.615415321750511,1.8501692135950543
A804,2021-05-16,-30.75,-55.5,2,0.0,3.6926615447370823,2.377411966637121,1.5532274576544671,0.0
A804,2021-05-17,-30.75,-55.5,2,5.9,7.596312512884512,4.073244330722983,1.8649292544491678,1.448476821166477
A804,2021-05-18,-30.75,-55.5,2,3.4,4.056593551537549,2.747579684751948,1.476424350511159,1.2374527366280743
A804,2021-05-19,-30.75,-55.5,2,6.4,5.295612977224614,3.4080090585357423,1.5538729170807677,1.8779292807249088
A804,2021-05-20,-30.75,-55.5,2,7.7,8.485114921953132,4.037829866097022,2.1014047652668606,1.906964942889692
A804,2021-05-21,-30.75,-55.5,2,9.4,11.47073245232204,6.282254276087755,1.825894328407443,1.4962781808720111
A804,2021-05-22,-30.75,-55.5,2,13.6,18.784484146277304,10.466711373995636,1.794688271709396,1.2993575072480708
A804,2021-05-23,-30.75,-55.5,2,17.7,15.728550288167474,11.369740341564817,1.3833693484334009,1.556763784243462
A804,2021-05-24,-30.75,-55.5,2,10.6,12.392190283432734,6.566812828334161,1.8870935729983838,1.614177269415026
A804,2021-05-25,-30.75,-55.5,2,8.8,10.005659697400423,5.180101543006558,1.9315566720711592,1.6988083972756325
A804,2021-05-26,-30.75,-55.5,2,0.0,5.429641833122525,2.9663667976100743,1.8304013642200447,0.0
A804,2021-05-27,-30.75,-55.5,2,3.5,4.855544500661357,3.04442798526801,1.5948955022609637,1.1496412518005035
A804,2021-05-28,-30.75,-55.5,2,6.0,7.690934030460548,3.769775206634594,2.0401572000698964,1.5916068389012519
A804,2021-05-29,-30.75,-55.5,2,10.5,11.446182818743969,6.652845286522355,1.7204943638073442,1.5782720847682103
A804,2021-05-30,-30.75,-55.5,2,4.4,5.350540967135934,3.087246236530186,1.7331111797384542,1.4252183541230072
A804,2021-05-31,-30.75,-55.5,2,0.0,7.786427635851118,4.536513582068757,1.7163902399913733,0.0
A804,2021-06-01,-30.75,-55.5,2,0.0,7.223578912300606,4.5809054590281635,1.5768888873408629,0.0
A804,2021-06-02,-30.75,-55.5,2,0.0,8.616687553224242,4.517508771564391,1.9073980791055167,0.0
A804,2021-06-03,-30.75,-55.5,2,0.0,6.066302049281959,3.2886628610166517,1.8446105014871097,0.0
A804,2021-06-04,-30.75,-55.5,2,7.0,15.123861331330568,7.091536143140985,2.132663646642842,0.9870921981791604
A804,2021-06-05,-30.75,-55.5,2,12.0,12.602966505454743,7.1949435864589075,1.7516421573025105,1.6678379553363487
A804,2021-06-06,-30.75,-55.5,2,0.0,6.0317905995383345,5.700902238140831,1.0580414024965656,0.0
A804,2021-06-07,-30.75,-55.5,2,6.2,12.384198939424925,6.745301085783019,1.8359742258988163,0.9191583772394767
A804,2021-06-08,-30.75,-55.5,2,8.8,8.529774412059652,4.694930539412589,1.8168052414097833,1.87436212871022
A804,2021-06-09,-30.75,-55.5,2,4.3,6.858925752898607,3.9965636035923127,1.7162058291111542,1.0759243256218776
A804,2021-06-10,-30.75,-55.5,2,6.7,8.270042343163004,4.88925492713337,1.6914729271463516,1.3703519452049295
A804,2021-06-11,-30.75,-55.5,2,8.8,7.222390911967512,4.644355507768948,1.555090022692298,1.8947731252010331
A804,2021-06-12,-30.75,-55.5,2,7.3,7.706075110716156,4.598308315162328,1.675850026259955,1.5875403517265672
A804,2021-06-13,-30.75,-55.5,2,9.5,6.495630455799881,4.226149180302258,1.5370092674616156,2.2479092892126804
A804,2021-06-14,-30.75,-55.5,2,8.6,7.149178407253707,4.177934928725308,1.7111751449501222,2.0584332084424943
A804,2021-06-15,-30.75,-55.5,2,10.3,10.184040919997315,5.4677478879662775,1.862565928178751,1.8837737604304712
A804,2021-06-16,-30.75,-55.5,2,10.6,8.713708926863537,5.2681600361882435,1.6540326920607953,2.01208769801716
A804,2021-06-17,-30.75,-55.5,2,7.8,6.791719354734918,3.4621742546551957,1.9616919470771463,2.252919531566679
A804,2021-06-18,-30.75,-55.5,2,7.1,7.214585335343032,4.395468960640958,1.641368736748168,1.6152997697348455
A804,2021-06-19,-30.75,-55.5,2,7.8,6.478765205399346,5.019255308371225,1.2907821593760966,1.5540153908869683
A804,2021-06-20,-30.75,-55.5,2,5.6,6.986085710714742,3.1622532755619703,2.2092113129278776,1.77088914517918
A804,2021-06-21,-30.75,-55.5,2,5.9,7.899586852270153,4.45792514752063,1.772032187813579,1.3234856586323374
A804,2021-06-22,-30.75,-55.5,2,7.3,5.315232551688309,5.4158307655088045,0.9814251555899487,1.3479003159571923
A804,2021-06-23,-30.75,-55.5,2,9.7,12.662868819287656,6.875188298874207,1.8418213827483336,1.4108704486811434
A804,2021-06-24,-30.75,-55.5,2,16.9,11.33073652122732,7.631887099820037,1.4846572509562548,2.2143933445239914
A804,2021-06-25,-30.75,-55.5,2,6.7,9.613766842053925,4.397685004407528,2.1860971925953407,1.523528855132872
A804,2021-06-26,-30.75,-55.5,2,6.3,8.844372187994688,5.581876737877527,1.5844800240712058,1.128652654984197
A804,2021-06-27,-30.75,-55.5,2,11.0,13.355097788065438,6.44289606835041,2.072840791840489,1.7073067582194223
A804,2021-06-28,-30.75,-55.5,2,14.5,16.619980122167604,9.170782210156124,1.812275086389241,1.5811083141787041
A804,2021-06-29,-30.75,-55.5,2,13.3,12.116901078180192,7.314822286004258,1.656486050435421,1.8182259910056082
A804,2021-06-30,-30.75,-55.5,2,5.4,6.237340946496351,3.990874254360556,1.562900895632388,1.35308698190623
A804,2021-08-27,-30.75,-55.5,2,5.9,6.1168852419902695,2.9700148341643127,2.0595470337815356,1.986522064513564
A804,2021-08-28,-30.75,-55.5,2,10.3,8.65666497876446,5.31426489201643,1.6289487172100297,1.9381796371260291
A804,2021-08-29,-30.75,-55.5,2,6.4,7.038011052508868,3.0900332548961433,2.2776489674851144,2.0711751208046807
A804,2021-08-30,-30.75,-55.5,2,8.3,6.378963605390204,3.972305622833998,1.6058592190696552,2.089466619156674
A804,2021-08-31,-30.75,-55.5,2,8.5,7.653132019790967,4.68618625653838,1.6331258726886857,1.8138416901676526
A804,2021-09-01,-30.75,-55.5,2,11.4,10.507159945307516,6.019922842583149,1.7453977766929138,1.8937119790572365
A804,2021-09-02,-30.75,-55.5,2,10.0,10.225386068202292,3.247558708030321,3.1486377884155625,3.0792360967248245
A804,2021-09-03,-30.75,-55.5,2,9.1,8.589055043879958,4.957466311231572,1.7325493517567037,1.8356150962404234
A804,2021-09-04,-30.75,-55.5,2,9.3,8.537961895093444,5.680396693277234,1.5030573314004894,1.6372096003447396
A804,2021-09-05,-30.75,-55.5,2,8.2,7.672529831380338,3.7313934741004755,2.0562103366035256,2.1975704403505096
A804,2021-09-06,-30.75,-55.5,2,10.9,11.369496926185672,7.22035852202744,1.5746443741678875,1.5096203279583595
A804,2021-09-07,-30.75,-55.5,2,20.1,14.102401863017366,7.676320026018823,1.8371305280677972,2.6184421613313695
A804,2021-09-08,-30.75,-55.5,2,18.3,12.904311470088109,8.522496585251227,1.5141468630706074,2.1472581205452665
A804,2021-09-09,-30.75,-55.5,2,17.1,28.310387889835404,11.439604958525878,2.474769713855881,1.4948068628240052
A804,2021-09-14,-30.75,-55.5,2,13.5,13.993350294612437,7.534979634346566,1.8571185290039527,1.7916438603845968
A804,2021-09-15,-30.75,-55.5,2,6.9,5.282525468082271,3.419130537028713,1.5449908714725127,2.01805690811566
A804,2021-09-16,-30.75,-55.5,2,9.4,9.420403019431312,5.173142437073637,1.8210213876810013,1.8170773595241325
A804,2021-09-17,-30.75,-55.5,2,9.1,8.6576945144901,5.03064950419637,1.720989408478605,1.808911551561908
A804,2021-09-18,-30.75,-55.5,2,7.7,8.862544863111813,3.936887293333473,2.2511553424755646,1.9558599030860733
A804,2021-09-19,-30.75,-55.5,2,9.2,9.367519673277455,6.6000992851406295,1.419299811802431,1.3939184249413867
A804,2021-09-20,-30.75,-55.5,2,13.5,9.275458794288825,7.212625275960868,1.2860031457898173,1.8717179228753882
A804,2021-09-21,-30.75,-55.5,2,13.2,13.025722650751446,7.168808631811282,1.8169996326796,1.8413101364466005
A804,2021-10-09,-30.75,-55.5,2,9.2,13.443434774675545,7.308160528770266,1.8395100547877064,1.2588667098624982
A804,2021-10-10,-30.75,-55.5,2,9.0,10.791360815304857,6.537384395143213,1.650715356943372,1.376697384765431
A804,2021-10-11,-30.75,-55.5,2,10.7,11.293190940349225,4.936149116633221,2.287854494163241,2.167681677999652
A804,2021-10-12,-30.75,-55.5,2,5.6,5.296719267981285,2.5426296508041744,2.0831658540228446,2.202444228646846
A804,2021-10-13,-30.75,-55.5,2,14.3,7.7824372252027425,5.302799997332008,1.4676090422264296,2.696688543259173
A804,2021-10-14,-30.75,-55.5,2,8.5,8.287539543541758,4.365291738559924,1.898507600382226,1.9471779915456655
A804,2021-10-15,-30.75,-55.5,2,13.8,15.634297761474956,8.08948900509238,1.9326681514287336,1.7059173937084062
A804,2021-10-16,-30.75,-55.5,2,11.1,11.668035319683469,6.944092014631135,1.6802823601846046,1.5984811227461282
A804,2021-10-17,-30.75,-55.5,2,7.1,8.942871742651292,4.30210037342385,2.078722244114927,1.6503566592402459
A804,2021-10-18,-30.75,-55.5,2,7.6,7.943590251373649,4.186779455076555,1.8973032462318706,1.8152377218687377
A804,2021-10-19,-30.75,-55.5,2,12.5,7.633912225879111,2.980476639714991,2.561305840870172,4.193960064453085
A804,2021-10-20,-30.75,-55.5,2,8.6,8.236828723080707,4.424925500242945,1.861461559664332,1.943535546423963
A804,2021-10-21,-30.75,-55.5,2,8.2,5.241446631591643,4.428712417377279,1.1835147866060067,1.8515539568171167
A804,2021-10-22,-30.75,-55.5,2,10.0,7.974129069662903,5.01038601626035,1.5915199036130614,1.9958542051543957
A804,2021-10-23,-30.75,-55.5,2,13.2,9.521621369200055,6.419457488825427,1.4832439323376894,2.056248526137559
A804,2021-10-24,-30.75,-55.5,2,7.8,10.527379792150949,4.636625558055023,2.2704830615148888,1.6822579055255764
A804,2021-10-25,-30.75,-55.5,2,11.9,16.894513656195965,6.967539405317515,2.424746050707993,1.707920014190104
A804,2021-10-26,-30.75,-55.5,2,7.6,9.359007318090068,4.319098516362728,2.166889058592633,1.7596264524200387
A804,2021-10-27,-30.75,-55.5,2,7.5,6.929287617839841,3.7365106482847983,1.8544808967748159,2.0072202934689316
A804,2021-10-28,-30.75,-55.5,2,14.1,12.413214115158603,6.723849269486117,1.8461469937304684,2.097013099920013
A804,2021-10-29,-30.75,-55.5,2,8.7,10.215586919289056,5.9069133254115345,1.7294289515543781,1.4728504585588904
A804,2021-10-30,-30.75,-55.5,2,8.6,9.334464897550024,6.28214602301656,1.4858720035080946,1.3689589462727025
A804,2021-10-31,-30.75,-55.5,2,8.3,8.721672472135955,4.280086254451121,2.0377328758423405,1.939213255660053
A804,2021-11-01,-30.75,-55.5,2,5.5,9.607276693183215,4.0630993779180224,2.3645192498604577,1.3536464379609296
A804,2021-11-02,-30.75,-55.5,2,10.4,7.995813407231386,3.6731332751653794,2.176837268958443,2.831370173882882
A804,2021-11-19,-30.75,-55.5,2,5.3,6.674569232001215,2.5240991920374487,2.6443371374060436,2.099759001832986
A804,2021-11-20,-30.75,-55.5,2,5.8,6.6274033519948405,3.1265866050203255,2.119692875723734,1.855058161730433
A804,2021-11-21,-30.75,-55.5,2,7.3,6.1534296941218125,3.499132108903906,1.7585588376225552,2.0862316062386985
A804,2021-11-22,-30.75,-55.5,2,10.8,13.731746284319847,6.456271722873359,2.1268848142916363,1.6727920483485272
A804,2021-11-23,-30.75,-55.5,2,16.0,16.356977159131414,8.09454046526863,2.020741909848317,1.9766409308411577
A804,2021-11-24,-30.75,-55.5,2,8.5,11.392752373272545,4.614252952719456,2.469035072417977,1.8421183422530922
A804,2021-11-25,-30.75,-55.5,2,14.2,12.7951394805633,5.867145470737402,2.1808116987007593,2.4202570177990315
A804,2021-11-26,-30.75,-55.5,2,12.9,13.640013128840366,7.418347918662688,1.838686090001999,1.7389316518232936
A804,2021-11-27,-30.75,-55.5,2,9.1,12.253041632917812,6.01372893153204,2.0375114629245954,1.513204220477179
A804,2021-11-28,-30.75,-55.5,2,10.2,12.571532775076856,6.773412948685451,1.856011566150957,1.505887811251721
A804,2021-11-29,-30.75,-55.5,2,14.6,18.166904163797795,10.145905252881452,1.7905651305622403,1.4390041732208743
A804,2021-11-30,-30.75,-55.5,2,10.7,10.001756607633027,5.732787152001443,1.744658635048258,1.8664568762620801
A804,2021-12-01,-30.75,-55.5,2,6.6,6.098042897277067,3.905633804178612,1.5613452778785382,1.6898665699120852
A804,2021-12-02,-30.75,-55.5,2,9.7,9.957824670542154,5.448868330866753,1.8275032659778292,1.7801861617854542
A804,2021-12-03,-30.75,-55.5,2,11.0,9.416743671983179,5.697260878878569,1.6528545685688771,1.930752379758535
A804,2021-12-04,-30.75,-55.5,2,9.3,9.719889173868703,6.197040615409937,1.5684727238512262,1.50071632205767
A804,2021-12-05,-30.75,-55.5,2,9.5,8.371805387932131,5.366317397954175,1.560065267686878,1.7703015486228466
A804,2021-12-06,-30.75,-55.5,2,11.0,10.242924995858441,7.051267589709224,1.4526359786440657,1.5600031994323467
A804,2021-12-07,-30.75,-55.5,2,12.1,11.872375976801365,7.355377022627854,1.614108418953584,1.6450550342662156
A804,2021-12-08,-30.75,-55.5,2,11.5,11.780950411556411,7.611127592633336,1.5478587460495297,1.5109456332239954
A804,2021-12-09,-30.75,-55.5,2,11.2,11.619353692019292,6.55766793303834,1.771872838128865,1.707924236842341
A804,2021-12-10,-30.75,-55.5,2,9.1,10.234011429572222,7.043571647656891,1.4529576671484077,1.291958179062067
A804,2021-12-11,-30.75,-55.5,2,7.7,9.372493967405925,4.9294277557865565,1.9013350903466921,1.56204743866286
A804,2021-12-12,-30.75,-55.5,2,11.1,9.620896267239601,4.962184564560315,1.9388428910830087,2.2369180056855744
A804,2021-12-13,-30.75,-55.5,2,9.9,11.33334642103165,3.9773123026992527,2.849498746512848,2.489118089439756
A804,2021-12-14,-30.75,-55.5,2,11.9,10.88896854352078,6.860664558771011,1.5871594435556229,1.7345258463025213
A804,2021-12-15,-30.75,-55.5,2,10.3,8.828340798621634,6.180509407353263,1.4284163677702864,1.6665292973659376
A804,2021-12-16,-30.75,-55.5,2,10.1,10.591119302770833,5.83924974824218,1.8137808381905798,1.7296742621841883
A804,2021-12-17,-30.75,-55.5,2,12.5,11.982430393324112,7.108205367285963,1.6857180925681685,1.7585310713627733
A804,2021-12-18,-30.75,-55.5,2,11.9,12.580697370271098,7.262966731977252,1.7321705901365405,1.638448920274811
A804,2021-12-19,-30.75,-55.5,2,8.7,9.720913093472879,6.662064615518378,1.459144222472614,1.3059014738065624
A804,2021-12-20,-30.75,-55.5,2,9.3,6.542322612897776,3.913382001506541,1.6717822615781355,2.376461075463567
A804,2021-12-21,-30.75,-55.5,2,9.7,12.376705720147955,5.85287560875455,2.114636726882639,1.6573049981603982
A804,2021-12-22,-30.75,-55.5,2,10.4,10.534308514021697,6.015307855548208,1.7512501050640987,1.7289223178174629
A804,2021-12-23,-30.75,-55.5,2,9.8,8.526028189656797,5.324398157154871,1.6013130382068834,1.8405836135359004
A804,2021-12-24,-30.75,-55.5,2,7.9,8.943913356826206,4.958754998673852,1.8036610720267745,1.5931418273564115
A804,2021-12-25,-30.75,-55.5,2,7.1,8.187116365589944,2.9668287030425136,2.7595514217568313,2.393127716716127
A804,2021-12-26,-30.75,-55.5,2,11.6,11.480206945950133,6.768884560581268,1.6960264048238232,1.713724011124791
A804,2021-12-27,-30.75,-55.5,2,10.8,6.743932307339591,5.493531184877381,1.2276133656807702,1.9659486105640562
A804,2021-12-28,-30.75,-55.5,2,8.7,8.281917225618246,5.333402372925177,1.552839378416505,1.6312288838669349
A804,2021-12-29,-30.75,-55.5,2,11.7,13.174550913722072,6.3747366254651565,2.0666816039259883,1.8353699434831576
A804,2021-12-30,-30.75,-55.5,2,6.7,7.796401178768351,6.5103932446734,1.1975315293200026,1.0291237023941264
A804,2021-12-31,-30.75,-55.5,2,11.5,6.361715789911526,2.3097750420288086,2.7542577411883644,4.978839839700964
A804,2022-01-01,-30.75,-55.5,2,25.3,11.580204224736706,6.804693122748122,1.7017966888211353,3.7180221861029965
A804,2022-01-02,-30.75,-55.5,2,13.0,9.10688809223346,6.0141169876403895,1.5142519028061847,2.1615808316858978
A804,2022-01-03,-30.75,-55.5,2,8.8,7.777663106801034,3.53654089150346,2.199228948684538,2.4883071537903048
A804,2022-01-04,-30.75,-55.5,2,12.4,13.420915007569908,5.044114863757817,2.660707650414498,2.4583103943755398
A804,2022-01-05,-30.75,-55.5,2,14.8,12.342116667777265,7.418548502979864,1.6636834904860047,1.9949994252993255
A804,2022-01-06,-30.75,-55.5,2,14.0,11.360693868261324,6.504777380684186,1.7465153998961886,2.152264279108573
A804,2022-01-07,-30.75,-55.5,2,11.6,13.52389189313122,6.686459713467567,2.0225788343406905,1.7348493069711914
A804,2022-01-08,-30.75,-55.5,2,11.4,10.685987523906507,6.805262033196205,1.5702536466310988,1.6751742907753693
A804,2022-01-09,-30.75,-55.5,2,11.6,10.504893251292536,6.846289628371541,1.5343921775905398,1.6943484178537707
A804,2022-01-10,-30.75,-55.5,2,7.9,7.275180235602262,5.0819062081106745,1.4315849088263657,1.554534789995076
A804,2022-01-11,-30.75,-55.5,2,7.5,6.553611093112407,3.2037201568728655,2.0456253268729165,2.3410284396751777
A804,2022-01-12,-30.75,-55.5,2,8.5,8.437080955284676,3.919656717249415,2.152505069680011,2.168557252116915
A804,2022-01-13,-30.75,-55.5,2,8.6,11.503327349725442,5.87305060448146,1.958663073828748,1.464315664748015
A804,2022-01-14,-30.75,-55.5,2,14.8,10.595163196298097,5.339146008479836,1.9844303151609741,2.7719788851052347
A804,2022-01-15,-30.75,-55.5,2,11.4,15.295398109199663,5.610161915471332,2.7263737374529295,2.0320269132628486
A804,2022-01-16,-30.75,-55.5,2,18.4,19.47127518521723,6.887477171189854,2.8270547692942043,2.6715152068985057
A804,2022-01-17,-30.75,-55.5,2,12.4,12.953941535304091,4.682923100963347,2.7662084676639838,2.6479187748031
A804,2022-01-18,-30.75,-55.5,2,9.1,11.17756851859878,5.022285604114526,2.2255939625260495,1.8119240356511768
A804,2022-01-19,-30.75,-55.5,2,6.1,9.713248512220195,4.218513172177981,2.302528904326102,1.4460071003762265
A804,2022-01-20,-30.75,-55.5,2,14.0,12.12226323507356,4.791965256085309,2.5297059947752163,2.921557075611394
A804,2022-01-21,-30.75,-55.5,2,10.8,8.917449926812935,4.772912706835478,1.868345489336501,2.262769227799388
A804,2022-01-22,-30.75,-55.5,2,10.8,14.861373992660235,5.842592929531665,2.543626463781639,1.8484943466471684
A804,2022-01-23,-30.75,-55.5,2,9.9,11.368091034618333,3.156664690847478,3.6012982524179065,3.1362216039937145
A804,2022-01-24,-30.75,-55.5,2,10.9,11.163196561638559,4.549182146741725,2.453890875667401,2.3960350780429716
A804,2022-01-25,-30.75,-55.5,2,7.3,11.285511748831771,4.770269058138009,2.365801930936968,1.5303120035852709
A804,2022-01-26,-30.75,-55.5,2,10.5,15.878976208859976,6.2202434753430085,2.552790139454203,1.688036817468948
A804,2022-01-27,-30.75,-55.5,2,15.1,13.896139026124683,8.211166635800787,1.6923464889309818,1.838959147919836
A804,2022-01-28,-30.75,-55.5,2,11.7,11.666085546197285,6.646634577603155,1.755186840797286,1.7602893409282536
A804,2022-01-29,-30.75,-55.5,2,12.5,9.892536948490806,6.161095795646427,1.6056456962544066,2.0288598675632974
A804,2022-01-30,-30.75,-55.5,2,11.0,10.13011851833289,5.38178350603126,1.8822976634010387,2.0439320882515086
A804,2022-01-31,-30.75,-55.5,2,10.5,8.065998923831101,6.135997036262148,1.3145376173037804,1.7112133428272096
A804,2022-02-01,-30.75,-55.5,2,13.2,6.79179964333148,5.76656241318853,1.1777900171162912,2.2890587241041005
A804,2022-02-02,-30.75,-55.5,2,5.8,7.429098879450953,3.8836555230191503,1.9129139635112586,1.4934383252125012
A804,2022-02-03,-30.75,-55.5,2,23.1,15.39738009033275,7.690731328119756,2.002069690568313,3.003615522952813
A804,2022-02-04,-30.75,-55.5,2,7.2,9.694635218241311,3.491315625361766,2.7767856758114684,2.0622598391556033
A804,2022-02-05,-30.75,-55.5,2,11.5,15.910301705940949,7.187564953625197,2.213587189624806,1.5999855408888846
A804,2022-02-06,-30.75,-55.5,2,12.1,9.289154571161623,6.895905267827975,1.3470536804644153,1.754664475518698
A804,2022-02-07,-30.75,-55.5,2,8.5,10.353148980225487,5.23148788010154,1.9790065880883854,1.6247767737990098
A804,2022-02-08,-30.75,-55.5,2,7.1,6.888452535657776,4.317724912323262,1.5953893950023017,1.644384518276238
A804,2022-02-09,-30.75,-55.5,2,7.2,8.563752831364221,4.4909772577031735,1.9068795809809984,1.6032145314586397
A804,2022-02-10,-30.75,-55.5,2,6.7,9.113273614843166,5.18075388860624,1.7590632195220681,1.2932480762568086
A804,2022-02-11,-30.75,-55.5,2,7.2,6.689355962613211,5.167050209293717,1.2946179525372907,1.3934449460254357
A804,2022-02-12,-30.75,-55.5,2,9.6,8.492904078585386,7.084457268498704,1.1988080041571276,1.3550791029097948
A804,2022-02-13,-30.75,-55.5,2,10.3,8.701638389716411,6.057226193702664,1.4365714786684018,1.7004483026749597
A804,2022-02-14,-30.75,-55.5,2,6.7,4.854039675889576,2.5789851090509126,1.8821511062062322,2.597921165378754
A804,2022-02-15,-30.75,-55.5,2,7.0,7.451219272832415,3.465663618608332,2.150012261093164,2.0198151841438414
A804,2022-02-16,-30.75,-55.5,2,6.8,7.836823210347805,4.229146468109727,1.8530507915585568,1.6078894527006888
A804,2022-02-17,-30.75,-55.5,2,13.0,10.02532354500286,7.034435883689344,1.425178039968841,1.8480515303498513
A804,2022-02-18,-30.75,-55.5,2,10.8,6.7286169699791065,6.010135123483536,1.1195450404581138,1.7969645903302436
A804,2022-02-19,-30.75,-55.5,2,8.5,9.484168467801574,6.139056405062507,1.5448902635884818,1.3845776026736887
A804,2022-02-20,-30.75,-55.5,2,8.9,10.331446529833165,5.112276370581289,2.020909235127762,1.7409074460870804
A804,2022-02-21,-30.75,-55.5,2,8.4,10.841930637387799,4.31866546031449,2.51048170714253,1.9450453102214367
A804,2022-02-22,-30.75,-55.5,2,7.7,11.301578153809729,5.456539462512978,2.0711988305871887,1.4111507949131203
A804,2022-02-23,-30.75,-55.5,2,10.3,7.9148591466894915,4.955275813287805,1.5972590517495362,2.0785926733644304
A804,2022-02-24,-30.75,-55.5,2,13.3,10.971016092286538,7.219245941295436,1.5196900315489013,1.8422976732128649
A804,2022-02-25,-30.75,-55.5,2,6.4,7.324488353759647,3.437235370387694,2.1309242936521686,1.8619615214998002
A804,2022-02-26,-30.75,-55.5,2,9.3,7.791579535103023,4.623843570421427,1.6850871826515708,2.0113137173350304
A804,2022-02-27,-30.75,-55.5,2,15.6,11.385603457739542,5.468329658979538,2.0820989530218346,2.8527907007916498
A804,2022-02-28,-30.75,-55.5,2,16.6,13.2579680103604,4.686363818685026,2.8290522296838088,3.5421919087489653
A804,2022-03-01,-30.75,-55.5,2,7.8,7.656581340070038,5.379792657972035,1.4232112326344302,1.449870003529148
A804,2022-03-02,-30.75,-55.5,2,7.3,6.633063403721687,3.3353045328799897,1.9887429583511307,2.1887056873024275
A804,2022-03-03,-30.75,-55.5,2,7.0,7.338372383326554,3.197967722414303,2.294698702520505,2.188890135112232
A804,2022-03-04,-30.75,-55.5,2,5.5,8.103456748364376,4.118688694522722,1.9674846412016613,1.335376477303135
A804,2022-03-05,-30.75,-55.5,2,15.0,10.113917314959133,5.314483165699873,1.9030857751578212,2.8224757765367063
A804,2022-03-06,-30.75,-55.5,2,10.8,12.92496081174077,4.071233680958737,3.174703744516346,2.6527585607556436
A804,2022-03-07,-30.75,-55.5,2,20.4,16.804866409343298,7.690024497998837,2.1852812580397374,2.652787387778629
A804,2022-03-08,-30.75,-55.5,2,8.3,5.647900934244743,4.434233241369454,1.2737040716650403,1.8718005003806828
A804,2022-03-09,-30.75,-55.5,2,8.0,10.993511148146084,5.856388008292291,1.8771828527378884,1.3660297078459425
A804,2022-03-10,-30.75,-55.5,2,9.6,11.587680451122345,4.636401511176466,2.499283209874984,2.070571320636992
A804,2022-03-11,-30.75,-55.5,2,10.4,11.665960363579405,5.939397743775063,1.9641655377948397,1.751019286576654
A804,2022-03-12,-30.75,-55.5,2,9.6,7.514466119166964,3.6092299368287195,2.0820136845505646,2.6598471607589294
A804,2022-03-13,-30.75,-55.5,2,8.2,8.274585431681412,3.9590369293338474,2.0900500751514093,2.0712107884731807
A804,2022-03-14,-30.75,-55.5,2,7.3,6.885439570058395,3.0850780060087257,2.2318526651993253,2.3662286612468084
A804,2022-03-15,-30.75,-55.5,2,6.5,5.9038189185362855,2.8724169825919903,2.055348841869345,2.2629026493690265
A804,2022-03-16,-30.75,-55.5,2,7.6,6.580475674590923,4.637770884197949,1.4188876162494912,1.6387182958725084
A804,2022-03-17,-30.75,-55.5,2,6.0,6.678211528112879,4.584734693075153,1.4566189703844243,1.3086907752944752
A804,2022-03-18,-30.75,-55.5,2,16.3,18.188378535166066,9.184489821489965,1.9803362939777784,1.7747311300689876
A804,2022-03-19,-30.75,-55.5,2,14.3,14.080736564017029,7.748194986754305,1.8172924904559489,1.8455911376063894
A804,2022-03-20,-30.75,-55.5,2,13.1,11.857453002743421,7.188871840065379,1.6494177760492088,1.8222608903653599
A804,2022-03-21,-30.75,-55.5,2,14.5,15.913340713332543,8.551141199870207,1.8609610508564731,1.695680104103542
A804,2022-03-22,-30.75,-55.5,2,8.1,13.510622537731772,5.973079796834534,2.2619189760183347,1.3560843443432045
A804,2022-03-23,-30.75,-55.5,2,10.1,11.823613426714482,6.0777587526884504,1.9453903828420958,1.6617967923673083
A804,2022-03-24,-30.75,-55.5,2,13.5,11.035496678799744,6.745604560878221,1.6359536909117327,2.0013032009457743
A804,2022-03-25,-30.75,-55.5,2,14.7,14.88926117367353,8.02552302729256,1.8552387331067788,1.831656323209018
A804,2022-03-26,-30.75,-55.5,2,11.1,10.63101241318446,6.403549870406758,1.6601748449425553,1.7334135322811064
A804,2022-03-27,-30.75,-55.5,2,6.4,5.539941165731922,2.730486120776217,2.0289211959652955,2.3439049740273434
A804,2022-03-28,-30.75,-55.5,2,8.7,8.28039961951369,4.146905150257644,1.996766098930243,2.097950081992947
A804,2022-03-29,-30.75,-55.5,2,17.1,14.448823637649634,6.394686877344765,2.259504478450577,2.6740949678994057
A804,2022-03-30,-30.75,-55.5,2,15.1,21.5927003551705,10.226027267303916,2.111543397132306,1.476624265249109
A804,2022-03-31,-30.75,-55.5,2,9.0,11.12837597922468,5.971808324946574,1.863485124386379,1.5070811905337764
A804,2022-04-01,-30.75,-55.5,2,8.3,8.106123082462096,4.572207691082447,1.7729122625536315,1.8153156113595132
A804,2022-04-02,-30.75,-55.5,2,9.0,11.234919498356518,5.343689465214749,2.102464892747097,1.6842296055162542
A804,2022-04-03,-30.75,-55.5,2,9.7,10.097776713727571,4.649180653741036,2.1719475894321802,2.0863891344369985
A804,2022-04-04,-30.75,-55.5,2,9.7,9.401144801536077,4.874839481786262,1.9285034587623517,1.9898091078161364
A804,2022-04-05,-30.75,-55.5,2,6.1,7.49027614341378,3.575687998451584,2.094779003832932,1.7059653981671623
A804,2022-04-06,-30.75,-55.5,2,6.5,7.936252606345761,3.7440950692690764,2.119671765678503,1.7360670281454504
A804,2022-04-07,-30.75,-55.5,2,6.6,4.757452391385581,3.273476895516918,1.4533331204814648,2.016204852106582
A804,2022-04-08,-30.75,-55.5,2,6.1,6.381997162541177,2.4829685576124327,2.5703092948861035,2.4567367078806766
A804,2022-04-09,-30.75,-55.5,2,6.2,5.141948045421014,3.1588654766113864,1.627783165662674,1.9627299883155942
A804,2022-04-10,-30.75,-55.5,2,7.0,8.731506040192215,5.959496124972274,1.465141659142003,1.1745959479137285
A804,2022-04-11,-30.75,-55.5,2,11.4,7.844787061315055,4.377500072012733,1.7920701158796548,2.6042261136407907
A804,2022-04-12,-30.75,-55.5,2,8.2,9.373432488976658,4.307370758553329,2.1761378377664458,1.90371353190735
A804,2022-04-13,-30.75,-55.5,2,10.0,10.820176620200922,6.2016503474792675,1.74472535759758,1.6124740092876433
A804,2022-04-14,-30.75,-55.5,2,9.7,7.333864506836941,4.574794873516895,1.6031023706203897,2.120313646444016
A804,2022-04-15,-30.75,-55.5,2,8.8,6.6214545741346225,3.805832496023203,1.739817656466364,2.3122404911922194
A804,2022-04-16,-30.75,-55.5,2,8.4,8.864725953428739,4.308636977281727,2.0574316193659463,1.9495724620781283
A804,2022-04-17,-30.75,-55.5,2,9.8,8.917708046878154,4.781709710326683,1.8649622388450893,2.049476148423588
A804,2022-04-18,-30.75,-55.5,2,7.0,9.370801415746104,4.388211014162031,2.1354491353090834,1.5951830888279912
A804,2022-04-19,-30.75,-55.5,2,5.5,7.80836035830077,3.0883567851484353,2.528321985286903,1.780882321125878
A804,2022-04-20,-30.75,-55.5,2,9.8,8.87903323614051,4.4795486576786345,1.9821267530871627,2.1877204041977074
A804,2022-04-21,-30.75,-55.5,2,11.3,6.744865991374172,3.1651619452874487,2.1309702656499074,3.5701174838223877
A804,2022-04-22,-30.75,-55.5,2,12.8,17.3318844324979,6.964695578982464,2.4885343854512123,1.8378405566823166
A804,2022-04-23,-30.75,-55.5,2,19.7,16.73996680989842,8.985309111610237,1.8630373871354204,2.1924676998084496
A804,2022-04-24,-30.75,-55.5,2,8.6,8.063194696268555,5.6442377103431385,1.4285710684177328,1.5236778536524762
A804,2022-04-25,-30.75,-55.5,2,13.6,16.539820952261092,8.264412629019429,2.0013304870794597,1.645609991960631
A804,2022-04-26,-30.75,-55.5,2,14.2,11.991812996762757,5.925498289917308,2.0237644852868746,2.396422934449647
A804,2022-04-27,-30.75,-55.5,2,19.8,30.30644439987851,10.991687303607975,2.7572149355022635,1.801361288134601
A804,2022-04-28,-30.75,-55.5,2,15.1,19.450442952526746,7.443977775512454,2.6129098633946084,2.0284853683567716
A804,2022-04-29,-30.75,-55.5,2,9.2,6.7839908925936,5.634696724274552,1.2039673516709128,1.6327409353490037
A804,2022-04-30,-30.75,-55.5,2,8.8,9.647226933744847,5.281787023881889,1.8265081288064782,1.6661027716964578
A804,2022-05-01,-30.75,-55.5,2,8.2,6.8178615592576595,3.196387288716838,2.1329898236438773,2.565396261255881
A804,2022-05-02,-30.75,-55.5,2,9.7,11.16818683002622,6.089914320592053,1.8338824229862836,1.5927974499084545
A804,2022-05-03,-30.75,-55.5,2,11.4,12.324686546863358,6.962400185659395,1.770177843590315,1.6373663817085413
A804,2022-05-04,-30.75,-55.5,2,11.0,12.530633065564883,6.716387225210422,1.8656805579241007,1.6377852603123808
A804,2022-05-05,-30.75,-55.5,2,4.8,5.217238035569489,2.9867445560741666,1.74679753745902,1.607100945488693
A804,2022-05-06,-30.75,-55.5,2,4.6,4.916123168386313,2.6638536754637876,1.8454929464285967,1.7268215752125053
A804,2022-05-07,-30.75,-55.5,2,6.3,5.808018409910832,3.61770592297367,1.6054423807717286,1.741435079062907
A804,2022-05-08,-30.75,-55.5,2,5.6,7.037681379604551,3.965490659780379,1.7747315486034505,1.412183379171077
A804,2022-05-09,-30.75,-55.5,2,4.6,4.6121023647255,2.661109309355161,1.733150287555494,1.7286024229927892
A804,2022-05-10,-30.75,-55.5,2,3.6,3.8345492286949168,2.4474391377691824,1.5667597896591914,1.4709252395470662
A804,2022-05-11,-30.75,-55.5,2,10.5,7.633328300801482,4.558173380199237,1.6746463252057848,2.3035543241097702
A804,2022-05-12,-30.75,-55.5,2,6.9,6.044694456642186,3.8578124699936844,1.5668709932528373,1.7885783857221282
A804,2022-05-13,-30.75,-55.5,2,9.0,7.766779978301108,5.063058653192597,1.5340094812853164,1.7775816194277936
A804,2022-05-14,-30.75,-55.5,2,7.7,7.439252983486257,3.212914512641133,2.315422011453059,2.3965779262736495
A804,2022-05-15,-30.75,-55.5,2,9.4,11.062575058204644,6.1706810741239755,1.7927640280412886,1.5233326576247463
A804,2022-05-16,-30.75,-55.5,2,11.3,14.937487636194891,7.966641854538263,1.8750042877458621,1.4184144594830583
A804,2022-05-17,-30.75,-55.5,2,16.0,21.933424652548517,11.376417738029312,1.9279728608443267,1.4064181158287539
A804,2022-05-18,-30.75,-55.5,2,17.4,18.919073862660117,10.765760613305426,1.7573374090519895,1.6162350831482637
A804,2022-05-19,-30.75,-55.5,2,6.3,5.981715995591461,3.931120223741057,1.521631406606779,1.6025966242275322
A804,2022-05-20,-30.75,-55.5,2,7.2,7.032943588624741,3.5048666680905622,2.0066222925553574,2.054286419951756
A804,2022-05-21,-30.75,-55.5,2,5.3,5.651968015473516,2.7286540746719874,2.0713391513920434,1.9423495448528465
A804,2022-05-22,-30.75,-55.5,2,6.2,5.619770155829504,3.016296317324127,1.863135966964618,2.0555009679885363
A804,2022-05-23,-30.75,-55.5,2,5.3,5.572393365146108,3.211213824669824,1.7352919081055151,1.650466237808049
A804,2022-05-24,-30.75,-55.5,2,7.9,7.959494207720626,4.264978364413277,1.8662449202870917,1.8522954456034586
A804,2022-05-25,-30.75,-55.5,2,12.1,8.041900125850852,4.2726260615456075,1.8821914227948426,2.8319819768226724
A804,2022-05-26,-30.75,-55.5,2,9.2,11.190701551869681,5.9553619211109154,1.8790968038735358,1.544826346722489
A804,2022-05-27,-30.75,-55.5,2,7.6,10.540510885986794,4.455381462230256,2.365793136983263,1.7058023121987906
A804,2022-05-28,-30.75,-55.5,2,6.4,9.974496304722381,4.048306657708949,2.4638687599736406,1.5809079057321072
A804,2022-05-29,-30.75,-55.5,2,12.0,12.206435093613827,6.651953811915407,1.8350150104393204,1.8039812571315257
A804,2022-05-30,-30.75,-55.5,2,9.9,8.65311724202689,4.48413223131684,1.9297194631313888,2.2077850271361648
A804,2022-05-31,-30.75,-55.5,2,6.8,6.430920071592116,2.885255419354212,2.2288910813419447,2.3568104072817233
A804,2022-06-01,-30.75,-55.5,2,9.4,7.329126800690686,4.904318973081482,1.4944229445348756,1.9166779427672078
A804,2022-06-02,-30.75,-55.5,2,9.8,8.097540396400438,4.502979410244863,1.7982628075041787,2.1763368443799074
A804,2022-06-03,-30.75,-55.5,2,8.4,7.818154832728339,4.453935741879117,1.7553362432278508,1.8859724268172846
A804,2022-06-04,-30.75,-55.5,2,10.2,10.26599572465297,5.534993710689738,1.854743882513587,1.8428205221445384
A804,2022-06-05,-30.75,-55.5,2,3.6,6.034039966625715,3.3562737820427495,1.79783901984098,1.0726180978623592
A804,2022-06-06,-30.75,-55.5,2,8.6,6.741967357220485,4.419188555693194,1.5256120602808132,1.946058624025153
A804,2022-06-07,-30.75,-55.5,2,8.7,7.8901519432435245,3.6263299435466174,2.1757953815771134,2.399119808577385
A804,2022-06-08,-30.75,-55.5,2,5.0,4.766379660899057,2.7940831069157186,1.7058832821048335,1.7894958054842214
A804,2022-06-09,-30.75,-55.5,2,2.6,5.33778748020821,2.3386243687176056,2.282447558320453,1.1117646915762367
A804,2022-06-10,-30.75,-55.5,2,10.9,12.72553280500922,7.1800991343019955,1.7723338587645163,1.518084889375226
A804,2022-06-11,-30.75,-55.5,2,9.9,7.933997311925991,5.370906579072575,1.477217522799661,1.8432642337468266
A804,2022-06-12,-30.75,-55.5,2,8.6,7.775693916855437,4.5589127989999625,1.705602686360025,1.8864146736665999
A804,2022-06-13,-30.75,-55.5,2,4.5,6.08868829976349,2.5991612427613466,2.342558899229689,1.7313277552643114
A804,2022-06-14,-30.75,-55.5,2,8.2,6.52211052777334,4.354734673296308,1.4977056048368709,1.883007947713385
A804,2022-06-15,-30.75,-55.5,2,5.7,7.709692461474642,4.0470835959507525,1.9049995579998538,1.4084216114792014
A804,2022-06-16,-30.75,-55.5,2,4.4,6.669883713712495,2.7158576100057448,2.4559033172944535,1.6201143917816416
A804,2022-06-17,-30.75,-55.5,2,11.7,9.4398680763288,7.347455904808401,1.2847805007106012,1.5923879165226646
A804,2022-06-18,-30.75,-55.5,2,6.3,7.2077075847271965,5.460770571720458,1.3199066853409944,1.1536833341114232
A804,2022-06-19,-30.75,-55.5,2,6.6,5.771413690576609,3.6214328691498694,1.5936823625095795,1.822483044273398
A804,2022-06-20,-30.75,-55.5,2,5.5,7.468292476527474,3.6717359930279603,2.033994952444448,1.497929047851921
A804,2022-06-21,-30.75,-55.5,2,12.3,4.145229223568324,3.846825254874117,1.0775714904949516,3.1974418345141347
A804,2022-06-22,-30.75,-55.5,2,10.0,11.33769128654544,6.442189888846885,1.7599126201129134,1.5522671905888112
A804,2022-06-23,-30.75,-55.5,2,9.5,9.046494808382612,5.67684119893941,1.5935789801681868,1.6734658707336856
A804,2022-06-24,-30.75,-55.5,2,10.0,8.17369238832551,5.609586864195458,1.4570934698410811,1.7826624744555457
A804,2022-06-25,-30.75,-55.5,2,11.1,10.302582310889168,6.3396364022488605,1.6251061823095296,1.7508890566756312
A804,2022-06-26,-30.75,-55.5,2,7.7,9.809432257809977,5.851058310282009,1.6765227310368715,1.3160012414282154
A804,2022-06-27,-30.75,-55.5,2,8.9,8.565694439681554,4.27905945478917,2.001770372714671,2.0798963169439078
A804,2022-06-28,-30.75,-55.5,2,8.8,14.346672017438287,7.077731397103424,2.0270156088870075,1.2433362480527896
A804,2022-06-29,-30.75,-55.5,2,5.7,6.481578112823011,4.324318787754871,1.4988668576370523,1.3181266876393645
A804,2022-06-30,-30.75,-55.5,2,5.0,5.769265031735294,3.2087458762356054,1.7979812843588614,1.5582411923083903
A804,2022-07-01,-30.75,-55.5,2,11.6,6.525973626720665,6.670039446089153,0.9784010543666337,1.739120149701878
A804,2022-07-02,-30.75,-55.5,2,10.2,8.149798488608731,6.304997922247975,1.2925933662644273,1.6177642127379648
A804,2022-07-03,-30.75,-55.5,2,8.7,9.577220286240241,5.920187022005815,1.6177225906277852,1.469548169282726
A804,2022-07-04,-30.75,-55.5,2,6.9,9.739752784038904,4.866876180437277,2.0012329105861517,1.417747184063362
A804,2022-07-05,-30.75,-55.5,2,7.3,7.875910579830745,4.736070223034707,1.6629632182235972,1.5413622805876424
A804,2022-07-06,-30.75,-55.5,2,13.7,11.954467951754232,6.875022803886481,1.7388259345112742,1.9927206630144307
A804,2022-07-07,-30.75,-55.5,2,9.5,10.92820843938826,6.7400758978929485,1.6213776528547084,1.4094796770715663
A804,2022-07-08,-30.75,-55.5,2,9.7,11.673526762565768,7.114295363359834,1.64085494997677,1.3634519660171978
A804,2022-07-09,-30.75,-55.5,2,9.8,14.129725033072353,7.473890192342065,1.890544906259129,1.3112314668526073
A804,2022-07-10,-30.75,-55.5,2,15.9,13.218718984507072,7.2692231109005565,1.818450030056851,2.1873038916850924
A804,2022-07-11,-30.75,-55.5,2,19.2,20.74446065463926,10.372628972199909,1.9999231352280415,1.8510254296628825
A804,2022-07-12,-30.75,-55.5,2,7.0,15.150705075571524,7.194176405982856,2.105967969171818,0.9730092237074734
A804,2022-07-13,-30.75,-55.5,2,8.9,10.741932347265127,5.464124605321129,1.9659017908933316,1.6288061936458975
A804,2022-07-14,-30.75,-55.5,2,12.5,12.797229785247195,5.856344886648346,2.18519059805086,2.1344371347558897
A804,2022-07-15,-30.75,-55.5,2,10.6,10.519507726514352,5.794486343263911,1.8154340356230674,1.829325219192638
A804,2022-07-16,-30.75,-55.5,2,14.0,18.015443635127255,8.75857411854892,2.0568922967694165,1.5984336959997612
A804,2022-07-17,-30.75,-55.5,2,9.3,13.769237683760597,7.543316485683825,1.8253559571433484,1.2328794659020497
A804,2022-07-18,-30.75,-55.5,2,4.9,7.033131113221678,2.6076755411452495,2.697088269705839,1.8790681289467472
A804,2022-07-19,-30.75,-55.5,2,6.5,6.422961895550836,4.260647499380761,1.507508400186672,1.5255897139917594
A804,2022-07-20,-30.75,-55.5,2,6.6,7.217834040767053,4.409804284755835,1.6367697010314584,1.4966650612625618
A804,2022-07-21,-30.75,-55.5,2,8.9,7.093100848627482,4.467449229338182,1.58772948152301,1.9921882808545017
A804,2022-07-22,-30.75,-55.5,2,7.5,3.9528320950116873,3.5938009289898263,1.0999029086796914,2.086926946760003
A804,2022-07-23,-30.75,-55.5,2,5.9,7.030610782507226,5.021506111058286,1.4001000152174505,1.1749462948988767
A804,2022-07-24,-30.75,-55.5,2,6.5,4.091152259088325,3.4065408816576013,1.2009696643058034,1.908093936285638
A804,2022-07-25,-30.75,-55.5,2,9.1,7.600823612046348,4.545651293406874,1.6721088181732664,2.0019133480825655
A804,2022-07-26,-30.75,-55.5,2,7.2,9.395583142680792,5.370729508382153,1.7494053886007492,1.3406000039217922
A804,2022-07-27,-30.75,-55.5,2,5.8,5.182589600873858,3.726289220333731,1.3908178604584267,1.5565082732575828
A804,2022-07-28,-30.75,-55.5,2,12.7,12.330540581871118,7.530235805332105,1.6374707114935168,1.686534170816699
A804,2022-07-29,-30.75,-55.5,2,7.0,8.732271438066196,5.155659411417206,1.693725426999422,1.357731269931932
A804,2022-07-30,-30.75,-55.5,2,4.9,5.437860738879906,2.6158744856692024,2.07879268239767,1.873178559156467
A804,2022-07-31,-30.75,-55.5,2,0.0,4.852191907236965,2.6177632909242434,1.8535640422720654,0.0
A804,2022-08-01,-30.75,-55.5,2,5.2,3.9449599144798997,3.0014616136749175,1.3143462826598624,1.7324892566702677
A804,2022-08-02,-30.75,-55.5,2,6.1,7.4743910372994815,4.862765767577474,1.5370658169749893,1.2544301518020453
A804,2022-08-03,-30.75,-55.5,2,6.8,7.814140674478928,4.983759651496455,1.5679208511053708,1.3644317694891626
A804,2022-08-04,-30.75,-55.5,2,14.2,14.925509258427216,8.785970291741533,1.6987889513417327,1.6162130679348463
A804,2022-08-05,-30.75,-55.5,2,8.1,7.488956221829529,5.8934325746189264,1.2707290915793281,1.3744112446257606
A804,2022-08-06,-30.75,-55.5,2,11.7,9.966327175347814,6.102504797621207,1.6331535174266063,1.9172455226189629
A804,2022-08-07,-30.75,-55.5,2,11.1,11.729460441918926,6.901352929534694,1.6995885533866988,1.6083802862040253
A804,2022-08-08,-30.75,-55.5,2,10.3,11.727620227959388,6.537792889125666,1.793819478048315,1.5754552300260272
A804,2022-08-09,-30.75,-55.5,2,12.0,11.214417085971967,7.6210831448415455,1.4714991127688493,1.5745793310393674
A804,2022-08-10,-30.75,-55.5,2,9.6,9.386720619473083,5.77684029590954,1.6248883712640667,1.6618081006666496
A804,2022-08-11,-30.75,-55.5,2,7.5,7.691404121489888,4.545624083446181,1.692045796197646,1.6499384600043772
A804,2022-08-12,-30.75,-55.5,2,8.7,6.465132251964887,5.5094625134155555,1.1734597043218413,1.579101405775151
A804,2022-08-13,-30.75,-55.5,2,5.5,7.14806416469337,3.4911763683021446,2.047465785342054,1.5754002146487953
A804,2022-08-14,-30.75,-55.5,2,10.9,9.825810196800584,6.56158248720724,1.4974756799838196,1.6611846336232359
A804,2022-08-15,-30.75,-55.5,2,15.5,13.21258740901898,8.119151610557317,1.627335963506172,1.9090664571216258
A804,2022-08-16,-30.75,-55.5,2,11.8,6.1786349918736,7.244355190894103,0.8528895711297984,1.6288544237632332
A804,2022-08-17,-30.75,-55.5,2,10.5,9.640445353022349,6.095477209088006,1.5815735212083146,1.7225886735078106
A804,2022-08-18,-30.75,-55.5,2,15.5,17.77772470472006,8.710973582986867,2.040842454101937,1.7793648267138096
A804,2022-08-19,-30.75,-55.5,2,6.4,12.064824407394815,5.1078970702645226,2.361994425774522,1.2529618181340063
A804,2022-08-20,-30.75,-55.5,2,7.8,8.6864480810939,4.278822928115914,2.0301022563975994,1.8229312432507132
A804,2022-08-21,-30.75,-55.5,2,5.4,6.617544459671811,3.2113052232144,2.0607024246196968,1.6815592491687215
A804,2022-08-22,-30.75,-55.5,2,5.6,8.311324055950154,3.9104818913591197,2.1253963799999815,1.4320485698640262
A804,2022-08-23,-30.75,-55.5,2,5.7,6.7299098351897655,3.6544249366963184,1.8415783472826655,1.5597529293221513
A804,2022-08-24,-30.75,-55.5,2,7.4,5.720637816049464,3.3158136975483674,1.7252591182306671,2.231729727599407
A804,2022-08-25,-30.75,-55.5,2,10.7,5.102955226491892,3.153156986190412,1.6183638330856438,3.3934244463126295
A804,2022-08-26,-30.75,-55.5,2,11.7,9.289440453277653,5.283016090687325,1.7583592958675027,2.214644021362013
A804,2022-08-27,-30.75,-55.5,2,11.9,11.883395651767943,6.550751715316569,1.8140506873406468,1.8165854114385294
A804,2022-08-28,-30.75,-55.5,2,15.7,19.971906563289522,7.969489577876563,2.506045885138224,1.9700132419500822
A804,2022-08-29,-30.75,-55.5,2,8.5,9.70320010194642,4.78760016765655,2.026735684299212,1.7754197723993745
A804,2022-08-30,-30.75,-55.5,2,10.5,10.815364708813865,6.523895508283589,1.657807776823106,1.6094678381448368
A804,2022-08-31,-30.75,-55.5,2,6.1,9.40170440147889,4.80969727251784,1.9547393253208154,1.2682710895038714
A804,2022-09-01,-30.75,-55.5,2,7.9,11.188107663914383,5.4285956114412945,2.0609580202169333,1.455256675105801
A804,2022-09-02,-30.75,-55.5,2,14.3,14.225767549269547,7.403758856885507,1.9214250253490577,1.9314513447045858
A804,2022-09-03,-30.75,-55.5,2,8.0,10.127830924221133,5.1957480823883255,1.9492536519525943,1.5397205317011147
A804,2022-09-04,-30.75,-55.5,2,6.4,7.356856631924447,3.1149376902067907,2.3617989711492586,2.0546157376185348
A804,2022-09-05,-30.75,-55.5,2,8.6,7.1088340086086665,4.850228480998239,1.4656699238930653,1.7731123458806646
A804,2022-09-06,-30.75,-55.5,2,7.3,5.780735476767083,3.6577905276734235,1.5803899739562126,1.995740309558744
A804,2022-09-07,-30.75,-55.5,2,7.9,5.283149204853698,4.208419959389523,1.2553759500798674,1.8771890819437094
A804,2022-09-08,-30.75,-55.5,2,7.7,6.590870316661151,5.1682873874189275,1.2752522881574258,1.489855231104984
A804,2022-09-09,-30.75,-55.5,2,15.6,13.358464256351679,8.723025174743002,1.531402694449434,1.7883703975965664
A804,2022-09-10,-30.75,-55.5,2,11.8,11.14089135006246,7.14995709211827,1.5581759731598366,1.6503595543262335
A804,2022-09-11,-30.75,-55.5,2,8.5,9.961389439820882,4.8857422597689935,2.038869205575301,1.7397561205780623
A804,2022-09-12,-30.75,-55.5,2,8.1,7.335768118909971,4.767190556012773,1.5388032076161706,1.699113955028211
A804,2022-09-13,-30.75,-55.5,2,10.3,11.528865348402931,5.851680953204564,1.970180097069264,1.7601779868670724
A804,2022-09-14,-30.75,-55.5,2,10.5,9.622656212340038,5.318229150105864,1.8093722441705038,1.974341402681189
A804,2022-09-15,-30.75,-55.5,2,7.0,7.348874073837137,4.269962654612853,1.7210628448701129,1.6393586001127853
A804,2022-09-16,-30.75,-55.5,2,11.7,10.769270232349792,7.690688147319156,1.400299950545229,1.5213203000668312
A804,2022-09-17,-30.75,-55.5,2,11.1,12.088007347000776,7.07982008840345,1.7073890573576296,1.5678364508416667
A804,2022-09-18,-30.75,-55.5,2,9.9,12.368473385218435,6.104608611567454,2.0260878579147166,1.6217255896210552
A804,2022-09-19,-30.75,-55.5,2,13.7,10.264174835809834,5.250769020324076,1.954794582675498,2.609141622297916
A804,2022-09-20,-30.75,-55.5,2,8.1,6.933374219491951,4.57842964753721,1.5143563958051627,1.7691655487940243
A804,2022-09-21,-30.75,-55.5,2,8.7,8.26212784737549,6.016751557455451,1.373187469763108,1.4459629780158851
A804,2022-09-22,-30.75,-55.5,2,13.5,14.509873065375384,8.269361840616272,1.7546545120456405,1.6325322630934622
A804,2022-09-23,-30.75,-55.5,2,6.8,4.387824170013604,2.489648916807897,1.7624268789028503,2.7313088018525193
A804,2022-09-24,-30.75,-55.5,2,7.4,9.00177802359184,4.810987856002402,1.871087247156698,1.5381456410802268
A804,2022-09-25,-30.75,-55.5,2,8.9,7.786046248963911,5.49115694093843,1.4179245526414124,1.6207877676282558
A804,2022-09-26,-30.75,-55.5,2,8.5,9.4761057818902,4.027341850802476,2.3529429914180287,2.110573255236904
A804,2022-09-27,-30.75,-55.5,2,9.9,9.30098618199652,5.392673258203934,1.724744989481205,1.835824187000208
A804,2022-09-28,-30.75,-55.5,2,13.2,14.309169369003918,7.369804200426372,1.9415942377649704,1.791092360260579
A804,2022-09-29,-30.75,-55.5,2,13.2,14.625749003833572,7.484157866026521,1.954227752226538,1.7637254900674784
A804,2022-09-30,-30.75,-55.5,2,7.4,9.501978030651104,4.744745007586548,2.0026319676732975,1.559620166767206
A804,2022-10-01,-30.75,-55.5,2,7.2,7.209273197247911,3.4540415839333694,2.0871993061062644,2.0845145679458885
A804,2022-10-02,-30.75,-55.5,2,9.0,7.214276416128807,5.24943055494735,1.3742969529008588,1.7144716756978353
A804,2022-10-03,-30.75,-55.5,2,9.1,5.967622356930833,5.059243348220576,1.1795483921582364,1.7986879407966465
A804,2022-10-04,-30.75,-55.5,2,11.9,8.347613382441544,5.558853217350972,1.5016790435095413,2.1407293077745364
A804,2022-10-05,-30.75,-55.5,2,10.7,10.599940276969376,7.066686021695542,1.4999874402833713,1.514146796270524
A804,2022-10-06,-30.75,-55.5,2,9.4,11.372638492826283,7.766093498074069,1.464396288255686,1.21038975417063
A804,2022-10-07,-30.75,-55.5,2,12.4,11.871870220642275,6.628804215282794,1.7909520080969543,1.870623961318942
A804,2022-10-08,-30.75,-55.5,2,15.7,16.0698033255202,8.87146731692266,1.8114030916696773,1.769718518835284
A804,2022-10-09,-30.75,-55.5,2,14.7,14.525633092484425,7.606481910612746,1.909638813735679,1.9325622768510378
A804,2022-10-10,-30.75,-55.5,2,13.8,14.990971178133615,7.8013263282521725,1.9215926301973099,1.7689299766917692
A804,2022-10-11,-30.75,-55.5,2,9.2,6.85365849837204,5.3095846371530255,1.290808785759735,1.732715575456576
A804,2022-10-12,-30.75,-55.5,2,6.6,6.012851931327005,3.4751456589885477,1.7302445771660302,1.899200968146167
A804,2022-10-13,-30.75,-55.5,2,8.9,8.681599995537391,5.702446209058842,1.5224343513746608,1.560733705100376
A804,2022-10-14,-30.75,-55.5,2,18.0,16.806790788208783,9.492553887451193,1.7705236111882117,1.8962231042791697
A804,2022-10-15,-30.75,-55.5,2,12.6,15.532350565814626,7.387168366412761,2.102612231831017,1.705660325448709
A804,2022-10-16,-30.75,-55.5,2,12.1,10.524904571541704,5.748998081909668,1.830737186129936,2.1047145654953314
A804,2022-10-17,-30.75,-55.5,2,15.8,15.209670205516723,8.950379153799508,1.699332502473942,1.765288344605242
A804,2022-10-18,-30.75,-55.5,2,11.5,14.9709060624262,8.434672414438388,1.774924422292815,1.3634198739377732
A804,2022-10-19,-30.75,-55.5,2,9.2,11.551279870465473,5.265711392708623,2.1936788800199745,1.747152343506548
A804,2022-10-20,-30.75,-55.5,2,8.0,13.87225212248468,6.442385332645689,2.1532788565423755,1.2417760793446124
A804,2022-10-21,-30.75,-55.5,2,12.6,12.369206513755456,7.50022314461163,1.6491784677955668,1.6799500170941168
A804,2022-10-22,-30.75,-55.5,2,10.8,7.691143538345339,4.073577038518302,1.888056483434733,2.6512325403150663
A804,2022-10-23,-30.75,-55.5,2,10.0,8.597160480261165,5.792917406841901,1.4840813145561558,1.726245913361236
A804,2022-10-24,-30.75,-55.5,2,10.1,8.259043069577483,5.055772408652077,1.633586799802057,1.9977165077121752
A804,2022-10-25,-30.75,-55.5,2,9.9,10.475952173038884,5.403001953129945,1.9389132678307086,1.8323147179809838
A804,2022-10-26,-30.75,-55.5,2,16.9,10.872278840229974,4.873339035740133,2.2309711597109843,3.467848199367752
A804,2022-10-27,-30.75,-55.5,2,13.1,14.430267081899972,7.029361806764637,2.0528559318163344,1.8636115710238934
A804,2022-10-28,-30.75,-55.5,2,7.2,8.062900488387927,3.328055127651736,2.422706409336759,2.163425701749206
A804,2022-10-29,-30.75,-55.5,2,10.0,9.415459015637085,4.863740529449825,1.9358473090056345,2.056030731789711
A804,2022-10-30,-30.75,-55.5,2,19.0,22.74072577195968,10.797233248690434,2.1061623147502013,1.7597100629741842
A804,2022-10-31,-30.75,-55.5,2,18.3,20.29962788509133,8.995904949555944,2.2565409482337135,2.0342589325494513
A804,2022-11-01,-30.75,-55.5,2,10.4,11.210408928168052,5.38227793141042,2.082837243083502,1.93226736570155
A804,2022-11-02,-30.75,-55.5,2,8.7,6.001184221551749,3.1124988336532797,1.9280920386748834,2.7951817703296675
A804,2022-11-03,-30.75,-55.5,2,9.0,7.551927344704181,4.1519528867619835,1.818885606525695,2.1676546544387456
A804,2022-11-04,-30.75,-55.5,2,10.8,10.357520501905618,5.765505761128909,1.7964634727687054,1.8732094715460517
A804,2022-11-05,-30.75,-55.5,2,13.2,12.163273919865096,7.126861422525202,1.7066802900673468,1.8521477011297003
A804,2022-11-06,-30.75,-55.5,2,14.5,14.150245479297102,7.457498816513418,1.8974519242247394,1.9443516327340353
A804,2022-11-07,-30.75,-55.5,2,13.8,13.898291259897185,7.205205068364449,1.9289237610904029,1.9152820591590105
A804,2022-11-08,-30.75,-55.5,2,10.2,12.149046361681279,7.388293942519448,1.644364241081939,1.380562289393936
A804,2022-11-09,-30.75,-55.5,2,9.8,10.626836525239485,5.710776539139241,1.8608391437500054,1.7160538383589266
A804,2022-11-10,-30.75,-55.5,2,8.9,12.115799040561084,5.670614752880203,2.1365935738108925,1.5694947352012472
A804,2022-11-11,-30.75,-55.5,2,9.8,10.237776488993573,6.224708904684644,1.6446996390929607,1.5743708099546043
A804,2022-11-12,-30.75,-55.5,2,6.6,8.927180154287598,4.4426017955110275,2.009448644104893,1.4856159304371797
A804,2022-11-13,-30.75,-55.5,2,8.0,11.79326927938691,5.043377872982971,2.3383671769990992,1.5862384698270282
A804,2022-11-14,-30.75,-55.5,2,15.3,9.634553797021082,9.265258562344808,1.039858060321936,1.6513300624098233
A804,2022-11-15,-30.75,-55.5,2,13.1,11.6717369101882,6.646079023766013,1.7561838895461086,1.9710870053087122
A804,2022-11-16,-30.75,-55.5,2,7.3,6.282194928055331,2.748251451072143,2.2858879690955978,2.6562343839215066
A804,2022-11-17,-30.75,-55.5,2,10.0,9.890530918737081,4.4955839456405755,2.2000547733800087,2.2244051319956166
A804,2022-11-18,-30.75,-55.5,2,11.9,11.619036710652678,7.133266202034788,1.6288522510681445,1.668239998754776
A804,2022-11-19,-30.75,-55.5,2,7.9,11.735325330374582,5.482331773653215,2.140571898032835,1.440992688177962
A804,2022-11-20,-30.75,-55.5,2,9.4,12.084324227472738,5.243733230075836,2.3045268890038426,1.7926159832246185
A804,2022-11-21,-30.75,-55.5,2,12.3,12.854301025942963,5.6641708203349825,2.2694056082833236,2.1715446779679874
A804,2022-11-22,-30.75,-55.5,2,9.8,10.706204138753193,5.728314663998599,1.868997212398214,1.7107998730571126
A804,2022-11-23,-30.75,-55.5,2,7.3,6.249343022002931,2.9980710212297415,2.0844546302440796,2.4348989561313674
A804,2022-11-24,-30.75,-55.5,2,5.4,6.4288764446035485,2.610950876448319,2.4622739947328154,2.0682120252471505
A804,2022-11-25,-30.75,-55.5,2,7.5,7.607241541416956,3.734278096055032,2.037138463108412,2.008420317684201
A804,2022-11-26,-30.75,-55.5,2,10.7,8.706308751133534,5.937784900641451,1.466255328682082,1.8020187964107781
A804,2022-11-27,-30.75,-55.5,2,11.2,13.254072029995665,6.970671328964168,1.901405389022294,1.6067319016265114
A804,2022-11-28,-30.75,-55.5,2,11.2,12.089055850791063,6.463275665677829,1.8704224415164623,1.7328674466843141
A804,2022-11-29,-30.75,-55.5,2,9.8,15.15887995027265,6.751258609201667,2.24534132489189,1.451581189119764
A804,2022-11-30,-30.75,-55.5,2,8.8,13.713625577596439,6.772932090129841,2.02476939014068,1.2992895666005857
A804,2022-12-01,-30.75,-55.5,2,9.4,8.67360002780682,5.614132310982757,1.5449582495301937,1.674346003853715
A804,2022-12-02,-30.75,-55.5,2,8.5,9.956696073982181,5.284527352941076,1.8841223460487595,1.6084692976883486
A804,2022-12-03,-30.75,-55.5,2,13.0,12.320046628029822,4.22588232291749,2.9153785379248878,3.0762806454641125
A804,2022-12-04,-30.75,-55.5,2,8.0,7.891946674878484,4.046649752640383,1.9502420909368539,1.9769440127058464
A804,2022-12-05,-30.75,-55.5,2,10.7,10.247075681182414,4.999910356837466,2.0494518801060817,2.1400383679614494
A804,2022-12-06,-30.75,-55.5,2,8.0,8.149301155942647,5.235948289617767,1.5564136055548325,1.527898970252056
A804,2022-12-07,-30.75,-55.5,2,7.3,7.591714695915132,3.975493770696216,1.9096281201279857,1.8362498902171775
A804,2022-12-08,-30.75,-55.5,2,6.1,8.206626093456785,4.735321168557134,1.7330664175324284,1.288191398823047
A804,2022-12-09,-30.75,-55.5,2,11.4,12.569086764111457,5.4097904124021925,2.323396251229299,2.1072905105279083
A804,2022-12-10,-30.75,-55.5,2,11.4,12.056372217029853,5.335247335880628,2.259758818667747,2.136733178859895
A804,2022-12-11,-30.75,-55.5,2,6.6,9.828402673468274,4.918288513292429,1.9983379679548092,1.3419302227111092
A804,2022-12-12,-30.75,-55.5,2,13.8,14.87793817182541,8.447359658555799,1.7612530747115145,1.6336465544026944
A804,2022-12-13,-30.75,-55.5,2,11.0,10.408999744940735,5.16086765411618,2.016908869313627,2.1314245466509245
A804,2022-12-14,-30.75,-55.5,2,10.8,8.479498639195743,4.581391074489154,1.850856759732358,2.3573626054624137
A804,2022-12-15,-30.75,-55.5,2,12.2,11.182813149238324,6.206993531754845,1.801647301874457,1.9655248450936935
A804,2022-12-16,-30.75,-55.5,2,12.3,13.825099033758846,6.734935830770315,2.052743987640575,1.8262980240738502
A804,2022-12-17,-30.75,-55.5,2,12.3,11.021613847816665,7.183187912160644,1.534362456139819,1.7123316486231615
A804,2022-12-18,-30.75,-55.5,2,13.1,12.066024888276775,7.417129889965355,1.6267781564134285,1.7661818242825986
A804,2022-12-19,-30.75,-55.5,2,10.1,10.67607950322177,6.070692823425502,1.7586262085317623,1.6637310260578932
A804,2022-12-20,-30.75,-55.5,2,10.8,8.586952376095807,6.225317317496829,1.3793597881286122,1.7348513255132558
A804,2022-12-21,-30.75,-55.5,2,11.1,10.987801020577527,6.830891704131746,1.6085456330586276,1.6249708648266277
A804,2022-12-22,-30.75,-55.5,2,9.1,10.148164547519508,6.694607884919773,1.5158713881330066,1.3593029130949694
A804,2022-12-23,-30.75,-55.5,2,20.5,12.332107368496485,6.343410208474651,1.9440816474427385,3.231700193787321
A804,2022-12-24,-30.75,-55.5,2,7.1,10.224899068357646,4.167288069175029,2.4536098533696524,1.7037459091244296
A804,2022-12-25,-30.75,-55.5,2,12.9,9.68032054415313,5.277751731530798,1.834175049637164,2.444222588745831
A804,2022-12-26,-30.75,-55.5,2,9.1,7.332031328739529,4.239519857917451,1.7294485164509146,2.1464694835679166
A804,2022-12-27,-30.75,-55.5,2,5.1,8.21873133576558,3.9255546424059466,2.0936484355567075,1.2991794700568078
A804,2022-12-28,-30.75,-55.5,2,13.2,15.806799049124471,7.690822309886399,2.055280750512874,1.7163314231082496
A804,2022-12-29,-30.75,-55.5,2,11.9,8.049588289267694,5.294187739655418,1.5204576575502433,2.247748018239817
A804,2022-12-30,-30.75,-55.5,2,7.3,10.698889662089499,4.470097602929759,2.393435359236297,1.6330739613415792
A804,2022-12-31,-30.75,-55.5,2,6.9,8.159743333074912,3.6572747132501915,2.231099376678601,1.8866507279317895
A809,2021-01-01,-29.75,-57.0,2,6.0,7.93292880994425,4.25583264189093,1.8640133382734552,1.4098298746386115
A809,2021-01-04,-29.75,-57.0,2,9.1,9.16437028337779,5.083540429404796,1.8027534964349237,1.7900910057413408
A809,2021-01-05,-29.75,-57.0,2,10.7,10.637157855325668,4.925685691837776,2.1595283420036773,2.1722863920714
A809,2021-01-06,-29.75,-57.0,2,8.1,6.530315940704748,4.844997139246126,1.3478472232330059,1.6718276125257625
A809,2021-01-07,-29.75,-57.0,2,7.5,8.228291605607984,4.442851754028114,1.852029295856608,1.6881049414264433
A809,2021-01-08,-29.75,-57.0,2,7.4,6.089764610241945,2.4425291737188344,2.4932208285439104,3.029646515432709
A809,2021-01-09,-29.75,-57.0,2,7.8,10.34963359617026,3.8182346865108006,2.7105807908387156,2.0428288568945554
A809,2021-01-10,-29.75,-57.0,2,8.5,5.651129190068873,3.1363860789106814,1.8017964140535923,2.7101255349762905
A809,2021-01-11,-29.75,-57.0,2,19.3,20.421803307755106,8.593127810810573,2.3765273550410226,2.245980791269002
A809,2021-01-12,-29.75,-57.0,2,17.1,13.07974912641244,6.156388548454416,2.124581485308649,2.7776024637517427
A809,2021-01-13,-29.75,-57.0,2,11.3,12.486744824987895,6.541413512452119,1.9088756277551246,1.7274553853673247
A809,2021-01-14,-29.75,-57.0,2,11.8,14.917519880216286,6.8357830078685025,2.1822693703186737,1.7262104409132515
A809,2021-01-15,-29.75,-57.0,2,11.4,10.70885280734298,6.641085176458912,1.6125155035359808,1.716586927752459
A809,2021-01-16,-29.75,-57.0,2,13.7,10.487303177727487,4.630755441257311,2.264706765615773,2.9584805705654516
A809,2021-01-17,-29.75,-57.0,2,11.6,18.624297257267635,7.598307148493289,2.451111398011957,1.5266558423214345
A809,2021-01-18,-29.75,-57.0,2,9.4,7.934357733091462,4.090514221137799,1.9396968948526172,2.297999589250991
A809,2021-01-19,-29.75,-57.0,2,9.6,10.645612825098947,5.885236459989617,1.8088674766889024,1.631200388508593
A809,2021-01-20,-29.75,-57.0,2,9.9,11.958579429537284,6.043734946760413,1.978673706719612,1.6380599227480415
A809,2021-01-21,-29.75,-57.0,2,11.5,11.10916890023172,7.196637693423635,1.5436609946869215,1.5979684527552116
A809,2021-01-22,-29.75,-57.0,2,11.1,11.184694544982229,6.910804532269601,1.6184359567335391,1.6061805753829665
A809,2021-01-23,-29.75,-57.0,2,10.5,9.912586347536521,4.330381247455399,2.2890793630148187,2.424728770975989
A809,2021-01-24,-29.75,-57.0,2,10.6,6.558543513004367,3.0244324090888943,2.168520444793183,3.5047898468966725
A809,2021-01-25,-29.75,-57.0,2,9.3,7.558900622184296,3.4882539045433028,2.166958263083759,2.6660903290001756
A809,2021-01-26,-29.75,-57.0,2,11.1,11.982748400552344,5.920680206943381,2.0238803620063406,1.8747845875855036
A809,2021-01-27,-29.75,-57.0,2,9.7,15.758172046658935,5.066506122342418,3.1102640885339334,1.9145343488730175
A809,2021-01-28,-29.75,-57.0,2,10.1,9.575486301747922,4.619967598409436,2.072630618674593,2.1861625184291835
A809,2021-01-29,-29.75,-57.0,2,14.8,13.2358940539913,5.033597200796914,2.6295099758669225,2.940243211685051
A809,2021-01-30,-29.75,-57.0,2,15.1,12.781867585769387,5.192861958734667,2.461430264725141,2.9078377434241256
A809,2021-01-31,-29.75,-57.0,2,6.0,9.149490584532748,4.008282868100974,2.282645932338491,1.4969003429747096
A809,2021-02-01,-29.75,-57.0,2,8.2,6.310967094364471,2.4970448845209043,2.5273743109248614,3.2838816998571065
A809,2021-02-02,-29.75,-57.0,2,10.2,11.993430591322548,4.035245613654291,2.9721686706602672,2.527727176131653
A809,2021-02-03,-29.75,-57.0,2,12.1,13.635206183853212,5.942062483019763,2.2946924948732255,2.036329983835977
A809,2021-02-04,-29.75,-57.0,2,11.7,14.922975435498296,7.794911755197064,1.9144508500110695,1.5009791473520293
A809,2021-02-05,-29.75,-57.0,2,10.3,8.841007655656151,5.668934004691853,1.5595538152920732,1.8169200755336503
A809,2021-02-06,-29.75,-57.0,2,8.4,5.476643858780574,2.4079419489531286,2.2744085924337116,3.488456191251606
A809,2021-02-07,-29.75,-57.0,2,8.7,8.316848934411219,4.331221884184931,1.9202084669869832,2.008671047716874
A809,2021-02-08,-29.75,-57.0,2,7.2,6.13592687362668,3.9674441558667537,1.5465691847365612,1.8147703451233685
A809,2021-02-09,-29.75,-57.0,2,9.2,7.238651711674553,5.4512564978186875,1.327886830232826,1.6876842987816416
A809,2021-02-10,-29.75,-57.0,2,7.1,9.652805393823977,3.703858257243569,2.6061487031654518,1.916920007971325
A809,2021-02-11,-29.75,-57.0,2,7.2,10.423525744621815,2.7518439192133406,3.7878331949878716,2.6164274615030627
A809,2021-02-12,-29.75,-57.0,2,9.3,2.074746122699523,1.9055526447307518,1.0887897159055806,4.88047392745429
A809,2021-02-13,-29.75,-57.0,2,9.0,4.949437595559157,3.851738219944935,1.284988052908205,2.3366073928379967
A809,2021-02-14,-29.75,-57.0,2,14.2,7.244084165891916,3.355560629857096,2.158829764968491,4.231781680131567
A809,2021-02-15,-29.75,-57.0,2,8.9,8.489018508419313,4.785150834124283,1.7740336308485174,1.859920472418873
A809,2021-02-16,-29.75,-57.0,2,9.0,9.797180665159308,5.385811567594561,1.8190723054826397,1.6710573489335103
A809,2021-02-17,-29.75,-57.0,2,8.4,9.507245503750047,5.212218435134128,1.8240305202223157,1.6115978454352404
A809,2021-02-18,-29.75,-57.0,2,7.6,6.1668083763673165,3.3949120520443152,1.8164854587775985,2.238644148505557
A809,2021-02-19,-29.75,-57.0,2,8.2,6.391682644129219,2.921015590461285,2.1881713555386564,2.807242805131711
A809,2021-02-20,-29.75,-57.0,2,6.8,7.549998367640022,3.7459117664460226,2.015530220244128,1.8153123789275951
A809,2021-02-21,-29.75,-57.0,2,8.0,7.830390072244949,4.361668320123138,1.7952740780674223,1.8341605580348543
A809,2021-02-22,-29.75,-57.0,2,7.3,6.0126729512054835,4.014883963006468,1.497595698059231,1.8182343667370993
A809,2021-02-23,-29.75,-57.0,2,10.4,15.385986284462629,3.404222543537432,4.519676985769144,3.0550294133217983
A809,2021-02-24,-29.75,-57.0,2,8.8,12.472768791593499,4.652128747149636,2.681088480028756,1.8916071498218465
A809,2021-02-25,-29.75,-57.0,2,7.9,8.34217274706374,4.110870724517986,2.029295812517162,1.921733990048131
A809,2021-02-26,-29.75,-57.0,2,8.6,9.89564083393307,5.203189209669478,1.9018414351611999,1.6528324559133794
A809,2021-02-27,-29.75,-57.0,2,10.0,11.083847641247692,5.697058116630775,1.9455388051759333,1.7552919059765486
A809,2021-02-28,-29.75,-57.0,2,12.0,12.623090317854427,6.736358925997007,1.8738743669282973,1.7813777638375992
A809,2021-03-01,-29.75,-57.0,2,9.6,9.451577472354533,5.669041930179501,1.6672265946805696,1.6934078312057979
A809,2021-03-02,-29.75,-57.0,2,7.8,7.064341239315134,4.533528207091997,1.558243583499508,1.7205142757903473
A809,2021-03-03,-29.75,-57.0,2,10.6,7.902434017344097,3.97381764081332,1.9886252293466362,2.6674600996110382
A809,2021-03-04,-29.75,-57.0,2,28.4,11.440858269827151,3.7725050231397796,3.0326953044863427,7.5281543234005435
A809,2021-03-05,-29.75,-57.0,2,9.9,15.14782441819309,6.11930642740835,2.475415244830042,1.6178304056907393
A809,2021-03-06,-29.75,-57.0,2,7.3,8.560914656430258,4.010283893522787,2.134740303612277,1.8203200057209419
A809,2021-03-07,-29.75,-57.0,2,6.5,6.13550040433044,3.1867533126873564,1.9253138860492578,2.03969349435417
A809,2021-03-08,-29.75,-57.0,2,9.1,8.441598409095441,3.7445345345166756,2.2543785699615766,2.430208592314286
A809,2021-03-09,-29.75,-57.0,2,9.5,8.941498456515387,3.807721087694558,2.3482545729023316,2.4949306373046136
A809,2021-03-10,-29.75,-57.0,2,7.2,8.467910043361552,3.4547478619146106,2.4510935043082025,2.0840884162266424
A809,2021-03-11,-29.75,-57.0,2,6.9,8.699057161971545,3.510964621108137,2.477682944929799,1.965271868168871
A809,2021-03-12,-29.75,-57.0,2,7.1,5.127590275534469,2.47714744092029,2.0699576419357206,2.866200001951545
A809,2021-03-13,-29.75,-57.0,2,4.7,5.223397176608082,2.6236049709193137,1.9909236468544267,1.7914282264654788
A809,2021-03-14,-29.75,-57.0,2,6.2,7.052660450299398,3.484139176833852,2.0242189224795477,1.7794926337110728
A809,2021-03-15,-29.75,-57.0,2,8.7,10.17419138582914,5.307387219178508,1.9169868271650115,1.6392246581448056
A809,2021-03-16,-29.75,-57.0,2,26.7,12.248285870267647,5.069454628328913,2.4160953728281327,5.266838734643404
A809,2021-03-17,-29.75,-57.0,2,10.0,18.980785690764183,6.213806216529674,3.054615002359165,1.6093195782962255
A809,2021-03-18,-29.75,-57.0,2,11.4,11.363768023211062,6.516651069860223,1.7438048932478452,1.749364800691181
A809,2021-03-19,-29.75,-57.0,2,9.9,9.232090548538247,5.2698069170993405,1.7518840241721543,1.8786267041163733
A809,2021-03-20,-29.75,-57.0,2,15.1,15.13875080874377,7.32733108657523,2.066066161044672,2.0607776312531403
A809,2021-03-21,-29.75,-57.0,2,8.0,10.58023758650811,5.957645000241458,1.7759093712497644,1.3428124703092863
A809,2021-03-22,-29.75,-57.0,2,7.3,9.165413966735306,5.7480487765357005,1.5945261293101314,1.269996181973885
A809,2021-03-23,-29.75,-57.0,2,7.4,7.248770568357432,3.814076461509072,1.9005310044281056,1.9401813452560224
A809,2021-03-24,-29.75,-57.0,2,8.4,7.30141528059252,4.576150643918742,1.5955364778682253,1.8356039067819547
A809,2021-03-25,-29.75,-57.0,2,9.2,10.589772902643055,5.348831904653988,1.9798290713583566,1.7200017057920876
A809,2021-03-26,-29.75,-57.0,2,10.4,9.820152873329745,3.6393049994201365,2.6983594051321407,2.857688487680222
A809,2021-03-27,-29.75,-57.0,2,7.5,8.923601375262361,5.54961705033267,1.6079670532811698,1.3514446009478105
A809,2021-03-28,-29.75,-57.0,2,7.3,6.487274807700029,4.09602589798076,1.5837973121454374,1.7822152939996596
A809,2021-03-29,-29.75,-57.0,2,6.6,6.807085930849461,3.84382555629183,1.7709143745368905,1.7170394190227178
A809,2021-03-30,-29.75,-57.0,2,7.5,8.126766463932151,4.732815270804438,1.7171104298247506,1.584680485263314
A809,2021-03-31,-29.75,-57.0,2,7.0,7.58861301272317,4.110341036156145,1.8462246674839882,1.7030217051152936
A809,2021-04-01,-29.75,-57.0,2,9.2,8.38386113946837,4.283270842570904,1.9573502231384021,2.147891258372533
A809,2021-04-02,-29.75,-57.0,2,8.5,10.152780899041618,5.1899767264886,1.9562285987187307,1.6377722768230742
A809,2021-04-03,-29.75,-57.0,2,7.0,8.045978242738698,4.322473908399271,1.8614289902604273,1.619442973709537
A809,2021-04-04,-29.75,-57.0,2,8.3,8.464591158207071,4.176266271439833,2.0268322487226778,1.9874211701397204
A809,2021-04-05,-29.75,-57.0,2,7.0,6.521594842543462,3.862922997842426,1.6882539067400502,1.8120992843786268
A809,2021-04-06,-29.75,-57.0,2,6.5,5.562177972808617,2.7391921838337536,2.030590626548822,2.3729623786026752
A809,2021-04-07,-29.75,-57.0,2,9.5,9.853525827746905,4.780107274348088,2.061360815190226,1.987403096784185
A809,2021-04-08,-29.75,-57.0,2,12.4,11.966680131124013,5.994977298922223,1.9961176722512997,2.0683981576092494
A809,2021-04-09,-29.75,-57.0,2,12.3,12.773543230212052,5.95508861560373,2.14497953846436,2.0654604480227405
A809,2021-04-10,-29.75,-57.0,2,12.6,16.86989965996107,7.445360845730183,2.265827004158669,1.692328989967751
A809,2021-04-11,-29.75,-57.0,2,10.7,14.195629573448498,7.542040669143266,1.8822000829996905,1.4187141742389278
A809,2021-04-12,-29.75,-57.0,2,7.1,8.479932925098547,5.377494508406103,1.576930094831842,1.3203174803621416
A809,2021-04-13,-29.75,-57.0,2,8.7,7.8042672621215345,4.251525744652255,1.8356391871642936,2.046324195718024
A809,2021-04-14,-29.75,-57.0,2,7.8,7.819132482346597,5.155347358291429,1.5167033254841613,1.5129921337803034
A809,2021-04-15,-29.75,-57.0,2,11.1,5.878353597318843,4.222505971941119,1.3921480837163904,2.6287707048279776
A809,2021-04-16,-29.75,-57.0,2,5.4,3.6564144084319854,2.531133663777189,1.4445757886114754,2.13343138581691
A809,2021-04-17,-29.75,-57.0,2,7.5,6.554794934072632,3.7817849308742053,1.7332542843882484,1.9831905137625805
A809,2021-04-18,-29.75,-57.0,2,9.0,11.189110859206716,6.50376253287873,1.720405811657784,1.3838143619946057
A809,2021-04-19,-29.75,-57.0,2,11.2,9.777304599055416,5.651233373725144,1.7301187108134726,1.9818682505792988
A809,2021-04-20,-29.75,-57.0,2,11.5,10.104124216258992,5.51719479242006,1.8313879782060265,2.0843926003482007
A809,2021-04-21,-29.75,-57.0,2,12.1,13.399917122852347,6.334203276268736,2.1154858059348203,1.9102639230624279
A809,2021-04-22,-29.75,-57.0,2,12.2,10.890704013231765,5.974439748918455,1.822882892944614,2.0420324771387226
A809,2021-04-23,-29.75,-57.0,2,10.5,8.91510324121379,5.339065407325216,1.6697872307355963,1.9666363303199028
A809,2021-04-24,-29.75,-57.0,2,15.3,9.072735016883385,4.740466410448609,1.9138907928734372,3.227530516043062
A809,2021-04-25,-29.75,-57.0,2,8.7,10.19596401600568,5.366031844584307,1.9000938330800266,1.6213097968810073
A809,2021-04-26,-29.75,-57.0,2,6.7,7.49557603041556,3.348875974942981,2.2382363773693297,2.0006712849716917
A809,2021-04-27,-29.75,-57.0,2,7.4,6.715629593828639,3.4780986191961234,1.9308335757830788,2.1275992460818514
A809,2021-04-28,-29.75,-57.0,2,6.9,7.3337922433527405,3.462029035008213,2.1183508772436803,1.9930508757225462
A809,2021-04-29,-29.75,-57.0,2,7.3,7.041866926281918,3.55098680499512,1.9830732449853739,2.055766580076051
A809,2021-04-30,-29.75,-57.0,2,8.9,9.125204874315985,4.033617031320039,2.262288363883092,2.206456371761053
A809,2021-05-01,-29.75,-57.0,2,9.6,9.775370764901083,3.8838117264368583,2.516952791084274,2.4717985000800664
A809,2021-05-02,-29.75,-57.0,2,8.4,10.263531950211737,4.2978969461118215,2.38803584145889,1.954444256184232
A809,2021-05-03,-29.75,-57.0,2,10.8,15.97244383968178,6.999657079177221,2.281889478157017,1.5429327291087085
A809,2021-05-04,-29.75,-57.0,2,11.5,14.809366789210914,7.778691715193669,1.9038377315152668,1.4783977076167854
A809,2021-05-05,-29.75,-57.0,2,11.7,13.40505782500025,7.447100781848724,1.8000371174878176,1.5710811955864927
A809,2021-05-06,-29.75,-57.0,2,8.8,9.08542414087795,5.23959450090979,1.7339937545358481,1.6795192831185677
A809,2021-05-07,-29.75,-57.0,2,6.3,6.006120205616681,2.93429104599645,2.0468726896779508,2.1470262837749945
A809,2021-05-08,-29.75,-57.0,2,11.8,8.689987567835093,5.320303517393023,1.6333631228793568,2.2179185757774333
A809,2021-05-09,-29.75,-57.0,2,9.6,9.817421756867947,5.083244622592908,1.9313297875206694,1.8885575479354253
A809,2021-05-10,-29.75,-57.0,2,8.1,6.267068370036575,4.512716267618001,1.388757457455794,1.7949278260907628
A809,2021-05-11,-29.75,-57.0,2,10.1,9.260699908228258,4.822197831566891,1.9204313534393405,2.0944806399031903
A809,2021-05-12,-29.75,-57.0,2,7.4,7.7199861984764375,3.307439381203198,2.334127797579776,2.2373803861850337
A809,2021-05-13,-29.75,-57.0,2,6.0,6.353444934289751,2.6769378651393874,2.3734002260672304,2.241366928286018
A809,2021-05-14,-29.75,-57.0,2,7.8,7.376732602144577,3.658077851712652,2.0165597620321045,2.132267359030691
A809,2021-05-15,-29.75,-57.0,2,5.0,7.013832993885741,3.13080338067637,2.2402662004186578,1.5970341768699041
A809,2021-05-16,-29.75,-57.0,2,4.4,5.473557344590478,2.84840165234439,1.921624129127099,1.5447259681156835
A809,2021-05-17,-29.75,-57.0,2,7.8,7.101717561035883,3.9191120296953743,1.8120731194274862,1.9902467551064826
A809,2021-05-18,-29.75,-57.0,2,6.1,6.336128754627572,3.175433241933847,1.9953588288220014,1.9209977144048174
A809,2021-05-19,-29.75,-57.0,2,8.6,10.160574780142204,4.614681242860594,2.201793416579249,1.8636173437342223
A809,2021-05-20,-29.75,-57.0,2,11.0,10.97232556606426,4.712130188852505,2.3285276777839266,2.3344006975916582
A809,2021-05-21,-29.75,-57.0,2,13.4,13.556710355888649,5.894604421396705,2.2998507426010506,2.2732653528639872
A809,2021-05-22,-29.75,-57.0,2,14.5,16.9365196642407,9.005665098952438,1.8806517317872278,1.6100976264025937
A809,2021-05-23,-29.75,-57.0,2,11.8,12.737143914042425,8.503104700502838,1.4979403832683846,1.387728413987681
A809,2021-05-24,-29.75,-57.0,2,6.1,7.546788840408373,4.743893256600331,1.5908428862534552,1.2858636714712908
A809,2021-05-25,-29.75,-57.0,2,5.2,5.360809933606463,3.181707522918089,1.6848845769110228,1.6343425542869645
A809,2021-05-26,-29.75,-57.0,2,5.6,5.64051697576623,2.79527224437893,2.017877502668608,2.0033826799021646
A809,2021-05-27,-29.75,-57.0,2,6.1,6.292901892859949,2.7405174664658296,2.2962458622733295,2.2258570049789017
A809,2021-05-28,-29.75,-57.0,2,9.9,7.919824976549438,3.77981950888172,2.095291840771667,2.619172681853523
A809,2021-05-29,-29.75,-57.0,2,9.2,10.774467791046362,6.321699299753756,1.704362589891938,1.4553049051792704
A809,2021-05-30,-29.75,-57.0,2,6.0,4.741598931176467,3.289937628444618,1.4412428035658995,1.823742781055888
A809,2021-05-31,-29.75,-57.0,2,6.2,7.46130729147002,3.1612926277549613,2.360207728307891,1.9612230596960023
A809,2021-06-01,-29.75,-57.0,2,9.0,8.441875452179781,4.590889310298004,1.8388322788012945,1.9604044862967502
A809,2021-06-02,-29.75,-57.0,2,7.8,8.028057535503272,4.071764398964358,1.971640976463468,1.9156314648224508
A809,2021-06-03,-29.75,-57.0,2,6.9,8.638934653013347,3.878966274143996,2.2271229091621256,1.7788244373232354
A809,2021-06-04,-29.75,-57.0,2,11.1,11.606614653463014,5.970411007695616,1.9440227211330277,1.859168487009111
A809,2021-06-05,-29.75,-57.0,2,16.4,13.503399961038227,7.6284055209795385,1.7701471066137422,2.149859489626887
A809,2021-06-06,-29.75,-57.0,2,11.9,8.38543444514656,5.603414733663368,1.4964864897059615,2.1237050201743832
A809,2021-06-07,-29.75,-57.0,2,9.2,9.040953250391246,5.447887946509332,1.6595336282905977,1.6887278318370678
A809,2021-06-08,-29.75,-57.0,2,7.4,7.360388740379731,3.7447458713843758,1.965524228659796,1.9761020518234347
A809,2021-06-09,-29.75,-57.0,2,6.9,6.042582750611915,2.9470596877469135,2.050376779179383,2.341316678684302
A809,2021-06-10,-29.75,-57.0,2,8.6,10.424334276215498,4.917242503163505,2.1199552939496087,1.7489477068635915
A809,2021-06-11,-29.75,-57.0,2,5.7,7.230002580610925,3.926224407554186,1.841464427428081,1.4517764163029019
A809,2021-06-12,-29.75,-57.0,2,6.0,7.259903075308324,3.3285508987607297,2.1811002133124346,1.802586225205056
A809,2021-06-13,-29.75,-57.0,2,8.4,6.520469147289516,3.6443566602999593,1.7891962162542099,2.304933567975373
A809,2021-06-14,-29.75,-57.0,2,5.7,5.996607363888053,4.010177643076452,1.4953470637993207,1.42138341672744
A809,2021-06-15,-29.75,-57.0,2,9.3,9.726960059705657,5.754180455990131,1.6904162346142346,1.6162162572288907
A809,2021-06-16,-29.75,-57.0,2,9.1,8.836747858542118,5.172116502387981,1.70853611949038,1.759434458948963
A809,2021-06-17,-29.75,-57.0,2,6.7,7.010107894053393,4.612996277750831,1.519643084878301,1.4524182541215347
A809,2021-06-18,-29.75,-57.0,2,8.5,7.154105391948289,4.257950444376593,1.680175822947071,1.9962656003255776
A809,2021-06-19,-29.75,-57.0,2,8.7,7.849512964048409,5.187584751726585,1.5131344044906165,1.6770810341179248
A809,2021-06-20,-29.75,-57.0,2,7.1,5.991072062109737,3.127172921967726,1.9158109294256571,2.2704212965404014
A809,2021-06-21,-29.75,-57.0,2,8.6,6.988385798047313,3.756493825286332,1.8603480061662647,2.2893688636223115
A809,2021-06-22,-29.75,-57.0,2,9.7,7.632103838113335,5.6417104876625706,1.3527996260714557,1.7193367191053484
A809,2021-06-23,-29.75,-57.0,2,11.5,12.328961116162043,7.45426197354489,1.653947924008764,1.5427415941126565
A809,2021-06-24,-29.75,-57.0,2,22.3,13.058110081571492,7.832893759337414,1.6670863263024878,2.846968270623699
A809,2021-06-25,-29.75,-57.0,2,8.1,6.975769181249088,4.427082732015924,1.5757033702581362,1.8296473073390183
A809,2021-06-26,-29.75,-57.0,2,8.4,11.408721137606733,6.658984604085747,1.7132824020356938,1.2614535848072121
A809,2021-06-27,-29.75,-57.0,2,13.4,15.992644033372827,7.642583183289459,2.092570489561803,1.7533338766006705
A809,2021-06-28,-29.75,-57.0,2,9.7,14.214125380887717,7.160102649452716,1.9851845813934215,1.3547291812557214
A809,2021-06-29,-29.75,-57.0,2,9.7,8.484914073031645,5.775975266863011,1.469001109078482,1.6793700720377505
A809,2021-06-30,-29.75,-57.0,2,7.3,6.707399324457484,3.5840891621690925,1.8714376291906094,2.036779686469082
A809,2021-07-01,-29.75,-57.0,2,9.3,9.808697712089256,4.829469623005597,2.0310092986949693,1.9256772950177894
A809,2021-07-02,-29.75,-57.0,2,6.1,6.673710611481565,4.305743021045291,1.5499556241192975,1.4167125093589823
A809,2021-07-03,-29.75,-57.0,2,5.9,6.101396062658327,2.540423894374674,2.4017236163495412,2.3224470581718752
A809,2021-07-04,-29.75,-57.0,2,7.4,7.800281719754717,3.9757530281359137,1.9619633474597356,1.8612826168102277
A809,2021-07-05,-29.75,-57.0,2,5.2,5.665316269573594,3.1664180606478944,1.7891877070756694,1.6422341903065085
A809,2021-07-06,-29.75,-57.0,2,9.0,7.312052877123443,4.783992374332805,1.5284415828825837,1.8812739017493054
A809,2021-07-07,-29.75,-57.0,2,11.1,8.77293514884623,5.103245492109899,1.7190893838852195,2.1750864263068768
A809,2021-07-08,-29.75,-57.0,2,9.4,8.711837841278234,4.324634957577053,2.0144677936375888,2.1735938621895854
A809,2021-07-09,-29.75,-57.0,2,9.1,9.013581862348962,4.754244223308134,1.8959021537343457,1.914079204300525
A809,2021-07-10,-29.75,-57.0,2,8.0,8.287718683184425,4.107843574722073,2.0175351209046832,1.9474938260133872
A809,2021-07-11,-29.75,-57.0,2,8.0,7.201594241732927,3.7189009602556333,1.9364845471006835,2.1511731787151676
A809,2021-07-12,-29.75,-57.0,2,11.0,11.72585771576422,5.669788099676791,2.0681297977313577,1.9401077794471826
A809,2021-07-13,-29.75,-57.0,2,8.1,9.994915662350582,4.669883938920067,2.140292091426571,1.734518481817594
A809,2021-07-14,-29.75,-57.0,2,8.0,9.464260968045975,3.2144871374308615,2.9442522441107566,2.4887329324932064
A809,2021-07-15,-29.75,-57.0,2,10.3,10.776226931020197,5.69348153325558,1.892730637322057,1.8090863981621408
A809,2021-07-16,-29.75,-57.0,2,5.9,7.203770776503796,3.6977762313293763,1.9481359405877272,1.5955535518921624
A809,2021-07-17,-29.75,-57.0,2,9.3,9.302896284069925,5.49597855222597,1.6926733238982685,1.692146341479687
A809,2021-07-18,-29.75,-57.0,2,12.1,12.93131096967446,7.4425393944210905,1.7374863987105986,1.6257891774237876
A809,2021-07-19,-29.75,-57.0,2,5.5,6.369916322148143,3.929505202519848,1.6210479421336175,1.399667315995167
A809,2021-07-20,-29.75,-57.0,2,5.6,4.8523873520127125,2.791987058952374,1.7379691415308545,2.005739955722168
A809,2021-07-21,-29.75,-57.0,2,5.7,5.111202018162395,2.9286545520762495,1.7452389577797227,1.9462862207353968
A809,2021-07-22,-29.75,-57.0,2,7.0,7.535818528352997,4.126970635131901,1.825992766753027,1.6961593912034887
A809,2021-07-23,-29.75,-57.0,2,8.5,7.785188768405955,5.038567805450185,1.5451193809448724,1.6869873202471557
A809,2021-07-24,-29.75,-57.0,2,11.0,9.289294426119389,5.433277466851478,1.7097036701684274,2.024560694187108
A809,2021-07-25,-29.75,-57.0,2,12.1,13.898156651908861,7.900731969683762,1.7590973475923593,1.531503669081476
A809,2021-07-26,-29.75,-57.0,2,12.0,11.569770753135142,7.212355863776371,1.604159718635575,1.663811412893433
A809,2021-07-27,-29.75,-57.0,2,12.7,14.81661469527765,8.676432042186168,1.7076852124510347,1.4637353163432407
A809,2021-07-28,-29.75,-57.0,2,12.7,14.258150908998768,8.331719986118195,1.7113094214345697,1.5242951060717316
A809,2021-07-29,-29.75,-57.0,2,6.0,5.995634196538859,3.867636891856889,1.550206072644089,1.5513348765062958
A809,2021-07-30,-29.75,-57.0,2,8.8,8.632023871869844,3.9401187090077197,2.1908029958934243,2.2334352464766716
A809,2021-07-31,-29.75,-57.0,2,8.5,8.008393190814582,4.021240369861483,1.9915231257589412,2.113775655816564
A809,2021-08-01,-29.75,-57.0,2,6.8,7.118839587501605,3.522212754944843,2.021127081976365,1.930604558300308
A809,2021-08-02,-29.75,-57.0,2,6.4,7.629005203967614,3.134569258830535,2.4338288849339036,2.041747835677988
A809,2021-08-03,-29.75,-57.0,2,7.3,7.099909828560081,3.3216400181531918,2.1374711858474,2.1977095531437953
A809,2021-08-04,-29.75,-57.0,2,7.5,9.025763324955653,4.380939166397464,2.060234799466006,1.7119616856418034
A809,2021-08-05,-29.75,-57.0,2,9.6,8.077150462528646,4.580808107820392,1.7632588557331774,2.095700097895566
A809,2021-08-06,-29.75,-57.0,2,9.1,7.876871985195824,4.85115012544818,1.6237122705964717,1.8758438235632386
A809,2021-08-07,-29.75,-57.0,2,11.2,9.12582452943767,5.373867167836338,1.6981857281582138,2.0841601867337216
A809,2021-08-08,-29.75,-57.0,2,11.8,12.410925706921036,6.1595831502131455,2.0148970156351522,1.9157140527588583
A809,2021-08-09,-29.75,-57.0,2,11.7,12.968265653784373,6.805755519717698,1.9054850877632312,1.7191331610579679
A809,2021-08-10,-29.75,-57.0,2,10.5,11.046388946869877,6.499892459471797,1.6994725706227367,1.6154113418752263
A809,2021-08-11,-29.75,-57.0,2,8.7,8.72444786335066,4.346555895822026,2.0072094026759735,2.001584750897272
A809,2021-08-12,-29.75,-57.0,2,9.7,8.367678985966638,5.049915961126056,1.656993710465782,1.9208240443346
A809,2021-08-13,-29.75,-57.0,2,9.3,9.582451653135749,4.804610582255481,1.9944283702254497,1.9356407435697316
A809,2021-08-14,-29.75,-57.0,2,5.7,6.83344764478546,3.498089515989505,1.9534799248419124,1.6294608739844212
A809,2021-08-15,-29.75,-57.0,2,5.4,4.833677072308393,2.4801390571457342,1.9489540549678799,2.177297270667793
A809,2021-08-16,-29.75,-57.0,2,8.3,5.988084942573871,3.7464423940358023,1.5983389874369032,2.2154351053717773
A809,2021-08-17,-29.75,-57.0,2,7.2,8.325941164397323,4.117475417973453,2.0220985723565534,1.748644319422242
A809,2021-08-18,-29.75,-57.0,2,9.0,13.489835685311254,6.420697102254783,2.100992379873203,1.401716956378371
A809,2021-08-19,-29.75,-57.0,2,12.5,16.985991211945496,8.552649280486733,1.9860502465241765,1.461535436571605
A809,2021-08-20,-29.75,-57.0,2,14.3,8.947369535007702,6.863986805597487,1.3035237083659958,2.0833373380523614
A809,2021-08-21,-29.75,-57.0,2,14.5,12.412168216800593,7.7777830083201245,1.5958491260971062,1.8642844605575806
A809,2021-08-22,-29.75,-57.0,2,8.4,8.067037628660803,4.2597191199506215,1.8937956709113521,1.9719610057522696
A809,2021-08-23,-29.75,-57.0,2,14.7,17.76832460932213,9.118899121615646,1.9485164132591055,1.6120366947754454
A809,2021-08-24,-29.75,-57.0,2,12.8,11.061430486454576,7.370498363696575,1.500771038894426,1.7366532584887968
A809,2021-08-25,-29.75,-57.0,2,9.9,7.776745314117665,6.319916087596703,1.2305140141623234,1.5664764947480037
A809,2021-08-26,-29.75,-57.0,2,10.6,6.990440421075253,5.860209820741952,1.192865210445691,1.808808954669468
A809,2021-08-27,-29.75,-57.0,2,8.8,8.364841385274227,3.4193149700912104,2.446350060886931,2.5736149132132335
A809,2021-08-28,-29.75,-57.0,2,8.1,10.336401573979703,4.725201254207932,2.187505043256058,1.7142126999959437
A809,2021-08-29,-29.75,-57.0,2,7.5,7.358926458957466,3.3688875037628634,2.184378804794742,2.226254213482317
A809,2021-08-30,-29.75,-57.0,2,9.0,8.957312837285802,4.406079942394637,2.0329437854951036,2.0426320261244824
A809,2021-08-31,-29.75,-57.0,2,10.5,9.731230691403269,5.819174917870569,1.6722698370036713,1.804379512249187
A809,2021-09-01,-29.75,-57.0,2,12.3,11.477273807566522,6.503791782747234,1.7647049891745559,1.8912044559342305
A809,2021-09-02,-29.75,-57.0,2,8.7,11.51859291319211,4.227579960038139,2.7246304084306887,2.057914949507309
A809,2021-09-03,-29.75,-57.0,2,7.1,8.955551436633938,4.392868380383228,2.038656900494858,1.6162560279988643
A809,2021-09-04,-29.75,-57.0,2,13.2,9.195096843864954,5.314495542067643,1.7301918443773,2.483772899142266
A809,2021-09-05,-29.75,-57.0,2,8.2,7.494998293030844,3.7708964077814695,1.9875906104353511,2.1745492618356765
A809,2021-09-06,-29.75,-57.0,2,12.2,13.251097631457665,7.770345168426898,1.7053422137925878,1.5700718224940684
A809,2021-09-07,-29.75,-57.0,2,19.1,13.737663338111943,7.019937292245331,1.9569495803456023,2.7208220251624007
A809,2021-09-08,-29.75,-57.0,2,17.5,11.96003352371658,8.585594883076126,1.3930349249639216,2.0382978976210366
A809,2021-09-09,-29.75,-57.0,2,16.0,16.64852385418134,10.155458958933462,1.639366957367901,1.5755073271134896
A809,2021-09-10,-29.75,-57.0,2,7.4,8.316664362523987,5.695873755160463,1.46012090857686,1.2991860982339363
A809,2021-09-11,-29.75,-57.0,2,8.6,8.826819984238918,4.3941940235712575,2.008746071950908,1.9571279633689438
A809,2021-09-12,-29.75,-57.0,2,12.1,12.67999538883944,6.062710080803634,2.0914731563675004,1.995807128945889
A809,2021-09-13,-29.75,-57.0,2,14.1,10.583829386510937,5.82044710709303,1.8183876928652196,2.422494310242451
A809,2021-09-14,-29.75,-57.0,2,14.0,13.152528658611951,8.073308000637207,1.6291374808905907,1.734109487572506
A809,2021-09-15,-29.75,-57.0,2,6.6,6.955320493219379,3.390211613463909,2.051588893624508,1.946781131239335
A809,2021-09-16,-29.75,-57.0,2,10.0,11.511580880944052,4.998838300019047,2.3028512206326397,2.000464787981219
A809,2021-09-17,-29.75,-57.0,2,9.6,10.708093093448179,5.003954769388041,2.139926035893751,1.9184825687731053
A809,2021-09-18,-29.75,-57.0,2,9.5,9.56506029173623,4.594424557185908,2.0818842866352005,2.0677235814312214
A809,2021-09-19,-29.75,-57.0,2,10.2,12.673877938112575,6.008960668205645,2.1091630712732163,1.6974649299952655
A809,2021-09-20,-29.75,-57.0,2,13.5,11.600995247157678,8.111200382858687,1.4302439465894514,1.664365243463767
A809,2021-09-21,-29.75,-57.0,2,12.6,14.043651578938299,7.876695753732649,1.782936908827946,1.5996555400821526
A809,2021-09-22,-29.75,-57.0,2,13.5,15.625930923040096,7.443981818531844,2.099136094628715,1.813545536394468
A809,2021-09-23,-29.75,-57.0,2,10.2,10.152909510811499,5.809609231006533,1.7476062687012213,1.7557118894609056
A809,2021-09-24,-29.75,-57.0,2,11.4,7.800016375465967,3.7426464939402355,2.0840911339329184,3.0459729548216425
A809,2021-09-25,-29.75,-57.0,2,8.0,8.34533375938137,4.026658117105387,2.0725210625481454,1.9867591852448847
A809,2021-09-26,-29.75,-57.0,2,6.3,8.225071801803473,3.4329491331684627,2.395920091659526,1.835156815791609
A809,2021-09-27,-29.75,-57.0,2,7.4,8.517931925640129,3.633811962689345,2.3440761418309877,2.036428983112087
A809,2021-09-28,-29.75,-57.0,2,10.2,11.050989096178698,5.20693852753172,2.1223582797735223,1.9589246053256508
A809,2021-09-29,-29.75,-57.0,2,10.8,12.09350716284043,6.823201761065229,1.7724094327458972,1.582834624886414
A809,2021-09-30,-29.75,-57.0,2,13.3,10.151766764540335,6.868591895586262,1.4779982445985518,1.9363503032618
A809,2021-10-01,-29.75,-57.0,2,11.0,10.237736422040356,6.642604951662743,1.5412231340774976,1.6559768464398197
A809,2021-10-02,-29.75,-57.0,2,9.8,10.296373497346638,5.436137161396025,1.8940606521970982,1.802750686570851
A809,2021-10-03,-29.75,-57.0,2,15.7,12.227075856599923,8.046154350410815,1.5196173630419658,1.9512427075424423
A809,2021-10-04,-29.75,-57.0,2,9.4,10.33652273613577,5.266771170759361,1.9625919564387404,1.784774712102161
A809,2021-10-05,-29.75,-57.0,2,8.7,7.362142659946807,4.424665957099646,1.6638866597677957,1.9662501269819748
A809,2021-10-06,-29.75,-57.0,2,10.4,8.738723505556985,5.731528845409227,1.5246758310492368,1.8145245850642575
A809,2021-10-07,-29.75,-57.0,2,11.6,13.825310435033542,7.125185906357032,1.9403438193379225,1.6280276967441054
A809,2021-10-08,-29.75,-57.0,2,11.3,11.480765298221836,5.99666786675996,1.9145241246160547,1.8843798341136853
A809,2021-10-09,-29.75,-57.0,2,11.4,11.955690051270297,6.2540836080489575,1.911661372080702,1.8228090179875895
A809,2021-10-10,-29.75,-57.0,2,10.7,11.315700647337524,5.434170104874469,2.082323598443726,1.969021910153689
A809,2021-10-11,-29.75,-57.0,2,7.9,10.452406251816726,4.898723121907559,2.13370014832489,1.6126651381194506
A809,2021-10-12,-29.75,-57.0,2,8.1,5.370337411872041,2.5359642190257943,2.117670813957733,3.1940513747120858
A809,2021-10-13,-29.75,-57.0,2,18.0,10.394415257949841,6.69484199411738,1.5526005344238445,2.6886370157527586
A809,2021-10-14,-29.75,-57.0,2,7.1,8.41263913932151,4.284891936977551,1.9633258581675135,1.6569846111470787
A809,2021-10-15,-29.75,-57.0,2,16.6,18.07911968775326,8.29321569148309,2.179989085092774,2.0016361104713285
A809,2021-10-16,-29.75,-57.0,2,8.9,11.644196810308362,5.586951050888467,2.0841773454336314,1.5929976688420555
A809,2021-10-17,-29.75,-57.0,2,7.9,9.05760162434458,4.451807818009338,2.0345895408384362,1.774559981686844
A809,2021-10-18,-29.75,-57.0,2,9.5,8.353893742430865,4.103941830858313,2.0355780093217604,2.3148476249267738
A809,2021-10-19,-29.75,-57.0,2,7.7,8.65683176264943,3.4506217907622765,2.5087744434422787,2.231481879762602
A809,2021-10-20,-29.75,-57.0,2,9.6,9.103166031060598,4.594862873120896,1.9811616325510926,2.0892897710088887
A809,2021-10-21,-29.75,-57.0,2,9.0,8.259906145302017,4.495745634134593,1.8372716824963349,2.0018926185828243
A809,2021-10-22,-29.75,-57.0,2,10.9,9.141288309826837,5.165073789926807,1.7698272438342795,2.110328030793624
A809,2021-10-23,-29.75,-57.0,2,12.2,9.929014495959253,6.414937411866294,1.547796004617699,1.901811228498122
A809,2021-10-24,-29.75,-57.0,2,8.4,8.036797420590469,6.4644423489301,1.2432313549707195,1.2994160279564169
A809,2021-10-25,-29.75,-57.0,2,10.1,13.018183106869218,5.7078654524392105,2.2807445647314624,1.7694881009649317
A809,2021-10-26,-29.75,-57.0,2,8.1,8.060893094047222,3.9658694200239366,2.0325664413828757,2.042427307137891
A809,2021-10-27,-29.75,-57.0,2,12.7,7.4322336785289655,4.119442483796844,1.8041843545000196,3.082941453838324
A809,2021-10-28,-29.75,-57.0,2,11.0,13.517261684113521,5.852016315291074,2.3098468896598052,1.8796940075606863
A809,2021-10-29,-29.75,-57.0,2,11.1,10.151024440842416,5.6254024601712445,1.8044974582197992,1.973192154444022
A809,2021-10-30,-29.75,-57.0,2,11.3,10.813339426081649,5.691093413255953,1.900046026462108,1.9855586931115077
A809,2021-10-31,-29.75,-57.0,2,6.0,8.464088898529093,2.980552411951921,2.8397718706734913,2.0130496534602744
A809,2021-11-01,-29.75,-57.0,2,8.6,6.8701736566368234,4.391618061437613,1.5643832319944158,1.958275942873037
A809,2021-11-02,-29.75,-57.0,2,12.3,9.748374910079795,4.492193071527757,2.170070331986967,2.738083560557399
A809,2021-11-03,-29.75,-57.0,2,9.6,10.642357359185658,4.857176696981438,2.1910583087906814,1.9764568182100637
A809,2021-11-04,-29.75,-57.0,2,6.9,5.96213318200059,2.6128555872960786,2.2818456599702555,2.640788887663128
A809,2021-11-05,-29.75,-57.0,2,10.9,13.793309466910227,6.910559358387283,1.9959758322847503,1.5772963424112363
A809,2021-11-06,-29.75,-57.0,2,10.0,11.604317884517492,6.205602207184872,1.8699744999900196,1.611447151482246
A809,2021-11-07,-29.75,-57.0,2,8.5,8.632193839532896,5.0927161291688945,1.6950078544710927,1.6690504211133317
A809,2021-11-08,-29.75,-57.0,2,8.3,8.74959070906195,4.292951408457289,2.0381294537424535,1.9334018045600663
A809,2021-11-09,-29.75,-57.0,2,11.6,10.847355354693748,5.338699824715757,2.031834662154148,2.1728136776481164
A809,2021-11-10,-29.75,-57.0,2,12.9,12.838803168392854,7.070246162238357,1.8158919610131707,1.8245475057004255
A809,2021-11-11,-29.75,-57.0,2,11.7,10.993393087970965,6.260107742964512,1.7561028562688887,1.8689774170658913
A809,2021-11-12,-29.75,-57.0,2,11.7,13.76220388931471,7.191539720072951,1.9136658386105814,1.6269116844815694
A809,2021-11-13,-29.75,-57.0,2,10.7,12.43939239630455,6.246290353516232,1.9914848161520424,1.7130167498500344
A809,2021-11-14,-29.75,-57.0,2,19.9,11.148449848618107,3.785778603116384,2.9448235138317136,5.256514468019519
A809,2021-11-15,-29.75,-57.0,2,11.3,10.886318326246291,5.563281554195448,1.9568159943363954,2.031175285651022
A809,2021-11-16,-29.75,-57.0,2,10.6,11.956642915452067,5.480938644739419,2.181495486530943,1.9339753073451813
A809,2021-11-17,-29.75,-57.0,2,12.8,11.975063663806361,7.298390470572133,1.6407814451817917,1.7538113439683622
A809,2021-11-18,-29.75,-57.0,2,9.7,8.65340732645611,4.34241541126964,1.9927635905119494,2.233779839401386
A809,2021-11-19,-29.75,-57.0,2,8.5,6.28928194729256,2.6338911466807744,2.387829107979008,3.227164497937467
A809,2021-11-20,-29.75,-57.0,2,10.3,9.589199141871616,3.7011705993974746,2.59085575342911,2.782903333793036
A809,2021-11-21,-29.75,-57.0,2,10.6,9.339463093016128,4.019609167778703,2.3234754184266273,2.637072301697859
A809,2021-11-22,-29.75,-57.0,2,11.5,10.339621663749357,4.7669929964458575,2.169002906330742,2.412422256247092
A809,2021-11-23,-29.75,-57.0,2,12.3,13.793078280870333,7.66257391180109,1.8000581057531706,1.6052047447212008
A809,2021-11-24,-29.75,-57.0,2,10.8,10.998024485992351,5.248222762409028,2.095571202649192,2.057839479939035
A809,2021-11-25,-29.75,-57.0,2,13.4,13.717273696077369,7.042215521843364,1.9478633753155496,1.9028102673705773
A809,2021-11-26,-29.75,-57.0,2,12.0,15.795998127331748,6.923552716807824,2.281487376991427,1.7332142168670777
A809,2021-11-27,-29.75,-57.0,2,11.0,10.7779310564017,5.536898216925751,1.946564779438175,1.986671881808137
A809,2021-11-28,-29.75,-57.0,2,15.4,12.699441088885596,6.670514423396517,1.903817349430038,2.3086675213511603
A809,2021-11-29,-29.75,-57.0,2,10.2,14.30420381489515,8.012542788203403,1.785226512107336,1.2730041223638913
A809,2021-11-30,-29.75,-57.0,2,10.9,8.04876089994404,5.211203501010562,1.5445109557481715,2.091647351304984
A809,2021-12-01,-29.75,-57.0,2,7.8,8.251611918910276,3.583592041698248,2.3026091761828655,2.1765870415047623
A809,2021-12-02,-29.75,-57.0,2,10.9,10.613477874442598,5.658529119520452,1.8756602025478428,1.9262956449932966
A809,2021-12-03,-29.75,-57.0,2,10.3,10.895607250409043,5.695704651723247,1.9129515866158113,1.8083802847613797
A809,2021-12-04,-29.75,-57.0,2,10.1,10.892318820312163,5.950094544012748,1.8306127305611477,1.697452019508341
A809,2021-12-05,-29.75,-57.0,2,10.1,8.238990889988205,4.768480297442324,1.7278022296552977,2.118075229422118
A809,2021-12-06,-29.75,-57.0,2,10.4,9.109715251724202,5.685262119936735,1.6023386537937803,1.8292912060342665
A809,2021-12-07,-29.75,-57.0,2,12.8,13.166609487152435,6.922614676337695,1.9019705852121807,1.8490123455450866
A809,2021-12-08,-29.75,-57.0,2,12.0,10.066589868547311,7.137868703836711,1.4103075142214887,1.6811741008278593
A809,2021-12-09,-29.75,-57.0,2,11.1,10.38205221444489,5.883264125659445,1.7646755258130082,1.8867077464001871
A809,2021-12-10,-29.75,-57.0,2,9.9,10.229362174172042,5.98101898452926,1.7103042475925447,1.6552363444436027
A809,2021-12-11,-29.75,-57.0,2,6.9,6.777704012385146,3.5781409732933698,1.894197032194306,1.9283756709141469
A809,2021-12-12,-29.75,-57.0,2,9.4,8.531446425612186,4.0646564394353035,2.098934203353592,2.3126185792238636
A809,2021-12-13,-29.75,-57.0,2,11.1,9.83022895367743,4.159622178949055,2.363250442173831,2.6685115913110304
A809,2021-12-14,-29.75,-57.0,2,13.6,9.29992410117063,5.060336502486317,1.837807445532774,2.687568305648815
A809,2021-12-15,-29.75,-57.0,2,9.8,9.927105534383678,5.533353229740257,1.7940487661312143,1.7710779690202474
A809,2021-12-16,-29.75,-57.0,2,9.6,9.338870206385057,5.034759618158795,1.8548790636801584,1.9067444581417192
A809,2021-12-17,-29.75,-57.0,2,11.9,12.054231938746879,6.017704509044321,2.0031279237174155,1.9774982274578077
A809,2021-12-18,-29.75,-57.0,2,11.4,10.382492526586265,6.288040155967471,1.6511492085070547,1.8129655214083171
A809,2021-12-19,-29.75,-57.0,2,9.9,8.718105811952645,6.0203692096958195,1.4481015214004007,1.6444174194592627
A809,2021-12-20,-29.75,-57.0,2,9.5,7.7936559313990355,3.2352965667536973,2.408946373413676,2.936361413548038
A809,2021-12-21,-29.75,-57.0,2,15.6,8.647404436714632,3.3640503403453397,2.5705336014165963,4.637267110098765
A809,2021-12-22,-29.75,-57.0,2,10.6,12.03496238552394,5.867734725696873,2.051040639723982,1.8064893004755096
A809,2021-12-23,-29.75,-57.0,2,12.0,9.50938847192321,5.594171560712338,1.6998743010863835,2.1450897366601267
A809,2021-12-24,-29.75,-57.0,2,10.1,10.895920460909714,4.833900927825222,2.2540636689903786,2.089409806035061
A809,2021-12-25,-29.75,-57.0,2,7.3,6.8386702678818905,3.3934482145072784,2.015256999840456,2.1512041848146914
A809,2021-12-26,-29.75,-57.0,2,11.5,10.650327785998078,5.8972394974780356,1.8059852903299431,1.9500649422357688
A809,2021-12-27,-29.75,-57.0,2,8.2,7.849375909728686,3.933952859997662,1.995289773180798,2.0844174528326382
A809,2021-12-28,-29.75,-57.0,2,11.4,9.033397672521524,4.559537897594256,1.9812090337680504,2.5002533712933865
A809,2021-12-29,-29.75,-57.0,2,11.4,11.593822351372117,5.698113692942426,2.0346772592010582,2.0006620812287093
A809,2021-12-30,-29.75,-57.0,2,10.1,9.83365259597105,5.926078054779268,1.6593862762304317,1.7043312468445373
A809,2021-12-31,-29.75,-57.0,2,11.4,6.021646258860476,3.3796150936540714,1.781755049611231,3.373165193103163
A809,2022-01-01,-29.75,-57.0,2,23.8,11.311050341077177,6.47945540923667,1.7456791700353265,3.6731482041025147
A809,2022-01-02,-29.75,-57.0,2,13.5,7.993147225858941,5.62311947717069,1.4214791733147998,2.4008026247367975
A809,2022-01-03,-29.75,-57.0,2,6.9,6.9648429435245625,3.3671938181555654,2.0684413549261227,2.0491840899671128
A809,2022-01-04,-29.75,-57.0,2,17.8,14.71971433780154,5.638522025073746,2.6105625325829993,3.156855630047343
A809,2022-01-05,-29.75,-57.0,2,12.6,12.109595016467159,7.122728776392531,1.700134231785299,1.768984948824846
A809,2022-01-06,-29.75,-57.0,2,13.2,10.735364318490785,6.186824904332385,1.7351976958283142,2.1335661189888486
A809,2022-01-07,-29.75,-57.0,2,11.9,12.732327669947729,6.351265619866577,2.0046914161677276,1.8736423119790708
A809,2022-01-08,-29.75,-57.0,2,10.8,9.768885603407654,5.917829895849492,1.6507547150449737,1.8249933151296982
A809,2022-01-09,-29.75,-57.0,2,10.7,10.85420816814385,6.287440251896511,1.7263318191961894,1.7018054361268096
A809,2022-01-10,-29.75,-57.0,2,9.6,8.062921500059446,5.991366724838982,1.3457566312260976,1.602305524080234
A809,2022-01-11,-29.75,-57.0,2,8.8,6.215492526307105,3.5314228036481308,1.7600533473041517,2.4919134550836493
A809,2022-01-12,-29.75,-57.0,2,9.8,6.8942169096067625,3.355461335493185,2.054625644671138,2.9206118086768535
A809,2022-01-13,-29.75,-57.0,2,8.7,9.366855304516164,3.4923994477517293,2.6820687165513615,2.491123976554492
A809,2022-01-14,-29.75,-57.0,2,12.2,13.286820718883096,5.859474618879498,2.2675788501706866,2.082097934291077
A809,2022-01-15,-29.75,-57.0,2,11.3,13.93479555100934,5.812861935553425,2.3972349086393105,1.9439649737567974
A809,2022-01-16,-29.75,-57.0,2,15.9,24.236765251737754,8.578577140803848,2.8252663412509302,1.8534542196248298
A809,2022-01-17,-29.75,-57.0,2,12.5,13.192599205139999,5.7803478768073795,2.2823192455376193,2.162499604937971
A809,2022-01-18,-29.75,-57.0,2,13.5,12.536549343729067,5.835374952037126,2.148370832512239,2.313476016701747
A809,2022-01-19,-29.75,-57.0,2,7.8,8.20105348176126,4.391982799076938,1.867278142228807,1.7759632395735532
A809,2022-01-20,-29.75,-57.0,2,10.9,9.359760220970474,4.585024417467202,2.041376308774571,2.377304678787563
A809,2022-01-21,-29.75,-57.0,2,15.0,11.876764952270213,6.265084667173912,1.8957070148626813,2.3942214346428425
A809,2022-01-22,-29.75,-57.0,2,13.4,12.624036389990295,6.872358391473028,1.8369292855351866,1.9498401038901334
A809,2022-01-23,-29.75,-57.0,2,10.3,8.940828143443307,3.620001121005333,2.4698412637398004,2.845302986298392
A809,2022-01-24,-29.75,-57.0,2,11.5,10.434409156708188,4.873332041650907,2.141124197474833,2.3597817472138054
A809,2022-01-25,-29.75,-57.0,2,10.5,11.359955551715803,4.81326395414348,2.3601355878138843,2.181471886859875
A809,2022-01-26,-29.75,-57.0,2,10.5,12.13001201265657,4.956687524000242,2.4472012718016107,2.118350198425679
A809,2022-01-27,-29.75,-57.0,2,13.1,15.314831365558,7.358403145751256,2.0812710396821337,1.7802775602970249
A809,2022-01-28,-29.75,-57.0,2,12.5,10.442571309674403,6.1794612315396735,1.6898837808668528,2.022830070718884
A809,2022-01-29,-29.75,-57.0,2,10.9,10.380344624056443,5.566468604098308,1.8647989169316295,1.958153503636917
A809,2022-01-30,-29.75,-57.0,2,8.5,7.887615766816602,5.46064027177253,1.444448887722881,1.5565940213895264
A809,2022-01-31,-29.75,-57.0,2,10.0,7.072446026878108,5.064023805188042,1.3966059992910098,1.9747142558364554
A809,2022-02-01,-29.75,-57.0,2,7.9,7.016705937738222,5.021694617486433,1.3972785030186434,1.5731741178547172
A809,2022-02-02,-29.75,-57.0,2,8.3,7.104978704639252,4.34535031914435,1.63507615791914,1.910087654712812
A809,2022-02-03,-29.75,-57.0,2,18.2,14.077070871257561,6.0505890150983435,2.3265620646403726,3.00797161310818
A809,2022-02-04,-29.75,-57.0,2,7.8,8.577257435409134,3.181329354391837,2.6961236891641533,2.451805245889449
A809,2022-02-05,-29.75,-57.0,2,12.3,16.15905523556383,7.677928862234825,2.104611220747934,1.6019945249166874
A809,2022-02-06,-29.75,-57.0,2,15.1,9.224334047617365,6.2782713522992015,1.4692474297466083,2.4051206379396364
A809,2022-02-07,-29.75,-57.0,2,8.9,9.711253474124055,4.740789831344469,2.048446317935588,1.8773243102143584
A809,2022-02-08,-29.75,-57.0,2,8.9,7.836439744815764,3.8503714149368284,2.035242552034252,2.3114653213645933
A809,2022-02-09,-29.75,-57.0,2,9.9,7.981341074752484,4.805069575416695,1.6610250797586719,2.0603239650575658
A809,2022-02-10,-29.75,-57.0,2,9.8,7.308065120556625,4.903586133629312,1.4903511269919667,1.9985373424544468
A809,2022-02-11,-29.75,-57.0,2,9.0,7.299182996137837,4.77529101192298,1.5285315550221308,1.8847018909483708
A809,2022-02-12,-29.75,-57.0,2,13.7,10.365286824764109,7.603121406318015,1.363293609405053,1.8018915216342097
A809,2022-02-13,-29.75,-57.0,2,10.1,11.509312210690796,6.275982613412671,1.833866171982974,1.6093097483117398
A809,2022-02-14,-29.75,-57.0,2,9.4,5.990419904284365,2.7670513588026533,2.164910992789275,3.3971180079821606
A809,2022-02-15,-29.75,-57.0,2,9.0,7.799902206362473,4.774254909398774,1.6337423020725808,1.8851109064751168
A809,2022-02-16,-29.75,-57.0,2,8.9,8.765198025344908,4.2242240665016775,2.0749841597782175,2.1068958132636655
A809,2022-02-17,-29.75,-57.0,2,10.3,6.044808576370233,3.7667625112591985,1.6047756019397947,2.7344436951393556
A809,2022-02-18,-29.75,-57.0,2,10.1,7.3610049569334075,5.492789351674214,1.3401214730162112,1.838774319084619
A809,2022-02-19,-29.75,-57.0,2,8.6,8.15836929294591,4.089495489029223,1.9949574011836282,2.102948890167744
A809,2022-02-20,-29.75,-57.0,2,11.2,11.167177672519422,3.958040125409307,2.82139071830774,2.82968328898429
A809,2022-02-21,-29.75,-57.0,2,9.4,5.644192376165336,3.5091857686560433,1.608405125365296,2.6786840651072272
A809,2022-02-22,-29.75,-57.0,2,9.1,10.042293528650887,5.5383285568912894,1.8132354239178095,1.643095007188939
A809,2022-02-23,-29.75,-57.0,2,9.2,8.707054489570151,5.198027460708341,1.6750689671007681,1.769902154142584
A809,2022-02-24,-29.75,-57.0,2,15.5,12.328508063454173,6.283008080548765,1.9621983459835672,2.466971202533646
A809,2022-02-25,-29.75,-57.0,2,10.1,7.89333816769912,5.262808510092412,1.499833815454653,1.9191273975922507
A809,2022-02-26,-29.75,-57.0,2,11.1,8.879028493312969,4.647246782909033,1.9105997396064625,2.3885109869400445
A809,2022-02-27,-29.75,-57.0,2,13.2,13.01736186965139,6.234232659962486,2.0880455670593663,2.117341575134514
A809,2022-02-28,-29.75,-57.0,2,15.2,11.849909012537177,6.46455216645182,1.8330595387617086,2.351284297600893
A809,2022-03-01,-29.75,-57.0,2,7.7,4.62269840055947,4.400220475979338,1.0505606311762403,1.7499123150837674
A809,2022-03-02,-29.75,-57.0,2,7.1,5.975725038407266,2.528708914773423,2.363152596764069,2.807756938143342
A809,2022-03-03,-29.75,-57.0,2,9.9,6.359527517849499,3.684078845319135,1.72621916762984,2.6872389043949485
A809,2022-03-04,-29.75,-57.0,2,8.5,10.70993300727998,5.233833296189376,2.046288523380677,1.624048669297251
A809,2022-03-05,-29.75,-57.0,2,16.2,8.861106795491784,5.5370059745879345,1.6003426465782764,2.925768921751183
A809,2022-03-06,-29.75,-57.0,2,9.8,12.994265556582894,5.2413079207228845,2.479202854159104,1.869762308994122
A809,2022-03-07,-29.75,-57.0,2,16.9,14.742043940970355,5.346806494741932,2.757168032070682,3.1607652187561897
A809,2022-03-08,-29.75,-57.0,2,11.1,4.661586684494989,5.717699392679759,0.8152906202909362,1.9413402555249895
A809,2022-03-09,-29.75,-57.0,2,11.1,13.53589488628391,5.622513905648669,2.407445337340126,1.9742058777032752
A809,2022-03-10,-29.75,-57.0,2,15.4,10.803281564384498,4.254530167450624,2.5392419701322697,3.6196711255729332
A809,2022-03-11,-29.75,-57.0,2,10.6,12.321259379075691,5.9534816154851145,2.0695888851034443,1.7804707706544698
A809,2022-03-12,-29.75,-57.0,2,8.0,8.169423502492753,4.612317567461442,1.7712187816653515,1.7344859461624393
A809,2022-03-13,-29.75,-57.0,2,9.6,8.739130054170445,4.128667885103686,2.1166948510684027,2.3252051913976866
A809,2022-03-14,-29.75,-57.0,2,6.5,6.283057608687983,2.9313867429334883,2.1433738225889707,2.217380567633781
A809,2022-03-15,-29.75,-57.0,2,7.5,6.12779683307576,2.816308973085103,2.175825483509757,2.6630600802951623
A809,2022-03-16,-29.75,-57.0,2,7.9,6.644101402212148,3.7037420352603787,1.7938888127085928,2.132977924701664
A809,2022-03-17,-29.75,-57.0,2,7.6,7.113489104322825,3.5940476290408268,1.9792417459479414,2.1146074800428494
A809,2022-03-18,-29.75,-57.0,2,16.1,14.774649446432166,8.965378606778229,1.6479671516897085,1.79579699934007
A809,2022-03-19,-29.75,-57.0,2,13.5,11.614830861314744,7.947523691431586,1.4614402312303854,1.6986423097492205
A809,2022-03-20,-29.75,-57.0,2,14.2,13.030560669062265,7.075347308322337,1.8416849521627217,2.0069686166921206
A809,2022-03-21,-29.75,-57.0,2,14.4,13.908201757599274,7.028984001153266,1.978693045156642,2.048660232778642
A809,2022-03-22,-29.75,-57.0,2,12.5,14.773892731140071,5.7833099594711035,2.554573909175564,2.1613920207629946
A809,2022-03-23,-29.75,-57.0,2,14.6,15.620130062542716,5.969829870934952,2.6165117600070573,2.445630832979408
A809,2022-03-24,-29.75,-57.0,2,13.7,12.892655974572603,6.565806523102281,1.9636058310900315,2.0865677280918233
A809,2022-03-25,-29.75,-57.0,2,8.2,9.459176532934059,6.690811891685088,1.4137561608463867,1.2255612820606172
A809,2022-03-26,-29.75,-57.0,2,8.7,8.665698812984415,5.218058149462669,1.6607133467603783,1.6672869007594107
A809,2022-03-27,-29.75,-57.0,2,5.3,3.897929191167531,2.163030844238683,1.8020682421380247,2.450265567926022
A809,2022-03-28,-29.75,-57.0,2,8.5,8.265132044040554,4.129436008290848,2.0015159521654504,2.058392473677805
A809,2022-03-29,-29.75,-57.0,2,10.9,12.680799972086682,5.936704580340861,2.1359998296156757,1.8360354389360851
A809,2022-03-30,-29.75,-57.0,2,18.1,20.898993433955187,10.978030349172563,1.9037106629542508,1.6487474915173863
A809,2022-03-31,-29.75,-57.0,2,8.5,7.138303514227383,5.503005099118336,1.2971646192679427,1.5446105985549292
A809,2022-04-01,-29.75,-57.0,2,9.0,10.409316015939554,4.692052612858235,2.218499423346952,1.918137059106316
A809,2022-04-02,-29.75,-57.0,2,9.7,9.94789377008484,4.737811482753157,2.099681214902221,2.047358793255172
A809,2022-04-03,-29.75,-57.0,2,9.6,9.099938547932664,4.699751277665759,1.9362596040300162,2.04266128840079
A809,2022-04-04,-29.75,-57.0,2,6.5,7.239708664934596,4.25598549234714,1.7010651652719704,1.5272608451527652
A809,2022-04-05,-29.75,-57.0,2,8.2,7.227357666251458,3.6310620590574447,1.9904252664102204,2.258292440787576
A809,2022-04-06,-29.75,-57.0,2,6.0,8.39499932781281,3.495856321286969,2.401414290597122,1.7163176768635482
A809,2022-04-07,-29.75,-57.0,2,5.5,4.252171436044149,3.0470154395580753,1.3955201476303853,1.8050450052191709
A809,2022-04-08,-29.75,-57.0,2,4.8,3.5091711077639447,3.483142580738712,1.0074727136262427,1.378065895591907
A809,2022-04-09,-29.75,-57.0,2,7.8,6.063396432573329,3.6129258285484056,1.6782510132541162,2.1589150650053255
A809,2022-04-10,-29.75,-57.0,2,9.7,11.690435582958695,5.174380390003463,2.259291876867768,1.8746205862135135
A809,2022-04-11,-29.75,-57.0,2,16.8,8.041106006180202,4.777156949095152,1.6832409091569156,3.5167360375677235
A809,2022-04-12,-29.75,-57.0,2,7.9,7.850749671501709,4.29061244843511,1.8297503598501579,1.8412289841934621
A809,2022-04-13,-29.75,-57.0,2,10.6,11.564392424859056,6.016918097211623,1.9219793651866823,1.7616992335182826
A809,2022-04-14,-29.75,-57.0,2,9.2,6.836873505413005,4.588585442091852,1.4899741089480945,2.0049751968453893
A809,2022-04-15,-29.75,-57.0,2,7.0,6.79673848859825,3.6138612060415425,1.8807414289280593,1.9369863978997353
A809,2022-04-16,-29.75,-57.0,2,8.8,8.297731807491258,4.872836966021412,1.7028543875676216,1.8059294947405249
A809,2022-04-17,-29.75,-57.0,2,7.6,8.118113797438724,3.6517515223807466,2.223073981809734,2.081193080476956
A809,2022-04-18,-29.75,-57.0,2,6.7,6.746576824730229,3.0376136128534306,2.2210121775141523,2.205678816966536
A809,2022-04-19,-29.75,-57.0,2,6.5,6.106983700180253,2.617139590682456,2.333457382984975,2.4836275539681982
A809,2022-04-20,-29.75,-57.0,2,7.6,7.77888911056521,3.846654912981894,2.022247715622372,1.9757426054391098
A809,2022-04-21,-29.75,-57.0,2,10.5,4.919292854878032,2.338793935504678,2.1033459939327743,4.489493426762393
A809,2022-04-22,-29.75,-57.0,2,20.5,17.160171080142593,7.760888403599005,2.2111091137690884,2.641450170897111
A809,2022-04-23,-29.75,-57.0,2,11.2,5.35777791589739,6.604868406026312,0.8111861715532334,1.695718871519237
A809,2022-04-24,-29.75,-57.0,2,9.9,10.168838106812721,5.884656522622102,1.7280257679817244,1.6823411803122081
A809,2022-04-25,-29.75,-57.0,2,18.1,26.387740324763897,9.526618882937791,2.7698956627754296,1.8999395506854133
A809,2022-04-26,-29.75,-57.0,2,17.5,17.529158027843195,7.2181619850679235,2.4284794472755578,2.424439910908334
A809,2022-04-27,-29.75,-57.0,2,17.2,21.829432659627614,8.813198124365405,2.476902521829945,1.9516184428497103
A809,2022-04-28,-29.75,-57.0,2,15.6,15.744592432050974,8.214557059353526,1.9166696777793215,1.8990677022855444
A809,2022-04-29,-29.75,-57.0,2,8.8,7.935257606384626,5.777518851627157,1.373471521282838,1.5231451815205423
A809,2022-04-30,-29.75,-57.0,2,8.0,9.19418098301701,5.050716906837103,1.8203714745071027,1.583933557861951
A809,2022-05-01,-29.75,-57.0,2,6.9,8.879232061713168,4.524304607029899,1.9625628318474733,1.5250962522016593
A809,2022-05-02,-29.75,-57.0,2,10.1,10.92184089187864,5.726265411542828,1.9073235532992816,1.7638022819621202
A809,2022-05-03,-29.75,-57.0,2,9.7,12.600415747513667,6.942375192659494,1.8150006874933367,1.397216331703921
A809,2022-05-04,-29.75,-57.0,2,10.1,8.755096602148038,4.959327650682642,1.7653797487937535,2.0365663879073916
A809,2022-05-05,-29.75,-57.0,2,7.2,6.722409866754172,3.760411984816595,1.7876790877960256,1.9146838242914395
A809,2022-05-06,-29.75,-57.0,2,5.4,5.585334734265751,3.149771059081395,1.7732510171373115,1.7144103170389997
A809,2022-05-07,-29.75,-57.0,2,7.3,6.2554408978274845,4.092461061059567,1.5285278966607703,1.783767735620184
A809,2022-05-08,-29.75,-57.0,2,7.1,6.850239420146987,3.5104038686977708,1.9514106286260933,2.0225593024525224
A809,2022-05-09,-29.75,-57.0,2,5.6,5.2415949594918425,2.783733029406483,1.8829373737069168,2.011687162828962
A809,2022-05-10,-29.75,-57.0,2,7.2,3.9790816763798857,2.0326924847407,1.9575423760606252,3.5420999753036755
A809,2022-05-11,-29.75,-57.0,2,8.4,7.447259876491545,3.753436101699933,1.9841179321312217,2.2379493808874584
A809,2022-05-12,-29.75,-57.0,2,6.9,6.401684389690817,3.2905586653066528,1.9454703716987927,2.0969083677944327
A809,2022-05-13,-29.75,-57.0,2,8.5,8.95207616278943,4.251234036361562,2.1057594303726233,1.9994194455769752
A809,2022-05-14,-29.75,-57.0,2,7.0,6.714032604915226,3.082417758977395,2.178170880751295,2.270944611454055
A809,2022-05-15,-29.75,-57.0,2,11.2,11.150025274818804,6.1322354704698645,1.8182643716981184,1.8264138834743462
A809,2022-05-16,-29.75,-57.0,2,11.2,12.961782404559726,7.10154756048006,1.8252053223851843,1.5771210295524496
A809,2022-05-17,-29.75,-57.0,2,13.4,11.69307585103745,8.88699076572885,1.3157519974173693,1.5078219785796103
A809,2022-05-18,-29.75,-57.0,2,11.7,12.442727766265639,8.370560458642002,1.486486816234559,1.397755868057866
A809,2022-05-19,-29.75,-57.0,2,7.9,5.727765559991376,3.0066686476001507,1.9050205497579982,2.6274927256469005
A809,2022-05-20,-29.75,-57.0,2,9.0,5.769919336392647,3.7776400522991915,1.5273872726124054,2.3824397971750417
A809,2022-05-21,-29.75,-57.0,2,6.9,6.2745792496273545,3.112423104882766,2.0159788814649913,2.2169222395166286
A809,2022-05-22,-29.75,-57.0,2,7.0,6.179426681901132,2.695230071433125,2.292726972512357,2.597180876762003
A809,2022-05-23,-29.75,-57.0,2,6.9,6.33421675464725,3.340028220688554,1.8964560584884633,2.065850808463394
A809,2022-05-24,-29.75,-57.0,2,7.7,8.20266754231201,4.342749182376247,1.8888190862138876,1.7730703931159908
A809,2022-05-25,-29.75,-57.0,2,10.6,9.633718289650004,6.040025802711852,1.5949796580876618,1.7549593902795597
A809,2022-05-26,-29.75,-57.0,2,10.2,8.801044000417239,4.599498887263767,1.9134788845775683,2.2176328878444322
A809,2022-05-27,-29.75,-57.0,2,6.8,9.502963397843866,3.2484811636151716,2.9253558568485594,2.0932859565768305
A809,2022-05-28,-29.75,-57.0,2,6.9,7.366656226237728,3.8550831511389165,1.9108942498584962,1.789844662095425
A809,2022-05-29,-29.75,-57.0,2,11.9,15.307020713827034,6.8158245954766,2.2458061382603236,1.7459369491253593
A809,2022-05-30,-29.75,-57.0,2,10.8,9.188403485566331,4.871689107735568,1.886081661281796,2.2168902327636415
A809,2022-05-31,-29.75,-57.0,2,7.2,8.182524998284492,3.6693317635557072,2.2299768801378015,1.9622101417787732
A809,2022-06-01,-29.75,-57.0,2,8.6,9.894449510160225,4.891600155358961,2.022742905370224,1.7581158980417328
A809,2022-06-02,-29.75,-57.0,2,9.3,10.406912216516837,4.709752358000819,2.2096516813326317,1.9746261147258357
A809,2022-06-03,-29.75,-57.0,2,9.9,10.15802904314182,5.04743142445028,2.012514522522342,1.9613936609506721
A809,2022-06-04,-29.75,-57.0,2,9.5,10.643329260153703,5.183057703057736,2.053484616595082,1.8328948941462664
A809,2022-06-05,-29.75,-57.0,2,4.7,6.934087005077288,2.688018211428519,2.5796279859994846,1.7485000585253603
A809,2022-06-06,-29.75,-57.0,2,6.8,7.523563104842318,4.13785507476342,1.8182277940878522,1.6433635004456473
A809,2022-06-07,-29.75,-57.0,2,6.6,4.646485648511764,3.0209387757151003,1.5380932860553826,2.184751327321317
A809,2022-06-08,-29.75,-57.0,2,4.9,2.587521626641733,1.744497405807401,1.4832476207920513,2.8088319212674016
A809,2022-06-09,-29.75,-57.0,2,5.8,6.6994227614460105,3.5692678793708246,1.876973930751019,1.624983104664702
A809,2022-06-10,-29.75,-57.0,2,12.0,13.749790223987535,7.045055128193787,1.9516937729787092,1.7033223703214035
A809,2022-06-11,-29.75,-57.0,2,7.1,5.7418712450778395,3.5384768610410546,1.6226957164243048,2.0065130503385884
A809,2022-06-12,-29.75,-57.0,2,4.2,4.668169390521978,2.5782482163378986,1.8105973509224682,1.6290130536638598
A809,2022-06-13,-29.75,-57.0,2,6.3,5.3458534633290515,2.7662804835862107,1.9325059389489956,2.2774263265714363
A809,2022-06-14,-29.75,-57.0,2,9.3,7.886125180525928,4.5612299574254,1.7289470722009541,2.038923730398678
A809,2022-06-15,-29.75,-57.0,2,8.1,9.164020387864271,4.371926677272025,2.0961056907711897,1.8527300656959325
A809,2022-06-16,-29.75,-57.0,2,7.4,8.110171078115417,3.3329142537595216,2.433357254530973,2.220279142090983
A809,2022-06-17,-29.75,-57.0,2,13.0,11.8531019158538,7.114774174775875,1.6659842778814815,1.8271837841444232
A809,2022-06-18,-29.75,-57.0,2,5.3,1.797102080207049,4.314064227693497,0.41656822554259115,1.2285398919138557
A809,2022-06-19,-29.75,-57.0,2,9.2,6.085638606594902,3.633984764379831,1.6746461532381975,2.53165618364117
A809,2022-06-20,-29.75,-57.0,2,7.6,6.689120782267171,3.785292290113087,1.7671345485627825,2.007770977118638
A809,2022-06-21,-29.75,-57.0,2,8.3,5.179016092557403,3.257112215811574,1.590063758754148,2.5482695866933436
A809,2022-06-22,-29.75,-57.0,2,8.7,9.849998678720901,5.628622741598775,1.7499838114790884,1.5456711880336145
A809,2022-06-23,-29.75,-57.0,2,8.4,7.607098162968278,4.061439879097441,1.8730052369158239,2.0682320187063072
A809,2022-06-24,-29.75,-57.0,2,5.8,6.18849081123934,3.380498704481125,1.8306443374866537,1.7157231837751126
A809,2022-06-25,-29.75,-57.0,2,9.9,8.559813662881336,5.208165943446058,1.6435370446774995,1.9008610915053759
A809,2022-06-26,-29.75,-57.0,2,11.1,10.303323686533897,5.583305566157415,1.8453805840372317,1.9880695886109858
A809,2022-06-27,-29.75,-57.0,2,8.0,9.436651449230105,4.912455947785915,1.9209640858933876,1.6285133312199302
A809,2022-06-28,-29.75,-57.0,2,10.9,11.434819933534543,6.53234153807267,1.7504932751737783,1.6686206525594471
A809,2022-06-29,-29.75,-57.0,2,6.7,4.99000242861779,3.6848492050794226,1.3541944733421556,1.818256223555718
A809,2022-06-30,-29.75,-57.0,2,6.2,5.636254397204518,3.4721786175380682,1.6232616515566465,1.7856224241125247
A809,2022-07-01,-29.75,-57.0,2,12.3,7.788047915808141,5.578997342267861,1.3959583484300964,2.2046972323883653
A809,2022-07-02,-29.75,-57.0,2,10.6,9.15429619633288,5.560457751231,1.6463206099005534,1.9063178742169784
A809,2022-07-03,-29.75,-57.0,2,10.5,12.037169877347186,5.5049712209054915,2.1865999647073973,1.9073669195808975
A809,2022-07-04,-29.75,-57.0,2,9.2,11.746618809275073,4.992288305384353,2.352952812562116,1.8428422873890289
A809,2022-07-05,-29.75,-57.0,2,8.6,8.413312849136192,4.445839635112565,1.892401332402799,1.934392759486534
A809,2022-07-06,-29.75,-57.0,2,12.2,12.560550291013147,6.637103182790504,1.8924747657354015,1.8381513235523679
A809,2022-07-07,-29.75,-57.0,2,12.6,10.918468512587358,6.7057770857981485,1.6282182322629053,1.878976864096027
A809,2022-07-08,-29.75,-57.0,2,13.7,10.747794402983107,6.8027695844660725,1.5799145141598483,2.0138856431773835
A809,2022-07-09,-29.75,-57.0,2,12.6,12.447421287502012,7.0255373929533,1.771739383237349,1.7934571115709887
A809,2022-07-10,-29.75,-57.0,2,15.3,17.922589748923812,7.951500499376899,2.2539883824855793,1.9241651309962124
A809,2022-07-11,-29.75,-57.0,2,19.9,18.767164847649145,9.414087641576577,1.9935192407563147,2.113853275819657
A809,2022-07-12,-29.75,-57.0,2,12.4,12.019578941107872,7.105784206052167,1.6915203997991535,1.7450572154215747
A809,2022-07-13,-29.75,-57.0,2,11.9,11.601652932569921,5.488542359159038,2.113794915549771,2.168153076224656
A809,2022-07-14,-29.75,-57.0,2,12.5,14.093639386088384,5.351679520519666,2.6334983871978648,2.335715349185597
A809,2022-07-15,-29.75,-57.0,2,13.1,12.349934347585483,4.9522515752642455,2.493801891905402,2.6452614130979404
A809,2022-07-16,-29.75,-57.0,2,14.2,18.92612903546962,9.096541956651299,2.080585031725273,1.5610327603246092
A809,2022-07-17,-29.75,-57.0,2,11.0,8.120433274628164,6.7677828888686635,1.1998661020855554,1.6253476479117395
A809,2022-07-18,-29.75,-57.0,2,6.9,7.994182279143648,3.3762887198865292,2.3677424954973394,2.0436640857633455
A809,2022-07-19,-29.75,-57.0,2,9.3,8.176434222365863,4.4367983491941265,1.8428681176936925,2.0961060810188044
A809,2022-07-20,-29.75,-57.0,2,7.9,8.502410580270192,4.170902925890618,2.0385059857164287,1.8940742904758694
A809,2022-07-21,-29.75,-57.0,2,7.1,8.629410206972976,4.923284174340415,1.7527751601153676,1.4421267894720307
A809,2022-07-22,-29.75,-57.0,2,7.6,7.976285243446657,4.32979271258464,1.8421863984997262,1.7552803343010923
A809,2022-07-23,-29.75,-57.0,2,9.9,8.723322988835932,5.021237180548194,1.737285588226996,1.9716256460363353
A809,2022-07-24,-29.75,-57.0,2,9.1,7.883039882801468,4.143636256138156,1.9024449530587932,2.196138714280183
A809,2022-07-25,-29.75,-57.0,2,8.1,10.175699613951572,4.779716201368237,2.1289338498881345,1.694661285053138
A809,2022-07-26,-29.75,-57.0,2,9.8,9.620193525082861,4.938772494148117,1.947891614056265,1.9842987324506007
A809,2022-07-27,-29.75,-57.0,2,7.6,8.476246475236012,4.141601120883106,2.0466110153622514,1.835039101587713
A809,2022-07-28,-29.75,-57.0,2,12.7,11.885774835340603,6.825940039556178,1.7412656376210147,1.8605495985027363
A809,2022-07-29,-29.75,-57.0,2,7.0,7.685420666093707,4.548394575240192,1.6896996377425884,1.5390045617645964
A809,2022-07-30,-29.75,-57.0,2,7.1,6.909053227229349,3.032778019639377,2.2781269128463593,2.341087924675822
A809,2022-07-31,-29.75,-57.0,2,7.2,5.248948019349799,3.2504398249002318,1.6148423912172898,2.2150848463164503
A809,2022-08-01,-29.75,-57.0,2,6.8,5.272955562543029,3.5753664363517776,1.4748014382334003,1.9019029576555977
A809,2022-08-02,-29.75,-57.0,2,7.9,9.243927793915802,5.140991238133578,1.7980827754283009,1.5366686372467098
A809,2022-08-03,-29.75,-57.0,2,10.8,8.759854537255475,5.1994324066318836,1.6847713081301465,2.0771498031640117
A809,2022-08-04,-29.75,-57.0,2,15.2,14.640365172203957,9.326131967501613,1.5698217892713326,1.6298289637082997
A809,2022-08-05,-29.75,-57.0,2,8.5,4.464223841067248,4.740692756737119,0.941681747825363,1.7929868979423806
A809,2022-08-06,-29.75,-57.0,2,11.2,9.850927358814184,5.804884836955032,1.697006510120796,1.9294095084709708
A809,2022-08-07,-29.75,-57.0,2,9.8,9.593117835999632,5.267215386754024,1.821288314908172,1.86056564625115
A809,2022-08-08,-29.75,-57.0,2,10.0,12.230640696584159,6.5085920567506585,1.8791530625888033,1.5364306001676786
A809,2022-08-09,-29.75,-57.0,2,8.8,10.056652627937952,5.008526692483944,2.007906365564446,1.7570037139276384
A809,2022-08-10,-29.75,-57.0,2,8.1,9.413631337786459,4.848007772914013,1.9417525257242247,1.670789400391431
A809,2022-08-11,-29.75,-57.0,2,9.7,9.949132248744109,5.0369935725447,1.9752124169810654,1.9257519113925607
A809,2022-08-12,-29.75,-57.0,2,10.4,8.546688741178563,5.969235214084391,1.4317895734804817,1.7422667438973143
A809,2022-08-13,-29.75,-57.0,2,7.0,7.65977265311734,3.785011362667749,2.02371193087214,1.8493999962700944
A809,2022-08-14,-29.75,-57.0,2,13.9,11.313143353439115,6.989773753847961,1.6185278310633562,1.9886194445632621
A809,2022-08-15,-29.75,-57.0,2,13.3,14.485018620761581,8.116818706756494,1.7845684552131436,1.6385730026135723
A809,2022-08-16,-29.75,-57.0,2,10.6,6.070578743872115,7.0224864555688855,0.8644486226182893,1.5094368735441446
A809,2022-08-17,-29.75,-57.0,2,12.7,11.355938482359226,6.5854391835069,1.7244010863846326,1.928497044176931
A809,2022-08-18,-29.75,-57.0,2,15.8,19.22577623602232,8.682075485266058,2.214421686225774,1.8198413532355757
A809,2022-08-19,-29.75,-57.0,2,5.4,7.6847494089294885,3.9278405413228734,1.9564820231580253,1.3748012281021247
A809,2022-08-20,-29.75,-57.0,2,8.0,7.561436664639503,3.5905613563352805,2.105920471543511,2.228063861347082
A809,2022-08-21,-29.75,-57.0,2,5.6,6.3877657439419195,3.329435463249433,1.9185732279392627,1.6819668264524823
A809,2022-08-22,-29.75,-57.0,2,7.1,9.395673636480232,4.47369443315554,2.10020460200563,1.5870551970157656
A809,2022-08-23,-29.75,-57.0,2,8.5,8.569859936145,4.7437599478653905,1.806554300877153,1.7918275995025532
A809,2022-08-24,-29.75,-57.0,2,9.9,8.024827917603323,3.7759728815264717,2.1252345208473034,2.6218408634327464
A809,2022-08-25,-29.75,-57.0,2,8.3,9.438955793300709,4.6259101338858475,2.0404537745249747,1.7942415135133314
A809,2022-08-26,-29.75,-57.0,2,14.6,12.454319233428908,7.5193949484238,1.6562927361648367,1.941645584537413
A809,2022-08-27,-29.75,-57.0,2,11.6,13.133092952414847,7.99036319263885,1.6436165210254465,1.4517487779136924
A809,2022-08-28,-29.75,-57.0,2,13.8,21.550350477300665,8.04673060801501,2.6781498632295793,1.7149822297088462
A809,2022-08-29,-29.75,-57.0,2,9.8,12.098105635365116,5.512848705564205,2.1945288691043356,1.7776653275662555
A809,2022-08-30,-29.75,-57.0,2,12.1,11.347405384814692,5.931739444811527,1.9129979478009997,2.039873819910251
A809,2022-08-31,-29.75,-57.0,2,10.7,10.22649978426284,5.093574656298132,2.007725511908993,2.100685809477555
A809,2022-09-01,-29.75,-57.0,2,9.3,10.119588039819634,5.564969739308787,1.8184443966224633,1.6711681169276464
A809,2022-09-02,-29.75,-57.0,2,10.3,13.274655635868653,7.471288191412338,1.776755934957352,1.3786109886430356
A809,2022-09-03,-29.75,-57.0,2,8.3,9.092285383475476,5.217551047485205,1.7426346768294378,1.5907846275889332
A809,2022-09-04,-29.75,-57.0,2,8.7,9.257544358901656,4.032495924720707,2.295735577102372,2.157472732127452
A809,2022-09-05,-29.75,-57.0,2,6.7,8.198136859494477,3.6184140185968374,2.2656713182516306,1.8516399631344984
A809,2022-09-06,-29.75,-57.0,2,8.0,4.677536356712233,3.1563367026540177,1.4819510075649118,2.5345838399538203
A809,2022-09-07,-29.75,-57.0,2,10.4,6.679248399805024,4.549540989268,1.4681147868676931,2.2859448952175088
A809,2022-09-08,-29.75,-57.0,2,10.1,10.07992752454368,5.1193688571947815,1.9689785607804582,1.97289944947128
A809,2022-09-09,-29.75,-57.0,2,14.4,18.48904597091543,8.948050423792246,2.066265286319167,1.6092890985181978
A809,2022-09-10,-29.75,-57.0,2,6.7,9.186223037709592,6.831726986902331,1.3446414142897192,0.9807183473293245
A809,2022-09-11,-29.75,-57.0,2,9.4,12.462539344521831,5.243038858168207,2.3769687163592654,1.7928533917606968
A809,2022-09-12,-29.75,-57.0,2,10.5,8.826723665611329,4.75525607127031,1.8562036477781891,2.2080829807331597
A809,2022-09-13,-29.75,-57.0,2,9.8,9.666445379209158,4.961588026792839,1.9482563499850933,1.975174066665648
A809,2022-09-14,-29.75,-57.0,2,10.1,10.555630111142143,5.172734221239657,2.040628739013864,1.9525457075541595
A809,2022-09-15,-29.75,-57.0,2,8.0,8.897424433689359,4.1734474956445595,2.131912392087064,1.9168804707256673
A809,2022-09-16,-29.75,-57.0,2,10.7,10.635106105281023,5.717844746097766,1.8599851128415337,1.8713344756872567
A809,2022-09-17,-29.75,-57.0,2,13.3,12.88625046506389,7.0656984360001,1.823775891624213,1.8823333772972548
A809,2022-09-18,-29.75,-57.0,2,13.6,11.102862902156259,6.360740857943834,1.7455298290119867,2.1381157169789686
A809,2022-09-19,-29.75,-57.0,2,16.9,8.948011119791403,4.779305707318688,1.872240795580215,3.5360784672385663
A809,2022-09-20,-29.75,-57.0,2,7.7,9.680675642700798,3.64084240979614,2.658910920355612,2.114895162526725
A809,2022-09-21,-29.75,-57.0,2,10.5,12.211202978842003,5.953477271898797,2.0511043246071505,1.7636751633472079
A809,2022-09-22,-29.75,-57.0,2,11.0,15.264250423150788,7.1965716567838305,2.1210447350665897,1.528505589134359
A809,2022-09-23,-29.75,-57.0,2,5.8,6.868725466607602,2.978830836454748,2.3058460999357746,1.9470726330008263
A809,2022-09-24,-29.75,-57.0,2,9.4,9.911195623950388,4.705030142001846,2.106510548247727,1.9978618024327022
A809,2022-09-25,-29.75,-57.0,2,9.3,8.600681042267679,5.295311662321638,1.624206768312643,1.7562705640488356
A809,2022-09-26,-29.75,-57.0,2,6.8,4.987721510438566,2.6102293728834334,1.9108364813659253,2.6051350393349786
A809,2022-09-27,-29.75,-57.0,2,11.4,11.617529724790813,6.282109467254804,1.8493039297303928,1.8146770697680383
A809,2022-09-28,-29.75,-57.0,2,14.1,14.075810048328908,8.119884074968745,1.7334988921480494,1.7364779927666976
A809,2022-09-29,-29.75,-57.0,2,12.2,14.460916291427026,6.583949364100451,2.196389354127845,1.8529911646224904
A809,2022-09-30,-29.75,-57.0,2,8.5,10.00389430623444,4.559663964030995,2.1939981509932243,1.8641724624999625
A809,2022-10-01,-29.75,-57.0,2,7.2,6.9038594594734235,3.591563020766257,1.9222437193933717,2.0046982214623332
A809,2022-10-02,-29.75,-57.0,2,10.5,9.008003982335914,4.726620354180107,1.9058023084865396,2.2214604121344457
A809,2022-10-03,-29.75,-57.0,2,8.7,7.965841359063199,4.494590516188042,1.7723174848460275,1.9356602050098781
A809,2022-10-04,-29.75,-57.0,2,12.6,9.552797746420215,5.893661145688361,1.6208596847154635,2.137890131199316
A809,2022-10-05,-29.75,-57.0,2,12.2,10.768870348990596,6.300755068577672,1.7091396557685195,1.9362758696719216
A809,2022-10-06,-29.75,-57.0,2,14.2,12.57915233303965,7.863630474949057,1.5996621882364255,1.805781699081173
A809,2022-10-07,-29.75,-57.0,2,9.9,7.444015312390446,6.532042379145089,1.1396152811495868,1.5156055985809003
A809,2022-10-08,-29.75,-57.0,2,15.1,20.155105510767008,8.931640986420765,2.2565960209786593,1.6906187813591376
A809,2022-10-09,-29.75,-57.0,2,12.5,15.61462157759188,9.023146825152947,1.7305073141517016,1.385326011226479
A809,2022-10-10,-29.75,-57.0,2,14.9,13.685524560664394,7.214636508563553,1.8969111672390002,2.065246112165756
A809,2022-10-11,-29.75,-57.0,2,11.0,9.019789508223992,4.877520509212632,1.8492571156159092,2.2552442330530984
A809,2022-10-12,-29.75,-57.0,2,6.3,4.834542811969979,2.6775614922986675,1.8055767629895059,2.3528871393319504
A809,2022-10-13,-29.75,-57.0,2,10.8,6.920473081573502,3.746219518071043,1.8473218262278732,2.882906340085752
A809,2022-10-14,-29.75,-57.0,2,14.6,18.63113014407612,7.691094235196808,2.42242905551909,1.8982994556464954
A809,2022-10-15,-29.75,-57.0,2,10.9,14.675694332868387,6.936787367451394,2.11563272095225,1.5713325812961612
A809,2022-10-16,-29.75,-57.0,2,9.9,10.306696035337854,5.051067281986571,2.040498662944806,1.9599818112314589
A809,2022-10-17,-29.75,-57.0,2,13.8,12.661640140170016,6.731081100765613,1.8810708043214401,2.0501907187584396
A809,2022-10-18,-29.75,-57.0,2,10.9,12.192561637354782,6.318287172689865,1.9297257791725348,1.7251510895411828
A809,2022-10-19,-29.75,-57.0,2,9.8,11.921175188376926,5.781268991055742,2.062034340007409,1.6951295667372814
A809,2022-10-20,-29.75,-57.0,2,12.4,9.039679443854675,4.083005059137992,2.213977037237162,3.0369788477846997
A809,2022-10-21,-29.75,-57.0,2,15.8,13.564033338247144,7.87880114524025,1.7215859479384708,2.005381238685674
A809,2022-10-22,-29.75,-57.0,2,8.6,8.174379684911719,4.653452360820412,1.7566269193460833,1.8480902635659096
A809,2022-10-23,-29.75,-57.0,2,12.0,9.126507266840171,5.568285889179957,1.6390155693288648,2.1550617620617976
A809,2022-10-24,-29.75,-57.0,2,10.3,9.861525684899615,5.655338244679457,1.7437552376601595,1.821288056411169
A809,2022-10-25,-29.75,-57.0,2,9.9,10.263590415625725,5.315807717464098,1.930767808231025,1.8623698459738094
A809,2022-10-26,-29.75,-57.0,2,13.7,12.883252249209042,4.5901011959120686,2.806746888430876,2.9846836518988256
A809,2022-10-27,-29.75,-57.0,2,10.1,11.337224305860909,6.0198639593475285,1.883302410556419,1.6777787784252025
A809,2022-10-28,-29.75,-57.0,2,8.4,10.321965898626415,4.2675989572226065,2.4186822618740274,1.9683199110787108
A809,2022-10-29,-29.75,-57.0,2,8.5,9.814134295339365,4.548984336468991,2.157434180781832,1.8685489707792362
A809,2022-10-30,-29.75,-57.0,2,17.3,18.411210646767138,10.770867616086585,1.7093526077016759,1.606184442761322
A809,2022-10-31,-29.75,-57.0,2,18.5,18.381460705300164,9.407884031350854,1.9538358087797152,1.9664358040926695
A809,2022-11-01,-29.75,-57.0,2,10.6,11.157926525036942,5.329876887052825,2.093467965862671,1.9887889016253262
A809,2022-11-02,-29.75,-57.0,2,9.2,8.135045230888796,3.6311820699219686,2.240329753298108,2.533610219164169
A809,2022-11-03,-29.75,-57.0,2,10.5,8.452536370881589,4.230068080519457,1.9982033882167705,2.4822295528422296
A809,2022-11-04,-29.75,-57.0,2,9.5,11.070627097477981,5.458152664304586,2.028273626327466,1.7405156257589545
A809,2022-11-05,-29.75,-57.0,2,10.6,11.432966965280508,5.931870689403649,1.9273796688966434,1.7869573621918677
A809,2022-11-06,-29.75,-57.0,2,12.7,11.415955853489164,6.612305026131136,1.7264714510861954,1.9206615468903705
A809,2022-11-07,-29.75,-57.0,2,12.9,13.235337788920603,7.019257171364412,1.885575277525827,1.8378013064725027
A809,2022-11-08,-29.75,-57.0,2,12.6,13.440649329869665,6.515483149299703,2.0628783809093716,1.9338550513102428
A809,2022-11-09,-29.75,-57.0,2,10.8,12.25323559176148,5.727859969551678,2.139234488429812,1.8855209550182706
A809,2022-11-10,-29.75,-57.0,2,11.9,12.653036652013434,5.9314551487942255,2.1332095303098773,2.0062530528312412
A809,2022-11-11,-29.75,-57.0,2,12.6,11.48915171221947,6.231591972929959,1.84369447841392,2.0219552330663513
A809,2022-11-12,-29.75,-57.0,2,10.7,10.925529427770167,4.829575417536312,2.2622132347492263,2.215515666480334
A809,2022-11-13,-29.75,-57.0,2,8.5,10.314228253673862,4.033605399863963,2.5570741882737757,2.1072958699149575
A809,2022-11-14,-29.75,-57.0,2,15.2,15.046456855142988,8.803928265187361,1.7090617281197005,1.7265020275215204
A809,2022-11-15,-29.75,-57.0,2,9.2,7.6466607067481,4.66466822726425,1.6392721484573274,1.9722731718040418
A809,2022-11-16,-29.75,-57.0,2,12.4,5.895056726903661,2.418536418183312,2.437447988205918,5.127067720284437
A809,2022-11-17,-29.75,-57.0,2,11.2,10.473803075269585,5.547002344365487,1.8881915717790572,2.01910857517064
A809,2022-11-18,-29.75,-57.0,2,12.0,12.598873246173135,6.2691635722381776,2.0096577639104676,1.9141309461344673
A809,2022-11-19,-29.75,-57.0,2,10.9,11.006060476085045,5.591935445025912,1.9682023485938227,1.94923566395883
A809,2022-11-20,-29.75,-57.0,2,11.2,12.704660037238824,5.626897003585134,2.257844781794326,1.9904398450627419
A809,2022-11-21,-29.75,-57.0,2,10.6,12.32102053772061,4.9500518413471575,2.489068990107272,2.1413917146199437
A809,2022-11-22,-29.75,-57.0,2,10.0,11.898989201127439,5.9271290027329195,2.0075468571109174,1.687157474620366
A809,2022-11-23,-29.75,-57.0,2,7.2,7.023558540250292,2.8054283666645454,2.5035601064377926,2.566452982921923
A809,2022-11-24,-29.75,-57.0,2,6.2,6.790500688547647,2.9527956575368175,2.2996852732478588,2.0997050656637573
A809,2022-11-25,-29.75,-57.0,2,9.7,7.053861880632024,4.3608211027974315,1.6175536015699035,2.224351738203048
A809,2022-11-26,-29.75,-57.0,2,11.6,10.25831793722703,5.7779186736810635,1.7754348090696717,2.0076433496440576
A809,2022-11-27,-29.75,-57.0,2,11.3,11.64929130573789,5.966389412105839,1.9524859175469524,1.8939427549050412
A809,2022-11-28,-29.75,-57.0,2,12.7,10.920770591078572,6.620223493214201,1.6496075400282901,1.918364238460776
A809,2022-11-29,-29.75,-57.0,2,9.3,12.444609839227626,6.181695951459777,2.0131384553601173,1.5044415113628893
A809,2022-11-30,-29.75,-57.0,2,9.7,12.84103880730706,5.137098503761197,2.4996676232517863,1.8882254239232539
A809,2022-12-01,-29.75,-57.0,2,11.9,12.961268737673315,5.8186683143188285,2.2275318058219042,2.0451414923782423
A809,2022-12-02,-29.75,-57.0,2,9.8,9.68285010717465,5.776985282147151,1.67610780264543,1.6963865271191418
A809,2022-12-03,-29.75,-57.0,2,8.0,10.243075313835929,3.2979059034851486,3.1059331629235665,2.425781763981134
A809,2022-12-04,-29.75,-57.0,2,8.9,8.422078987801699,3.871860134805174,2.175202278639511,2.2986367508463306
A809,2022-12-05,-29.75,-57.0,2,12.1,9.775139650385375,4.620595891685199,2.1155582265862765,2.618709855534878
A809,2022-12-06,-29.75,-57.0,2,9.2,9.070021383331898,5.083814916834789,1.7840974802794243,1.8096646220409554
A809,2022-12-07,-29.75,-57.0,2,7.5,7.508765219735699,4.615710001308406,1.6267844421783875,1.624885445115484
A809,2022-12-08,-29.75,-57.0,2,11.9,9.10641459295737,4.7016974394543505,1.936835517432658,2.5310008041225722
A809,2022-12-09,-29.75,-57.0,2,10.4,9.110411839975736,5.102295781340879,1.785551491015585,2.038298139835964
A809,2022-12-10,-29.75,-57.0,2,11.7,10.799106010216056,5.119407493713317,2.1094445057318576,2.28542072776346
A809,2022-12-11,-29.75,-57.0,2,9.3,9.186115854646244,4.5801162749147375,2.0056512331266636,2.030516135788087
A809,2022-12-12,-29.75,-57.0,2,11.8,24.687173918266286,9.256202756435075,2.667095197445122,1.2748208212915857
A809,2022-12-13,-29.75,-57.0,2,14.5,10.566090643067438,9.259097403188687,1.1411577374084696,1.566027374872029
A809,2022-12-14,-29.75,-57.0,2,8.6,8.747736002400691,4.662333402901401,1.8762570683934607,1.844569930294595
A809,2022-12-15,-29.75,-57.0,2,12.0,10.240067117657048,5.217359979050146,1.9626913149131255,2.3000138093183056
A809,2022-12-16,-29.75,-57.0,2,12.1,13.245359863311068,6.2157813009549665,2.1309243716917945,1.9466579363307082
A809,2022-12-17,-29.75,-57.0,2,12.3,12.540551961808957,6.9438200470017595,1.8060018659647992,1.7713592686364275
A809,2022-12-18,-29.75,-57.0,2,10.3,8.783912607533901,6.394948830693959,1.3735704288005537,1.6106461947846857
A809,2022-12-19,-29.75,-57.0,2,12.5,10.82921185470968,5.86297007867308,1.8470522123422757,2.13202520774744
A809,2022-12-20,-29.75,-57.0,2,11.3,10.713454582705722,6.08422364566933,1.7608581154526457,1.85726243118022
A809,2022-12-21,-29.75,-57.0,2,12.1,9.402817366356928,6.160054624357374,1.5264178549939145,1.9642682959588673
A809,2022-12-22,-29.75,-57.0,2,12.6,10.78951376784358,7.246527006985761,1.4889220391288582,1.7387639607019212
A809,2022-12-23,-29.75,-57.0,2,14.8,12.812020431177322,6.007623105116134,2.132627198311844,2.4635367001295765
A809,2022-12-24,-29.75,-57.0,2,18.0,9.261932129998744,5.92832338505433,1.5623189776301083,3.0362716118656943
A809,2022-12-25,-29.75,-57.0,2,9.2,10.516261580445185,5.428224426213311,1.9373299176175092,1.6948451791293844
A809,2022-12-26,-29.75,-57.0,2,8.0,7.39410955622507,4.158487227819016,1.7780767743521546,1.923776498935101
A809,2022-12-27,-29.75,-57.0,2,6.8,11.525040581820914,4.002787839979048,2.879253421006006,1.698815993214268
A809,2022-12-28,-29.75,-57.0,2,14.8,9.34914664342146,5.346724644345657,1.7485745508343131,2.7680497845819505
A809,2022-12-29,-29.75,-57.0,2,10.8,6.914910144771345,4.243282697405217,1.6296133531239476,2.5451992643818526
A809,2022-12-30,-29.75,-57.0,2,7.2,7.787109090176798,3.628589465459964,2.146043018727029,1.9842421052411119
A809,2022-12-31,-29.75,-57.0,2,11.5,9.150888597614632,3.9709561308284838,2.304454719751696,2.8960279643282507
A812,2021-01-01,-30.5,-53.5,2,11.0,6.417915277855296,3.0731401708378563,2.0883900248863445,3.5794006743925957
A812,2021-01-02,-30.5,-53.5,2,10.6,8.621794556774027,5.688594054064753,1.5156283740467247,1.8633778222275905
A812,2021-01-03,-30.5,-53.5,2,10.7,10.538276974428491,6.462537725210122,1.6306716374465497,1.6556963309103314
A812,2021-01-04,-30.5,-53.5,2,10.3,13.208213133026094,5.747744115491588,2.2979821070020674,1.7920074020412566
A812,2021-01-05,-30.5,-53.5,2,10.9,12.770205298423198,3.9191307227020444,3.258428004059732,2.781228994700385
A812,2021-01-06,-30.5,-53.5,2,9.1,13.299608125637276,4.1860683921351995,3.177112000994687,2.1738775260091576
A812,2021-01-07,-30.5,-53.5,2,11.6,11.613759948518918,5.716006689651879,2.031796073567267,2.029388807574414
A812,2021-01-08,-30.5,-53.5,2,6.2,6.3924633833238325,2.301160003660709,2.7779308579823376,2.694293308651713
A812,2021-01-09,-30.5,-53.5,2,10.1,7.92581585280379,3.6109760455403115,2.1949234093071497,2.797027693516237
A812,2021-01-10,-30.5,-53.5,2,8.2,12.138509049544354,5.37790475495026,2.2571074800778286,1.5247573866852242
A812,2021-01-11,-30.5,-53.5,2,23.8,23.52190921528851,6.3934558800249075,3.6790602229348415,3.7225563836857636
A812,2021-01-12,-30.5,-53.5,2,18.1,12.828080090204544,5.908246422167622,2.171216156806501,3.0635147396847167
A812,2021-01-13,-30.5,-53.5,2,10.9,14.511195539077773,6.081628932004596,2.3860705250714243,1.7922829758058252
A812,2021-01-14,-30.5,-53.5,2,13.8,11.243018801657918,6.181763348144634,1.8187397621800494,2.232372742664416
A812,2021-01-15,-30.5,-53.5,2,13.4,11.070216153272714,5.6046936142617305,1.9751688344039697,2.3908532601857657
A812,2021-01-16,-30.5,-53.5,2,16.6,14.293862986790165,4.7728338459100295,2.9948377522169483,3.4780175752870575
A812,2021-01-17,-30.5,-53.5,2,13.0,13.979084160529613,6.1569422068947,2.2704588886469455,2.11143771748292
A812,2021-01-18,-30.5,-53.5,2,9.0,10.074329357012594,4.119929087844037,2.445267659275296,2.1845036184129345
A812,2021-01-19,-30.5,-53.5,2,9.8,9.130238118073548,5.58069597711824,1.636039331923654,1.7560533740203002
A812,2021-01-20,-30.5,-53.5,2,12.9,11.361272103858054,6.5201348325478445,1.7424903618777559,1.9784866925764362
A812,2021-01-21,-30.5,-53.5,2,12.5,12.292626708541075,6.934781600738021,1.7726047359923858,1.8025080989817632
A812,2021-01-22,-30.5,-53.5,2,10.3,10.996360477418918,5.706868753104206,1.926864091878324,1.8048426283498105
A812,2021-01-23,-30.5,-53.5,2,10.2,9.489070864977897,4.7976707170222825,1.9778495492219554,2.126031693632097
A812,2021-01-24,-30.5,-53.5,2,7.9,8.98772717254368,3.755085943758402,2.3934810832979276,2.1038133662775835
A812,2021-01-25,-30.5,-53.5,2,10.8,6.867191464162322,3.0019291221097104,2.2875928061006863,3.597686541116575
A812,2021-01-26,-30.5,-53.5,2,9.4,13.659557066617191,5.0567683016712,2.7012424243568516,1.8588947405190417
A812,2021-01-27,-30.5,-53.5,2,13.1,24.445363501447655,5.522350166505882,4.426623224603448,2.372178439435808
A812,2021-01-28,-30.5,-53.5,2,9.8,15.185462317682601,4.93684530378568,3.075944532035075,1.9850733407597658
A812,2021-01-29,-30.5,-53.5,2,9.7,14.466192169033809,4.859985084549015,2.976591886058475,1.9958908990972997
A812,2021-01-30,-30.5,-53.5,2,27.5,12.096253109790895,3.659236377011475,3.3056768854243828,7.51522918081052
A812,2021-01-31,-30.5,-53.5,2,15.6,13.185216084463736,4.1124223098305075,3.2061921395925803,3.793384731599452
A812,2021-02-01,-30.5,-53.5,2,8.2,8.654149480530197,3.1092643886224858,2.7833430673176984,2.6372797469413305
A812,2021-02-02,-30.5,-53.5,2,8.2,8.684802229810858,3.180542559816745,2.730603998052224,2.5781764732846284
A812,2021-02-03,-30.5,-53.5,2,9.7,15.838718932266104,5.119054381014461,3.0940712392133816,1.8948812179013648
A812,2021-02-04,-30.5,-53.5,2,17.9,16.286743284850534,8.00501690565576,2.0345670067659083,2.236097713591731
A812,2021-02-05,-30.5,-53.5,2,10.2,13.013749661335321,5.331230474127225,2.4410405298536264,1.913254369605891
A812,2021-02-06,-30.5,-53.5,2,6.2,6.905184479284438,2.5282796601017945,2.731179065454499,2.4522603641680893
A812,2021-02-07,-30.5,-53.5,2,6.2,6.335720667474489,2.557491639512577,2.4773182322824687,2.4242503491357006
A812,2021-02-08,-30.5,-53.5,2,8.7,8.208152636085638,4.092949911457563,2.0054368642792864,2.1256062713217507
A812,2021-02-09,-30.5,-53.5,2,10.5,7.7842987090971665,4.790435673736034,1.6249667544384823,2.191867444868769
A812,2021-02-10,-30.5,-53.5,2,14.2,8.557829062270542,3.639772696174076,2.351198763391475,3.9013425247478337
A812,2021-02-11,-30.5,-53.5,2,13.3,12.480566365618659,3.6440328748415736,3.424932429063571,3.649802418584993
A812,2021-02-12,-30.5,-53.5,2,7.9,12.495787161642673,3.2839540832069556,3.805104104695603,2.405636558805119
A812,2021-02-13,-30.5,-53.5,2,6.4,7.9163764776965975,2.1453169305111235,3.6900731845762826,2.983242200244602
A812,2021-02-14,-30.5,-53.5,2,12.5,13.773868437737633,3.8327263529514792,3.593752115157073,3.26138598190661
A812,2021-02-15,-30.5,-53.5,2,11.5,10.567009543839813,2.747077857509589,3.8466363503142635,4.186266497166383
A812,2021-02-16,-30.5,-53.5,2,11.0,14.406242890291745,5.918897778249057,2.433940140549857,1.8584541264461654
A812,2021-02-17,-30.5,-53.5,2,12.4,13.543124273917943,6.0164297271014915,2.2510234288803956,2.061022992447365
A812,2021-02-18,-30.5,-53.5,2,11.0,11.576362478376126,4.4135499973447,2.62291409077517,2.4923247740748082
A812,2021-02-19,-30.5,-53.5,2,7.6,7.488088834662535,2.9476221250469754,2.540382897466275,2.5783494890407233
A812,2021-02-20,-30.5,-53.5,2,8.6,8.130602196604412,3.08891019665344,2.6321911868506884,2.7841534562310475
A812,2021-02-21,-30.5,-53.5,2,7.5,8.273793034171876,3.1974751574800284,2.5876019755201347,2.345600710127439
A812,2021-02-22,-30.5,-53.5,2,8.0,8.087222134210338,3.9053573639027324,2.070802075364635,2.048468105363187
A812,2021-02-23,-30.5,-53.5,2,11.2,7.110043077485826,3.7691529771340195,1.8863768917366006,2.9714898991752334
A812,2021-02-24,-30.5,-53.5,2,8.6,8.922275947308497,4.051385915574598,2.2022774757173615,2.1227303888625686
A812,2021-02-25,-30.5,-53.5,2,8.5,7.859878891081807,4.471353230016778,1.7578300095634167,1.9009904972254017
A812,2021-02-26,-30.5,-53.5,2,9.8,8.731079260902476,5.296545749049952,1.648447813835759,1.8502625039645582
A812,2021-02-27,-30.5,-53.5,2,12.0,11.258780865548598,6.067631240456109,1.8555479757043156,1.9777075310690684
A812,2021-02-28,-30.5,-53.5,2,11.9,14.223963570572662,7.25074088688161,1.9617255384628822,1.6412115928084057
A812,2021-03-01,-30.5,-53.5,2,12.1,10.911844117794368,5.948391751708429,1.8344192133378563,2.034163267159527
A812,2021-03-02,-30.5,-53.5,2,9.5,6.622103045718835,4.188487223727016,1.5810250078371564,2.2681219954985736
A812,2021-03-03,-30.5,-53.5,2,9.2,7.587663538505885,4.099692342519735,1.8507885237657584,2.244070830531038
A812,2021-03-04,-30.5,-53.5,2,9.1,11.398664800127786,3.9209224601617763,2.9071385409793287,2.3208824179666476
A812,2021-03-05,-30.5,-53.5,2,14.7,9.801739259208123,5.117181630736363,1.9154565865581072,2.872675050599028
A812,2021-03-06,-30.5,-53.5,2,7.4,7.87236232164423,4.127384458650158,1.9073489277562599,1.79290300531396
A812,2021-03-07,-30.5,-53.5,2,6.4,5.9178405198382125,2.4827995400371106,2.383535369814737,2.57773529308143
A812,2021-03-08,-30.5,-53.5,2,7.9,7.6079064268957275,3.1313721279830986,2.429575954549976,2.5228556930052104
A812,2021-03-09,-30.5,-53.5,2,8.2,8.864529067057793,5.21664708215951,1.6992771271366487,1.5718908852475957
A812,2021-03-10,-30.5,-53.5,2,7.1,7.257459092607445,3.62482641407975,2.0021535553861622,1.9587144842086202
A812,2021-03-11,-30.5,-53.5,2,6.1,7.2104302912547835,3.291607532311614,2.1905498211662793,1.8531978494155779
A812,2021-03-12,-30.5,-53.5,2,6.6,6.420778174177037,2.8676567635603027,2.2390330167008554,2.3015306726617637
A812,2021-03-13,-30.5,-53.5,2,6.6,6.0719180678796425,3.039479733368282,1.9976833539044137,2.1714242498620084
A812,2021-03-14,-30.5,-53.5,2,8.0,6.746595435718783,4.877230376109098,1.3832841419110915,1.6402751937221696
A812,2021-03-15,-30.5,-53.5,2,8.2,7.602776238319624,5.024833038412979,1.5130405687510866,1.63189501766806
A812,2021-03-16,-30.5,-53.5,2,8.8,8.610163104466082,4.84356517174738,1.777649892002971,1.8168435208285398
A812,2021-03-17,-30.5,-53.5,2,17.2,9.692464248301663,5.1883845138255635,1.868108314346019,3.3150973976903426
A812,2021-03-18,-30.5,-53.5,2,12.5,10.383755230428443,4.843795379927927,2.14372293129008,2.580620984073442
A812,2021-03-19,-30.5,-53.5,2,11.5,9.446996974750238,5.799009517446151,1.6290707829206392,1.9830972798721205
A812,2021-03-20,-30.5,-53.5,2,11.1,9.921594187908685,4.579253084838855,2.166640280432945,2.4239760926842533
A812,2021-03-21,-30.5,-53.5,2,11.0,15.020248233261269,4.640198123860368,3.236984247725465,2.370588433161267
A812,2021-03-22,-30.5,-53.5,2,9.2,8.216574037879736,4.869722554221417,1.68727765214407,1.8892246729795303
A812,2021-03-23,-30.5,-53.5,2,9.1,9.674010202900467,3.9809707365369746,2.430063128601603,2.285874627633169
A812,2021-03-24,-30.5,-53.5,2,9.3,10.062376376622195,4.418420253035284,2.2773696933218908,2.104824681086246
A812,2021-03-25,-30.5,-53.5,2,8.7,10.37031434640565,4.155629696181509,2.495485667535449,2.0935455360698243
A812,2021-03-26,-30.5,-53.5,2,11.5,13.024938178738383,4.474142745841021,2.9111583868989945,2.5703247869527472
A812,2021-03-27,-30.5,-53.5,2,7.4,8.331907237889789,3.6976485017608263,2.253298882768906,2.001271888465361
A812,2021-03-28,-30.5,-53.5,2,9.3,10.804733926508012,4.895221179128789,2.2072003554354103,1.8998120125095423
A812,2021-03-29,-30.5,-53.5,2,9.5,8.080889102312282,4.229051806090863,1.9108039988240004,2.246366428124075
A812,2021-03-30,-30.5,-53.5,2,10.0,9.643514155742178,5.624740143616599,1.7144817199575704,1.7778599090215381
A812,2021-03-31,-30.5,-53.5,2,8.4,6.923350477110676,3.9958341273890463,1.7326421108562193,2.102189363272874
A812,2021-04-01,-30.5,-53.5,2,7.2,7.480734166272208,3.484062418453585,2.1471297777703313,2.0665531024543897
A812,2021-04-02,-30.5,-53.5,2,10.3,9.516514122770772,5.18461115383693,1.8355309280480887,1.9866485054288727
A812,2021-04-03,-30.5,-53.5,2,11.0,8.004746069464886,4.309849645524639,1.8573144605582794,2.552293213157084
A812,2021-04-04,-30.5,-53.5,2,9.2,7.731905955621711,4.264749392624164,1.8129801411060529,2.1572193704772653
A812,2021-04-05,-30.5,-53.5,2,9.4,10.740944392532962,3.893563200265827,2.7586413370148044,2.4142410220433126
A812,2021-04-06,-30.5,-53.5,2,6.6,8.536647495611836,3.144322924976814,2.7149398135291034,2.0990210476071467
A812,2021-04-07,-30.5,-53.5,2,9.0,9.711848192500412,3.895883024092647,2.492849023556683,2.3101309624397937
A812,2021-04-08,-30.5,-53.5,2,9.7,10.031167854332155,4.245714990964667,2.36265690836044,2.2846564172683825
A812,2021-04-09,-30.5,-53.5,2,11.1,12.166656269211492,4.837865448360862,2.5148810770117076,2.2944003132126873
A812,2021-04-10,-30.5,-53.5,2,10.3,10.469997113108121,4.184723605688795,2.5019566642047764,2.461333404671692
A812,2021-04-11,-30.5,-53.5,2,17.3,15.750657288430991,7.394594545957478,2.1300231122261675,2.3395467990138377
A812,2021-04-12,-30.5,-53.5,2,11.5,8.996326970703025,4.826120941850688,1.8640906597863203,2.382866102727641
A812,2021-04-13,-30.5,-53.5,2,8.4,8.002341702474471,4.078043489976425,1.9622992550579033,2.0598112846630188
A812,2021-04-14,-30.5,-53.5,2,13.8,11.480683449155862,5.552801451414601,2.067547984491883,2.485232025806431
A812,2021-04-15,-30.5,-53.5,2,15.7,10.626025558181622,2.9311193325001894,3.625244950064119,5.356315529674528
A812,2021-04-16,-30.5,-53.5,2,6.2,7.110606060369966,1.983969899564309,3.584029204239185,3.125047411939846
A812,2021-04-17,-30.5,-53.5,2,9.1,9.068119318478852,4.606996746898905,1.9683363841276533,1.975256441438874
A812,2021-04-18,-30.5,-53.5,2,10.0,12.289915380885935,5.133947965411501,2.393852735494342,1.9478187288558682
A812,2021-04-19,-30.5,-53.5,2,9.7,9.275538236934377,4.90925603921124,1.889397937864463,1.9758594627218666
A812,2021-04-20,-30.5,-53.5,2,11.1,12.274275393369994,6.990790939400569,1.7557777796202358,1.5878031679419349
A812,2021-04-21,-30.5,-53.5,2,13.2,12.299408841481524,6.939002466002484,1.772503886796734,1.9022907204130792
A812,2021-04-22,-30.5,-53.5,2,11.8,10.785598771109521,5.902370791827726,1.827333312580597,1.9991966645568902
A812,2021-04-23,-30.5,-53.5,2,9.5,8.607725176122157,4.618428950523538,1.8637777625974734,2.056976539375602
A812,2021-04-24,-30.5,-53.5,2,9.1,8.446125483848776,2.8327494934649073,2.9815998567235855,3.2124266621505027
A812,2021-04-25,-30.5,-53.5,2,11.2,10.375771327801278,5.2788097331573605,1.9655512989280113,2.121690412452327
A812,2021-04-26,-30.5,-53.5,2,10.1,8.163853054303756,3.974584718107557,2.054014100419241,2.5411459853871157
A812,2021-04-27,-30.5,-53.5,2,8.0,6.937129695257366,3.0267614143707324,2.291931455951775,2.6430890660944977
A812,2021-04-28,-30.5,-53.5,2,7.3,6.402687875369856,2.805446465366429,2.2822349149811987,2.6020813763938717
A812,2021-04-29,-30.5,-53.5,2,6.5,6.689067804905409,2.6515622641524534,2.5226893199294738,2.4513850147424927
A812,2021-04-30,-30.5,-53.5,2,9.1,8.78482971695044,3.1718859474164685,2.7695919281416055,2.8689556153215525
A812,2021-05-01,-30.5,-53.5,2,7.0,9.175207366277993,3.044432710473086,3.0137658601270982,2.2992789349291427
A812,2021-05-02,-30.5,-53.5,2,7.4,8.547272945496566,3.4289079985776554,2.4927099091145224,2.158121478636812
A812,2021-05-03,-30.5,-53.5,2,10.6,10.754808293804155,5.161314088097443,2.0837345122254667,2.053740543410207
A812,2021-05-04,-30.5,-53.5,2,14.6,11.818011037076705,4.934510123685841,2.3949714846768257,2.9587536825427576
A812,2021-05-05,-30.5,-53.5,2,11.8,11.568546598157676,5.986983211469594,1.9322831198182036,1.9709425570785115
A812,2021-05-06,-30.5,-53.5,2,9.9,10.176486111820237,4.497568399599613,2.2626640014471326,2.20118942513055
A812,2021-05-07,-30.5,-53.5,2,7.5,7.5812779109753246,2.98697696759051,2.5381106025370115,2.5108998433456247
A812,2021-05-08,-30.5,-53.5,2,7.6,9.13595046051871,4.132157185566169,2.21093972233947,1.8392330346355599
A812,2021-05-09,-30.5,-53.5,2,9.6,10.268557934527342,3.642332852801478,2.8192255758913807,2.63567345104559
A812,2021-05-10,-30.5,-53.5,2,9.8,10.61010357747784,4.034308576366006,2.629968277497288,2.429164704309151
A812,2021-05-11,-30.5,-53.5,2,9.2,9.869736845867399,4.21017281391902,2.3442593171562,2.1851834607796587
A812,2021-05-12,-30.5,-53.5,2,6.4,7.104679363226433,3.1542902507210493,2.252386051538013,2.0289825892011693
A812,2021-05-13,-30.5,-53.5,2,4.4,4.383233401557391,1.6276247687069039,2.6930245138993123,2.7033257815901024
A812,2021-05-14,-30.5,-53.5,2,5.9,6.592077395932286,3.477959260437519,1.8953866052769746,1.6963970990441661
A812,2021-05-15,-30.5,-53.5,2,6.0,7.642519107576819,3.4689327183945817,2.2031327004559973,1.729638620023969
A812,2021-05-16,-30.5,-53.5,2,5.4,6.579642603448505,3.099849444198368,2.122568441432814,1.7420200874937843
A812,2021-05-17,-30.5,-53.5,2,7.6,7.4089101669097905,3.812362156911968,1.9433909639138387,1.9935146995992732
A812,2021-05-18,-30.5,-53.5,2,5.0,6.077098608471676,2.903445068977209,2.093064777909659,1.7220921633490178
A812,2021-05-19,-30.5,-53.5,2,5.3,5.576317974383804,2.4441297173999703,2.281514739044133,2.1684610118148977
A812,2021-05-20,-30.5,-53.5,2,10.0,8.115650707326235,3.021330931332901,2.6861177711989024,3.3097996304523867
A812,2021-05-21,-30.5,-53.5,2,8.1,14.207378994718656,5.477947398839294,2.593558857050912,1.478656038522072
A812,2021-05-22,-30.5,-53.5,2,15.6,18.977740848148947,8.415892953237595,2.2549883837160984,1.8536357444991833
A812,2021-05-23,-30.5,-53.5,2,19.7,19.89599182771513,10.370419652957448,1.918532951753902,1.8996338296090005
A812,2021-05-24,-30.5,-53.5,2,14.7,16.17723148936321,7.00442499220292,2.3095730923482134,2.0986733409756724
A812,2021-05-25,-30.5,-53.5,2,9.4,8.63074547871074,4.645057260680273,1.8580493187390241,2.0236564314437238
A812,2021-05-26,-30.5,-53.5,2,5.9,6.246634460751894,3.1208997927345314,2.001549192734123,1.8904804357176819
A812,2021-05-27,-30.5,-53.5,2,5.0,7.3419962104921845,3.16094347743569,2.322723029659602,1.5818062030189295
A812,2021-05-28,-30.5,-53.5,2,7.8,9.216755756402206,3.474060124340126,2.653021371687649,2.245211574017176
A812,2021-05-29,-30.5,-53.5,2,12.8,10.877568478515132,5.174470574896467,2.1021606599304654,2.473683020268428
A812,2021-05-30,-30.5,-53.5,2,10.1,8.035439958794608,4.138400184173275,1.9416778467981446,2.4405566282898445
A812,2021-05-31,-30.5,-53.5,2,7.4,7.5089632989609845,3.213341664624643,2.3368082459535535,2.3028985935314195
A812,2021-06-01,-30.5,-53.5,2,6.8,7.945200836760707,3.3108509906545933,2.399745823411355,2.0538526255618534
A812,2021-06-02,-30.5,-53.5,2,12.2,9.49992664305385,4.4077197349861805,2.155292807672953,2.7678710838084286
A812,2021-06-03,-30.5,-53.5,2,5.7,9.297072358575436,2.957247735318314,3.14382601347219,1.927467872212762
A812,2021-06-04,-30.5,-53.5,2,8.9,10.025419272660004,4.223022266453544,2.373991572883479,2.1074953998464565
A812,2021-06-05,-30.5,-53.5,2,18.1,12.896876679281302,6.3147806294836295,2.0423317033478487,2.8662911765281813
A812,2021-06-06,-30.5,-53.5,2,11.7,12.40439036681898,4.510305065316272,2.750233118865355,2.594059565941926
A812,2021-06-07,-30.5,-53.5,2,12.8,12.167810066033061,7.179815071242384,1.6947247171823832,1.7827757223536829
A812,2021-06-08,-30.5,-53.5,2,10.8,14.103264189786321,5.178602066353227,2.723372834807878,2.0855049029873354
A812,2021-06-09,-30.5,-53.5,2,9.8,10.778879182992002,4.936890119603477,2.1833338238967617,1.9850553207749173
A812,2021-06-10,-30.5,-53.5,2,8.2,9.248643117137322,3.6046331394422784,2.565765435582802,2.2748500839862813
A812,2021-06-11,-30.5,-53.5,2,11.5,10.225061737278041,4.69639328107514,2.177215817610835,2.4486876016838433
A812,2021-06-12,-30.5,-53.5,2,9.0,9.06667220947302,4.265163327927279,2.125750296619733,2.1101184897352305
A812,2021-06-13,-30.5,-53.5,2,6.6,8.3713663330043,3.0335205336765974,2.7596207904544117,2.1756899044295785
A812,2021-06-14,-30.5,-53.5,2,8.2,7.539779148432916,3.0193943939016608,2.497116363354578,2.715776387662945
A812,2021-06-15,-30.5,-53.5,2,8.9,9.819762748213378,4.747426009516567,2.068439345558822,1.874700096886037
A812,2021-06-16,-30.5,-53.5,2,8.8,8.363084099323277,4.585376993879309,1.8238596543940793,1.9191442735780482
A812,2021-06-17,-30.5,-53.5,2,5.3,8.099372782144874,3.1496835732656128,2.5714877681339243,1.682708715563108
A812,2021-06-18,-30.5,-53.5,2,7.7,7.272658203698885,3.903514772753096,1.8631050801863824,1.9725812372343847
A812,2021-06-19,-30.5,-53.5,2,7.4,6.627560541603926,3.3260125728545953,1.9926444643339796,2.224886358035878
A812,2021-06-20,-30.5,-53.5,2,5.0,6.60311084124929,2.86372531477053,2.3057766075509223,1.7459775119530447
A812,2021-06-21,-30.5,-53.5,2,6.6,8.53220164151025,4.192264691618595,2.03522493667165,1.5743280745595765
A812,2021-06-22,-30.5,-53.5,2,8.6,8.201356247452086,4.432747909996105,1.8501742968413677,1.9401058157641895
A812,2021-06-23,-30.5,-53.5,2,13.5,12.727370224971324,5.936264385041498,2.144003265259277,2.2741574708191887
A812,2021-06-24,-30.5,-53.5,2,18.1,12.897272049765775,8.32647501143452,1.5489474275794144,2.1737890253851444
A812,2021-06-25,-30.5,-53.5,2,11.3,8.926296047676479,4.982356158167634,1.7915812848994144,2.2680032581524268
A812,2021-06-26,-30.5,-53.5,2,10.3,14.068111361150365,3.794628383080192,3.7073752528385766,2.7143632946842717
A812,2021-06-27,-30.5,-53.5,2,12.4,13.423773576906942,5.450999253542307,2.4626261998079646,2.2748122726199087
A812,2021-06-28,-30.5,-53.5,2,15.5,19.273700317670677,7.844660720408794,2.456919553898349,1.975866204088974
A812,2021-06-29,-30.5,-53.5,2,14.0,17.27295983939199,8.248324022852293,2.0941175190907395,1.697314504281412
A812,2021-06-30,-30.5,-53.5,2,11.3,11.310494620402368,5.204696273954677,2.173132499009079,2.17111612382598
A812,2021-07-01,-30.5,-53.5,2,9.5,9.016832839647883,3.989542552475759,2.2601169735744207,2.381225384876434
A812,2021-07-02,-30.5,-53.5,2,9.1,8.595711403678724,3.929744276509692,2.1873462492356466,2.3156723083473536
A812,2021-07-03,-30.5,-53.5,2,6.1,7.604638931315077,3.0578649834175113,2.486911283707507,1.994855898831268
A812,2021-07-04,-30.5,-53.5,2,9.3,6.632716191774075,3.424408694686353,1.936893864936754,2.7157973329616847
A812,2021-07-05,-30.5,-53.5,2,6.5,7.454658675936482,3.2207409116290537,2.3145788129123086,2.018169166147641
A812,2021-07-06,-30.5,-53.5,2,8.3,6.044753858414675,3.0870142188910887,1.9581231020652894,2.688682141212006
A812,2021-07-07,-30.5,-53.5,2,8.8,9.530859936753114,3.786551853594638,2.5170287652882153,2.3240141269017647
A812,2021-07-08,-30.5,-53.5,2,4.4,5.028599306743779,2.3134014953585473,2.173682050795256,1.9019612500587828
A812,2021-07-09,-30.5,-53.5,2,7.9,7.236172798837712,3.4083592226084063,2.1230663572192054,2.317830804804124
A812,2021-07-10,-30.5,-53.5,2,11.0,7.583607810212205,3.7370965375492373,2.029278006070853,2.943461558853314
A812,2021-07-11,-30.5,-53.5,2,6.6,7.051777037579977,2.9297371342348697,2.40696578378238,2.2527618341171265
A812,2021-07-12,-30.5,-53.5,2,9.8,8.33337350314217,3.2406651424752013,2.5715009532818276,3.0240705438991506
A812,2021-07-13,-30.5,-53.5,2,7.5,9.00582643934305,3.439583500700025,2.618289812563115,2.180496562584859
A812,2021-07-14,-30.5,-53.5,2,8.0,8.887546956371226,4.1525488409011375,2.140263076217679,1.9265276114763128
A812,2021-07-15,-30.5,-53.5,2,11.0,11.855994748820029,4.860070002745179,2.439469954573339,2.263341884743784
A812,2021-07-16,-30.5,-53.5,2,6.0,7.592697866797346,3.39270457659098,2.2379484259211737,1.7685005766192745
A812,2021-07-17,-30.5,-53.5,2,10.9,11.555941792838706,5.588536055985499,2.0677940836512856,1.9504213430502528
A812,2021-07-18,-30.5,-53.5,2,21.3,20.494657271994352,11.070730257602547,1.851247098891255,1.9239923206847858
A812,2021-07-19,-30.5,-53.5,2,15.6,17.92640120203118,8.09635994264833,2.2141309587290197,1.926791806503753
A812,2021-07-20,-30.5,-53.5,2,6.0,7.511181861250324,3.431079731071501,2.1891598126472673,1.7487206565515292
A812,2021-07-21,-30.5,-53.5,2,5.4,6.233358474423441,3.094995147242636,2.0140123579763305,1.7447523317802027
A812,2021-07-22,-30.5,-53.5,2,9.8,7.101903674445384,3.498143842326,2.0301920088349363,2.8014857140590723
A812,2021-07-23,-30.5,-53.5,2,6.6,8.232311664269817,3.6074308872626664,2.2820427948701547,1.8295568803005142
A812,2021-07-24,-30.5,-53.5,2,7.6,8.17554028290479,3.6580125799952032,2.2349677875945164,2.077630908532842
A812,2021-07-25,-30.5,-53.5,2,12.2,8.258717412932635,4.447471149840442,1.8569468209431614,2.743131903269949
A812,2021-07-26,-30.5,-53.5,2,10.1,10.89919490735637,5.885465584632703,1.8518832113834474,1.7160919310057123
A812,2021-07-27,-30.5,-53.5,2,16.1,12.69423078263406,7.5133915756991705,1.689547344196922,2.1428405318408803
A812,2021-07-28,-30.5,-53.5,2,12.9,15.288040245775715,7.079085362072217,2.1596067096018943,1.822269310257881
A812,2021-07-29,-30.5,-53.5,2,9.4,11.471749050836854,5.4174796768650335,2.117543532249166,1.7351241833249582
A812,2021-07-30,-30.5,-53.5,2,5.7,6.8452598388184125,3.1143025573050225,2.198007326796788,1.8302653307174253
A812,2021-07-31,-30.5,-53.5,2,8.9,7.002278909353195,3.291213075646065,2.1275677837961458,2.7041701024637947
A812,2021-08-01,-30.5,-53.5,2,4.6,5.3420575749221655,2.716934226211154,1.9662079130902719,1.6930847849102468
A812,2021-08-02,-30.5,-53.5,2,5.8,5.519168706181873,3.0914830830941566,1.7852818721097223,1.8761221860528454
A812,2021-08-03,-30.5,-53.5,2,6.0,5.254494282967422,2.9910972532668456,1.7567112795241002,2.0059528300013856
A826,2021-01-01,-29.75,-55.5,2,7.6,7.354754654179929,4.665742246637899,1.5763311099064061,1.6288940962129885
A826,2021-01-02,-29.75,-55.5,2,2.2,6.038390734068454,5.757537378140373,1.0487801185615218,0.38210781025108653
A826,2021-01-04,-29.75,-55.5,2,9.3,9.91465130502506,6.090699222525244,1.6278346611432866,1.5269182831432215
A826,2021-01-05,-29.75,-55.5,2,11.9,12.013134950956417,3.290717305690383,3.6506128709941237,3.6162328436484805
A826,2021-01-06,-29.75,-55.5,2,8.4,7.83951238054565,4.492566326095556,1.744996470059662,1.8697553670399243
A826,2021-01-07,-29.75,-55.5,2,7.7,8.5976014192774,5.154412666732551,1.6680079720368084,1.4938656444209637
A826,2021-01-08,-29.75,-55.5,2,5.7,3.822625177714034,2.350014522436599,1.6266389595544146,2.4255169257805216
A826,2021-01-09,-29.75,-55.5,2,13.8,5.68713184520419,3.1362767526076083,1.8133386476418936,4.400121892472087
A826,2021-01-10,-29.75,-55.5,2,4.8,5.173579417460188,1.992036959860022,2.5971302348846628,2.4095938462594035
A826,2021-01-11,-29.75,-55.5,2,15.2,20.471698374847026,8.587361615369561,2.3839334235333722,1.7700430796806337
A826,2021-01-12,-29.75,-55.5,2,15.6,17.705506435124132,6.85242097147249,2.583832270205586,2.2765676634498675
A826,2021-01-13,-29.75,-55.5,2,11.4,15.67222598651891,7.669970445573857,2.043322865156925,1.48631602701659
A826,2021-01-14,-29.75,-55.5,2,11.5,15.21743468815266,7.728904907802454,1.9688991997806073,1.4879210104384342
A826,2021-01-15,-29.75,-55.5,2,12.0,10.028918315596087,7.115121531844985,1.409521716629841,1.6865488447796537
A826,2021-01-16,-29.75,-55.5,2,12.3,11.627064324295691,4.00374490776284,2.9040472338165295,3.072123794937983
A826,2021-01-17,-29.75,-55.5,2,8.9,15.750667479774426,6.355608071692391,2.4782313984915514,1.400338079316159
A826,2021-01-18,-29.75,-55.5,2,7.8,7.827819756826184,4.582826933231843,1.7080766677143422,1.7020062318825955
A826,2021-01-19,-29.75,-55.5,2,9.6,10.53970044138407,6.689709787526552,1.575509368289205,1.4350398305618421
A826,2021-01-20,-29.75,-55.5,2,10.7,10.297734893448883,7.300420129980094,1.4105674344905081,1.4656690723947656
A826,2021-01-21,-29.75,-55.5,2,10.8,11.409885393831633,8.185485593202978,1.393916740053408,1.3194085893899867
A826,2021-01-22,-29.75,-55.5,2,10.5,10.928170875522735,6.939252395394779,1.5748340387179451,1.5131313002778664
A826,2021-01-23,-29.75,-55.5,2,6.7,8.805821347862391,4.659012290063852,1.8900618413568742,1.4380730470037408
A826,2021-01-24,-29.75,-55.5,2,8.4,3.6579250490712187,2.7892243256307365,1.3114488553171642,3.011589968870819
A826,2021-01-25,-29.75,-55.5,2,6.1,3.2880040925094134,3.008186530414318,1.0930186872609113,2.0277997851282996
A826,2021-01-26,-29.75,-55.5,2,12.9,12.016415885722727,7.7840286408356345,1.5437270904533487,1.6572395343364452
A826,2021-01-27,-29.75,-55.5,2,9.1,11.323831627760892,4.593801627165007,2.465024079576814,1.9809301181374526
A826,2021-01-28,-29.75,-55.5,2,9.1,12.891808353842935,4.22865599879405,3.0486774893771185,2.151983987960994
A826,2021-01-29,-29.75,-55.5,2,8.8,11.330379369079326,6.539281738943084,1.73266420096324,1.3457135433688021
A826,2021-01-30,-29.75,-55.5,2,14.0,12.88604945150923,5.531369916699833,2.329630750712366,2.5310185742111395
A826,2021-01-31,-29.75,-55.5,2,9.8,13.870629203374904,4.253373434329351,3.2610889726784476,2.3040535121847845
A826,2021-02-01,-29.75,-55.5,2,4.2,4.603141110491555,2.666107527795911,1.7265399322798516,1.5753303106541123
A826,2021-02-02,-29.75,-55.5,2,7.7,9.231249284950177,4.473047993976476,2.0637492147147136,1.7214212792639434
A826,2021-02-03,-29.75,-55.5,2,13.5,16.17743558596786,6.145851231134076,2.632253039906839,2.1966037725760055
A826,2021-02-04,-29.75,-55.5,2,10.0,16.729245593450283,8.252398612296446,2.0271979553342168,1.211768901359121
A826,2021-02-05,-29.75,-55.5,2,8.0,7.042262085305578,4.32629636344305,1.627780783769757,1.849156721578191
A826,2021-02-06,-29.75,-55.5,2,5.0,5.504735088370741,3.137908454178885,1.754268860533472,1.593418059517093
A826,2021-02-07,-29.75,-55.5,2,6.5,6.345225911659653,3.855454469075079,1.6457789769157534,1.68592316473636
A826,2021-02-08,-29.75,-55.5,2,5.2,4.826229364036625,3.795021635053339,1.271726442731806,1.3702161674045146
A826,2021-02-09,-29.75,-55.5,2,7.3,6.626381104104209,4.931663894220732,1.3436400464900833,1.4802306395118796
A826,2021-02-10,-29.75,-55.5,2,5.8,8.152278061051247,4.333828984382741,1.8810797773582106,1.3383084613861576
A826,2021-02-11,-29.75,-55.5,2,9.2,8.841274911430748,3.9908306570338623,2.2153971619537276,2.305284486021712
A826,2021-02-12,-29.75,-55.5,2,5.8,6.515786760673123,2.555848560116517,2.549363394353881,2.2693050325859634
A826,2021-02-13,-29.75,-55.5,2,7.2,3.6009321581430704,3.003598980208051,1.1988724799385981,2.3971242657371246
A826,2021-02-14,-29.75,-55.5,2,7.1,5.515702745509127,3.5692237714398267,1.545350781770707,1.9892280379876144
A826,2021-02-15,-29.75,-55.5,2,11.8,8.702204122470086,4.364399003229799,1.993906633199707,2.7036941377879544
A826,2021-02-16,-29.75,-55.5,2,9.3,8.37081934909067,5.420246496101784,1.5443613782345367,1.7157891263226712
A826,2021-02-17,-29.75,-55.5,2,7.9,8.643930031863675,5.166127703141371,1.6731932558708438,1.529191776501429
A826,2021-02-18,-29.75,-55.5,2,5.8,5.146892093011257,3.163350205873738,1.627038347968701,1.8334991773059164
A826,2021-02-19,-29.75,-55.5,2,6.1,5.483515253763156,3.0477271788378966,1.7992146055061364,2.0014914859688786
A826,2021-02-20,-29.75,-55.5,2,4.0,5.819695664348872,3.5196674734486004,1.6534788323757996,1.136470996244644
A826,2021-02-21,-29.75,-55.5,2,7.3,7.476050071221647,4.651993300425166,1.6070638086556097,1.569219800753544
A826,2021-02-22,-29.75,-55.5,2,6.8,5.263608777081828,4.047553948228019,1.3004419074849356,1.6800270205112338
A826,2021-02-23,-29.75,-55.5,2,12.4,8.833415068535658,3.512617600373833,2.514767069320485,3.530130919653856
A826,2021-02-24,-29.75,-55.5,2,7.9,11.205783513517561,5.482816637128976,2.043800523554507,1.4408652564636484
A826,2021-02-25,-29.75,-55.5,2,7.1,8.131403403805999,4.865122772768336,1.6713665376175275,1.4593670769710054
A826,2021-02-26,-29.75,-55.5,2,8.4,8.40650302420229,5.790828239318475,1.4516926900238465,1.4505697031325868
A826,2021-02-27,-29.75,-55.5,2,10.6,11.661878820071022,6.785070995142878,1.718755607482844,1.5622533658952213
A826,2021-02-28,-29.75,-55.5,2,12.0,12.0217441434398,6.950997245667175,1.729499195375659,1.7263709905050046
A826,2021-03-01,-29.75,-55.5,2,11.3,10.275113710188002,6.98122349882416,1.4718213378956608,1.6186274514636652
A826,2021-03-02,-29.75,-55.5,2,7.9,7.816218348759208,4.529440115213623,1.7256477952994353,1.7441449271986702
A826,2021-03-03,-29.75,-55.5,2,7.7,6.7623200289639325,3.501503500294805,1.9312618217844382,2.199055348467225
A826,2021-03-04,-29.75,-55.5,2,9.1,7.757581521158692,3.474885805454773,2.2324709229238757,2.618791094002309
A826,2021-03-05,-29.75,-55.5,2,9.9,8.483092981486385,5.3141611543937985,1.596318352986432,1.8629468908398812
A826,2021-03-06,-29.75,-55.5,2,5.3,7.0476676900117585,4.407657297153224,1.5989599950439974,1.2024528321253818
A826,2021-03-07,-29.75,-55.5,2,6.9,5.787941059797646,4.104935700178229,1.4099955474445904,1.6809033085951661
A826,2021-03-08,-29.75,-55.5,2,6.4,6.2513841559572425,3.1953782936693083,1.9563831200651582,2.0028927443989017
A826,2021-03-09,-29.75,-55.5,2,8.5,7.517266653602151,4.853388498860557,1.5488697546810852,1.751353719570475
A826,2021-03-10,-29.75,-55.5,2,6.6,6.6852199594702055,3.3743885632502755,1.9811648345058621,1.955909900797777
A826,2021-03-11,-29.75,-55.5,2,6.4,5.671607767702285,2.9911816616101503,1.896109434105471,2.1396226388185617
A826,2021-03-12,-29.75,-55.5,2,7.4,5.219616344641685,2.794962796475477,1.8675083443771634,2.6476202149565635
A826,2021-03-13,-29.75,-55.5,2,6.0,5.1490246746635515,3.1428571991144687,1.638326003521363,1.9090908749180713
A826,2021-03-14,-29.75,-55.5,2,6.0,6.649969178959249,4.201377718906824,1.5828067895522462,1.4281029703659132
A826,2021-03-15,-29.75,-55.5,2,8.5,10.759096425386984,5.688998579786829,1.8912109529459815,1.4941118161288944
A826,2021-03-16,-29.75,-55.5,2,15.4,11.54353879743609,5.384155080613964,2.143983340858704,2.8602445080842496
A826,2021-03-17,-29.75,-55.5,2,8.3,12.489934852444867,6.180375314713916,2.020902326547949,1.342960512485349
A826,2021-03-18,-29.75,-55.5,2,9.2,8.355907339552102,5.366925346166589,1.5569263219806924,1.7142030877271741
A826,2021-03-19,-29.75,-55.5,2,10.8,11.687407063232602,7.605344018788285,1.536736146893548,1.420054105812915
A826,2021-03-20,-29.75,-55.5,2,12.5,13.614323246137278,7.578640912501268,1.7964069551942898,1.6493722481798492
A826,2021-03-21,-29.75,-55.5,2,8.7,9.420681527260024,4.630667688930745,2.03441105259603,1.8787787387111972
A826,2021-03-22,-29.75,-55.5,2,7.4,7.784735149018228,5.687862727911929,1.3686573536341449,1.3010159270697825
A826,2021-03-23,-29.75,-55.5,2,7.0,7.622269599020945,3.7739162452968174,2.0197241018584013,1.8548371360184894
A826,2021-03-24,-29.75,-55.5,2,6.5,8.650774055916536,4.969192443315572,1.740881270869944,1.3080596242038542
A826,2021-03-25,-29.75,-55.5,2,17.9,8.970686915664734,4.993195805340542,1.7965822421924675,3.5848784421501767
A826,2021-03-26,-29.75,-55.5,2,8.8,10.660430724260147,3.460712566356072,3.0804149491920843,2.5428289207115187
A826,2021-03-27,-29.75,-55.5,2,4.1,6.116712356964441,4.009486074232619,1.525560194927258,1.0225749445419148
A826,2021-03-28,-29.75,-55.5,2,6.6,9.218500268293882,4.632370837779109,1.9900177665209322,1.4247564003671667
A826,2021-03-29,-29.75,-55.5,2,5.0,5.1769635346092855,3.459382159315388,1.496499460364277,1.4453447956121448
A826,2021-03-30,-29.75,-55.5,2,7.7,6.971119960058028,4.57879224271664,1.5224800756458865,1.6816661669347808
A826,2021-03-31,-29.75,-55.5,2,6.5,7.431296672381851,4.556944013016775,1.6307632156889735,1.4263945269972471
A826,2021-04-01,-29.75,-55.5,2,6.9,7.683778100449513,4.226151849247455,1.8181500273866762,1.6326909789643913
A826,2021-04-02,-29.75,-55.5,2,10.4,10.957610978502455,6.142958985584045,1.783767562866229,1.692995187564518
A826,2021-04-03,-29.75,-55.5,2,9.6,9.058541366094774,5.800373131129595,1.5617170070454875,1.655065938513243
A826,2021-04-04,-29.75,-55.5,2,7.4,7.008485888621333,4.666324224667005,1.501928616870052,1.5858306546472505
A826,2021-04-05,-29.75,-55.5,2,6.4,7.699666143465065,4.231493904766647,1.8196094137797598,1.5124682072188733
A826,2021-04-06,-29.75,-55.5,2,3.9,5.250464658194907,2.624791769478046,2.0003356911009327,1.4858321507063916
A826,2021-04-07,-29.75,-55.5,2,8.8,8.267172421740177,4.4405291007474,1.8617539113410384,1.9817458236044085
A826,2021-04-08,-29.75,-55.5,2,8.8,9.252688498687487,5.877371704758323,1.5742901697363305,1.4972679017179595
A826,2021-04-09,-29.75,-55.5,2,12.6,14.512094722224678,7.69127310262073,1.8868260856944237,1.6382203351622848
A826,2021-04-10,-29.75,-55.5,2,11.6,13.081021349580569,7.881197040516742,1.6597759556488505,1.4718576303022401
A826,2021-04-11,-29.75,-55.5,2,11.9,13.056701263904976,7.537502794866712,1.7322316978505163,1.5787722172526812
A826,2021-04-12,-29.75,-55.5,2,8.1,7.875312364237125,5.0063829179150945,1.5730543375049695,1.617934571287895
A826,2021-04-13,-29.75,-55.5,2,9.8,9.41317293786257,5.53240739927911,1.701460550264092,1.771380755740615
A826,2021-04-14,-29.75,-55.5,2,9.1,9.047522160295614,5.484324520322323,1.6497058346510605,1.6592745316728954
A826,2021-04-15,-29.75,-55.5,2,8.2,7.0945624469457655,4.49475799620709,1.5784081040475428,1.824347385759052
A826,2021-04-16,-29.75,-55.5,2,4.7,4.742010589385527,2.1314274804634668,2.2248050345838664,2.2050949624511795
A826,2021-04-17,-29.75,-55.5,2,6.4,7.499424647790842,4.490587755762976,1.6700318656876236,1.4252031912273817
A826,2021-04-18,-29.75,-55.5,2,9.5,12.405196596086949,6.960798068454986,1.7821514823573092,1.3647860355340855
A826,2021-04-19,-29.75,-55.5,2,10.0,10.978396296713903,7.575255392422037,1.449244378967899,1.3200875062250144
A826,2021-04-20,-29.75,-55.5,2,10.5,8.605218244049794,6.166113785252228,1.395565917812169,1.7028553746629398
A826,2021-04-21,-29.75,-55.5,2,9.7,9.342787283793001,6.75156639292017,1.383795513525578,1.4367036381618963
A826,2021-04-22,-29.75,-55.5,2,9.6,8.921132090677311,6.026693423451666,1.480269770478538,1.5929132818741916
A826,2021-04-23,-29.75,-55.5,2,8.5,7.664502930937169,5.68097970927276,1.3491516117240852,1.4962207990508931
A826,2021-04-24,-29.75,-55.5,2,11.4,5.117301676672419,3.496904581128756,1.4633804148641136,3.2600260417515385
A826,2021-04-25,-29.75,-55.5,2,9.0,7.561698116018162,4.605245735515565,1.641974945593564,1.9542931076602876
A826,2021-04-26,-29.75,-55.5,2,5.9,7.973142551864525,4.035364327306218,1.9758172757568448,1.4620736868976854
A826,2021-04-27,-29.75,-55.5,2,6.0,5.106897861637246,2.9879096046295786,1.709187538245611,2.008092878949007
A826,2021-04-28,-29.75,-55.5,2,6.0,5.730336486984365,3.1041962420513225,1.8459968507653466,1.93286749037331
A826,2021-04-29,-29.75,-55.5,2,6.8,6.312631130820326,3.90944122926273,1.6147144209687496,1.7393790061610395
A826,2021-04-30,-29.75,-55.5,2,6.4,7.581037875101758,4.251252822927704,1.7832479485143715,1.5054385769493055
A826,2021-05-01,-29.75,-55.5,2,6.1,6.585337071054487,3.2614364370860245,2.0191523575845762,1.8703415251747568
A826,2021-05-02,-29.75,-55.5,2,5.7,5.778608863057146,2.8849999214247166,2.002984062544952,1.9757366222683068
A826,2021-05-03,-29.75,-55.5,2,9.3,14.25395893006199,7.563783294788391,1.8845012310021196,1.229543422589579
A826,2021-05-04,-29.75,-55.5,2,10.2,12.106140931282766,7.27418865933464,1.664259960558969,1.402218237344009
A826,2021-05-05,-29.75,-55.5,2,10.1,11.539537010170708,7.497504259969707,1.5391170995103018,1.3471149398240965
A826,2021-05-06,-29.75,-55.5,2,8.1,8.262927563959556,5.163525170528409,1.600249304703974,1.5686957519316376
A826,2021-05-07,-29.75,-55.5,2,5.4,5.703591371153431,3.098573175309343,1.8407154030125554,1.7427376067892593
A826,2021-05-08,-29.75,-55.5,2,7.7,8.889723601828251,5.737496966488004,1.5494079829151992,1.3420486398467362
A826,2021-05-09,-29.75,-55.5,2,9.1,6.8833527943312625,5.248459205753084,1.311499722963664,1.7338421893467437
A826,2021-05-10,-29.75,-55.5,2,7.4,5.1202695977662565,3.856728148460962,1.3276200449361497,1.9187248141803799
A826,2021-05-11,-29.75,-55.5,2,9.3,8.071827308297399,5.864390896756882,1.3764135867479894,1.585842445315689
A826,2021-05-12,-29.75,-55.5,2,6.9,6.932248437263396,3.8118643710215463,1.818597872989278,1.8101378560200085
A826,2021-05-13,-29.75,-55.5,2,4.9,5.599135656584116,2.9383841313768237,1.9055152104842594,1.6675831957015206
A826,2021-05-14,-29.75,-55.5,2,5.9,6.505115005905414,3.5264810716005233,1.844647645578603,1.6730559104694798
A826,2021-05-15,-29.75,-55.5,2,4.6,6.053884054415076,3.5253611649592638,1.717237971129982,1.304830848459509
A826,2021-05-16,-29.75,-55.5,2,4.7,4.947132657224349,3.262978235828442,1.516140255826228,1.4404018845092637
A826,2021-05-17,-29.75,-55.5,2,5.6,6.721240257428443,3.9034739542643875,1.721861177038407,1.43461953777922
A826,2021-05-18,-29.75,-55.5,2,5.4,5.320155164243749,3.221707755365759,1.6513462946423438,1.6761296833973511
A826,2021-05-19,-29.75,-55.5,2,8.6,7.786420572289831,4.166402883387925,1.86885925106654,2.0641306759577893
A826,2021-05-20,-29.75,-55.5,2,7.8,9.26181413601528,4.191477216172466,2.2096777957612037,1.8609190979028467
A826,2021-05-21,-29.75,-55.5,2,11.4,12.535427324861553,5.9939883157958525,2.09133329336448,1.9019056093182196
A826,2021-05-22,-29.75,-55.5,2,10.5,13.985207088320182,8.879832899011975,1.5749403448657535,1.1824546834848992
A826,2021-05-23,-29.75,-55.5,2,13.0,9.362794880707801,9.11761530413969,1.0268907568908716,1.4258114173886656
A826,2021-05-24,-29.75,-55.5,2,7.9,9.614284529220424,5.68528945378836,1.6910809216255474,1.3895510623009495
A826,2021-05-25,-29.75,-55.5,2,5.8,6.0872457911296385,3.53350067286106,1.722723823963736,1.6414316953571613
A826,2021-05-26,-29.75,-55.5,2,4.6,4.372462052929891,2.571251522709079,1.7005189940823258,1.7890120664482583
A826,2021-05-27,-29.75,-55.5,2,4.1,4.180524817441131,2.539646228484804,1.6461051821124328,1.6143980819116406
A826,2021-05-28,-29.75,-55.5,2,7.4,9.321231757698193,5.642876359119721,1.6518582305340976,1.31138793924494
A826,2021-05-29,-29.75,-55.5,2,8.4,7.635526708952839,4.786960275975714,1.5950679071378986,1.7547670161703712
A826,2021-05-30,-29.75,-55.5,2,5.3,4.909588315789766,3.2537910818421407,1.5088824673433527,1.6288691765051473
A826,2021-05-31,-29.75,-55.5,2,3.4,5.139743733158379,2.835276635726341,1.8127838632725444,1.199177518397244
A826,2021-06-01,-29.75,-55.5,2,7.1,6.7689134684256125,4.359939799511516,1.5525245254955116,1.628462851894303
A826,2021-06-02,-29.75,-55.5,2,7.0,6.111126645011851,3.3582304119454376,1.8197460851030909,2.084431126315978
A826,2021-06-03,-29.75,-55.5,2,6.3,5.605479032754125,3.4809466938879847,1.6103317648030913,1.809852478080703
A826,2021-06-04,-29.75,-55.5,2,10.0,14.408019970693925,7.049221853632922,2.0439163740134716,1.4185962944046584
A826,2021-06-05,-29.75,-55.5,2,15.3,13.225689621728636,7.8681639435570325,1.680911800593415,1.944545145443829
A826,2021-06-06,-29.75,-55.5,2,10.8,9.051976995507577,6.114090294516432,1.4805108461721703,1.7664115967810026
A826,2021-06-07,-29.75,-55.5,2,10.4,9.42746625205132,6.599957085349493,1.428413265440513,1.5757678217462654
A826,2021-06-08,-29.75,-55.5,2,10.1,9.229074963376528,5.288665751673369,1.7450667893799843,1.909744437300522
A826,2021-06-09,-29.75,-55.5,2,6.9,5.355665878278739,3.3988055526590855,1.5757494199951176,2.0301249639308505
A826,2021-06-10,-29.75,-55.5,2,5.5,5.525140190572991,4.052837530483597,1.3632770001302554,1.3570738917194451
A826,2021-06-11,-29.75,-55.5,2,6.1,6.964510463962611,3.648295393952047,1.9089765799962393,1.6720137328003264
A826,2021-06-12,-29.75,-55.5,2,5.8,6.936852358587049,4.161711736608583,1.6668267284268834,1.393657313883655
A826,2021-06-13,-29.75,-55.5,2,7.0,5.705551724686874,3.5295372573928576,1.616515511413346,1.9832628159224046
A826,2021-06-14,-29.75,-55.5,2,5.1,4.5578926639368555,3.0293163123158977,1.5045945005499834,1.6835481918034088
A826,2021-06-15,-29.75,-55.5,2,7.4,9.063464886977167,5.4144938403630745,1.673926530197956,1.3667020811503565
A826,2021-06-16,-29.75,-55.5,2,9.3,8.944521562061047,5.748988730948072,1.5558425978312878,1.6176758096491046
A826,2021-06-17,-29.75,-55.5,2,5.6,6.43686587916321,5.0750302423615645,1.268340398335822,1.1034417003580557
A826,2021-06-18,-29.75,-55.5,2,8.0,7.353085189351538,5.559768803291455,1.3225523307728941,1.4389087537711815
A826,2021-06-19,-29.75,-55.5,2,8.1,6.666303838545405,5.3197931002747945,1.2531133660444531,1.5226156069080192
A826,2021-06-20,-29.75,-55.5,2,5.9,5.295972556748639,3.712352563981364,1.4265812488102962,1.5892887052927063
A826,2021-06-21,-29.75,-55.5,2,7.9,6.6398778499754405,4.827673422580421,1.3753784211912132,1.6363990080707245
A826,2021-06-22,-29.75,-55.5,2,8.4,6.784150547597601,6.090726502457412,1.1138491516341138,1.379145820553734
A826,2021-06-23,-29.75,-55.5,2,9.7,10.838288747151939,6.264384215009151,1.7301443166886128,1.548436313462269
A826,2021-06-24,-29.75,-55.5,2,18.4,8.063263371487245,8.379306225466694,0.9622829330405758,2.195885853184127
A826,2021-06-25,-29.75,-55.5,2,8.6,5.360832111241399,4.769548795358893,1.123970493070092,1.8031055701470977
A826,2021-06-26,-29.75,-55.5,2,9.0,10.565103567482485,5.316716473030298,1.9871481996595606,1.692774110798199
A826,2021-06-27,-29.75,-55.5,2,9.5,11.624250655362275,5.781915417158007,2.010449793310183,1.6430541290535772
A826,2021-06-28,-29.75,-55.5,2,8.4,11.828649195077507,6.84894566840923,1.727075927852248,1.2264661462778148
A826,2021-06-29,-29.75,-55.5,2,7.8,7.778002277311436,6.901826349371739,1.126948416779488,1.130135648908353
A826,2021-06-30,-29.75,-55.5,2,5.4,5.696515625043671,3.165314051745906,1.7996683842166052,1.705991857907906
A826,2021-07-01,-29.75,-55.5,2,6.4,6.919792870722688,4.076668571768923,1.6974136476638066,1.5699093235884398
A826,2021-07-02,-29.75,-55.5,2,5.6,5.31609617677043,4.137494964973351,1.2848586455753355,1.353475967320257
A826,2021-07-03,-29.75,-55.5,2,6.1,5.028892991199076,2.939597978935691,1.7107417501422535,2.0751136868751563
A826,2021-07-04,-29.75,-55.5,2,6.8,7.188567808910282,4.20380972429157,1.7100126505182642,1.6175803487742162
A826,2021-07-05,-29.75,-55.5,2,6.6,5.06473120483674,3.9308706630290535,1.2884502287170025,1.6790173388493443
A826,2021-07-06,-29.75,-55.5,2,7.3,6.322159339636558,4.243826219809527,1.4897309673345462,1.720145835831996
A826,2021-07-07,-29.75,-55.5,2,6.2,5.235584468909664,4.126301647956709,1.2688322172234445,1.5025561698985723
A826,2021-07-08,-29.75,-55.5,2,5.8,4.2882522969066565,2.91418165639718,1.471511663486431,1.990267143185087
A826,2021-07-09,-29.75,-55.5,2,5.8,5.274851204598815,3.4792147081322478,1.5161039622732917,1.6670428491932947
A826,2021-07-10,-29.75,-55.5,2,6.7,6.951294153531124,4.5601694645726125,1.5243499627667043,1.4692436436960215
A826,2021-07-11,-29.75,-55.5,2,4.9,4.515050718412787,3.8352311432625545,1.1772564807063814,1.2776283402391408
A826,2021-07-12,-29.75,-55.5,2,6.5,7.499582848157045,4.445266093954017,1.6870942457994107,1.4622296759333746
A826,2021-07-13,-29.75,-55.5,2,5.3,6.562487055477092,4.954888186847891,1.324447052689577,1.0696507771998092
A826,2021-07-14,-29.75,-55.5,2,7.5,5.4724264881383675,2.711851284281276,2.017967032284637,2.7656383827064213
A826,2021-07-15,-29.75,-55.5,2,8.4,10.265955879884421,5.709073806470706,1.7981823721124277,1.471341987290369
A826,2021-07-16,-29.75,-55.5,2,5.7,4.433530056571694,2.7608129379603814,1.6058784699288877,2.0646092756327836
A826,2021-07-17,-29.75,-55.5,2,7.4,11.784819378918586,6.123432711581652,1.924544603328323,1.208472493868332
A826,2021-07-18,-29.75,-55.5,2,10.6,14.695014990349557,7.92058879643666,1.8552932576124388,1.3382843463315204
A826,2021-07-19,-29.75,-55.5,2,5.8,5.655563671570184,4.672535942668403,1.2103841984231782,1.2412959624421256
A826,2021-07-20,-29.75,-55.5,2,4.9,3.385807888926042,2.995210039214167,1.1304074988391644,1.6359453713922447
A826,2021-07-21,-29.75,-55.5,2,3.8,4.8521254601680095,2.97797014592294,1.6293398598407463,1.2760369694110194
A826,2021-07-22,-29.75,-55.5,2,5.5,5.666947338822474,3.676148251491147,1.5415448320191667,1.4961311741900094
A826,2021-07-23,-29.75,-55.5,2,5.4,5.431251947041583,3.917130058240302,1.3865385795950498,1.378560303005576
A826,2021-07-24,-29.75,-55.5,2,8.4,8.665519717287586,5.476712182690763,1.5822485148434675,1.5337669243507694
A826,2021-07-25,-29.75,-55.5,2,12.1,13.541102837697393,8.272424245683066,1.6368965656909784,1.4626909404839024
A826,2021-07-26,-29.75,-55.5,2,9.9,11.183452479796642,7.011943931370668,1.594914704004278,1.41187666314736
A826,2021-07-27,-29.75,-55.5,2,10.1,9.597314668498166,6.9924022986875025,1.3725346824366234,1.4444249012811812
A826,2021-07-28,-29.75,-55.5,2,11.5,15.550612958992339,8.869852058363447,1.753198684337644,1.2965266978896866
A826,2021-07-29,-29.75,-55.5,2,5.4,6.976423463204388,4.927135048862371,1.4159188644149665,1.0959715831712
A826,2021-07-30,-29.75,-55.5,2,5.8,5.457792190016639,3.676919671563954,1.4843381627902692,1.5774073186464275
A826,2021-07-31,-29.75,-55.5,2,6.2,6.475405198029573,4.077804492659486,1.5879636234856382,1.5204260064847905
A826,2021-08-01,-29.75,-55.5,2,4.9,5.993700455588567,2.9318824663311247,2.0443181213498356,1.671281184109581
A826,2021-08-02,-29.75,-55.5,2,6.4,6.886895650845864,3.8682358535743946,1.780371185092583,1.6545009772571548
A826,2021-08-03,-29.75,-55.5,2,7.3,8.06954771042738,4.703787503247778,1.7155425717798003,1.5519408551002019
A826,2021-08-04,-29.75,-55.5,2,8.4,9.99572203785214,5.540945253527889,1.8039741561221743,1.5159868245678418
A826,2021-08-05,-29.75,-55.5,2,10.3,7.862029899243678,5.727642224660028,1.3726468223511186,1.7982966805527683
A826,2021-08-06,-29.75,-55.5,2,6.7,5.570027980456684,4.188355586893514,1.3298842146752758,1.5996731559674862
A826,2021-08-07,-29.75,-55.5,2,8.5,7.602705850059982,5.514453893310868,1.3786869918854885,1.5414037662570093
A826,2021-08-08,-29.75,-55.5,2,9.2,7.784496079041502,5.40439290731081,1.4404015793357658,1.7023188650023335
A826,2021-08-09,-29.75,-55.5,2,8.1,8.248575419030084,5.403112990985718,1.5266338928672403,1.499135778488
A826,2021-08-10,-29.75,-55.5,2,8.3,7.389447258733489,5.544169704862858,1.3328320834501362,1.4970681710410074
A826,2021-08-11,-29.75,-55.5,2,6.8,7.554987999623848,4.586380878280661,1.6472657199931586,1.4826505212862258
A826,2021-08-12,-29.75,-55.5,2,11.8,7.981510892390461,6.2141925643434135,1.284400315849205,1.8988790382370102
A826,2021-08-13,-29.75,-55.5,2,11.1,9.873872194373725,6.555035667271703,1.5063033514329247,1.6933546304592382
A826,2021-08-14,-29.75,-55.5,2,8.4,7.580444688689075,4.848540516020013,1.5634487664159151,1.7324801086524173
A826,2021-08-15,-29.75,-55.5,2,6.4,5.092052061419574,3.239000779023679,1.5721058464686302,1.9759180181269145
A826,2021-08-16,-29.75,-55.5,2,7.7,6.968763725530611,4.9740116392030815,1.401034865018354,1.5480462368265924
A826,2021-08-17,-29.75,-55.5,2,8.1,6.364747913863582,3.8114345286294187,1.6699087616631125,2.1251840846687027
A826,2021-08-18,-29.75,-55.5,2,8.5,11.148722355174787,5.727185146847819,1.9466320835307593,1.4841496794770654
A826,2021-08-19,-29.75,-55.5,2,12.0,16.1735817017702,8.453483466466677,1.913244612818804,1.4195331483880773
A826,2021-08-20,-29.75,-55.5,2,13.3,9.796590547144364,6.50320010814175,1.5064261262512002,2.0451469705428447
A826,2021-08-21,-29.75,-55.5,2,14.0,9.646025742249378,8.528023616234266,1.131097447231131,1.6416464857518773
A826,2021-08-22,-29.75,-55.5,2,8.7,11.079791862950808,6.2445891587691635,1.77430277336847,1.3932061467619126
A826,2021-08-23,-29.75,-55.5,2,14.8,14.12996452222269,9.690538611153555,1.458119624636702,1.5272628894915696
A826,2021-08-24,-29.75,-55.5,2,12.7,13.139803237611742,8.426443761441336,1.5593533416479113,1.5071601211075638
A826,2021-08-25,-29.75,-55.5,2,9.9,7.72014843569517,6.079472246971313,1.2698714826013415,1.6284308238979146
A826,2021-08-26,-29.75,-55.5,2,9.7,11.429782876179246,6.837317912404449,1.6716763828464114,1.4186849469734315
A826,2021-08-27,-29.75,-55.5,2,6.4,8.054534307354572,3.6007079700819533,2.2369307298117955,1.7774282316636565
A826,2021-08-28,-29.75,-55.5,2,8.2,9.052818202468153,5.179237640457185,1.7479055472861131,1.583244594908405
A826,2021-08-29,-29.75,-55.5,2,8.1,7.330017612545775,4.470731044832511,1.639556828411355,1.8117842291949937
A826,2021-08-30,-29.75,-55.5,2,6.7,7.273330517828,3.850550806002331,1.888906518644075,1.7400108030144361
A826,2021-08-31,-29.75,-55.5,2,7.3,6.961116139213338,5.146325326200054,1.3526381831661798,1.418487860228257
A826,2021-09-01,-29.75,-55.5,2,9.7,8.449519209872845,6.47947676068563,1.3040434470172795,1.4970344610007658
A826,2021-09-02,-29.75,-55.5,2,6.0,6.581805744573222,4.738635180488443,1.3889665470923191,1.2661873665027614
A826,2021-09-03,-29.75,-55.5,2,6.3,5.533496253829449,4.61667483874056,1.1985891246651021,1.3646185230837384
A826,2021-09-04,-29.75,-55.5,2,10.7,8.024966550304955,6.3132776946892575,1.2711252281925716,1.6948407020018876
A826,2021-09-05,-29.75,-55.5,2,7.8,5.915468574949183,3.7969615872075266,1.557947964203586,2.054274140217601
A826,2021-09-06,-29.75,-55.5,2,11.0,10.864584581499,7.253405672118794,1.4978597741004804,1.5165289930332528
A826,2021-09-07,-29.75,-55.5,2,17.0,13.225785874784458,8.388586609601902,1.5766405582134315,2.026563089965733
A826,2021-09-08,-29.75,-55.5,2,13.0,11.561427225812054,7.377912512316805,1.5670323016857712,1.762016014461759
A826,2021-09-09,-29.75,-55.5,2,12.3,16.676786236073035,10.039738084285597,1.661077818571371,1.2251315618733334
A826,2021-09-10,-29.75,-55.5,2,7.0,8.887215407842566,6.030804181874086,1.4736368716055448,1.1607075588756282
A826,2021-09-11,-29.75,-55.5,2,6.4,6.397260966836345,3.7046983652571948,1.7267967149040007,1.727536055301951
A826,2021-09-12,-29.75,-55.5,2,8.0,10.038923666794537,5.175436598823312,1.9397249826375977,1.5457633085136973
A826,2021-09-13,-29.75,-55.5,2,12.3,14.247176627866073,7.023708186493413,2.0284408534032474,1.7512117066100346
A826,2021-09-14,-29.75,-55.5,2,10.6,11.565742183676418,7.345583225863255,1.5745165261968983,1.4430440271479308
A826,2021-09-15,-29.75,-55.5,2,6.8,7.415811682950536,3.6427624872164346,2.035765908146601,1.8667151712095629
A826,2021-09-16,-29.75,-55.5,2,10.5,10.357110046139686,6.346061106819997,1.6320533117793472,1.6545696335504618
A826,2021-09-17,-29.75,-55.5,2,9.8,10.678913957925381,6.0994376964156105,1.7508030230722647,1.6067054846316504
A826,2021-09-18,-29.75,-55.5,2,8.6,9.079286685647611,4.979246216212761,1.823425934649474,1.7271690586414103
A826,2021-09-19,-29.75,-55.5,2,10.8,11.978336700250335,6.4942296002143935,1.8444584558351456,1.6630148092767556
A826,2021-09-20,-29.75,-55.5,2,10.9,9.817407676738755,7.36229777644137,1.3334706058960961,1.480516046889455
A826,2021-09-21,-29.75,-55.5,2,12.2,12.872633679392958,7.184232477664189,1.7917896893529037,1.6981633094321285
A826,2021-09-22,-29.75,-55.5,2,13.0,13.704231895078793,8.035680281961799,1.7054227413504184,1.6177846235597406
A826,2021-09-23,-29.75,-55.5,2,9.9,9.375028699210834,6.864215262622782,1.365783026977607,1.4422624613636112
A826,2021-09-24,-29.75,-55.5,2,7.6,8.050727732816659,4.844768670133053,1.6617362522276136,1.5687023504037148
A826,2021-09-25,-29.75,-55.5,2,9.0,7.0242745456590265,4.267246040554578,1.6460908227232525,2.109088605265973
A826,2021-09-26,-29.75,-55.5,2,6.3,7.081266145587646,3.769144287716923,1.8787463692128827,1.6714669216911533
A826,2021-09-27,-29.75,-55.5,2,7.1,8.211933596799284,4.238332108662717,1.9375389625591004,1.6751872713061646
A826,2021-09-28,-29.75,-55.5,2,8.3,10.038831392590552,5.817960474357813,1.7254897892201029,1.4266167734520672
A826,2021-09-29,-29.75,-55.5,2,9.7,14.40976643234136,8.103404837495997,1.7782360281032272,1.1970276932378168
A826,2021-09-30,-29.75,-55.5,2,12.4,11.177945210232167,7.874691680616519,1.4194771888970048,1.5746648253572246
A826,2021-10-01,-29.75,-55.5,2,8.5,7.258772338703449,5.3432277934628765,1.3584995099000137,1.590798732256792
A826,2021-10-02,-29.75,-55.5,2,8.2,9.654604703355446,5.335151640892761,1.809621422820493,1.536975994674417
A826,2021-10-03,-29.75,-55.5,2,13.6,8.971230079858778,6.648774942012295,1.3493057229492529,2.0454896005073486
A826,2021-10-04,-29.75,-55.5,2,8.4,8.58408736411282,5.252575950201712,1.6342623972497095,1.5992153335122017
A826,2021-10-05,-29.75,-55.5,2,8.7,7.120021185720592,4.641704850970811,1.533923722925089,1.8743113315747333
A826,2021-10-06,-29.75,-55.5,2,7.6,7.396199719415916,5.398971320235624,1.3699275807772078,1.4076755643273757
A826,2021-10-07,-29.75,-55.5,2,10.8,13.583477086259407,7.6866370097031895,1.7671547477931338,1.4050357765517836
A826,2021-10-08,-29.75,-55.5,2,11.2,11.928023903688892,6.902779173663816,1.7280031134702816,1.6225348831571167
A826,2021-10-09,-29.75,-55.5,2,11.6,12.911670230544532,7.222274847908456,1.7877566975014394,1.6061421427847373
A826,2021-10-10,-29.75,-55.5,2,8.8,10.547680695976764,5.9522165624124685,1.7720592967977842,1.4784408308613872
A826,2021-10-11,-29.75,-55.5,2,8.8,10.815118406655882,4.900923824655548,2.2067509705511497,1.7955798365461213
A826,2021-10-12,-29.75,-55.5,2,4.3,4.617267655110971,2.6001898309550575,1.7757425246967582,1.6537254122021534
A826,2021-10-13,-29.75,-55.5,2,11.7,8.444697799973524,5.316685122811649,1.588338900067806,2.200619320072246
A826,2021-10-14,-29.75,-55.5,2,10.1,10.576363033512347,5.4909393135500055,1.9261482288491203,1.8393938492593067
A826,2021-10-15,-29.75,-55.5,2,15.5,15.885256726492432,7.547634619281771,2.104666896024713,2.0536235233754563
A826,2021-10-16,-29.75,-55.5,2,10.0,12.904516860112732,7.599771439878908,1.6980138103098463,1.3158290455323662
A826,2021-10-17,-29.75,-55.5,2,9.7,9.276104036875758,5.584241569790475,1.6611215544573594,1.7370308713854496
A826,2021-10-18,-29.75,-55.5,2,8.3,8.665028084443929,5.241867236081729,1.6530422641762663,1.583405230652925
A826,2021-10-19,-29.75,-55.5,2,8.0,9.342001061992903,4.686676637389512,1.99331035289783,1.7069664965099909
A826,2021-10-20,-29.75,-55.5,2,9.3,8.951376389674744,5.310340904733358,1.685650045874825,1.7512999950173578
A826,2021-10-21,-29.75,-55.5,2,9.3,6.925802153645232,4.920404403845372,1.407567668265765,1.890088544903323
A826,2021-10-22,-29.75,-55.5,2,9.0,7.151589659376101,4.776630320902421,1.4972039238793327,1.8841734434871824
A826,2021-10-23,-29.75,-55.5,2,13.2,7.439863043912255,5.476563634380007,1.358491116072736,2.4102705421215016
A826,2021-10-24,-29.75,-55.5,2,6.4,9.839549138005166,4.030933177340799,2.4410102338874053,1.5877216809190748
A826,2021-10-25,-29.75,-55.5,2,7.8,11.371110260456945,5.644934362092038,2.014391936391402,1.3817698310860933
A826,2021-10-26,-29.75,-55.5,2,5.2,5.284386399853373,2.934435205713498,1.800818907012974,1.7720616184931703
A826,2021-10-27,-29.75,-55.5,2,9.0,7.09017401536648,4.538009915916699,1.562397206427045,1.983248200589698
A826,2021-10-28,-29.75,-55.5,2,9.5,11.418737068425454,6.64853409727514,1.7174819142621758,1.4288864072899192
A826,2021-10-29,-29.75,-55.5,2,10.4,11.81127100830657,6.337020578972093,1.8638523989490399,1.6411497911983977
A826,2021-10-30,-29.75,-55.5,2,10.1,10.339055676828401,6.83925612702199,1.5117222523628935,1.476768790701487
A826,2021-10-31,-29.75,-55.5,2,6.3,8.497788307063374,3.657661275722189,2.323284652810155,1.7224120893359904
A826,2021-11-01,-29.75,-55.5,2,5.2,4.745496069757065,3.1636764856407464,1.499994102208573,1.643657315658441
A826,2021-11-02,-29.75,-55.5,2,10.2,5.035346354225066,3.3711789465801867,1.4936455269848712,3.025647751611391
A826,2021-11-03,-29.75,-55.5,2,8.5,10.996196351284457,6.319908070835078,1.7399297945534007,1.3449562722637605
A826,2021-11-04,-29.75,-55.5,2,5.1,3.060412085387211,2.3696885809860695,1.2914828175918875,2.1521815317512307
A826,2021-11-05,-29.75,-55.5,2,8.7,10.928442609700388,8.195210978299766,1.3335157128520536,1.0615956102944601
A826,2021-11-06,-29.75,-55.5,2,14.0,13.477721747596117,8.38045642092602,1.6082324244228767,1.6705534038745153
A826,2021-11-07,-29.75,-55.5,2,10.2,9.521355593497447,6.186105156783294,1.5391519141986982,1.6488565489086975
A826,2021-11-08,-29.75,-55.5,2,8.9,8.694671910364773,4.510706102685652,1.927563381969845,1.9730835477622861
A826,2021-11-09,-29.75,-55.5,2,8.8,11.35871258759068,6.060797505831437,1.8741283761191194,1.4519541350017091
A826,2021-11-10,-29.75,-55.5,2,12.0,12.268392418066849,8.088232859784949,1.516819882754098,1.483636810169565
A826,2021-11-11,-29.75,-55.5,2,11.6,13.56842975312712,7.570583654880349,1.792256762710796,1.532246459296715
A826,2021-11-12,-29.75,-55.5,2,13.9,14.41085236538456,7.916736056529638,1.8203022385088417,1.7557740842623433
A826,2021-11-13,-29.75,-55.5,2,12.4,11.797420121943524,6.893303393874824,1.7114320156612208,1.7988472712543389
A826,2021-11-14,-29.75,-55.5,2,7.9,10.712707567203145,3.826020246207232,2.799961024205961,2.064808728555825
A826,2021-11-15,-29.75,-55.5,2,8.9,8.755059433355715,5.685871372263575,1.5397920318887341,1.565283387066293
A826,2021-11-16,-29.75,-55.5,2,9.1,10.427832331226679,3.587920029469868,2.9063725628152977,2.5362884136925894
A826,2021-11-17,-29.75,-55.5,2,11.7,9.147013443440889,7.882328126816938,1.16044565720644,1.4843330310235034
A826,2021-11-18,-29.75,-55.5,2,7.8,8.498392315760128,5.789118532639671,1.4679941804344272,1.3473553799292177
A826,2021-11-19,-29.75,-55.5,2,8.0,7.275911757661572,3.4224598059415348,2.1259305207997716,2.337500059492784
A826,2021-11-20,-29.75,-55.5,2,7.2,8.756445658313998,4.202794987950513,2.083481512521758,1.713145661552021
A826,2021-11-21,-29.75,-55.5,2,8.1,7.131721321192668,3.171927778336073,2.2483870439615807,2.5536520898496278
A826,2021-11-22,-29.75,-55.5,2,8.8,10.000711068357683,5.451278729213279,1.8345624146430266,1.6143001371111332
A826,2021-11-23,-29.75,-55.5,2,11.1,15.560198120920845,8.311006937084965,1.8722398186781553,1.3355782378751397
A826,2021-11-24,-29.75,-55.5,2,8.9,11.137711792280818,5.622295848079846,1.9809899893625529,1.5829832225992826
A826,2021-11-25,-29.75,-55.5,2,11.5,17.986198813197642,10.02913800855924,1.7933942875098088,1.1466588644194018
A826,2021-11-26,-29.75,-55.5,2,10.8,9.129074029196097,5.976668529956841,1.5274519547869287,1.8070267651396739
A826,2021-11-27,-29.75,-55.5,2,6.7,7.313798756541843,5.491531787253954,1.3318321808711802,1.2200603146012823
A826,2021-11-28,-29.75,-55.5,2,10.0,11.295342223042931,6.458972889100842,1.7487830367121056,1.5482337782953763
A826,2021-11-29,-29.75,-55.5,2,10.1,9.064731004366514,8.141129023767746,1.113448881340947,1.2406141667222566
A826,2021-11-30,-29.75,-55.5,2,8.5,8.269614479719763,4.827050164080155,1.7131817981211357,1.7609098126329013
A826,2021-12-01,-29.75,-55.5,2,7.8,6.401288452633911,3.969558946008074,1.6125943813156545,1.9649538163034335
A826,2021-12-02,-29.75,-55.5,2,9.0,9.439287640514422,5.7831952682529995,1.6321924477168592,1.5562331172536632
A826,2021-12-03,-29.75,-55.5,2,9.3,9.861775771826071,6.422405828085454,1.535526722509516,1.448055487140147
A826,2021-12-04,-29.75,-55.5,2,10.7,8.83332992942001,6.024229912135485,1.4663002671305332,1.7761606306634194
A826,2021-12-05,-29.75,-55.5,2,9.1,8.86617813289446,6.123159724907501,1.4479743353466734,1.4861608073007548
A826,2021-12-06,-29.75,-55.5,2,9.4,10.057022990428301,6.107514251112396,1.646663859784946,1.5390876899366916
A826,2021-12-07,-29.75,-55.5,2,11.0,12.350660924002764,8.034979579905139,1.5371116754161778,1.369014057921211
A826,2021-12-08,-29.75,-55.5,2,12.2,11.408525440358547,8.414963314636942,1.3557427422784623,1.4497983584526606
A826,2021-12-09,-29.75,-55.5,2,11.3,10.716062146133487,6.899579228579264,1.5531471979835645,1.6377810335438172
A826,2021-12-10,-29.75,-55.5,2,12.3,11.64944982262791,7.7783005951238176,1.497685732270478,1.5813222759365737
A826,2021-12-11,-29.75,-55.5,2,9.1,6.762881091386839,4.430075942548669,1.5265835572778201,2.0541408585345096
A826,2021-12-12,-29.75,-55.5,2,9.6,6.949925678154709,4.985065671628344,1.3941492722370805,1.9257519624338697
A826,2021-12-13,-29.75,-55.5,2,7.8,9.764455951938787,4.854451145397859,2.0114438603828027,1.6067727877732572
A826,2021-12-14,-29.75,-55.5,2,8.9,10.677686837389045,6.842938134898877,1.560395056464563,1.300610910773859
A826,2021-12-15,-29.75,-55.5,2,8.6,10.208103827797885,6.593225626301822,1.548271575460048,1.3043691339323675
A826,2021-12-16,-29.75,-55.5,2,8.1,9.335630925208207,5.424624851801436,1.7209726350215693,1.4931908143491457
A826,2021-12-17,-29.75,-55.5,2,10.9,12.309246044117044,7.273724161849707,1.6922893651478261,1.4985445911146749
A826,2021-12-18,-29.75,-55.5,2,11.7,12.009392351727186,7.750000860436862,1.5495988410832544,1.5096772517442634
A826,2021-12-19,-29.75,-55.5,2,12.6,9.829960553176539,7.699446508256686,1.276710026186317,1.6364812699832498
A826,2021-12-20,-29.75,-55.5,2,8.0,7.6117514824471355,3.9651894155927807,1.9196438516945873,2.017558094082633
A826,2021-12-21,-29.75,-55.5,2,9.6,7.8993199859476,4.106566635770858,1.9235825658201675,2.3377192802322444
A826,2021-12-22,-29.75,-55.5,2,10.0,9.188306359884786,6.534805266996575,1.406056643537562,1.5302674818030262
A826,2021-12-23,-29.75,-55.5,2,9.9,10.00400378091129,6.3875656662979035,1.5661684440591273,1.5498862191326526
A826,2021-12-24,-29.75,-55.5,2,8.1,9.785393619060637,5.584005794312278,1.7523967523507555,1.4505715606975995
A826,2021-12-25,-29.75,-55.5,2,7.0,7.819652670444365,3.732488608555945,2.0950238541972923,1.8754243439494958
A826,2021-12-26,-29.75,-55.5,2,11.8,11.041882134782965,6.4973160018377225,1.6994528404744116,1.816134538732986
A826,2021-12-27,-29.75,-55.5,2,7.7,7.226847039535065,5.09774217788944,1.4176564422736486,1.5104726232325745
A826,2021-12-28,-29.75,-55.5,2,8.4,7.357736565776529,5.251546788784458,1.4010608420151918,1.5995287365504545
A826,2021-12-29,-29.75,-55.5,2,10.7,10.856862714767365,6.883105118504057,1.5773204865897714,1.5545309588887246
A826,2021-12-30,-29.75,-55.5,2,13.1,11.189951794775961,7.265950953506626,1.5400533070451805,1.8029298688945594
A826,2021-12-31,-29.75,-55.5,2,20.4,8.091834729437132,2.7866399860293116,2.9037962456597066,7.320644253392773
A826,2022-01-01,-29.75,-55.5,2,14.3,10.134470799861644,3.86480042382643,2.622249453654269,3.700061693183622
A826,2022-01-02,-29.75,-55.5,2,10.4,9.966851658222849,6.2871239405510995,1.5852799710115468,1.654174483967368
A826,2022-01-03,-29.75,-55.5,2,7.8,8.421684791743836,3.248759221420359,2.59227730273648,2.4009166172031167
A826,2022-01-04,-29.75,-55.5,2,8.5,13.4404012334622,4.603514024474659,2.919596022083583,1.8464155761901904
A826,2022-01-05,-29.75,-55.5,2,12.1,11.934956848937153,8.026023206720788,1.4870324370533994,1.5075959399005683
A826,2022-01-06,-29.75,-55.5,2,10.1,10.934584749312943,6.989679661357485,1.5643899690804008,1.4449875372455125
A826,2022-01-07,-29.75,-55.5,2,11.4,13.674869207332284,7.212949164190071,1.8958776633590497,1.5804908284391168
A826,2022-01-08,-29.75,-55.5,2,10.6,13.542522307882543,7.2985300589574456,1.855513671723785,1.452347241755986
A826,2022-01-09,-29.75,-55.5,2,11.8,10.417786400652478,7.061825006361926,1.4752257937951168,1.670956160676525
A826,2022-01-10,-29.75,-55.5,2,8.4,6.939975787252442,5.365604084839525,1.2934192828094218,1.565527360420449
A826,2022-01-11,-29.75,-55.5,2,5.6,6.504896662283577,3.5859961728259684,1.813972003533219,1.5616302221502043
A826,2022-01-12,-29.75,-55.5,2,8.6,7.7956889865672645,3.894143399524973,2.001900851293309,2.208444609679518
A826,2022-01-13,-29.75,-55.5,2,5.9,9.25625606269666,4.178681613193399,2.2151139808000155,1.411928580864324
A826,2022-01-14,-29.75,-55.5,2,8.3,11.777077166356738,5.481523919493362,2.1485042005335724,1.514177466321654
A826,2022-01-15,-29.75,-55.5,2,8.1,13.529420591510279,5.8377394142139085,2.317578711815815,1.3875233930925162
A826,2022-01-16,-29.75,-55.5,2,13.4,17.94188894044467,9.646379232461156,1.8599609768676924,1.389122247537966
A826,2022-01-17,-29.75,-55.5,2,9.7,11.154384729070387,5.5688372554623395,2.0030006655571264,1.7418357827723374
A826,2022-01-18,-29.75,-55.5,2,10.1,7.603185694853415,5.293505209485469,1.4363234556243023,1.9079985001057032
A826,2022-01-19,-29.75,-55.5,2,7.6,8.466891686225834,4.80148782695022,1.7633891808914117,1.582842709158199
A826,2022-01-20,-29.75,-55.5,2,19.5,11.026833119829131,5.366832247423211,2.0546260086894774,3.633428268484184
A826,2022-01-21,-29.75,-55.5,2,11.1,7.631793131752294,6.299551236633232,1.211482031826615,1.7620302753394774
A826,2022-01-22,-29.75,-55.5,2,9.7,10.759075506908964,5.691224212805935,1.8904676928207744,1.704378467144879
A826,2022-01-23,-29.75,-55.5,2,8.8,8.338770317392768,2.9786969192237054,2.7994692120492677,2.954311982265526
A826,2022-01-24,-29.75,-55.5,2,9.3,11.108784792535841,4.805595142539478,2.311635596224091,1.9352441735417374
A826,2022-01-25,-29.75,-55.5,2,10.6,12.171294324238897,5.8853764340840415,2.068057066622137,1.8010742590078197
A826,2022-01-26,-29.75,-55.5,2,10.0,14.189662674613622,5.7247059561810305,2.47867100655063,1.7468146096137716
A826,2022-01-27,-29.75,-55.5,2,12.5,15.892791218360511,8.423725560564126,1.886670108623077,1.4839039935630205
A826,2022-01-28,-29.75,-55.5,2,10.8,11.008879977113017,7.1658852365495305,1.5362902996216472,1.5071410779668508
A826,2022-01-29,-29.75,-55.5,2,10.0,11.308012347699167,6.677272639701282,1.6935076576721972,1.4976174464619982
A826,2022-01-30,-29.75,-55.5,2,9.4,9.947835500877877,6.282222231382078,1.5834899076292899,1.496285813170289
A826,2022-01-31,-29.75,-55.5,2,9.4,5.89389287827433,4.83720929051881,1.218449011463423,1.9432692355124068
A826,2022-02-01,-29.75,-55.5,2,7.0,8.63190857841832,5.601425407722553,1.5410199993947453,1.2496819095991647
A826,2022-02-02,-29.75,-55.5,2,5.4,7.402145067980246,3.0386421649099913,2.436004197354876,1.7771095466122302
A826,2022-02-03,-29.75,-55.5,2,12.8,13.584615952907674,6.572148032681007,2.066997865135737,1.9476128560023378
A826,2022-02-04,-29.75,-55.5,2,6.3,9.525570338444817,3.728767708281814,2.5546161852045546,1.6895662301535508
A826,2022-02-05,-29.75,-55.5,2,11.4,13.502214220795361,6.777102962213276,1.9923283290926699,1.6821346914105273
A826,2022-02-06,-29.75,-55.5,2,9.7,8.572979973322328,6.525044593699902,1.313857683302235,1.4865798786058257
A826,2022-02-07,-29.75,-55.5,2,8.7,7.779438837486021,4.714039986211984,1.6502700147304585,1.8455507431940508
A826,2022-02-08,-29.75,-55.5,2,6.7,6.860351404118283,3.9483166622336543,1.7375382956840204,1.6969256959773977
A826,2022-02-09,-29.75,-55.5,2,8.1,7.627332015060242,4.858834967746371,1.5697861865429765,1.6670662934157956
A826,2022-02-10,-29.75,-55.5,2,9.6,6.892651334685302,5.676984417433468,1.2141395550635365,1.6910386384925298
A826,2022-02-11,-29.75,-55.5,2,7.8,8.143498355630893,5.643416343392875,1.4430086068636476,1.3821415124071044
A826,2022-02-12,-29.75,-55.5,2,8.6,9.787734993061576,6.1877359288233205,1.5817958467601967,1.389845995195112
A826,2022-02-13,-29.75,-55.5,2,9.4,9.12559423891458,6.074617679181966,1.5022499720745344,1.5474224875442442
A826,2022-02-14,-29.75,-55.5,2,7.5,6.186451885018528,2.8784984348057288,2.1491941111429003,2.605525127029009
A826,2022-02-15,-29.75,-55.5,2,6.7,7.6642976889755685,3.8046629817584368,2.014448513763836,1.7609969745344956
A826,2022-02-16,-29.75,-55.5,2,7.3,7.955803885491855,4.648350822217618,1.7115325821505722,1.5704494516868979
A826,2022-02-17,-29.75,-55.5,2,13.5,6.876930438638236,3.786177735164252,1.8163253073854708,3.5656012327731736
A826,2022-02-18,-29.75,-55.5,2,9.0,7.855716903696019,5.204187661675829,1.509499159983473,1.7293765300350181
A826,2022-02-19,-29.75,-55.5,2,8.1,9.355810605154765,5.69789336028803,1.641977133226275,1.4215780267938434
A826,2022-02-20,-29.75,-55.5,2,8.0,11.612920154083941,4.1747610383233695,2.78169697558254,1.916277345352655
A826,2022-02-21,-29.75,-55.5,2,7.8,13.8256520583213,5.4789933233742785,2.5233927552601343,1.4236191832400906
A826,2022-02-22,-29.75,-55.5,2,6.8,9.492336103214859,5.020911027329989,1.890560508151979,1.3543358890420514
A826,2022-02-23,-29.75,-55.5,2,7.6,8.022085597408628,4.610612054330739,1.7399177165368964,1.64837117294684
A826,2022-02-24,-29.75,-55.5,2,15.0,7.736540016751787,5.934576499708031,1.3036380973659045,2.5275603070813846
A826,2022-02-25,-29.75,-55.5,2,7.6,7.698865088042459,4.7269712827002905,1.628709934460289,1.6077948321400604
A826,2022-02-26,-29.75,-55.5,2,6.6,5.060628500894127,3.810051740714508,1.3282309126713054,1.7322599400611516
A826,2022-02-27,-29.75,-55.5,2,15.1,15.386811549383358,6.465300066641828,2.3799067933092073,2.335545116909502
A826,2022-02-28,-29.75,-55.5,2,14.4,12.835643036686703,6.517527331320636,1.9694037913740265,2.209426868192688
A826,2022-03-01,-29.75,-55.5,2,8.3,6.080473777954833,5.455419348251738,1.1145749556179219,1.5214229136500472
A826,2022-03-02,-29.75,-55.5,2,7.1,7.22722858192229,3.852563326756804,1.8759532209964669,1.8429288236974886
A826,2022-03-03,-29.75,-55.5,2,6.1,6.857031528063374,3.6842387346824146,1.861180021672634,1.6557016087411138
A826,2022-03-04,-29.75,-55.5,2,5.9,6.978470172002737,4.816318699721845,1.448922010166346,1.2250019917371209
A826,2022-03-05,-29.75,-55.5,2,10.6,8.452331112299085,4.969449762205649,1.7008585490856414,2.1330329326632085
A826,2022-03-06,-29.75,-55.5,2,12.1,13.520220904123597,4.4288214009439555,3.052780792027854,2.7321038498913084
A826,2022-03-07,-29.75,-55.5,2,16.0,14.351314552604638,7.27097671836801,1.9737808424486099,2.2005296701859396
A826,2022-03-08,-29.75,-55.5,2,6.6,6.751491769328444,5.9271426895770025,1.1390803499974913,1.113521361921357
A826,2022-03-09,-29.75,-55.5,2,18.6,10.28542366142266,4.898434203396225,2.0997370250051497,3.7971317420379123
A826,2022-03-10,-29.75,-55.5,2,8.6,9.82465371789421,4.734241936612884,2.07523270872871,1.8165527058283113
A826,2022-03-11,-29.75,-55.5,2,9.6,8.5282842291321,5.968965199977776,1.4287709751036664,1.6083189763002375
A826,2022-03-12,-29.75,-55.5,2,8.9,6.2551552028324355,5.427038951778378,1.1525908065912616,1.639936635627716
A826,2022-03-13,-29.75,-55.5,2,9.1,10.492500540962544,5.621939838354687,1.866348776872232,1.6186583744487737
A826,2022-03-14,-29.75,-55.5,2,6.3,8.026993015110486,3.9042402485965066,2.0559679999190683,1.6136302068666801
A826,2022-03-15,-29.75,-55.5,2,6.7,6.919005414782698,3.778803180051633,1.8310044437636357,1.7730481532802278
A826,2022-03-16,-29.75,-55.5,2,7.4,7.276126092816701,4.929326758380844,1.476089220590992,1.501219205527107
A826,2022-03-17,-29.75,-55.5,2,7.7,5.159795655128668,3.9926286515055933,1.292330468345195,1.9285540109262058
A826,2022-03-18,-29.75,-55.5,2,11.3,15.148651483409587,8.295923883024129,1.8260354961076886,1.3621147155319355
A826,2022-03-19,-29.75,-55.5,2,11.9,10.013744063343347,6.811220050553277,1.470183607198233,1.7471172435595237
A826,2022-03-20,-29.75,-55.5,2,12.3,12.50918234655059,8.117269752630577,1.5410578590783828,1.5152878215010557
A826,2022-03-21,-29.75,-55.5,2,12.2,15.073290463781708,7.8252667859902845,1.9262334276919082,1.5590522768938535
A826,2022-03-22,-29.75,-55.5,2,10.0,11.664367187528883,6.646347722266583,1.7550040525943202,1.5045857390966797
A826,2022-03-23,-29.75,-55.5,2,9.3,12.400131546731428,6.023150477179981,2.058745102535962,1.5440424467618863
A826,2022-03-24,-29.75,-55.5,2,8.6,8.084364118606926,5.730503147851026,1.4107599123540508,1.500740821200849
A826,2022-03-25,-29.75,-55.5,2,8.0,8.857808221128574,6.97568592674171,1.2698117882818714,1.1468406238491213
A826,2022-03-26,-29.75,-55.5,2,6.4,7.148237278162219,5.703210987135236,1.2533706528281239,1.1221748615712297
A826,2022-03-27,-29.75,-55.5,2,4.1,3.262506479224364,2.01170382748782,1.6217628234562362,2.0380733704324694
A826,2022-03-28,-29.75,-55.5,2,6.8,5.787743111982116,3.7878137889580183,1.527990401443217,1.7952308056491333
A826,2022-03-29,-29.75,-55.5,2,9.5,13.325086377318348,6.607976867327338,2.0165152882424984,1.4376563645330027
A826,2022-03-30,-29.75,-55.5,2,17.2,18.466938413365455,9.711298350867995,1.9015931491503275,1.7711328988736779
A826,2022-03-31,-29.75,-55.5,2,7.2,5.313886974429962,5.411644687070239,0.9819356742186263,1.3304642888330391
A826,2022-04-01,-29.75,-55.5,2,8.4,12.752249790406463,6.020011267891141,2.118309953740947,1.3953462254801707
A826,2022-04-02,-29.75,-55.5,2,8.2,9.549194410307347,5.344484921114515,1.7867380208298915,1.5342919141944193
A826,2022-04-03,-29.75,-55.5,2,6.7,8.698005366547621,4.7764705304043344,1.8210109978028741,1.4027093765891687
A826,2022-04-04,-29.75,-55.5,2,6.3,5.163526227588378,4.031815091032426,1.2806951983172807,1.5625716600973285
A826,2022-04-05,-29.75,-55.5,2,6.3,7.960975820417037,4.610099483639315,1.7268555372111982,1.3665648696645132
A826,2022-04-06,-29.75,-55.5,2,6.0,8.38454591877481,4.228552828954362,1.9828405267549052,1.4189251601436614
A826,2022-04-07,-29.75,-55.5,2,5.4,5.975608331187905,3.8010467600302915,1.5720954538165912,1.4206612917219061
A826,2022-04-08,-29.75,-55.5,2,8.2,5.082102618482277,3.4757977133681157,1.4621399280332745,2.3591706641794294
A826,2022-04-09,-29.75,-55.5,2,7.7,5.881491834298122,4.009389878904956,1.466929386249779,1.9204917038656824
A826,2022-04-10,-29.75,-55.5,2,6.8,10.153160189163227,5.108269488316601,1.9875929044826368,1.3311748754744923
A826,2022-04-11,-29.75,-55.5,2,11.0,10.797250426864874,4.351227465900612,2.4814263357822575,2.5280222847929723
A826,2022-04-12,-29.75,-55.5,2,5.7,7.875995165264176,3.761145655096584,2.094041520192582,1.515495682087225
A826,2022-04-13,-29.75,-55.5,2,9.3,8.269362789399134,5.542374904311321,1.4920251574765422,1.6779810389163112
A826,2022-04-14,-29.75,-55.5,2,8.2,8.120051789059854,4.778008516825859,1.699463649021327,1.716196187412292
A826,2022-04-15,-29.75,-55.5,2,6.0,7.165795648522648,3.996807396400564,1.7928799008368541,1.501198182680373
A826,2022-04-16,-29.75,-55.5,2,8.5,8.173368813003698,4.629362394723075,1.7655495759676043,1.8361059850680503
A826,2022-04-17,-29.75,-55.5,2,7.2,8.561533309006863,4.907133766383449,1.7447116212030025,1.4672516264634845
A826,2022-04-18,-29.75,-55.5,2,7.5,7.80665376304008,4.122771613566677,1.8935450456074177,1.8191645579687175
A826,2022-04-19,-29.75,-55.5,2,4.6,5.441660457221215,2.7712082065364463,1.9636418672498068,1.6599258002881139
A826,2022-04-20,-29.75,-55.5,2,6.1,6.681762318413283,3.7402613210890205,1.786442642587286,1.6309020884733032
A826,2022-04-21,-29.75,-55.5,2,6.8,5.53412458779469,3.5320676940430227,1.5668229114431238,1.9252179145570962
A826,2022-04-22,-29.75,-55.5,2,6.6,9.305361635912629,5.154921446360139,1.805141306757078,1.280329888374967
A826,2022-04-23,-29.75,-55.5,2,12.7,5.686284630421488,5.777110792075136,0.9842782724924992,2.1983306980059085
A826,2022-04-24,-29.75,-55.5,2,7.5,6.87892908706409,4.745872653365773,1.449455050629214,1.5803205327646117
A826,2022-04-25,-29.75,-55.5,2,16.1,9.95774284792932,8.778177794601769,1.134374705198263,1.8340936327241928
A826,2022-04-26,-29.75,-55.5,2,24.1,11.453069964686371,5.494516473758171,2.0844545683658007,4.386191235407462
A826,2022-04-27,-29.75,-55.5,2,13.4,22.588301399637352,9.718594036451664,2.324235513379312,1.378800261616077
A826,2022-04-28,-29.75,-55.5,2,19.3,15.804675889838261,7.884058828713575,2.004636981180045,2.4479776748633344
A826,2022-04-29,-29.75,-55.5,2,10.8,12.070162350091001,6.960025701630298,1.7342123244262904,1.5517184078027524
A826,2022-04-30,-29.75,-55.5,2,9.5,11.95342335069455,6.100358111202889,1.9594625647866326,1.5572856259952843
A826,2022-05-01,-29.75,-55.5,2,6.6,10.976777532820117,5.270485423017369,2.082688149535926,1.2522565703675694
A826,2022-05-02,-29.75,-55.5,2,11.1,11.00152846966096,6.440979874068825,1.7080519866166255,1.7233402707386554
A826,2022-05-03,-29.75,-55.5,2,12.5,14.352220793087712,7.24722919572989,1.980373520068073,1.7247971138218001
A826,2022-05-04,-29.75,-55.5,2,12.2,12.504766811445243,7.598574283883945,1.645672772847269,1.60556435249641
A826,2022-05-05,-29.75,-55.5,2,5.9,6.811044643682226,4.381228771661867,1.5545968947653679,1.3466541711224178
A826,2022-05-06,-29.75,-55.5,2,4.7,5.441381709075591,3.068178707281877,1.7734891700282194,1.5318534050331658
A826,2022-05-07,-29.75,-55.5,2,7.8,5.728043597340343,4.7940485010291765,1.1948238729980847,1.6270173316614365
A826,2022-05-08,-29.75,-55.5,2,6.8,6.445677211251644,3.7654718204907067,1.7117847426651727,1.8058825890015135
A826,2022-05-09,-29.75,-55.5,2,5.2,5.350771328889389,3.360252030415139,1.5923720246151694,1.5475029708880412
A826,2022-05-10,-29.75,-55.5,2,3.9,4.518909583581764,2.3386177027484267,1.9322993998852316,1.6676517908064157
A826,2022-05-11,-29.75,-55.5,2,7.0,6.01194510640608,4.059740778549146,1.4808692067661042,1.7242480202151311
A826,2022-05-12,-29.75,-55.5,2,5.8,5.634613883499976,3.8682280426890556,1.4566395314126805,1.4993945382723726
A826,2022-05-13,-29.75,-55.5,2,8.5,8.628351809120266,4.716032666539961,1.8295784654627252,1.8023624094691109
A826,2022-05-14,-29.75,-55.5,2,7.9,7.683467587940308,4.193764242450166,1.8321171968053493,1.8837491912479327
A826,2022-05-15,-29.75,-55.5,2,9.0,10.369952337750295,5.569973220468314,1.8617598195343579,1.6158066913009854
A826,2022-05-16,-29.75,-55.5,2,8.6,10.951732864417211,7.0444775818322425,1.5546550808340718,1.220814446507639
A826,2022-05-17,-29.75,-55.5,2,11.5,14.640659560750679,10.436591834763044,1.4028199811344912,1.1018922826602138
A826,2022-05-18,-29.75,-55.5,2,12.9,13.678013274001996,10.130287792654228,1.350209742700531,1.273409034771369
A826,2022-05-19,-29.75,-55.5,2,4.9,4.582604060774802,3.303437811878202,1.3872227424100705,1.4833032371249808
A826,2022-05-20,-29.75,-55.5,2,5.4,5.126721408234237,3.0898021334704118,1.659239390347625,1.7476847276090184
A826,2022-05-21,-29.75,-55.5,2,4.3,4.463971550905367,2.4459594398366753,1.8250390739118063,1.758001351112807
A826,2022-05-22,-29.75,-55.5,2,4.5,4.246972312482434,2.66274861465367,1.594958040391213,1.689983040545227
A826,2022-05-23,-29.75,-55.5,2,4.3,4.495856045025701,2.8801598848136964,1.5609744683727917,1.492972672341121
A826,2022-05-24,-29.75,-55.5,2,7.5,6.2633209590214785,4.19874701159528,1.4917119182757763,1.786247177857576
A826,2022-05-25,-29.75,-55.5,2,9.0,10.046612888174884,6.521994926385055,1.5404202244210297,1.379945875699788
A826,2022-05-26,-29.75,-55.5,2,9.7,6.469169161745954,3.4172512105765005,1.8930914829216159,2.838538755938748
A826,2022-05-27,-29.75,-55.5,2,5.5,10.343788366941547,4.118196831524868,2.5117275327297786,1.335535969989925
A826,2022-05-28,-29.75,-55.5,2,4.1,6.026413016786218,3.1033462463339414,1.9419080368184398,1.3211545456274594
A826,2022-05-29,-29.75,-55.5,2,8.3,14.024267107816526,6.795418534626956,2.063782684812424,1.2214111548400222
A826,2022-05-30,-29.75,-55.5,2,7.6,7.670747546995528,4.772764915800713,1.60719157182889,1.5923683931801131
A826,2022-05-31,-29.75,-55.5,2,6.7,7.4180853850364965,4.547901760187366,1.6311006209445658,1.473206844231387
A826,2022-06-01,-29.75,-55.5,2,8.6,9.820302351327905,5.693042512880148,1.7249655749294148,1.5106158052645917
A826,2022-06-02,-29.75,-55.5,2,8.6,9.570731534497115,5.671081741534999,1.6876377330979175,1.5164655337294128
A826,2022-06-03,-29.75,-55.5,2,9.1,8.969476336931006,5.633062358534705,1.592291326819997,1.6154623224102083
A826,2022-06-04,-29.75,-55.5,2,8.1,7.6540628580311,5.474631328518332,1.3980964924815522,1.4795516837463836
A826,2022-06-05,-29.75,-55.5,2,5.9,4.715010366906967,2.5841052801708115,1.824620073759263,2.283188709559854
A826,2022-06-06,-29.75,-55.5,2,4.3,6.722868100187508,3.5275792134255015,1.9058021644421643,1.2189662484784938
A826,2022-06-07,-29.75,-55.5,2,3.4,5.008943756470477,4.2833364498994335,1.1694023607667055,0.7937737415140076
A826,2022-08-12,-29.75,-55.5,2,8.0,4.799194865071961,5.161483288362436,0.9298092422177702,1.54994205213016
A826,2022-08-13,-29.75,-55.5,2,5.3,3.3407170543522287,3.7172859101198874,0.8986979035584826,1.425771417143716
A826,2022-08-14,-29.75,-55.5,2,9.2,9.09207430873903,6.729898209737863,1.3509972997189175,1.3670340491462425
A826,2022-08-15,-29.75,-55.5,2,9.8,6.987230234140704,7.299057595702406,0.9572784078666126,1.3426390834030573
A826,2022-08-16,-29.75,-55.5,2,8.4,7.814612108343941,6.1723933519062895,1.2660586684629338,1.3608983616388826
A826,2022-08-17,-29.75,-55.5,2,5.9,8.202906499496201,5.043809373049422,1.6263315864645436,1.1697507902510076
A826,2022-08-18,-29.75,-55.5,2,11.9,13.979734652175816,8.296877129111875,1.6849393373711745,1.434274584861041
A826,2022-08-19,-29.75,-55.5,2,4.5,7.090263047608718,4.48763578706405,1.5799550997536247,1.0027551729958992
A826,2022-08-20,-29.75,-55.5,2,7.0,7.836805349080111,3.8517260412756342,2.0346216904057584,1.8173670518066505
A826,2022-08-21,-29.75,-55.5,2,5.0,5.934892316785526,3.6153615291461954,1.6415764423391184,1.3829875545477748
A826,2022-08-22,-29.75,-55.5,2,7.8,9.410741908786429,4.675609530994082,2.012730499928126,1.6682316922092595
A826,2022-08-23,-29.75,-55.5,2,7.8,7.291643447108378,5.031357998616225,1.4492396385059063,1.5502772814308254
A826,2022-08-24,-29.75,-55.5,2,8.0,5.174728856442691,3.928452077185725,1.3172437272417428,2.0364255036887355
A826,2022-08-25,-29.75,-55.5,2,8.4,7.7233200968226505,5.130651303740186,1.50532937040419,1.637219039593764
A826,2022-08-26,-29.75,-55.5,2,11.8,9.103698475926542,6.191752407290509,1.4702943330239349,1.9057609580941952
A826,2022-08-27,-29.75,-55.5,2,9.3,11.340974726651215,6.816766709634943,1.6636882571647453,1.3642831559506372
A826,2022-08-28,-29.75,-55.5,2,14.0,18.233765380756182,8.185275440618282,2.22763003066136,1.7103883799104624
A826,2022-08-29,-29.75,-55.5,2,10.1,12.322202496692064,6.595786269813672,1.868193114911251,1.5312806672077504
A826,2022-08-30,-29.75,-55.5,2,9.8,11.346855480286804,6.202777970793569,1.8293183366734491,1.5799372549113202
A826,2022-08-31,-29.75,-55.5,2,8.1,7.740643715069085,5.73479502281241,1.3497681581081138,1.4124306043684305
A826,2022-09-01,-29.75,-55.5,2,10.0,8.863642440367753,5.322989426007371,1.665162511325169,1.878643596611599
A826,2022-09-02,-29.75,-55.5,2,10.3,12.019783802418226,6.816497346910118,1.7633372670300722,1.5110399778368484
A826,2022-09-03,-29.75,-55.5,2,6.8,10.239034190254845,5.200641789365473,1.968802045007623,1.3075309308756802
A826,2022-09-04,-29.75,-55.5,2,9.0,10.073058043796092,5.11196283986919,1.9704873371211458,1.7605761782552982
A826,2022-09-05,-29.75,-55.5,2,7.2,7.953063952176604,4.609127010755247,1.7255033184415158,1.562117941900719
A826,2022-09-06,-29.75,-55.5,2,4.9,6.876637814041747,3.9678828556543855,1.733074806944533,1.234915489759813
A826,2022-09-07,-29.75,-55.5,2,12.5,3.5983193433517355,3.874018436235854,0.9288338201219304,3.2266237772852424
A826,2022-09-08,-29.75,-55.5,2,5.8,6.649470211798985,4.1149837584375275,1.6159165144126375,1.40948308437608
A826,2022-09-09,-29.75,-55.5,2,10.7,10.751130603775248,7.659893674911871,1.4035613364958286,1.3968862302939349
A826,2022-09-10,-29.75,-55.5,2,8.1,9.260977805060818,6.0153121323473675,1.5395672911568246,1.346563540143198
A826,2022-09-11,-29.75,-55.5,2,9.1,14.187438583023173,6.24073841362571,2.2733589589409875,1.4581607811235164
A826,2022-09-12,-29.75,-55.5,2,8.4,8.205215193866213,5.632510848522877,1.456759767452206,1.4913420010904899
A826,2022-09-13,-29.75,-55.5,2,8.8,8.541401815841139,5.4189131246931765,1.576220474345538,1.6239418860397885
A826,2022-09-14,-29.75,-55.5,2,7.6,9.462918864693307,5.501755550759615,1.719981699911546,1.3813772585644386
A826,2022-09-15,-29.75,-55.5,2,8.8,8.75251005864209,6.074363776067174,1.4408932986738032,1.4487113917463683
A826,2022-09-16,-29.75,-55.5,2,10.1,10.938540442354395,7.4157065853371655,1.4750503295239341,1.3619740592178229
A826,2022-09-17,-29.75,-55.5,2,11.3,11.355782305522814,7.178104366997382,1.5820029529987127,1.574231777954326
A826,2022-09-18,-29.75,-55.5,2,8.5,9.763314760970546,5.678100666348349,1.719468416407884,1.4969794477889113
A826,2022-09-19,-29.75,-55.5,2,15.3,9.754901381033054,5.388326750159857,1.8103767335089047,2.8394714555025993
A826,2022-09-20,-29.75,-55.5,2,6.5,7.03859365662802,4.043283665210765,1.7408112414148704,1.6076042489740014
A826,2022-09-21,-29.75,-55.5,2,12.2,10.500839043278473,7.076107780056759,1.4839851751373752,1.7241116697493464
A826,2022-09-22,-29.75,-55.5,2,10.8,12.804044015531195,8.387308730349819,1.526597437530735,1.2876597663467138
A826,2022-09-23,-29.75,-55.5,2,4.5,5.1399660209327065,2.7722204375484587,1.854097153066984,1.6232475379841937
A826,2022-09-24,-29.75,-55.5,2,8.0,8.32234817070581,5.2644732615652305,1.5808510666139113,1.51962021697522
A826,2022-09-25,-29.75,-55.5,2,8.8,8.67290840870667,6.00975376777065,1.4431387281153005,1.4642862819426974
A826,2022-09-26,-29.75,-55.5,2,5.1,6.969772583697259,3.0358749201056283,2.29580360427193,1.6799111077417357
A826,2022-09-27,-29.75,-55.5,2,8.7,9.693212253028674,5.96988584015229,1.6236846922321388,1.4573142992928765
A826,2022-09-28,-29.75,-55.5,2,14.2,15.532481862621998,8.924834056334358,1.7403664611106011,1.59106599745926
A826,2022-09-29,-29.75,-55.5,2,13.3,17.71309708798885,8.119176829457288,2.181637062481967,1.6380970976942024
A826,2022-09-30,-29.75,-55.5,2,8.9,8.186677050661388,5.5225575968372205,1.4824068209537395,1.6115721464085857
A826,2022-10-01,-29.75,-55.5,2,6.0,5.1364179459389065,3.1593637965899943,1.6257760348722143,1.899116526712118
A826,2022-10-02,-29.75,-55.5,2,9.9,7.262223852175407,5.275157933574297,1.3766836829574751,1.876721062129801
A826,2022-10-03,-29.75,-55.5,2,8.0,6.965215608981365,4.584045134993171,1.5194474320968354,1.7451835146496475
A826,2022-10-04,-29.75,-55.5,2,9.6,8.56089384946643,5.878343005403042,1.4563447287097298,1.6331132754887254
A826,2022-10-05,-29.75,-55.5,2,11.6,9.186689017577937,6.831945903010798,1.3446665339562214,1.6979057159817306
A826,2022-10-06,-29.75,-55.5,2,11.4,10.483267089698225,7.729839890208798,1.3562075332216295,1.4748041566087424
A826,2022-10-07,-29.75,-55.5,2,10.1,8.079887578395677,5.8014429560499865,1.3927375722913269,1.7409461881319197
A826,2022-10-08,-29.75,-55.5,2,11.2,13.776948962956233,7.653698211935635,1.8000381752015822,1.4633448680448427
A826,2022-10-09,-29.75,-55.5,2,11.7,12.803671234232503,8.497092487632125,1.5068296894342135,1.3769415852575266
A826,2022-10-10,-29.75,-55.5,2,13.8,16.37784842045207,8.504767109043577,1.9257256795470181,1.6226193878167126
A826,2022-10-11,-29.75,-55.5,2,10.6,7.987267054273032,6.241373585348594,1.2797290444242695,1.6983440992673677
A826,2022-10-12,-29.75,-55.5,2,6.0,4.31258234675879,2.3874643858694014,1.806344158381383,2.5131264933257147
A826,2022-10-13,-29.75,-55.5,2,6.8,5.332495555678505,3.2063743739914137,1.6630919954117573,2.120775432575301
A826,2022-10-14,-29.75,-55.5,2,12.6,16.851695719892398,8.709609797421283,1.9348393454873032,1.4466778986735516
A826,2022-10-15,-29.75,-55.5,2,12.5,15.136356372648551,7.485716414673476,2.0220317647858415,1.6698468533349116
A826,2022-10-16,-29.75,-55.5,2,8.7,11.48836328784296,5.811995954299079,1.976664020102272,1.496904001380918
A826,2022-10-17,-29.75,-55.5,2,13.0,12.336690121057375,7.573704980207003,1.6288844301828338,1.716465063528879
A826,2022-10-18,-29.75,-55.5,2,11.3,13.590841871309266,8.534238428312989,1.5925078711441443,1.3240783105509903
A826,2022-10-19,-29.75,-55.5,2,8.8,11.29403843159493,5.7827956243245655,1.9530412563930237,1.5217553189989914
A826,2022-10-20,-29.75,-55.5,2,8.1,11.476827613378346,5.681804733477366,2.0199264409346083,1.425603374272008
A826,2022-10-21,-29.75,-55.5,2,10.8,12.748769730874809,8.296473133409325,1.5366493118065305,1.3017579670702657
A826,2022-10-22,-29.75,-55.5,2,7.7,8.88428405409748,3.29094793323663,2.699612462528337,2.339751389632923
A826,2022-10-23,-29.75,-55.5,2,8.1,7.16627071115181,5.049580727538589,1.4191813336243064,1.6040935747052276
A826,2022-10-24,-29.75,-55.5,2,10.0,8.469711819445566,5.571287392712978,1.520243208153938,1.7949172776618205
A826,2022-10-25,-29.75,-55.5,2,9.8,11.334098307739492,5.8636069103509305,1.9329567075397895,1.6713262245973923
A826,2022-10-26,-29.75,-55.5,2,12.8,7.740466459062459,5.960941319422229,1.2985308937435929,2.147311861348881
A826,2022-10-27,-29.75,-55.5,2,10.3,13.297253862192608,7.199989617611039,1.8468434773388807,1.430557618417448
A826,2022-10-28,-29.75,-55.5,2,5.4,6.767036772483044,2.925910438584005,2.312796961672536,1.8455793891672676
A826,2022-10-29,-29.75,-55.5,2,8.9,10.128879200735575,5.454615379939953,1.8569373815037127,1.6316457495300019
A826,2022-10-30,-29.75,-55.5,2,11.1,17.143349311338174,9.509352959783971,1.802788200610405,1.1672718477211896
A826,2022-10-31,-29.75,-55.5,2,15.4,18.84463237230186,10.028087991369691,1.8791849840687285,1.5356865649018485
A826,2022-11-01,-29.75,-55.5,2,8.6,10.136954339917725,5.840337236171834,1.735679624309194,1.4725177078365157
A826,2022-11-02,-29.75,-55.5,2,7.4,7.815140439396504,3.8363176039324824,2.0371463591506243,1.9289330978265473
A826,2022-11-03,-29.75,-55.5,2,8.6,7.012367363428082,4.7862408329940065,1.465109593961141,1.79681723090819
A826,2022-11-04,-29.75,-55.5,2,10.6,10.151557573136676,5.915096394234426,1.7162116889644643,1.7920248958803195
A826,2022-11-05,-29.75,-55.5,2,10.8,9.954577936015884,7.107602220184183,1.4005536083247392,1.5194997786074942
A826,2022-11-06,-29.75,-55.5,2,13.0,12.426828230381254,7.542663001052585,1.6475385720728979,1.7235292095359211
A826,2022-11-07,-29.75,-55.5,2,11.8,13.608940398413704,7.41525423137647,1.8352628209063468,1.5913142869829298
A826,2022-11-08,-29.75,-55.5,2,11.5,14.303625804828187,7.969001031891154,1.7949082636062526,1.4430917945647312
A826,2022-11-09,-29.75,-55.5,2,10.0,12.022250446024632,6.422504366454893,1.8718944760578962,1.5570250216147101
A826,2022-11-10,-29.75,-55.5,2,9.2,10.407592478571585,6.068356891229629,1.7150593917133141,1.516061129050669
A826,2022-11-11,-29.75,-55.5,2,12.2,11.146884928895885,6.171183449632885,1.80627994936028,1.9769303731727115
A826,2022-11-12,-29.75,-55.5,2,9.0,8.492372209035132,4.743359043484678,1.790370944130821,1.8973895750864789
A826,2022-11-13,-29.75,-55.5,2,5.9,7.617495244541242,3.465138724694748,2.198323313942441,1.702673534526311
A826,2022-11-14,-29.75,-55.5,2,12.2,11.800687186601348,8.263104423046071,1.4281178819051157,1.476442675221893
A826,2022-11-15,-29.75,-55.5,2,8.7,6.864882199046838,5.252027661885907,1.3070917826395805,1.6565030803504923
A826,2022-11-16,-29.75,-55.5,2,5.9,5.44175438658358,2.41305046145198,2.2551349312890743,2.445037969263956
A826,2022-11-17,-29.75,-55.5,2,9.1,8.347330090868876,4.554675744502215,1.8326946986170503,1.9979468375952518
A826,2022-11-18,-29.75,-55.5,2,10.6,10.371997994978885,6.116412742688103,1.6957648921548245,1.7330419718113077
A826,2022-11-19,-29.75,-55.5,2,8.2,9.325379809697035,5.603203508936175,1.6642943264196293,1.46344854098595
A826,2022-11-20,-29.75,-55.5,2,8.1,10.02435743115758,5.258266458426786,1.90639966810597,1.5404316354145788
A826,2022-11-21,-29.75,-55.5,2,9.4,13.52780484527224,4.843110394644889,2.7932059653709667,1.940901452585872
A826,2022-11-22,-29.75,-55.5,2,7.9,11.66978596757432,4.762273685533899,2.4504652059420686,1.658871480653748
A826,2022-11-23,-29.75,-55.5,2,6.5,5.330295229063231,2.8354036112533856,1.8799070467103562,2.292442590607651
A826,2022-11-24,-29.75,-55.5,2,6.0,6.120935285861238,3.4132294653660105,1.7932973296903354,1.7578659919826407
A826,2022-11-25,-29.75,-55.5,2,9.0,8.361210757484505,5.080526303926328,1.6457371259002833,1.7714700134599495
A826,2022-11-26,-29.75,-55.5,2,10.3,9.964520140947315,6.597793512881439,1.5102806902781554,1.5611279710240138
A826,2022-11-27,-29.75,-55.5,2,11.5,12.743980475043958,6.850301837875975,1.860353131387769,1.6787581441178838
A826,2022-11-28,-29.75,-55.5,2,10.2,12.360894025881972,7.222487010299212,1.7114456569122838,1.4122559148192133
A826,2022-11-29,-29.75,-55.5,2,12.5,14.024318138803315,7.432283606218348,1.8869460426765237,1.68185185903585
A826,2022-11-30,-29.75,-55.5,2,8.9,11.404079400848769,6.825311798409439,1.670851052329413,1.3039697324998463
A826,2022-12-01,-29.75,-55.5,2,10.0,7.567517584884398,5.498174428413042,1.37636913550388,1.8187855133010644
A826,2022-12-02,-29.75,-55.5,2,8.7,7.2530862404108465,4.500667186095636,1.6115580069591762,1.933046732910575
A826,2022-12-03,-29.75,-55.5,2,10.2,11.56909671209138,4.750680841973296,2.4352502508431844,2.147060671784302
A826,2022-12-04,-29.75,-55.5,2,8.1,6.807234596431019,4.029282992063312,1.6894406796046797,2.01028322308336
A826,2022-12-05,-29.75,-55.5,2,8.6,11.457487541938352,5.726588911423986,2.0007525804902433,1.5017666071409177
A826,2022-12-06,-29.75,-55.5,2,8.3,9.490707894948072,6.101770198828285,1.5554023808976878,1.3602609946854176
A826,2022-12-07,-29.75,-55.5,2,7.4,7.437908174608264,4.4250046113534545,1.6808814516315878,1.672314641438667
A826,2022-12-08,-29.75,-55.5,2,7.1,7.804895042704898,4.493210501623618,1.737041930237768,1.5801618903531052
A826,2022-12-09,-29.75,-55.5,2,7.3,9.357783299352068,4.647332658944163,2.0135815501268812,1.570793514415321
A826,2022-12-10,-29.75,-55.5,2,10.6,10.631540644432086,5.13396115558375,2.070826078001995,2.0646825479914916
A826,2022-12-11,-29.75,-55.5,2,7.6,8.151000666210585,5.102930346959524,1.5973176414346302,1.4893403364849578
A826,2022-12-12,-29.75,-55.5,2,14.1,18.413116866068922,8.565299438638366,2.149734168429268,1.646177124455732
A826,2022-12-13,-29.75,-55.5,2,12.0,11.346461104802199,9.22660803027844,1.2297543222349054,1.3005863000379203
A826,2022-12-14,-29.75,-55.5,2,7.6,7.944573324753062,4.860326180028678,1.6345761643318732,1.5636810614128693
A826,2022-12-15,-29.75,-55.5,2,10.1,7.877301609770424,5.296397849679045,1.4872941635696377,1.9069564422189407
A826,2022-12-16,-29.75,-55.5,2,10.3,12.765749912040409,6.437468674011913,1.9830387623594647,1.6000077859145385
A826,2022-12-17,-29.75,-55.5,2,10.5,13.634898551251723,7.635466200779674,1.7857322909581388,1.3751616108166156
A826,2022-12-18,-29.75,-55.5,2,13.3,10.941698731297489,7.757848318962436,1.410403797732523,1.7143928900351062
A826,2022-12-19,-29.75,-55.5,2,11.0,9.871124679541404,6.807581503778959,1.4500193165607846,1.6158455089951969
A826,2022-12-20,-29.75,-55.5,2,8.6,11.094993971625575,6.435987159649015,1.7238993329860277,1.3362363514207196
A826,2022-12-21,-29.75,-55.5,2,11.5,11.87302819884356,7.517838617608141,1.5793140559089385,1.5296949808239984
A826,2022-12-22,-29.75,-55.5,2,10.6,9.373388946828149,7.431913454574917,1.261234943614434,1.4262814098669139
A826,2022-12-23,-29.75,-55.5,2,17.1,11.05848210013535,6.035383822994439,1.8322748684190087,2.8332912208251044
A826,2022-12-24,-29.75,-55.5,2,10.6,12.470067456356139,4.971081007597232,2.5085222786147146,2.132332984274481
A826,2022-12-25,-29.75,-55.5,2,9.0,7.74598770360961,5.841955650090412,1.3259237432741775,1.5405799939375975
A826,2022-12-26,-29.75,-55.5,2,6.9,8.311245762970904,4.892504390310363,1.6987712426853168,1.410320655749537
A826,2022-12-27,-29.75,-55.5,2,7.4,10.559519474002936,3.9155423030527077,2.6968217060942816,1.8899042398879653
A826,2022-12-28,-29.75,-55.5,2,9.9,5.522749855584005,3.534098882310069,1.5627038290377577,2.801279853700316
A826,2022-12-29,-29.75,-55.5,2,8.3,7.799887460738606,4.081075767236496,1.9112331908555344,2.0337774825534183
A826,2022-12-30,-29.75,-55.5,2,5.0,7.406347032190414,3.0542786317635535,2.4249087673818277,1.6370477624410378
A826,2022-12-31,-29.75,-55.5,2,7.4,7.455496476506851,3.8188515795307225,1.9522875716010455,1.9377553292891643
A830,2021-01-01,-28.75,-56.0,2,9.6,7.400265112647924,3.7536970109635086,1.9714604271558946,2.557478659561776
A830,2021-01-02,-28.75,-56.0,2,9.6,10.000795037554488,5.863508418417948,1.7055991607585745,1.6372450271999792
A830,2021-01-03,-28.75,-56.0,2,9.5,7.126830070282056,5.550818401668876,1.283924199022498,1.7114593403278668
A830,2021-01-04,-28.75,-56.0,2,12.5,10.897079499349806,5.404111370141672,2.0164424366894815,2.3130537370239845
A830,2021-01-05,-28.75,-56.0,2,11.4,9.416120283079398,3.7474729982348927,2.5126586068837615,3.042049937483084
A830,2021-01-06,-28.75,-56.0,2,7.9,11.064937208034284,4.89215498094269,2.26177160190909,1.614830280474417
A830,2021-01-07,-28.75,-56.0,2,6.4,8.469992055347355,4.5924026956883415,1.8443487247535058,1.3936060106420445
A830,2021-01-08,-28.75,-56.0,2,5.2,6.721094138098279,2.6090447501851433,2.5760746869601743,1.9930666193559912
A830,2021-01-09,-28.75,-56.0,2,14.7,9.216356191129712,4.201156234473789,2.193766591088012,3.499036736452443
A830,2021-01-10,-28.75,-56.0,2,8.2,8.449965573833392,2.8819059493438925,2.932075412022779,2.8453392109714226
A830,2021-01-11,-28.75,-56.0,2,13.3,20.63554288270709,8.547543706803815,2.414207354831221,1.5560025729278515
A830,2021-01-12,-28.75,-56.0,2,19.3,8.920579742516994,6.897448262399879,1.293315934118104,2.7981362477498033
A830,2021-01-13,-28.75,-56.0,2,11.9,10.902767718798097,7.165143504430508,1.5216398264816973,1.6608180970334694
A830,2021-01-14,-28.75,-56.0,2,10.2,14.32407226806527,7.146484463502879,2.0043522575636117,1.4272751941309654
A830,2021-01-15,-28.75,-56.0,2,8.5,10.529039758976097,6.392879161268316,1.6469949600747948,1.3296043590965736
A830,2021-01-16,-28.75,-56.0,2,11.5,12.550742700189314,5.26543964019852,2.3836077436671785,2.184053143863676
A830,2021-01-17,-28.75,-56.0,2,10.6,12.679606831751482,6.832684249002653,1.8557284911273761,1.5513668733554096
A830,2021-01-18,-28.75,-56.0,2,7.9,8.551034505819674,4.9901425682821845,1.7135852110059646,1.5831211016320743
A830,2021-01-19,-28.75,-56.0,2,10.6,9.010432728038278,5.964596766990786,1.5106524514622228,1.7771528259315732
A830,2021-01-20,-28.75,-56.0,2,10.3,10.266998718652115,6.129059562093679,1.6751344336984908,1.6805188293000588
A830,2021-01-21,-28.75,-56.0,2,11.5,10.993814643649564,6.11538368035673,1.7977309713146667,1.880503432178628
A830,2021-01-22,-28.75,-56.0,2,9.0,10.78513145814326,5.139656251580316,2.0984149387086153,1.7510898705011106
A830,2021-01-23,-28.75,-56.0,2,5.4,7.812563394864085,3.3195928666786654,2.3534703527305587,1.6267055078362165
A830,2021-01-24,-28.75,-56.0,2,11.5,6.6856872592362215,2.3895893329786873,2.797839430803925,4.812542406885012
A830,2021-01-25,-28.75,-56.0,2,9.7,9.61764958974054,3.4211240199454167,2.81125429352134,2.8353254496031863
A830,2021-01-26,-28.75,-56.0,2,9.1,13.399889769436308,6.6020888278506185,2.029643968573926,1.3783516455598195
A830,2021-01-27,-28.75,-56.0,2,15.0,19.714722308705365,5.013690055939404,3.9321781140720042,2.9918083951421055
A830,2021-01-28,-28.75,-56.0,2,6.5,14.158647465218639,3.6825445088842383,3.844800091637866,1.7650838935737434
A830,2021-01-29,-28.75,-56.0,2,19.5,11.78757456349473,6.024055905427449,1.9567505263147649,3.237021751811969
A830,2021-01-30,-28.75,-56.0,2,18.3,14.066822470913946,6.0612193856113485,2.3207908468561618,3.019194461669237
A830,2021-01-31,-28.75,-56.0,2,11.1,11.360793871195298,3.995352283826522,2.8435024158406814,2.7782281039230536
A830,2021-02-01,-28.75,-56.0,2,9.6,6.370061281766751,2.519394442167104,2.5284096746230116,3.810439460897747
A830,2021-02-02,-28.75,-56.0,2,9.6,16.54399036772832,6.230054705638161,2.655512856533364,1.5409174483350938
A830,2021-02-03,-28.75,-56.0,2,14.6,14.730207913938997,5.619605467887735,2.621217449892564,2.5980471553437656
A830,2021-02-04,-28.75,-56.0,2,11.1,13.821374025768261,7.292386647809563,1.895315579559928,1.522135418221981
A830,2021-02-05,-28.75,-56.0,2,9.4,9.429815431580437,5.017611942204214,1.8793433091675007,1.8734011534320893
A830,2021-02-06,-28.75,-56.0,2,9.1,6.317655805667227,2.9614015088026173,2.133333081275306,3.072869373825436
A830,2021-02-07,-28.75,-56.0,2,7.5,7.722826422332,3.9406305832094435,1.9597945707567823,1.9032486912009983
A830,2021-02-08,-28.75,-56.0,2,5.9,6.42669637505278,3.6289860617306515,1.7709344334014634,1.6257984736337923
A830,2021-02-09,-28.75,-56.0,2,6.5,5.916916434942075,4.1603041462790475,1.42223169914972,1.5623857707166826
A830,2021-02-10,-28.75,-56.0,2,7.0,6.153973725619337,2.401195463020389,2.5628791243335285,2.9152145703269476
A830,2021-02-11,-28.75,-56.0,2,7.5,5.455626550908838,3.910071021753174,1.395275564192355,1.918123726723817
A830,2021-02-12,-28.75,-56.0,2,9.7,3.667210553950701,1.8639724529532944,1.9674167116259365,5.203939567149307
A830,2021-02-13,-28.75,-56.0,2,7.6,5.488888610914472,4.034420964417473,1.3605145965988725,1.8837895368455577
A830,2021-02-14,-28.75,-56.0,2,7.4,6.175571724130031,3.233727477065483,1.9097378390507382,2.2883808399077874
A830,2021-02-15,-28.75,-56.0,2,8.3,9.393430010798317,4.041263897798696,2.3243792655844584,2.05381291840928
A830,2021-02-16,-28.75,-56.0,2,8.8,7.753970707495794,4.579000464101509,1.6933762659090006,1.9218167958248364
A830,2021-02-17,-28.75,-56.0,2,8.5,9.339596394336576,4.778441463002121,1.9545277401951988,1.7788226696534144
A830,2021-02-18,-28.75,-56.0,2,6.7,6.2717215390556875,3.3328660800846923,1.8817802420961105,2.0102817932095682
A830,2021-02-19,-28.75,-56.0,2,7.8,4.892896588436035,3.0249968190329772,1.6174881764008544,2.5785151081558766
A830,2021-02-20,-28.75,-56.0,2,6.5,5.404092261674642,2.7631852419511755,1.9557473670707057,2.3523576708922116
A830,2021-02-21,-28.75,-56.0,2,8.2,6.518852614489968,4.1597787055833875,1.5671152423902157,1.9712587087850846
A830,2021-02-22,-28.75,-56.0,2,6.3,7.472352326497037,4.296712767534883,1.7390858385872712,1.466237177314146
A830,2021-02-23,-28.75,-56.0,2,13.0,17.50707804668287,4.065506113853048,4.306248116815815,3.1976338581076105
A830,2021-02-24,-28.75,-56.0,2,7.8,11.360905606891224,4.352201537557,2.6103813228438835,1.792196416615931
A830,2021-02-25,-28.75,-56.0,2,8.8,9.819839946542965,4.950990746479596,1.9834090688869426,1.7774220253304338
A830,2021-02-26,-28.75,-56.0,2,8.2,7.65597855648416,5.324689083077861,1.4378264039519713,1.5399960208118115
A830,2021-02-27,-28.75,-56.0,2,11.5,10.050181233724677,4.754947152860999,2.1136262739907834,2.4185337145294197
A830,2021-02-28,-28.75,-56.0,2,10.3,11.557992556215138,6.072655964653013,1.9032845963101672,1.6961277009521047
A830,2021-03-01,-28.75,-56.0,2,9.7,10.912652655457032,5.658967896271966,1.9283821459114667,1.714093484500981
A830,2021-03-02,-28.75,-56.0,2,10.1,6.3291357183662855,4.144563958495576,1.5270932676506894,2.436927044954126
A830,2021-03-03,-28.75,-56.0,2,11.3,6.277724255253128,3.377602190230602,1.8586334037237593,3.345568650057189
A830,2021-03-04,-28.75,-56.0,2,7.9,9.59823918038628,3.067555424250612,3.1289537931433076,2.575340591255961
A830,2021-03-05,-28.75,-56.0,2,9.0,12.646088835145786,5.388434096024051,2.3468949623930486,1.6702440522824256
A830,2021-03-06,-28.75,-56.0,2,6.5,6.519683489625181,3.9508871258382063,1.6501821697176398,1.645200126698376
A830,2021-03-07,-28.75,-56.0,2,6.1,6.346027591260903,3.113458471664137,2.0382567003917558,1.9592360249917071
A830,2021-03-08,-28.75,-56.0,2,8.0,6.451825738601614,3.2933868914332898,1.9590245395656398,2.4291102939680376
A830,2021-03-09,-28.75,-56.0,2,9.4,9.30162723212938,5.015650870600534,1.8545204744316022,1.8741336353968592
A830,2021-03-10,-28.75,-56.0,2,7.5,7.402315544233705,3.481007316003825,2.1264866379917633,2.154548761078145
A830,2021-03-11,-28.75,-56.0,2,8.0,7.7726550370324174,3.882931476153938,2.0017492157062913,2.0602990418785443
A830,2021-03-12,-28.75,-56.0,2,6.5,5.88793012931692,2.978352747982023,1.9769082534989433,2.1824144250220403
A830,2021-03-13,-28.75,-56.0,2,7.4,6.6324044989357445,3.4572184103879398,1.918422185595012,2.140449089870962
A830,2021-03-14,-28.75,-56.0,2,6.9,6.145049600140399,3.3788647533704848,1.8186728527712126,2.042106004129675
A830,2021-03-15,-28.75,-56.0,2,7.4,8.414471930522536,4.37582423682042,1.9229455926768888,1.6911099714043862
A830,2021-03-16,-28.75,-56.0,2,24.1,12.199997271521074,5.746522770445712,2.1230225231622666,4.193840512378367
A830,2021-03-17,-28.75,-56.0,2,10.6,13.802133311220098,5.834427541849203,2.3656362534661897,1.8168020639502815
A830,2021-03-18,-28.75,-56.0,2,9.3,10.165657866757599,5.714191019333349,1.7790196079135598,1.6275269707530697
A830,2021-03-19,-28.75,-56.0,2,9.9,9.07800056291049,5.032413556667355,1.8039059112864857,1.9672469061855353
A830,2021-03-20,-28.75,-56.0,2,12.9,14.18223843968838,8.121858711305348,1.746181378401374,1.5883063789380678
A830,2021-03-21,-28.75,-56.0,2,14.4,10.781460625065396,5.103388585459518,2.1126082101182218,2.8216546239548013
A830,2021-03-22,-28.75,-56.0,2,5.4,6.702053620917979,3.885843568330436,1.7247358271289175,1.3896596466234297
A830,2021-03-23,-28.75,-56.0,2,4.4,7.096027620007012,3.2575482736154266,2.1783338339085936,1.3507090702654763
A830,2021-03-24,-28.75,-56.0,2,6.9,4.9302838701178695,3.4688871505631815,1.4212869015694058,1.9891105419441997
A830,2021-03-25,-28.75,-56.0,2,15.8,8.054901667411961,4.689563614101911,1.7176228600866392,3.3691834251886625
A830,2021-03-26,-28.75,-56.0,2,11.5,11.22887076344786,3.665036763472056,3.0637812082436633,3.1377584297696175
A830,2021-03-27,-28.75,-56.0,2,8.0,10.173471817961463,3.818866733407776,2.664002838581156,2.0948623134751756
A830,2021-03-28,-28.75,-56.0,2,6.8,10.370016412975822,4.281163752624246,2.4222424116852017,1.5883531658493022
A830,2021-03-29,-28.75,-56.0,2,6.4,7.581357604680086,3.5683133459541523,2.12463336866871,1.7935644601549605
A830,2021-03-30,-28.75,-56.0,2,7.3,8.552130274478685,4.118307570259673,2.0766128145060923,1.7725728045949978
A830,2021-03-31,-28.75,-56.0,2,6.9,7.255300240141903,3.7745317213761127,1.922172278763305,1.828041333160239
A830,2021-04-01,-28.75,-56.0,2,8.3,8.064515244283777,3.699312389442644,2.18000384809319,2.2436602066068065
A830,2021-04-02,-28.75,-56.0,2,8.1,8.326749492225398,4.629795160632585,1.7985135850130536,1.749537445819367
A830,2021-04-03,-28.75,-56.0,2,7.2,6.879431546332638,3.9428499856625954,1.7447865303900347,1.8260902712964975
A830,2021-04-04,-28.75,-56.0,2,7.4,7.1798118348090725,4.076508743105137,1.7612649174254202,1.8152788246845046
A830,2021-04-05,-28.75,-56.0,2,6.9,7.714231377228534,4.621970414237285,1.6690352135240858,1.492869789634652
A830,2021-04-06,-28.75,-56.0,2,7.2,5.499917307223149,2.5078104640177754,2.193115223872104,2.87103036824595
A830,2021-04-07,-28.75,-56.0,2,7.7,8.529213821478379,4.595410753929372,1.8560286072763688,1.675584710989329
A830,2021-04-08,-28.75,-56.0,2,9.8,10.470657650978152,6.304084507715731,1.6609323111330194,1.554547688566917
A830,2021-04-09,-28.75,-56.0,2,11.5,13.636545472469209,7.003663335850528,1.9470589630809516,1.6419978300689455
A830,2021-04-10,-28.75,-56.0,2,14.0,13.725038434740975,7.643496980208024,1.7956490949470405,1.8316223629382502
A830,2021-04-11,-28.75,-56.0,2,12.0,10.250470905715387,6.201340188441804,1.652944459460625,1.9350655883007142
A830,2021-04-12,-28.75,-56.0,2,8.4,7.5277947978139235,5.019851652265266,1.4996050320365382,1.6733562228296932
A830,2021-04-13,-28.75,-56.0,2,9.2,7.708604480160696,5.004277481921502,1.54040308676105,1.838427232150096
A830,2021-04-14,-28.75,-56.0,2,7.1,9.158622732704199,5.442929926697418,1.6826640901220153,1.304444498756947
A830,2021-04-15,-28.75,-56.0,2,12.3,8.212114857324663,6.054355854461305,1.3563977828084481,2.0315951516025335
A830,2021-04-16,-28.75,-56.0,2,7.8,4.269827974246297,3.62576965065429,1.17763354698382,2.1512673863857974
A830,2021-04-17,-28.75,-56.0,2,6.3,5.909434264185136,4.282492089195039,1.379905471184631,1.4711060449814357
A830,2021-04-18,-28.75,-56.0,2,9.1,9.914355767729363,5.557538331137131,1.7839473480879764,1.6374156070171528
A830,2021-04-19,-28.75,-56.0,2,8.4,9.393735751820843,5.216706226415367,1.8007024632237536,1.6102114313943299
A830,2021-04-20,-28.75,-56.0,2,8.3,8.219575156482174,4.931639722172494,1.6667022774448077,1.6830102090960675
A830,2021-04-21,-28.75,-56.0,2,9.0,8.523551498126434,5.8653086136534816,1.4532144955314026,1.534446112357919
A830,2021-04-22,-28.75,-56.0,2,8.5,8.702080383086278,5.017821981281285,1.734234577382163,1.693962048017804
A830,2021-04-23,-28.75,-56.0,2,9.1,7.503160516875346,4.929732532307817,1.5220218272902524,1.8459419330281401
A830,2021-04-24,-28.75,-56.0,2,16.2,7.184073106043033,3.627096449641078,1.980667789177191,4.466382470089287
A830,2021-04-25,-28.75,-56.0,2,8.3,9.372585853831065,4.9477599862376715,1.8943089155296875,1.677526804672554
A830,2021-04-26,-28.75,-56.0,2,6.1,7.551837206688271,4.252928004636771,1.775679531479219,1.4343059636442121
A830,2021-04-27,-28.75,-56.0,2,7.9,6.432552059617172,3.716236554992445,1.7309318081421887,2.125806547321921
A830,2021-04-28,-28.75,-56.0,2,6.6,6.7782109075636345,3.434004141664476,1.97385053364502,1.9219545835494982
A830,2021-04-29,-28.75,-56.0,2,8.2,7.182630154337652,3.6323241239466437,1.9774199408541437,2.2575077884543027
A830,2021-04-30,-28.75,-56.0,2,7.6,8.259655276252628,4.188839024493866,1.9718244668642133,1.814345205332473
A830,2021-05-01,-28.75,-56.0,2,8.5,9.340571898928141,4.1926704864405435,2.2278335321452887,2.0273474930810162
A830,2021-05-02,-28.75,-56.0,2,5.5,8.285432433395808,3.9840963755043926,2.079626508118007,1.3804886934502663
A830,2021-05-03,-28.75,-56.0,2,13.6,10.97425553232602,6.473294329346925,1.6953123052931203,2.1009395383651697
A830,2021-05-04,-28.75,-56.0,2,17.5,13.098946038763719,7.463859605797811,1.7549829083854498,2.344631454000859
A830,2021-05-05,-28.75,-56.0,2,11.3,12.222893629886965,7.612069170742116,1.6057255071810297,1.4844846711893898
A830,2021-05-06,-28.75,-56.0,2,9.0,9.282484375308591,6.149107080145227,1.5095662271487653,1.463627138492999
A830,2021-05-07,-28.75,-56.0,2,5.1,5.535795571027719,3.4433610976853717,1.6076721011772137,1.4811110003618908
A830,2021-05-08,-28.75,-56.0,2,9.0,8.082144422708405,4.767021722657539,1.6954284861539792,1.8879712582854862
A830,2021-05-09,-28.75,-56.0,2,8.2,7.600896540524975,4.20094641564222,1.8093295625535815,1.9519411077149917
A830,2021-05-10,-28.75,-56.0,2,9.6,6.31176446238104,4.0071085268964355,1.5751418809885827,2.395742450089152
A830,2021-05-11,-28.75,-56.0,2,9.3,10.479292428425273,6.0382888994049395,1.7354738408521635,1.54017142189346
A830,2021-05-12,-28.75,-56.0,2,7.5,7.877626818153834,3.9587662923886278,1.9899196457491954,1.8945296201041142
A830,2021-05-13,-28.75,-56.0,2,4.8,6.4131490660790735,3.1301664069578075,2.048820488209117,1.5334647989737693
A830,2021-05-14,-28.75,-56.0,2,7.1,5.636997650038233,3.923979267660017,1.4365513336159237,1.809387745372553
A830,2021-05-15,-28.75,-56.0,2,4.1,4.859692789685116,2.647517543718402,1.8355658496826217,1.5486205217894822
A830,2021-05-16,-28.75,-56.0,2,4.1,5.428636579798144,2.7811879803826174,1.9519128581345688,1.474190176615084
A830,2021-05-17,-28.75,-56.0,2,6.9,4.662339991177092,3.0306469172424624,1.5383976155887142,2.2767416292354508
A830,2021-05-18,-28.75,-56.0,2,6.2,4.6344496911269175,2.70454039449264,1.713581243069701,2.2924412638189096
A830,2021-05-19,-28.75,-56.0,2,7.3,7.494184075097908,3.910134613900675,1.9166051338631165,1.8669433973061251
A830,2021-05-20,-28.75,-56.0,2,10.5,10.07461993866225,4.777761014026554,2.1086487811100585,2.197682129594614
A830,2021-05-21,-28.75,-56.0,2,13.6,10.685230856316709,4.7310216602067054,2.258546171156159,2.874643359676733
A830,2021-05-22,-28.75,-56.0,2,11.2,11.468320416108398,7.022312004262373,1.633126014501692,1.5949163171903884
A830,2021-05-23,-28.75,-56.0,2,10.0,11.236773490926899,7.439436853258446,1.5104333449655176,1.3441877654516332
A830,2021-05-24,-28.75,-56.0,2,7.9,6.237537451598966,3.8197351265425707,1.6329764355270535,2.06820623375283
A830,2021-05-25,-28.75,-56.0,2,4.4,4.90214777429473,2.5031510563380786,1.9583907099343028,1.7577844488685668
A830,2021-05-26,-28.75,-56.0,2,5.1,5.835402227288046,2.7310292279003345,2.1367044217884152,1.8674278355933134
A830,2021-05-27,-28.75,-56.0,2,5.2,6.201718630273726,2.821970107106476,2.1976556784411496,1.8426842959480714
A830,2021-05-28,-28.75,-56.0,2,13.3,13.091487165643978,5.907599333440144,2.2160418177886947,2.251337514498478
A830,2021-05-29,-28.75,-56.0,2,9.0,7.505625408663405,5.337533127966824,1.4061974377894777,1.6861722043172187
A830,2021-05-30,-28.75,-56.0,2,8.6,6.941249014115352,4.330677329174148,1.602809095786186,1.9858325491176696
A830,2021-05-31,-28.75,-56.0,2,3.0,5.164360334558466,2.6757345154607073,1.9300720249778844,1.121187465597072
A830,2021-06-01,-28.75,-56.0,2,6.8,6.886392546607098,4.000614168062107,1.7213338395846502,1.6997390186452077
A830,2021-06-02,-28.75,-56.0,2,7.4,7.137411797385015,3.985602112570687,1.7907988795152037,1.8566830784889987
A830,2021-06-03,-28.75,-56.0,2,9.3,7.352325927169462,4.178476510272046,1.7595709606348313,2.2256915833169324
A830,2021-06-04,-28.75,-56.0,2,11.4,12.881823598186825,6.42660223436077,2.0044532286924914,1.7738767056483178
A830,2021-06-05,-28.75,-56.0,2,16.9,14.366965756107257,7.403749310008881,1.9404986790523873,2.2826272598335353
A830,2021-06-06,-28.75,-56.0,2,10.3,10.659283278911975,5.656583323494538,1.8844031227541178,1.8208871700376263
A830,2021-06-07,-28.75,-56.0,2,10.5,6.914670097006694,4.825467864622879,1.432953299243884,2.1759548078185365
A830,2021-06-08,-28.75,-56.0,2,10.3,6.3245229433242685,3.3179338331725687,1.9061630705506973,3.104341592656555
A830,2021-06-09,-28.75,-56.0,2,5.7,5.091470258878625,2.684081652781623,1.8969133273580285,2.123631370935701
A830,2021-06-10,-28.75,-56.0,2,7.0,9.291629443752942,4.809793696589378,1.9318145496222907,1.4553638766177635
A830,2021-06-11,-28.75,-56.0,2,5.5,7.2766322190731305,3.7020816672433776,1.965551512128422,1.4856506404666587
A830,2021-06-12,-28.75,-56.0,2,4.3,6.3916441662331,2.910483282590548,2.196076577544901,1.4774178658647639
A830,2021-06-13,-28.75,-56.0,2,7.9,5.844908146945633,4.291399982296292,1.3620049799734752,1.8408910920889685
A830,2021-06-14,-28.75,-56.0,2,6.0,4.585531935720527,3.320312629727754,1.3810542702108488,1.807058752925915
A830,2021-06-15,-28.75,-56.0,2,9.7,9.71785649041175,5.674471202709605,1.7125571957738364,1.709410384419287
A830,2021-06-16,-28.75,-56.0,2,10.3,8.988144678589366,5.545572611895519,1.6207784673686112,1.857337505221013
A830,2021-06-17,-28.75,-56.0,2,8.7,6.573938259589388,4.600650362040622,1.4289149885916375,1.8910369872448005
A830,2021-06-18,-28.75,-56.0,2,7.7,7.805294459028418,4.888359270267482,1.5967104763560733,1.5751706399392102
A830,2021-06-19,-28.75,-56.0,2,7.9,6.534397854613457,5.647836177036346,1.1569736886458923,1.3987657843406955
A830,2021-06-20,-28.75,-56.0,2,6.0,4.352409067295827,3.0916610186462985,1.407789871219955,1.9407043540068096
A830,2021-06-21,-28.75,-56.0,2,7.5,5.784809694904069,4.054895184855045,1.4266237303766125,1.849616243599182
A830,2021-06-22,-28.75,-56.0,2,6.4,5.373184112974461,3.512843475419871,1.529582559135298,1.8218859009182136
A830,2021-06-23,-28.75,-56.0,2,9.1,9.805947937793446,7.389249505344959,1.327056006256168,1.2315188428023145
A830,2021-06-24,-28.75,-56.0,2,15.8,12.983511557407498,9.88555362234806,1.3133823408793162,1.598291871512515
A830,2021-06-25,-28.75,-56.0,2,8.6,4.751737143350133,4.279664779532617,1.1103059207055632,2.0095031837842234
A830,2021-06-26,-28.75,-56.0,2,9.2,11.450458774548194,6.642364366107649,1.723852854711437,1.38504898149559
A830,2021-06-27,-28.75,-56.0,2,9.8,12.351988381721926,6.181129124365999,1.9983385127856998,1.5854708424336938
A830,2021-06-28,-28.75,-56.0,2,10.0,8.14986167458206,5.354767072173934,1.5219824811676392,1.8674948630286898
A830,2021-06-29,-28.75,-56.0,2,10.3,7.337043161383395,5.643851722127507,1.3000063649116604,1.824994792052636
A830,2021-06-30,-28.75,-56.0,2,7.6,5.459096439888724,2.9661844535643644,1.8404440200368224,2.562214224697771
A830,2021-07-01,-28.75,-56.0,2,8.3,8.040963675615213,4.518351699561099,1.7796232365878673,1.8369530642792242
A830,2021-07-02,-28.75,-56.0,2,6.8,5.2827575025967155,3.645503007592857,1.4491162101893162,1.8653118611716828
A830,2021-07-03,-28.75,-56.0,2,3.5,5.591796839903061,2.508908605827173,2.2287766190109894,1.3950288949828327
A830,2021-07-04,-28.75,-56.0,2,8.4,7.235445591506883,3.7367560374491435,1.9362906004551699,2.2479390989983306
A830,2021-07-05,-28.75,-56.0,2,4.2,4.96492774870596,2.487449078661676,1.995991713477505,1.6884767756772447
A830,2021-07-06,-28.75,-56.0,2,7.3,6.685392433527429,4.524589417562055,1.4775688612934212,1.6134060632474791
A830,2021-07-07,-28.75,-56.0,2,8.0,6.57144290546994,5.048448818727644,1.3016756515570924,1.5846451627524338
A830,2021-07-08,-28.75,-56.0,2,7.4,5.224936884635589,4.032746914775205,1.295627272193162,1.834977536747429
A830,2021-07-09,-28.75,-56.0,2,8.8,7.491730578030866,4.72280970885931,1.5862867741584974,1.8632976008947535
A830,2021-07-10,-28.75,-56.0,2,7.4,6.535932622324684,3.8350862972695765,1.704246558148639,1.92955240805624
A830,2021-07-11,-28.75,-56.0,2,6.8,5.390257233461617,3.0596026584551255,1.7617507353661737,2.2225108156473823
A830,2021-07-12,-28.75,-56.0,2,7.6,8.574376918244589,4.912293656781082,1.7454935550134005,1.5471387769150822
A830,2021-07-13,-28.75,-56.0,2,7.4,7.078681645608121,4.32582038550503,1.636379002079556,1.7106581736023851
A830,2021-07-14,-28.75,-56.0,2,5.7,8.287035465903058,4.299203050219463,1.9275748014460559,1.3258271203796783
A830,2021-07-15,-28.75,-56.0,2,10.5,10.089662734441884,5.880140449472009,1.7158880508284216,1.7856716332248184
A830,2021-07-16,-28.75,-56.0,2,7.0,6.811824730247953,4.428455719854309,1.5381941609369991,1.5806864611102607
A830,2021-07-17,-28.75,-56.0,2,8.9,8.780418460622524,5.123880715638122,1.7136266333883656,1.7369647136470476
A830,2021-07-18,-28.75,-56.0,2,12.5,11.096798832911379,6.612515144621501,1.6781509894820146,1.8903548387586337
A830,2021-07-19,-28.75,-56.0,2,4.7,5.876398974651153,3.5159200387243543,1.6713687768574017,1.3367767037458718
A830,2021-07-20,-28.75,-56.0,2,5.5,4.00150893868965,2.750767651861592,1.4546880889709513,1.999441863538658
A830,2021-07-21,-28.75,-56.0,2,4.2,4.7284354534139315,2.8572593588644684,1.6548849297646908,1.4699400623082266
A830,2021-07-22,-28.75,-56.0,2,6.5,5.689693383424735,3.917154661250354,1.452506698218698,1.6593677202230261
A830,2021-07-23,-28.75,-56.0,2,8.9,5.941746700052566,4.482980534649573,1.3254009590556972,1.9852863360013893
A830,2021-07-24,-28.75,-56.0,2,11.1,10.192994679461146,5.940068023412422,1.715972719384032,1.868665469191601
A830,2021-07-25,-28.75,-56.0,2,13.8,13.604077232628322,7.287206964547369,1.8668438125625972,1.8937296644843078
A830,2021-07-26,-28.75,-56.0,2,17.1,13.605929126734964,7.8682440707461705,1.7292205229526734,2.173293030344235
A830,2021-07-27,-28.75,-56.0,2,11.4,13.435917668684905,7.331094577849613,1.8327300958959916,1.555020178629846
A830,2021-07-28,-28.75,-56.0,2,12.9,11.316242829502658,7.731759513103439,1.463605122524103,1.6684429951730468
A830,2021-07-29,-28.75,-56.0,2,6.1,5.709275136669846,4.7300163893863125,1.2070307302699612,1.28963612339437
A830,2021-07-30,-28.75,-56.0,2,7.4,7.719034526172864,3.6522323786806634,2.1135113338437947,2.0261580405442836
A830,2021-07-31,-28.75,-56.0,2,7.3,7.154721286079088,3.761407003335535,1.9021396194919704,1.940763122290812
A830,2021-08-01,-28.75,-56.0,2,3.9,6.67457970518922,3.164227689041084,2.1093866690775167,1.232528244888057
A830,2021-08-02,-28.75,-56.0,2,6.0,6.809034461487793,3.5041403265990403,1.9431397794780478,1.7122601953053997
A830,2021-08-03,-28.75,-56.0,2,8.1,7.270428369932007,3.8129355899219814,1.9067797497415295,2.1243474506648403
A830,2021-08-04,-28.75,-56.0,2,7.6,7.217199266245249,3.965720223369922,1.819896225587074,1.9164236436078694
A830,2021-08-05,-28.75,-56.0,2,8.5,7.047036127516332,4.474319447184094,1.5749962001375144,1.8997302495577204
A830,2021-08-06,-28.75,-56.0,2,8.2,6.38689142853338,4.7846196757878054,1.3348796479799105,1.713824829483409
A830,2021-08-07,-28.75,-56.0,2,9.3,9.353396181965342,5.868338708810862,1.5938746289340684,1.584775600296684
A830,2021-08-08,-28.75,-56.0,2,8.8,8.870154240425684,5.813396907500509,1.525812598307422,1.513744913691708
A830,2021-08-09,-28.75,-56.0,2,9.9,7.182574667225225,5.58615621369092,1.2857812049046708,1.7722383014883163
A830,2021-08-10,-28.75,-56.0,2,8.5,9.375858536277555,5.674672154352861,1.652229112317199,1.4978838898173032
A830,2021-08-11,-28.75,-56.0,2,8.1,8.72627057357758,5.5223896792078575,1.5801620458680294,1.4667563266129164
A830,2021-08-12,-28.75,-56.0,2,8.7,7.431611071003587,4.969487993639692,1.4954480382114006,1.7506833724389483
A830,2021-08-13,-28.75,-56.0,2,8.5,7.964950826515058,4.503656405032078,1.7685520630782503,1.8873553476465657
A830,2021-08-14,-28.75,-56.0,2,6.9,5.2818672109275,3.572702464684431,1.4783954900073202,1.9313111204208444
A830,2021-08-15,-28.75,-56.0,2,6.4,5.47191251351888,3.2625636056273932,1.6771818652303725,1.9616475795172355
A830,2021-08-16,-28.75,-56.0,2,6.8,5.534847193539501,3.301398038584576,1.6765161694687631,2.0597334585306157
A830,2021-08-17,-28.75,-56.0,2,5.6,5.565458350600609,3.2133939721241647,1.7319564295197978,1.7427057026245076
A830,2021-08-18,-28.75,-56.0,2,12.5,13.1041532616425,7.126062583874634,1.838905160796022,1.7541243643138775
A830,2021-08-19,-28.75,-56.0,2,15.9,13.525321428437119,7.561177324212383,1.7887851122240406,2.102847125286304
A830,2021-08-20,-28.75,-56.0,2,10.6,7.793052861726909,5.630774057489044,1.3840109338718696,1.8825120475046915
A830,2021-08-21,-28.75,-56.0,2,12.3,8.176783560605264,5.849843036402145,1.3977782839168735,2.1026205187831715
A830,2021-08-22,-28.75,-56.0,2,6.6,11.521303162139434,5.697854915107353,2.0220422130426186,1.1583306522074983
A830,2021-08-23,-28.75,-56.0,2,11.4,13.795424307158656,6.998753895299141,1.9711257908960966,1.6288613902622076
A830,2021-08-24,-28.75,-56.0,2,12.1,11.161686716934803,6.060572363701969,1.8416885480626337,1.9965111005801073
A830,2021-08-25,-28.75,-56.0,2,9.3,9.980707898542578,4.7070606393509955,2.1203695178906186,1.9757552988062366
A830,2021-08-26,-28.75,-56.0,2,11.8,11.833051655912021,6.750826456815225,1.7528300766739588,1.747934134506959
A830,2021-08-27,-28.75,-56.0,2,6.1,8.970835544235277,3.6580865697131424,2.452330029176632,1.6675384476968094
A830,2021-08-28,-28.75,-56.0,2,8.2,7.650327085407285,4.844103890347511,1.5793069799042767,1.692779549245328
A830,2021-08-29,-28.75,-56.0,2,5.9,4.374203636821442,2.730200114511692,1.6021549532473693,2.1610137545010106
A830,2021-08-30,-28.75,-56.0,2,7.4,8.179490847417796,4.643525959501642,1.7614827436639644,1.5936165888893172
A830,2021-08-31,-28.75,-56.0,2,8.6,8.330202445367124,5.843226908159074,1.4256167998089226,1.4717894983663156
A830,2021-09-01,-28.75,-56.0,2,9.4,10.372545703015504,6.614044598171305,1.568260623141757,1.421218115553526
A830,2021-09-02,-28.75,-56.0,2,14.5,8.529504305913663,6.172329944448597,1.381893771506028,2.3491939236076194
A830,2021-09-03,-28.75,-56.0,2,7.0,8.58239945968703,4.988204586752276,1.720538785133283,1.4033105255126606
A830,2021-09-04,-28.75,-56.0,2,8.4,9.752067627151378,4.28954988416099,2.2734477720286086,1.9582474214874388
A830,2021-09-05,-28.75,-56.0,2,7.2,6.7841370942252865,4.5176533728279,1.501694914229031,1.5937477725284268
A830,2021-09-06,-28.75,-56.0,2,16.1,9.673185951307556,5.91566625724034,1.6351811496242352,2.7215869354182693
A830,2021-09-07,-28.75,-56.0,2,16.4,11.097682843649174,6.409671239226556,1.7313965770556918,2.558633569165547
A830,2021-09-08,-28.75,-56.0,2,13.4,12.041330805425822,5.918071041584395,2.034671554433064,2.264251291652716
A830,2021-09-09,-28.75,-56.0,2,12.3,13.516916150151292,7.824376083046507,1.7275391681950356,1.5720103263761909
A830,2021-09-14,-28.75,-56.0,2,12.7,12.832113905594124,7.587962872972533,1.691114482294143,1.6737034975798268
A830,2021-09-15,-28.75,-56.0,2,8.8,8.374017711533908,4.381714467421758,1.9111281152149695,2.008346291258454
A830,2021-09-16,-28.75,-56.0,2,9.7,10.826815600499081,4.857730399861804,2.228780666956546,1.9968172791713494
A830,2021-09-17,-28.75,-56.0,2,8.1,9.515176391791622,4.302261252555685,2.2116686628779907,1.8827308534990366
A830,2021-09-18,-28.75,-56.0,2,6.5,8.602289893347564,4.66121099525561,1.8455053637570498,1.3944873996512905
A830,2021-09-19,-28.75,-56.0,2,8.1,10.880923406258741,4.842928080393589,2.2467654331497813,1.6725418725073664
A830,2021-09-20,-28.75,-56.0,2,13.0,12.970317880438936,8.085336903554463,1.6041777893926652,1.6078488942476794
A830,2021-09-21,-28.75,-56.0,2,12.8,12.74040764422892,7.7199329918352015,1.650326195538679,1.6580454796094226
A830,2021-09-22,-28.75,-56.0,2,13.8,13.077449412259204,7.304752398093604,1.7902659391538254,1.8891810766373858
A830,2021-09-23,-28.75,-56.0,2,8.1,8.385746886612878,4.289881582564196,1.954773511860077,1.888164007352011
A830,2021-09-24,-28.75,-56.0,2,7.1,8.5035162554494,4.6652442943332515,1.8227376143578151,1.5218924352202052
A830,2021-09-25,-28.75,-56.0,2,8.6,7.327400667428989,4.076525879858927,1.7974620751536998,2.1096394953581434
A830,2021-09-26,-28.75,-56.0,2,7.3,6.4812025473978485,3.1771134220878143,2.0399657444834873,2.297683157689367
A830,2021-09-27,-28.75,-56.0,2,7.6,7.13802268964345,3.3783002040459986,2.1129036078838244,2.2496520560540803
A830,2021-09-28,-28.75,-56.0,2,13.2,10.496183933561165,5.810972530297419,1.8062697558516847,2.2715646875247564
A830,2021-09-29,-28.75,-56.0,2,9.9,11.886389009539702,6.025208773121551,1.9727762899378474,1.6430965918000864
A830,2021-09-30,-28.75,-56.0,2,11.0,11.273531623065809,6.6521891586925594,1.6947100201344156,1.6535909814930716
A830,2021-10-01,-28.75,-56.0,2,9.4,12.155488570880742,5.930174335328009,2.049769177689512,1.5851136018044347
A830,2021-10-02,-28.75,-56.0,2,7.9,9.302811090158482,4.713879488884898,1.973493618598877,1.6759019865967768
A830,2021-10-03,-28.75,-56.0,2,13.3,12.374924851455376,7.436417965883054,1.664097541078151,1.7884954908422315
A830,2021-10-04,-28.75,-56.0,2,9.6,9.871656732242904,5.7454742799567775,1.7181622005828852,1.6708803368052356
A830,2021-10-05,-28.75,-56.0,2,9.9,7.253947872176167,4.341015311775515,1.6710256359840472,2.280572467262459
A830,2021-10-06,-28.75,-56.0,2,5.9,9.915460587346656,5.799638191302376,1.709668820757942,1.017304839610191
A830,2021-10-07,-28.75,-56.0,2,10.4,13.179393271600535,6.321149526974568,2.0849678077317155,1.6452703666666233
A830,2021-10-08,-28.75,-56.0,2,9.4,8.46237161904071,5.87211393338218,1.441111619264276,1.6007863789158212
A830,2021-10-09,-28.75,-56.0,2,10.7,8.48231770189676,6.25796258797899,1.3554439775959295,1.7098216631326277
A830,2021-10-10,-28.75,-56.0,2,10.7,11.267175783762667,4.526392940362591,2.489217337560645,2.3639131955571817
A830,2021-10-11,-28.75,-56.0,2,11.1,9.485694294153094,3.9987282789620613,2.372177760629254,2.775882537055305
A830,2021-10-12,-28.75,-56.0,2,7.9,5.229407860787585,2.555589001771903,2.046263251705108,3.0912638904466174
A830,2021-10-13,-28.75,-56.0,2,18.6,12.276942873963957,5.930996353433519,2.06996297795002,3.1360666727154967
A830,2021-10-14,-28.75,-56.0,2,10.8,14.698409218162336,4.881413763786684,3.0110967702029554,2.212473787844213
A830,2021-10-15,-28.75,-56.0,2,13.4,22.088518865471325,9.264929613077932,2.3841000188811177,1.4463142797205066
A830,2021-10-16,-28.75,-56.0,2,11.8,12.385005231409586,7.015784378952145,1.7653058535501016,1.6819217014993855
A830,2021-10-17,-28.75,-56.0,2,9.5,8.60314471252149,4.952386286761862,1.737171580399212,1.9182671645372829
A830,2021-10-18,-28.75,-56.0,2,11.2,10.403740403322114,5.446474947714662,1.9101786941455627,2.0563759326019695
A830,2021-10-19,-28.75,-56.0,2,10.7,9.083892703679481,4.574266256793015,1.985868813427606,2.339172973175744
A830,2021-10-20,-28.75,-56.0,2,8.7,8.479923112330527,4.169776849575474,2.033663531225627,2.0864425876616752
A830,2021-10-21,-28.75,-56.0,2,7.3,7.98530564361212,4.425675739630348,1.8043133101927364,1.6494656250188198
A830,2021-10-22,-28.75,-56.0,2,8.5,8.667463798544482,4.052020948219217,2.1390471345795143,2.0977186714041007
A830,2021-10-23,-28.75,-56.0,2,11.5,9.812923589432238,5.03170435166152,1.950218634406036,2.2855078908208473
A830,2021-10-24,-28.75,-56.0,2,6.9,10.236249233559413,4.76008967767216,2.150432014248369,1.4495525225848953
A830,2021-10-25,-28.75,-56.0,2,6.6,11.060448309604551,4.357517552709294,2.5382452682784256,1.5146238472169637
A830,2021-10-26,-28.75,-56.0,2,7.1,6.994701208453911,3.1905623008275654,2.192309865455262,2.2253130735476963
A830,2021-10-27,-28.75,-56.0,2,9.8,7.157330750774617,3.63726599348868,1.967777655961221,2.694331406485986
A830,2021-10-28,-28.75,-56.0,2,9.3,10.647225348641324,5.30552204413491,2.0068195476468715,1.7528906529152701
A830,2021-10-29,-28.75,-56.0,2,11.2,10.190436789751947,5.2717953022602435,1.9330107118125153,2.1245134452011216
A830,2021-10-30,-28.75,-56.0,2,7.4,13.462034264431441,4.788284541090385,2.8114524416641866,1.545438650626823
A830,2021-10-31,-28.75,-56.0,2,5.9,4.068835159953606,2.472394162679157,1.6457065064190655,2.3863508857368405
A830,2021-11-01,-28.75,-56.0,2,6.5,5.491565144526601,4.213018484086478,1.3034752079226526,1.5428368103657668
A830,2021-11-02,-28.75,-56.0,2,9.7,6.763284898221082,4.182120788931554,1.6171902342277786,2.319397379834682
A830,2021-11-03,-28.75,-56.0,2,15.6,10.73669175216331,5.081065188835483,2.1130789220643766,3.0702223687815597
A830,2021-11-04,-28.75,-56.0,2,6.0,7.625410566489933,2.9894781708306817,2.550749706384734,2.0070392413445153
A830,2021-11-05,-28.75,-56.0,2,13.4,9.861181254505127,6.065386240289487,1.625812580409467,2.209257493115632
A830,2021-11-06,-28.75,-56.0,2,10.3,12.127789367891214,7.13095424236885,1.7007246093143422,1.444406968537554
A830,2021-11-07,-28.75,-56.0,2,7.4,7.812399014293893,5.555311701312925,1.406293550089644,1.3320584690596404
A830,2021-11-08,-28.75,-56.0,2,7.8,7.768641999128416,4.053851623156996,1.9163607160043201,1.9240960758020138
A830,2021-11-09,-28.75,-56.0,2,10.2,10.062073204375668,5.657424814713651,1.7785606585891425,1.8029404427032176
A830,2021-11-10,-28.75,-56.0,2,11.7,12.212020162880517,7.10956435121692,1.7176889552719536,1.6456704548988785
A830,2021-11-11,-28.75,-56.0,2,9.4,8.959027611417724,6.130677388096319,1.4613438359704094,1.5332726556859098
A830,2021-11-12,-28.75,-56.0,2,10.1,10.994010583525702,6.7635024945683355,1.625490726491906,1.4933091261681584
A830,2021-11-13,-28.75,-56.0,2,9.8,11.35247874598623,5.831632260126303,1.946706897759763,1.680490051988935
A830,2021-11-14,-28.75,-56.0,2,11.1,7.934858204088705,3.7052678008197772,2.1415073432298595,2.995734882521626
A830,2021-11-15,-28.75,-56.0,2,12.8,9.236433987582458,5.5060819389391735,1.6774966464378462,2.324702055281456
A830,2021-11-16,-28.75,-56.0,2,14.4,12.528275636516984,6.883779035873595,1.8199706253248535,2.091874234335087
A830,2021-11-17,-28.75,-56.0,2,11.2,11.366480134223966,8.429970027800056,1.3483417018969215,1.328593098559667
A830,2021-11-18,-28.75,-56.0,2,7.3,8.235740074182914,4.254706765547845,1.9356774809655917,1.715746913303445
A830,2021-11-19,-28.75,-56.0,2,9.3,8.730705322477675,4.765228898215835,1.8321691379288343,1.9516376230073744
A830,2021-11-20,-28.75,-56.0,2,8.3,9.187963620032129,4.684993875964996,1.9611474130560371,1.7716138419263996
A830,2021-11-21,-28.75,-56.0,2,6.6,7.726072598676122,3.72190337990273,2.0758391097401456,1.7732862265146945
A830,2021-11-22,-28.75,-56.0,2,8.6,8.852566031813481,4.895980987138422,1.8081291686117398,1.7565427689755968
A830,2021-11-23,-28.75,-56.0,2,11.8,14.712970376920671,7.855436684710418,1.8729665793828556,1.5021443712947442
A830,2021-11-24,-28.75,-56.0,2,8.8,9.94670550718486,4.908492356164161,2.026427828637368,1.7928111854852589
A830,2021-11-25,-28.75,-56.0,2,12.2,10.879487710875894,7.596549670382657,1.432161729066647,1.605992263509475
A830,2021-11-26,-28.75,-56.0,2,8.6,9.34298703084071,6.771720727824665,1.3797064891425366,1.2699873999031037
A830,2021-11-27,-28.75,-56.0,2,8.0,8.457773727568078,4.681029181413505,1.8068192698200891,1.709025876566803
A830,2021-11-28,-28.75,-56.0,2,10.5,11.741884024638615,5.5990856133477305,2.097107427085414,1.8753062062435548
A830,2021-11-29,-28.75,-56.0,2,11.7,10.018802035329239,7.720167506305472,1.2977441262960097,1.5155111583322494
A830,2021-11-30,-28.75,-56.0,2,7.9,7.190570451670903,4.689201145465468,1.5334318636820046,1.6847219291583229
A830,2021-12-01,-28.75,-56.0,2,7.2,7.119423974090975,3.6277487631733036,1.9624909107165944,1.984701937766478
A830,2021-12-02,-28.75,-56.0,2,9.5,9.091576734166049,5.31301119326768,1.7111909618572485,1.7880632384207686
A830,2021-12-03,-28.75,-56.0,2,8.3,7.774972844379717,4.89889188993056,1.5870880638049607,1.6942606994574134
A830,2021-12-04,-28.75,-56.0,2,8.5,8.214037840908544,5.5631184361819095,1.4765168017069972,1.5279200141986797
A830,2021-12-05,-28.75,-56.0,2,8.7,8.512677740426032,5.236225144702437,1.6257279825025148,1.6615022768457373
A830,2021-12-06,-28.75,-56.0,2,11.6,9.44740797737412,5.968923728549726,1.5827657391878862,1.943398932125149
A830,2021-12-07,-28.75,-56.0,2,11.4,11.343144299035146,6.711722132990468,1.690049747929762,1.6985208526385505
A830,2021-12-08,-28.75,-56.0,2,11.6,9.432843807392588,6.813860987107904,1.3843610583250678,1.7024121892048665
A830,2021-12-09,-28.75,-56.0,2,10.0,8.43370233359773,5.299993994225912,1.5912663944121146,1.8867945908796346
A830,2021-12-10,-28.75,-56.0,2,8.8,8.617465978152262,5.1350411744363935,1.6781688180130492,1.7137155674249998
A830,2021-12-11,-28.75,-56.0,2,6.8,9.176940256530798,4.883916058240262,1.8790126912699987,1.3923253223254881
A830,2021-12-12,-28.75,-56.0,2,8.4,7.432870710116357,4.3622635775277825,1.7039022466241653,1.9256057894512915
A830,2021-12-13,-28.75,-56.0,2,9.5,13.001697839749257,3.996678909899762,3.253125440611226,2.3769735358195847
A830,2021-12-14,-28.75,-56.0,2,9.1,13.875882295840876,6.061464225244142,2.289196435087759,1.5012874219567751
A830,2021-12-15,-28.75,-56.0,2,10.0,10.489450039752318,6.049678111676509,1.7338856458340464,1.6529805082850537
A830,2021-12-16,-28.75,-56.0,2,10.5,9.548042266564385,5.720639112081995,1.6690516705378096,1.8354592545130126
A830,2021-12-17,-28.75,-56.0,2,10.8,9.805880314805089,6.08473467886396,1.6115542965031764,1.774933595299573
A830,2021-12-18,-28.75,-56.0,2,9.8,8.648956844054725,6.091292078400968,1.4198887087885586,1.6088540614805997
A830,2021-12-19,-28.75,-56.0,2,9.6,10.265982124906209,6.508959638938851,1.5772078326452585,1.4748900796018882
A830,2021-12-20,-28.75,-56.0,2,10.9,9.401893603825544,4.812067108885465,1.953815977849723,2.2651388173438374
A830,2021-12-21,-28.75,-56.0,2,14.0,4.921057302523059,3.4044905652643673,1.4454606961558512,4.112215831302462
A830,2021-12-22,-28.75,-56.0,2,10.1,11.093123092959551,5.837454357039135,1.9003357310336537,1.7302062478348708
A830,2021-12-23,-28.75,-56.0,2,11.0,11.99858394493178,6.217583004474642,1.929782672188967,1.7691762204193444
A830,2021-12-24,-28.75,-56.0,2,9.1,10.256113301676745,5.182455763568017,1.9790064343193963,1.7559242982780103
A830,2021-12-25,-28.75,-56.0,2,8.3,7.553087636548351,3.7659656536403205,2.0056177701055926,2.2039499993784903
A830,2021-12-26,-28.75,-56.0,2,10.2,8.696370378133526,5.392126819294171,1.612790401556594,1.8916469033150778
A830,2021-12-27,-28.75,-56.0,2,11.5,9.921167437557585,5.036604340974292,1.9698127480147494,2.2832843760316925
A830,2021-12-28,-28.75,-56.0,2,11.0,7.232398595686248,4.988175986176503,1.449908466687834,2.205214898288228
A830,2021-12-29,-28.75,-56.0,2,11.1,8.777297832428316,5.09708041020795,1.7220245956587175,2.177717262959001
A830,2021-12-30,-28.75,-56.0,2,12.9,11.1089022928851,5.826917564189023,1.9064800849694552,2.21386348063007
A830,2021-12-31,-28.75,-56.0,2,12.5,8.511172910871558,3.6394536968629234,2.338585298724333,3.434581407306966
A830,2022-01-01,-28.75,-56.0,2,9.0,7.510870893578776,4.342639640797635,1.7295634717227462,2.072472216079832
A830,2022-01-02,-28.75,-56.0,2,13.4,10.92840800093495,5.388855517713212,2.0279645585251234,2.4866133367194743
A830,2022-01-03,-28.75,-56.0,2,20.4,10.0036335196612,4.243841726119577,2.357211735322698,4.806965319758298
A830,2022-01-04,-28.75,-56.0,2,16.3,10.021274180084495,4.6021567592257036,2.1775169131289083,3.541817641766383
A830,2022-01-05,-28.75,-56.0,2,11.9,15.132981195883689,7.285916167669647,2.0770182977172347,1.6332880760836612
A830,2022-01-06,-28.75,-56.0,2,10.3,11.10992592345597,6.317330324463089,1.7586425519707494,1.6304355591656352
A830,2022-01-07,-28.75,-56.0,2,10.3,11.076182710615814,5.973087751925873,1.8543478968720282,1.724401252380567
A830,2022-01-08,-28.75,-56.0,2,13.5,10.631705287915322,6.247954320207161,1.7016298044193785,2.1607072184151925
A830,2022-01-09,-28.75,-56.0,2,10.1,9.49021326306785,5.222112072925939,1.8173132116926214,1.9340833476867512
A830,2022-01-10,-28.75,-56.0,2,8.1,7.916450439375904,4.13611511637141,1.913982134598072,1.9583594199152958
A830,2022-01-11,-28.75,-56.0,2,9.8,7.400511674180638,3.5208709685901542,2.10189800768075,2.783402200031252
A830,2022-01-12,-28.75,-56.0,2,13.9,7.357424956161657,4.869240884527142,1.5110004065605283,2.8546544173178336
A830,2022-01-13,-28.75,-56.0,2,8.6,8.985335668250562,3.886235095877013,2.3120926672149325,2.21293868945909
A830,2022-01-14,-28.75,-56.0,2,11.4,13.573543078081657,6.110841356388534,2.221223279490196,1.8655368933906218
A830,2022-01-15,-28.75,-56.0,2,12.1,16.426707673792226,5.779802341577431,2.842088137794177,2.0934971967739733
A830,2022-01-16,-28.75,-56.0,2,15.5,23.998348752044905,8.952404320776855,2.680659618595334,1.7313784593070043
A830,2022-01-17,-28.75,-56.0,2,15.6,12.136527970580506,6.047131486688585,2.006989263801585,2.5797355381373683
A830,2022-01-18,-28.75,-56.0,2,12.5,11.302145410894093,5.479404208107216,2.0626595486734978,2.2812699200955557
A830,2022-01-19,-28.75,-56.0,2,13.6,12.091123559363794,5.981494935160735,2.0214216831128824,2.2736790965174563
A830,2022-01-20,-28.75,-56.0,2,9.3,9.798545186405214,4.694804450745805,2.0871040081016883,1.98091317701691
A830,2022-01-21,-28.75,-56.0,2,13.8,11.797957586549426,5.690099073302003,2.0734186583684546,2.4252653288147
A830,2022-01-22,-28.75,-56.0,2,12.7,11.304787169292984,6.0303399509553275,1.8746517213348939,2.1060172566205098
A830,2022-01-23,-28.75,-56.0,2,10.2,7.903237282095167,4.577103055694819,1.7266898267151711,2.228483797695835
A830,2022-01-24,-28.75,-56.0,2,13.3,10.879238474349213,5.789852297154983,1.8790183092744959,2.2971225028547537
A830,2022-01-25,-28.75,-56.0,2,8.7,9.11120733645312,5.068310256170577,1.7976814512016877,1.716548427438495
A830,2022-01-26,-28.75,-56.0,2,14.2,13.827291830665095,6.36114881202827,2.1737098501011523,2.2323011801184838
A830,2022-01-27,-28.75,-56.0,2,12.6,15.614118313700931,8.223663219490366,1.898681633349835,1.5321639108636604
A830,2022-01-28,-28.75,-56.0,2,11.1,11.974042715711006,6.834507079755554,1.7519979972190292,1.6241112739321366
A830,2022-01-29,-28.75,-56.0,2,12.0,9.269699589512257,6.569822108350973,1.4109513829498428,1.8265334741326813
A830,2022-01-30,-28.75,-56.0,2,9.1,8.020195707427167,5.616439025800417,1.4279858947252049,1.6202437092608033
A830,2022-01-31,-28.75,-56.0,2,9.5,6.52173924890834,4.308472302581746,1.5137010965581346,2.204957890597871
A830,2022-02-01,-28.75,-56.0,2,7.8,4.9631274632752085,4.891978642195195,1.0145439762280088,1.594446863018167
A830,2022-02-02,-28.75,-56.0,2,8.0,7.6600733681606155,4.517914357956456,1.6954888387095106,1.7707285632608942
A830,2022-02-03,-28.75,-56.0,2,13.4,13.068422455815105,4.8848407111417975,2.6753016584568328,2.743180544134436
A830,2022-02-04,-28.75,-56.0,2,7.4,9.886896764320625,2.9991291840575736,3.2965891622395778,2.467382878782305
A830,2022-02-05,-28.75,-56.0,2,11.7,12.111153645307486,6.320386086073572,1.916204719201153,1.8511527366627085
A830,2022-02-06,-28.75,-56.0,2,12.0,9.095162112255617,6.086098255544327,1.4944159181081387,1.971706583781853
A830,2022-02-07,-28.75,-56.0,2,9.3,8.897249443312832,4.129747816245265,2.1544292385877797,2.2519534881564485
A830,2022-02-08,-28.75,-56.0,2,9.0,8.63888950345873,3.8183719922610946,2.26245361137355,2.357025459604459
A830,2022-02-09,-28.75,-56.0,2,9.3,7.1725735942760425,4.1668927392531305,1.7213242680111913,2.2318789040072393
A830,2022-02-10,-28.75,-56.0,2,8.8,6.363324906189303,4.6938105068772416,1.3556842349868907,1.8748093871933014
A830,2022-02-11,-28.75,-56.0,2,10.0,8.801317967342575,4.220061107088667,2.0855901713267895,2.36963393331022
A830,2022-02-12,-28.75,-56.0,2,13.1,10.191296306635458,6.887980613346193,1.4795767988790125,1.901863657196909
A830,2022-02-13,-28.75,-56.0,2,10.4,11.511386767417557,6.797808081949946,1.6933968462545244,1.5299049156175601
A830,2022-02-14,-28.75,-56.0,2,7.4,6.777449475711459,3.4345441484864767,1.9733184908099444,2.1545799617282566
A830,2022-02-15,-28.75,-56.0,2,12.4,7.31103493098372,4.490031148818382,1.628281561678637,2.7616734915665884
A830,2022-02-16,-28.75,-56.0,2,11.2,7.507280530729759,3.8122724764190283,1.9692402831031515,2.937880245779406
A830,2022-02-17,-28.75,-56.0,2,10.8,7.295124348493182,4.83798132535829,1.507886008210857,2.232336024819231
A830,2022-02-18,-28.75,-56.0,2,10.0,6.573018139560967,4.388276576514784,1.4978586752572756,2.278798937495892
A830,2022-02-19,-28.75,-56.0,2,9.3,8.10759337408644,4.469347814112517,1.8140439525618735,2.080840513381864
A830,2022-02-20,-28.75,-56.0,2,16.5,13.875363302455964,7.824783683273458,1.7732583882307755,2.1086844912110476
A830,2022-02-21,-28.75,-56.0,2,10.7,8.665869185660334,4.629980945296471,1.8716857127595443,2.3110246297816777
A830,2022-02-22,-28.75,-56.0,2,8.4,8.098672953222799,4.8695536537078095,1.663124288004559,1.7250040963413584
A830,2022-02-23,-28.75,-56.0,2,8.7,8.402240421238393,3.774198103774275,2.2262319545007405,2.3051254228811735
A830,2022-02-24,-28.75,-56.0,2,16.7,10.430815175232643,5.508691707929018,1.893519501230917,3.031572809921928
A830,2022-02-25,-28.75,-56.0,2,10.5,6.921428286218273,5.388160985874164,1.2845622661171017,1.9487168307567748
A830,2022-02-26,-28.75,-56.0,2,8.6,7.188525461977391,3.731788718319944,1.926294869451686,2.3045248938615503
A830,2022-02-27,-28.75,-56.0,2,11.8,19.006339355277664,6.105435880047338,3.113019238706721,1.9327039431472188
A830,2022-02-28,-28.75,-56.0,2,16.8,9.33161376183465,5.074797329470449,1.8388150611737621,3.310477031750363
A830,2022-03-01,-28.75,-56.0,2,7.8,6.938281904959276,5.986447861930156,1.1589981346170497,1.302942943778536
A830,2022-03-02,-28.75,-56.0,2,7.3,10.497545146770573,4.3968567888539205,2.3875112724576257,1.6602769547795095
A830,2022-03-03,-28.75,-56.0,2,14.6,5.82034365880145,2.9178158996197614,1.9947604163648347,5.0037426973725845
A830,2022-03-04,-28.75,-56.0,2,7.8,8.499999287218909,4.618352998931018,1.840482806140274,1.6889137754964636
A830,2022-03-05,-28.75,-56.0,2,9.6,12.082329632671534,5.606281330487635,2.1551415136743794,1.7123650124002947
A830,2022-03-06,-28.75,-56.0,2,16.3,16.726562901350203,3.8029734865615623,4.398285436502854,4.286119810616286
A830,2022-03-07,-28.75,-56.0,2,30.8,13.620576821960174,7.8688554503822665,1.7309476464329372,3.9141651786860243
A830,2022-03-08,-28.75,-56.0,2,9.8,9.126458800604825,4.535395610854242,2.0122740293620947,2.1607817356762333
A830,2022-03-09,-28.75,-56.0,2,12.0,12.365955107138607,5.249397172552775,2.355690510863947,2.285976771341235
A830,2022-03-10,-28.75,-56.0,2,16.6,18.08526325289368,4.728739680961951,3.824541944168654,3.510449109057981
A830,2022-03-11,-28.75,-56.0,2,9.4,14.390394656572663,6.5971151669848185,2.181316271177016,1.4248652270074327
A830,2022-03-12,-28.75,-56.0,2,11.4,11.534925062969705,5.792515428811086,1.9913499074334358,1.968056907245882
A830,2022-03-13,-28.75,-56.0,2,12.2,10.918026718789756,5.452018400180076,2.0025660071927014,2.2377033796505605
A830,2022-03-14,-28.75,-56.0,2,6.4,7.977205990742865,3.9757770450464487,2.0064520470738993,1.6097482146223392
A830,2022-03-15,-28.75,-56.0,2,8.5,7.705215338233406,3.989630050317312,1.931310733339944,2.1305233549972784
A830,2022-03-16,-28.75,-56.0,2,7.2,5.313475325037569,3.4131360518646994,1.5567722013702492,2.1094969232376255
A830,2022-03-17,-28.75,-56.0,2,6.9,7.607256681088641,3.470998159677934,2.1916625509805807,1.987900794692509
A830,2022-03-18,-28.75,-56.0,2,14.1,17.11313853444744,8.753637179939117,1.9549746217110706,1.610759014814236
A830,2022-03-19,-28.75,-56.0,2,11.3,12.33447464262454,7.0354718329020365,1.7531837146929117,1.6061467188532406
A830,2022-03-20,-28.75,-56.0,2,13.6,11.999571415495428,6.89831632750251,1.7394927756001868,1.9714955583841414
A830,2022-03-21,-28.75,-56.0,2,11.4,11.094860691515542,7.112491917669738,1.559911887414917,1.602813772157505
A830,2022-03-22,-28.75,-56.0,2,8.9,11.590484720990558,5.834399287593912,1.9865772206636956,1.5254355352271978
A830,2022-03-23,-28.75,-56.0,2,7.7,14.803617316478272,5.7276726669125795,2.5845780960904583,1.3443505674619105
A830,2022-03-24,-28.75,-56.0,2,11.4,10.184757172105051,5.257989994167276,1.9370058108522596,2.168128888158041
A830,2022-03-25,-28.75,-56.0,2,9.9,6.992599391759087,5.498374928182657,1.2717574707242283,1.8005319988741082
A830,2022-03-26,-28.75,-56.0,2,6.8,7.388387511514982,4.647510718671993,1.589751580740019,1.4631488578778518
A830,2022-03-27,-28.75,-56.0,2,8.1,4.444501481929164,2.35534375688026,1.8869863343497981,3.4389884603208616
A830,2022-03-28,-28.75,-56.0,2,7.7,7.822088606677164,4.2332052151815285,1.8477933880041622,1.8189526868164856
A830,2022-03-29,-28.75,-56.0,2,12.8,12.568879685967865,6.163959560653562,2.039091847097581,2.0765872770655918
A830,2022-03-30,-28.75,-56.0,2,19.4,21.220567875828177,10.607351615520656,2.0005528849235357,1.8289202341151731
A830,2022-03-31,-28.75,-56.0,2,9.5,7.804523987300306,5.10914450995116,1.5275598433552453,1.8594110973954059
A830,2022-04-01,-28.75,-56.0,2,9.7,12.348957637390978,5.590506462237453,2.2089157254007774,1.7350843014888189
A830,2022-04-02,-28.75,-56.0,2,8.0,9.711870469734134,4.603504104447101,2.1096691236469676,1.7378066400053382
A830,2022-04-03,-28.75,-56.0,2,8.4,8.599862638403815,3.2933593977658493,2.611273656995284,2.5505871013343993
A830,2022-04-04,-28.75,-56.0,2,6.4,6.653669457933447,4.41860706452126,1.5058296338134218,1.4484202615317678
A830,2022-04-05,-28.75,-56.0,2,6.4,6.469921946075057,3.871054533012533,1.6713590291480684,1.6532962647310965
A830,2022-04-06,-28.75,-56.0,2,5.6,8.528371217788697,2.93185724167996,2.9088630566820926,1.910052072245915
A830,2022-04-07,-28.75,-56.0,2,7.3,8.274702075307342,2.7349144152359677,3.0255798972025247,2.669187730092153
A830,2022-04-08,-28.75,-56.0,2,6.7,5.637217731287686,3.251252331199955,1.7338604196270215,2.0607443893864734
A830,2022-04-09,-28.75,-56.0,2,6.6,5.389845746915969,3.2553836348578007,1.6556714511933106,2.0274108185987414
A830,2022-04-10,-28.75,-56.0,2,7.7,12.34574251002399,4.6916987599558695,2.631401362635677,1.6411965886898559
A830,2022-04-11,-28.75,-56.0,2,14.1,13.36782307680259,5.732674578928389,2.3318649772897877,2.4595849294895293
A830,2022-04-12,-28.75,-56.0,2,7.1,10.58478111115182,3.4208074951892797,3.0942346583481584,2.075533338249758
A830,2022-04-13,-28.75,-56.0,2,8.2,10.21342739231655,5.237057194409278,1.9502226180038098,1.5657648361667227
A830,2022-04-14,-28.75,-56.0,2,8.1,9.018951540631903,5.327080013004415,1.6930384973784751,1.5205328210250943
A830,2022-04-15,-28.75,-56.0,2,6.9,6.610168482383775,3.7014614576976355,1.7858266411601107,1.8641285553981977
A830,2022-04-16,-28.75,-56.0,2,8.4,7.54315183781829,4.478834476741962,1.6841774075351414,1.875487929643341
A830,2022-04-17,-28.75,-56.0,2,8.8,6.88619467856975,4.362706309793666,1.578422701319868,2.0170965852652585
A830,2022-04-18,-28.75,-56.0,2,5.1,6.152786931638966,2.378287635872671,2.5870659372037266,2.1443999973235552
A830,2022-04-19,-28.75,-56.0,2,5.2,5.613090867347693,2.75279820471758,2.039049160133974,1.888986991886493
A830,2022-04-20,-28.75,-56.0,2,7.3,7.298375710058834,4.239219345731324,1.7216320069420148,1.72201516473799
A830,2022-04-21,-28.75,-56.0,2,5.9,4.310191284065801,2.4964474605027047,1.726529939948292,2.363358369581681
A830,2022-04-22,-28.75,-56.0,2,7.9,10.494233129578479,4.341021944068196,2.4174568257869233,1.8198479763031334
A830,2022-04-23,-28.75,-56.0,2,17.0,8.77339024456133,4.555199462703533,1.9260167016603658,3.7319990352102863
A830,2022-04-24,-28.75,-56.0,2,8.3,9.128024356624731,5.640033309507198,1.6184344764840224,1.4716225143580257
A830,2022-04-25,-28.75,-56.0,2,16.1,14.150199199491238,7.0808788208704465,1.9983676542782252,2.273729067717733
A830,2022-04-26,-28.75,-56.0,2,21.3,14.397854706764017,6.364915414324118,2.2620653645077398,3.346470237776415
A830,2022-04-27,-28.75,-56.0,2,13.5,17.135361447192125,7.852852820077905,2.1820555968374986,1.7191204660659962
A830,2022-04-28,-28.75,-56.0,2,18.2,16.169104306751517,8.788620347570568,1.8397773105788022,2.070859734546505
A830,2022-04-29,-28.75,-56.0,2,9.9,12.43708456276671,6.268502709452845,1.9840598527638347,1.579324514779405
A830,2022-04-30,-28.75,-56.0,2,8.6,9.809077642860771,4.844855358171301,2.0246378720712155,1.7750787927023035
A830,2022-05-01,-28.75,-56.0,2,5.9,9.412373267575555,3.8156973952917115,2.4667504501771362,1.5462442087991999
A830,2022-05-02,-28.75,-56.0,2,12.0,11.849629320144459,6.492295527409382,1.8251832915056487,1.8483446955453604
A830,2022-05-03,-28.75,-56.0,2,13.0,13.975309062574613,7.090345707853189,1.9710335205652547,1.8334790059110013
A830,2022-05-04,-28.75,-56.0,2,10.9,11.407400340313618,7.20604029340414,1.5830331049848672,1.5126199072154827
A830,2022-05-05,-28.75,-56.0,2,6.1,7.521055938831155,4.253329999595572,1.768274725813961,1.4341704030912295
A830,2022-05-06,-28.75,-56.0,2,6.2,5.6759206396995925,3.3564015593533596,1.6910731744485032,1.847216398384252
A830,2022-05-07,-28.75,-56.0,2,7.2,5.274083969421553,3.513745729812354,1.500986233771448,2.0490953397428973
A830,2022-05-08,-28.75,-56.0,2,6.9,7.273598003600228,3.9320664517807313,1.8498156358232969,1.7548024898905685
A830,2022-05-09,-28.75,-56.0,2,5.3,5.3379700663356,2.81359991157738,1.8972029549656153,1.8837077646297893
A830,2022-05-10,-28.75,-56.0,2,4.7,5.731769048961637,2.748146316327727,2.0856855455283196,1.7102437275903426
A830,2022-05-11,-28.75,-56.0,2,6.4,6.5734653004179915,3.793384849668345,1.7328759303166164,1.6871475617770633
A830,2022-05-12,-28.75,-56.0,2,7.6,4.810886850897257,3.449075691059377,1.394833654526034,2.203488899852376
A830,2022-05-13,-28.75,-56.0,2,7.5,6.831902831362592,3.9203119003437314,1.7426936950510425,1.9131130865741584
A830,2022-05-14,-28.75,-56.0,2,4.1,4.756700020577803,2.2990561889612144,2.0689794548810174,1.7833404941061959
A830,2022-05-15,-28.75,-56.0,2,8.5,12.077821358720161,5.876585600043718,2.0552446915144587,1.4464181377595802
A830,2022-05-16,-28.75,-56.0,2,11.4,11.889219178202598,6.628861953959522,1.7935535934793427,1.719752210738165
A830,2022-05-17,-28.75,-56.0,2,14.4,13.376307351633349,8.537214252703281,1.566823433931951,1.6867328819164036
A830,2022-05-18,-28.75,-56.0,2,16.3,12.512885079205812,9.024723773794456,1.3865116975147878,1.8061494632479644
A830,2022-05-19,-28.75,-56.0,2,4.9,5.939606382458584,3.279017694023466,1.811398088300794,1.4943499722282787
A830,2022-05-20,-28.75,-56.0,2,7.6,4.7709888115066805,3.1445022636833895,1.5172476950034268,2.4169166890971017
A830,2022-05-21,-28.75,-56.0,2,5.5,4.545203762153577,2.9694658223050205,1.5306469358941481,1.8521849817859415
A830,2022-05-22,-28.75,-56.0,2,6.4,5.516168833114422,2.970991448614536,1.8566761057783523,2.1541630498413302
A830,2022-05-23,-28.75,-56.0,2,5.9,5.879617169991825,3.1569153934425778,1.862456365541103,1.8689129307219483
A830,2022-05-24,-28.75,-56.0,2,7.9,6.984559220706837,4.481780843799871,1.5584339047656306,1.7626921697719597
A830,2022-05-25,-28.75,-56.0,2,11.2,12.619742840479688,6.703448379509668,1.882574777342102,1.6707818671707646
A830,2022-05-26,-28.75,-56.0,2,11.8,9.763499177251637,4.057420047442105,2.406331871753525,2.9082520079327265
A830,2022-05-27,-28.75,-56.0,2,6.8,10.666249811197224,3.3321521012218422,3.201009283845745,2.0407231703218343
A830,2022-05-28,-28.75,-56.0,2,5.1,6.206287397610773,3.1277251089600075,1.9842816044899838,1.6305780790613624
A830,2022-05-29,-28.75,-56.0,2,9.1,14.807178350280406,5.642510478253633,2.624218139664537,1.6127573063570926
A830,2022-05-30,-28.75,-56.0,2,8.5,9.880970123174666,5.501254414941116,1.7961303691642534,1.5451021455969114
A830,2022-05-31,-28.75,-56.0,2,8.6,7.866219510124111,4.875916169811748,1.613280301828449,1.7637710945986245
A830,2022-06-01,-28.75,-56.0,2,8.1,9.619495953843995,5.307086730188933,1.8125756074654424,1.5262610942315689
A830,2022-06-02,-28.75,-56.0,2,11.3,10.108497196617618,5.816616816588912,1.7378654147868777,1.9427100591829523
A830,2022-06-03,-28.75,-56.0,2,9.6,8.649485041759927,5.145197907748162,1.6810791726270924,1.8658174422296454
A830,2022-06-04,-28.75,-56.0,2,8.1,7.158522627253044,4.513111964945742,1.586161097454427,1.7947704517225245
A830,2022-06-05,-28.75,-56.0,2,5.2,6.48881797741079,2.775002601167629,2.338310592819088,1.873872117385408
A830,2022-06-06,-28.75,-56.0,2,9.9,6.16086350063841,2.6470118002362466,2.327478668621179,3.7400664398686936
A830,2022-06-07,-28.75,-56.0,2,4.2,3.671650668973259,2.188882767293474,1.6774085500765346,1.9187870920986998
A830,2022-06-08,-28.75,-56.0,2,3.7,3.0690346806570705,1.7075118909298903,1.7973723620663697,2.1668955980066555
A830,2022-06-09,-28.75,-56.0,2,6.2,7.7889410730574475,3.7797134549936935,2.0607226356714503,1.6403359867951537
A830,2022-06-10,-28.75,-56.0,2,10.1,11.95045478398301,6.694636313302841,1.785079013214861,1.508670453080535
A830,2022-06-11,-28.75,-56.0,2,5.3,5.145402335919283,3.5722999469428505,1.4403612273159434,1.483638014365424
A830,2022-06-12,-28.75,-56.0,2,4.3,4.478253459497431,2.710507629212185,1.65218256950601,1.5864187038830821
A830,2022-06-13,-28.75,-56.0,2,5.9,4.660130792631099,2.9089270615223826,1.602010189348724,2.0282392357105867
A830,2022-06-14,-28.75,-56.0,2,8.1,6.437196563883602,4.756924669498932,1.353226508958289,1.7027808012047434
A830,2022-06-15,-28.75,-56.0,2,7.4,6.777755652463216,3.8529701898515305,1.7590989077245855,1.920596224567507
A830,2022-06-16,-28.75,-56.0,2,7.3,5.8724904217111575,3.2871355433181746,1.7865069280907155,2.2207785178919237
A830,2022-06-17,-28.75,-56.0,2,12.7,12.76734943315151,7.30854361145849,1.7469074704753198,1.7376923057678235
A830,2022-06-18,-28.75,-56.0,2,3.8,3.82931378664516,2.838119741789728,1.3492432085442532,1.3389146145059077
A830,2022-06-19,-28.75,-56.0,2,7.2,5.462976245616495,3.6829233796212533,1.4833260653329965,1.9549687185565174
A830,2022-06-20,-28.75,-56.0,2,6.9,5.686810740696409,3.8250701799893267,1.4867206281460374,1.8038884714055765
A830,2022-06-21,-28.75,-56.0,2,10.4,9.890716961806865,3.635239157573123,2.720788518467072,2.860884676138616
A830,2022-06-22,-28.75,-56.0,2,6.9,8.558219003600456,4.554003568061979,1.879273671110128,1.5151503280302423
A830,2022-06-23,-28.75,-56.0,2,6.6,6.929155081090383,4.321040418820713,1.6035848799075731,1.5274099199010163
A830,2022-06-24,-28.75,-56.0,2,5.0,7.660389824946548,3.9137877080636945,1.957282917814785,1.2775348008013694
A830,2022-06-25,-28.75,-56.0,2,9.8,8.964065367669757,5.904798713267271,1.5180983811571316,1.65966707349071
A830,2022-06-26,-28.75,-56.0,2,8.9,8.139153992946456,5.9154312286763195,1.3759189614934857,1.5045395096227887
A830,2022-06-27,-28.75,-56.0,2,6.4,5.03317700953963,3.035688931198892,1.6580015685440685,2.1082529024053964
A830,2022-06-28,-28.75,-56.0,2,11.3,9.460901481448476,6.398883548001928,1.4785237784804932,1.7659330592957052
A830,2022-06-29,-28.75,-56.0,2,6.6,5.101439464245635,4.287048166947083,1.1899655113692134,1.5395208411432495
A830,2022-06-30,-28.75,-56.0,2,5.6,4.773648135448114,2.9493516517055975,1.6185415301995385,1.8987223842099479
A830,2022-07-01,-28.75,-56.0,2,8.9,7.932598967181507,6.25019434695646,1.2691763690587152,1.4239557213663072
A830,2022-07-02,-28.75,-56.0,2,8.8,8.24998205310228,5.633523724868423,1.4644443612944873,1.5620773834950936
A830,2022-07-03,-28.75,-56.0,2,8.8,6.983872775876528,5.327708660780979,1.310858611186291,1.6517419701981275
A830,2022-07-04,-28.75,-56.0,2,11.5,9.220338873793901,5.135475878829751,1.7954205396628191,2.2393250930078494
A830,2022-07-05,-28.75,-56.0,2,8.3,6.503638512308029,4.955174140033761,1.3124944408641344,1.675016813827546
A830,2022-07-06,-28.75,-56.0,2,12.1,10.948278977566735,7.036724635177651,1.5558771367625546,1.7195500218255335
A830,2022-07-07,-28.75,-56.0,2,9.9,8.811467913474585,5.723834740728566,1.539434367448737,1.7296096844927193
A830,2022-07-08,-28.75,-56.0,2,10.5,7.671968544103925,6.5483749947249095,1.1715835684859426,1.6034512391942048
A830,2022-07-09,-28.75,-56.0,2,10.9,11.505917063606727,6.569289212608634,1.7514706220458485,1.6592358240339462
A830,2022-07-10,-28.75,-56.0,2,11.2,13.519254868431892,7.409924833222642,1.824479353396119,1.511486317618828
A830,2022-07-11,-28.75,-56.0,2,18.9,13.2334657336525,9.417802900803515,1.405154245957243,2.006837496926961
A830,2022-07-12,-28.75,-56.0,2,14.6,13.259422609483735,7.75433822974647,1.7099360663195182,1.8828170202832835
A830,2022-07-13,-28.75,-56.0,2,9.6,9.81755320121962,4.981806801986766,1.9706812390445048,1.9270117010903511
A830,2022-07-14,-28.75,-56.0,2,8.2,14.304671969758937,5.689126223704692,2.5143882218953304,1.4413461184660192
A830,2022-07-15,-28.75,-56.0,2,9.3,13.12674919480335,6.056402982923667,2.1674167375940603,1.5355649262808004
A830,2022-07-16,-28.75,-56.0,2,16.5,14.637819169363548,9.343888655833519,1.5665660956078447,1.765860083285434
A830,2022-07-17,-28.75,-56.0,2,12.6,8.104250590224252,6.343869668280071,1.2774932358314748,1.9861694295204633
A830,2022-07-18,-28.75,-56.0,2,5.8,7.613225571730396,3.948259082955474,1.9282487323581379,1.4690018760517618
A830,2022-07-19,-28.75,-56.0,2,6.9,6.246643340972571,3.6187042408710233,1.726209970524975,1.906759862292357
A830,2022-07-20,-28.75,-56.0,2,7.9,7.125674848834817,4.64464150034033,1.5341711191946015,1.7008847721446614
A830,2022-07-21,-28.75,-56.0,2,8.7,8.173794332443922,5.581112512070342,1.4645457003001383,1.5588289935356796
A830,2022-07-22,-28.75,-56.0,2,8.3,9.16024098044734,3.4886623200586953,2.625717292206493,2.3791353930352184
A830,2022-07-23,-28.75,-56.0,2,9.6,8.487744897891737,5.016509420716608,1.6919623160359307,1.9136812462376758
A830,2022-07-24,-28.75,-56.0,2,5.8,7.89179162649019,3.760868711189403,2.0983959378880717,1.5421968819979643
A830,2022-07-25,-28.75,-56.0,2,6.8,7.807923197118152,4.711974489511412,1.657038512092573,1.4431317519091866
A830,2022-07-26,-28.75,-56.0,2,8.4,7.509715301284385,4.687041534514185,1.6022293051991852,1.7921752854427535
A830,2022-07-27,-28.75,-56.0,2,6.0,6.702033889107317,4.009940499907944,1.6713549463542352,1.4962815533391935
A830,2022-07-28,-28.75,-56.0,2,11.7,11.151721600602405,7.1055669820517675,1.5694344489005563,1.646596257491273
A830,2022-07-29,-28.75,-56.0,2,6.6,8.10275959526423,5.768465640662017,1.4046646196776718,1.1441517400184344
A830,2022-07-30,-28.75,-56.0,2,6.7,5.333012268014723,3.5756104577203582,1.4914969992046623,1.873805907892888
A830,2022-07-31,-28.75,-56.0,2,7.3,4.165338245600762,2.8302677894682953,1.471711709082934,2.579261237104142
A830,2022-08-01,-28.75,-56.0,2,5.7,4.812263627123158,3.351598869542658,1.4358113289911136,1.7006808457295466
A830,2022-08-02,-28.75,-56.0,2,8.7,6.560466159747102,3.8332494429945814,1.7114634091284144,2.2696148866334807
A830,2022-08-03,-28.75,-56.0,2,9.4,7.057674952862913,4.566457628863764,1.5455470140032852,2.0584883872751334
A830,2022-08-04,-28.75,-56.0,2,13.7,13.967432929794152,8.61875086341419,1.6205866895497152,1.5895574912317336
A830,2022-08-05,-28.75,-56.0,2,7.3,4.813258837076787,4.864258705983236,0.9895153872379943,1.5007425470649214
A830,2022-08-06,-28.75,-56.0,2,9.3,8.127649849404051,5.196501840810874,1.5640617666241017,1.7896654874558473
A830,2022-08-07,-28.75,-56.0,2,9.2,7.998904241222003,5.494021755864021,1.455928752499825,1.6745474278802077
A830,2022-08-08,-28.75,-56.0,2,9.8,10.098577465915222,5.870253478547058,1.7202966622856486,1.6694338729689049
A830,2022-08-09,-28.75,-56.0,2,9.2,9.203076118783992,6.197344936728348,1.485003047715205,1.4845066869646903
A830,2022-08-10,-28.75,-56.0,2,9.2,10.500480015992686,5.840864246289598,1.7977613540090582,1.5751093694472162
A830,2022-08-11,-28.75,-56.0,2,7.6,9.294110157671986,5.183672892910292,1.7929584581587965,1.4661418953334262
A830,2022-08-12,-28.75,-56.0,2,9.7,8.173461958481369,5.696717409679535,1.4347669667787086,1.702734979186139
A830,2022-08-13,-28.75,-56.0,2,6.8,7.08181454650206,4.092789540137415,1.7303148566647992,1.6614585072878414
A830,2022-08-14,-28.75,-56.0,2,10.5,10.8803697609801,7.829052142651288,1.389742916860366,1.3411585219617916
A830,2022-08-15,-28.75,-56.0,2,17.5,11.381893876356694,7.967588789448776,1.4285242596140721,2.1963984917462978
A830,2022-08-16,-28.75,-56.0,2,11.4,5.815552857395661,7.471746629440762,0.7783391415443297,1.5257476685679927
A830,2022-08-17,-28.75,-56.0,2,7.0,9.527530734747199,5.526825889369566,1.7238702512906525,1.2665497593227921
A830,2022-08-18,-28.75,-56.0,2,14.1,13.385409523509148,8.295264103242708,1.6136206583557293,1.6997650496128456
A830,2022-08-19,-28.75,-56.0,2,6.0,9.043623615321241,4.423351480477335,2.0445184279919175,1.356437539834055
A830,2022-08-20,-28.75,-56.0,2,7.4,7.885885371651807,3.9867750674076725,1.9780111088081676,1.8561368210852474
A830,2022-08-21,-28.75,-56.0,2,6.9,5.539958830419152,2.895916430780258,1.9130244131135024,2.3826654411228665
A830,2022-08-22,-28.75,-56.0,2,6.0,6.906135886282466,3.4385897766541462,2.00842099082908,1.7449013664660473
A830,2022-08-23,-28.75,-56.0,2,7.9,6.930467108268669,4.007508361889012,1.7293705920059186,1.971299692129948
A830,2022-08-24,-28.75,-56.0,2,7.7,7.475074199408024,4.444417499742259,1.681901891494559,1.7325105034453985
A830,2022-08-25,-28.75,-56.0,2,7.8,10.522321420360603,5.022879573342527,2.094878299731645,1.552894089158783
A830,2022-08-26,-28.75,-56.0,2,10.4,8.27821291082953,4.788212094764108,1.728873480746963,2.172000695493911
A830,2022-08-27,-28.75,-56.0,2,10.7,10.42718250171255,6.142023846350328,1.6976786092923624,1.7420967856316745
A830,2022-08-28,-28.75,-56.0,2,14.7,19.392539244300107,8.778105237289644,2.2091942076429025,1.6746210717039454
A830,2022-08-29,-28.75,-56.0,2,9.1,11.573535478706003,6.1260860211716786,1.8892218357215367,1.4854509010403234
A830,2022-08-30,-28.75,-56.0,2,10.0,10.256170791286014,5.499798508501303,1.8648266432729415,1.8182484293820074
A830,2022-08-31,-28.75,-56.0,2,8.1,8.626233785668713,4.956502719650342,1.7403871789416174,1.6342167972363013
A830,2022-09-01,-28.75,-56.0,2,12.9,12.606894496161964,6.187256322928511,2.0375581417960316,2.0849305939040614
A830,2022-09-02,-28.75,-56.0,2,13.6,12.404743630470133,6.373471595837672,1.9463087650019981,2.1338449219545845
A830,2022-09-03,-28.75,-56.0,2,8.6,10.477017772835357,5.767704714793277,1.8164969066400738,1.4910610763311651
A830,2022-09-04,-28.75,-56.0,2,10.7,10.770736926280742,5.043104027667632,2.13573562377258,2.1217091579506056
A830,2022-09-05,-28.75,-56.0,2,7.1,6.892606760252208,4.3183892420536445,1.5961059492113716,1.6441315504536451
A830,2022-09-06,-28.75,-56.0,2,7.4,6.07696719037058,3.189850933966172,1.90509441230053,2.3198576213086692
A830,2022-09-07,-28.75,-56.0,2,7.6,6.168222373701785,4.196643517919719,1.4697989827735907,1.810971069510171
A830,2022-09-08,-28.75,-56.0,2,9.9,10.210752931381592,5.274163933827249,1.9359946068214187,1.8770747599451214
A830,2022-09-09,-28.75,-56.0,2,11.9,12.339285604681887,7.408231733948529,1.665618199837972,1.6063212420134965
A830,2022-09-10,-28.75,-56.0,2,11.7,9.51662421637883,6.420405183854449,1.482246671956237,1.822314895237808
A830,2022-09-11,-28.75,-56.0,2,9.5,11.757102210997559,5.591071525910066,2.1028352358779454,1.6991376261196502
A830,2022-09-12,-28.75,-56.0,2,8.6,8.729154692371313,5.040681423980516,1.7317410005010971,1.7061185337137945
A830,2022-09-13,-28.75,-56.0,2,8.8,9.286690177734558,5.646219901533518,1.644762396734191,1.5585648723334196
A830,2022-09-14,-28.75,-56.0,2,10.3,11.193930898448626,5.976697066859204,1.8729292740164116,1.7233598900492246
A830,2022-09-15,-28.75,-56.0,2,8.3,8.653391046004916,5.986340636322738,1.4455226609557725,1.3864897613140983
A830,2022-09-16,-28.75,-56.0,2,9.0,8.809987732426652,5.20128539245231,1.6938097158081353,1.7303415061707788
A830,2022-09-17,-28.75,-56.0,2,11.4,11.51114623235158,7.110589556138816,1.6188736730576176,1.6032425876920415
A830,2022-09-18,-28.75,-56.0,2,13.3,10.918780107710882,6.895266231411048,1.583518277796282,1.9288595325605415
A830,2022-09-19,-28.75,-56.0,2,14.9,10.06600074131703,5.026758251482157,2.002483556544426,2.964136975476528
A830,2022-09-20,-28.75,-56.0,2,5.8,7.372176637696659,3.1826996073112777,2.316328132495238,1.8223523158378743
A830,2022-09-21,-28.75,-56.0,2,13.3,11.28329976359045,6.32152168878532,1.7849024837813277,2.103923810558909
A830,2022-09-22,-28.75,-56.0,2,13.7,12.758320719299604,7.489205108316113,1.7035613973414343,1.8292996121560803
A830,2022-09-23,-28.75,-56.0,2,6.5,7.291715957976007,3.0785348460213706,2.3685669718501505,2.1113939991293114
A830,2022-09-24,-28.75,-56.0,2,8.8,9.711767122003844,4.992707842744884,1.945190351187167,1.7625705883807432
A830,2022-09-25,-28.75,-56.0,2,8.7,7.821617894433656,4.3929052749736535,1.7805113939044739,1.980466105099928
A830,2022-09-26,-28.75,-56.0,2,5.4,6.960022173703319,3.5752394893142045,1.946728937881131,1.5103883295481886
A830,2022-09-27,-28.75,-56.0,2,11.1,9.96501116600362,5.913561060297635,1.685111739676883,1.877041580668371
A830,2022-09-28,-28.75,-56.0,2,12.8,13.7495288547668,8.228117507627658,1.6710418685708686,1.5556413709617176
A830,2022-09-29,-28.75,-56.0,2,12.0,12.487974457574369,7.0392863953665445,1.7740398324742552,1.7047182521084432
A830,2022-09-30,-28.75,-56.0,2,8.1,7.873373446814487,4.315444559015338,1.8244640474794946,1.8769792750733865
A830,2022-10-01,-28.75,-56.0,2,6.7,5.995574681534828,3.661707966485249,1.63737106738465,1.8297472276116837
A830,2022-10-02,-28.75,-56.0,2,8.6,7.80363585410905,4.729426724605867,1.6500172871923238,1.818402208296544
A830,2022-10-03,-28.75,-56.0,2,10.0,7.527223027238946,4.980777621625753,1.511254586945807,2.007718625417359
A830,2022-10-04,-28.75,-56.0,2,9.7,7.469112969125074,4.895979151283199,1.5255606158305386,1.981217586978021
A830,2022-10-05,-28.75,-56.0,2,9.8,10.743039032231659,5.189069333930958,2.0703209652612817,1.888585287523235
A830,2022-10-06,-28.75,-56.0,2,14.1,14.686849503929826,8.272398951927219,1.7754039172044809,1.7044632496496226
A830,2022-10-07,-28.75,-56.0,2,9.2,5.9189719536315435,5.920830880229076,0.9996860361940518,1.5538359710156175
A830,2022-10-08,-28.75,-56.0,2,9.8,12.692048630228804,6.374252761875615,1.9911429785370145,1.5374351106083788
A830,2022-10-09,-28.75,-56.0,2,14.1,13.835959328291487,9.316034977090762,1.4851768335258246,1.513519435540289
A830,2022-10-10,-28.75,-56.0,2,12.2,11.381366867714725,6.768155270915656,1.68160546147975,1.8025591186458514
A830,2022-10-11,-28.75,-56.0,2,6.2,7.5342218810473165,4.8236428323409895,1.5619361015978956,1.285335630248362
A830,2022-10-12,-28.75,-56.0,2,5.6,4.584433003930697,2.6452230629930753,1.7330988331635828,2.1170237317013214
A830,2022-10-13,-28.75,-56.0,2,8.1,5.258833316588651,4.167713477359109,1.2618029874551107,1.943511722675476
A830,2022-10-14,-28.75,-56.0,2,12.3,13.569571808442754,7.32705416640028,1.851981915278971,1.6787101228764203
A830,2022-10-15,-28.75,-56.0,2,11.2,10.032926804258341,6.273566015297856,1.5992382609497413,1.785268533508569
A830,2022-10-16,-28.75,-56.0,2,10.2,9.556814049009402,5.286121201132462,1.8079067212764657,1.9295811828557434
A830,2022-10-17,-28.75,-56.0,2,10.0,9.900244454849146,5.625304369196122,1.7599482277016645,1.7776815872861007
A830,2022-10-18,-28.75,-56.0,2,8.2,8.513144251587423,5.074378658115888,1.677672248201585,1.61596139201891
A830,2022-10-19,-28.75,-56.0,2,11.5,7.852584754104644,4.3383638154413005,1.8100337104406434,2.650768927923629
A830,2022-10-20,-28.75,-56.0,2,10.8,12.458416413388148,5.250076196357429,2.3729972570744704,2.057113001044286
A830,2022-10-21,-28.75,-56.0,2,9.8,11.499228495390156,8.943991691046845,1.2856931102587188,1.0957076368720289
A830,2022-10-22,-28.75,-56.0,2,8.4,6.697990013961176,4.021178200801245,1.665678485133178,2.0889400022924245
A830,2022-10-23,-28.75,-56.0,2,7.3,6.981061383169297,4.575250293733129,1.5258315796911672,1.595541124820876
A830,2022-10-24,-28.75,-56.0,2,8.4,9.469623457732746,4.84204332585516,1.9557081216451742,1.7348047992768558
A830,2022-10-25,-28.75,-56.0,2,8.3,8.752658005443296,4.562087921545047,1.9185640776688546,1.8193424025876797
A830,2022-10-26,-28.75,-56.0,2,18.4,9.897092566553031,6.440719241909811,1.536643998103903,2.8568237969869967
A830,2022-10-27,-28.75,-56.0,2,10.2,6.209742158574741,5.8486946725981594,1.0617312932521734,1.743978882636536
A830,2022-10-28,-28.75,-56.0,2,7.0,9.741661295917055,3.953903514373159,2.4638085528653755,1.7704023314058437
A830,2022-10-29,-28.75,-56.0,2,10.8,13.11230435356343,6.286174685007774,2.085895637745424,1.7180559785838412
A830,2022-10-30,-28.75,-56.0,2,12.7,15.129398934149753,9.194457816130557,1.645491146591272,1.381266873367932
A830,2022-10-31,-28.75,-56.0,2,16.5,19.457940690721205,9.837197418343955,1.977996360471218,1.6773069908337466
A830,2022-11-01,-28.75,-56.0,2,10.9,10.813538261980886,6.303532194274594,1.7154728378801116,1.7291892329669245
A830,2022-11-02,-28.75,-56.0,2,9.6,8.89515136474934,4.369625640188658,2.0356781329133025,2.1969845452448236
A830,2022-11-03,-28.75,-56.0,2,8.5,8.069984524201047,4.2830832340285925,1.8841530932870902,1.9845516735394026
A830,2022-11-04,-28.75,-56.0,2,8.1,9.31397745247834,4.78534164558565,1.946355796993144,1.692669113285158
A830,2022-11-05,-28.75,-56.0,2,9.8,8.946697670422289,5.339963824343398,1.6754228988662436,1.835218425136992
A830,2022-11-06,-28.75,-56.0,2,11.4,9.73940838788993,6.266712285402383,1.5541495993962913,1.8191356936164194
A830,2022-11-07,-28.75,-56.0,2,11.0,11.187545104590349,6.734982266920686,1.6611098086388025,1.6332633946235067
A830,2022-11-08,-28.75,-56.0,2,10.8,9.607240678053397,6.210384408935206,1.5469639309655223,1.739022786489911
A830,2022-11-09,-28.75,-56.0,2,10.3,9.79870694742622,5.465127698341362,1.7929511419102022,1.8846769130620675
A830,2022-11-10,-28.75,-56.0,2,10.4,10.156327714499284,5.755736683366152,1.7645573926011355,1.8068929438790318
A830,2022-11-11,-28.75,-56.0,2,9.6,10.602223999695836,4.741144105035569,2.2362163572364766,2.024827718230256
A830,2022-11-12,-28.75,-56.0,2,16.9,12.118244125988538,6.104439501782187,1.9851526290744015,2.7684769412598906
A830,2022-11-13,-28.75,-56.0,2,7.2,11.668088071207968,3.8134581211599086,3.059713179086645,1.8880501034085133
A830,2022-11-14,-28.75,-56.0,2,15.5,14.413420681943315,7.852527336039028,1.8355135951954205,1.9738867929644814
A830,2022-11-15,-28.75,-56.0,2,11.4,5.717474699964272,4.398452950015552,1.299883110024868,2.591820380836333
A830,2022-11-16,-28.75,-56.0,2,8.8,5.627201172420822,2.7254110329815804,2.0647165159028154,3.228870762430599
A830,2022-11-17,-28.75,-56.0,2,10.1,9.385189798185733,5.433175910173543,1.7273855942363474,1.8589495659597357
A830,2022-11-18,-28.75,-56.0,2,10.8,11.540747449633876,6.03729006820204,1.9115774327985562,1.7888820775537688
A830,2022-11-19,-28.75,-56.0,2,10.5,10.427574894482698,5.854301228184856,1.781181816248256,1.7935530801607824
A830,2022-11-20,-28.75,-56.0,2,10.8,11.716017905833336,6.668187832613291,1.757001782183118,1.6196304409990556
A830,2022-11-21,-28.75,-56.0,2,14.7,14.20729981740997,4.880082666729641,2.9112826129502656,3.012244054843259
A830,2022-11-22,-28.75,-56.0,2,10.0,12.257006882012119,5.791290307767516,2.116455268279768,1.7267309128999437
A830,2022-11-23,-28.75,-56.0,2,8.0,7.229215314272352,3.51344506262972,2.057585983388474,2.2769674372002884
A830,2022-11-24,-28.75,-56.0,2,7.5,7.545953248846822,3.6424030926981197,2.071696365504988,2.0590801756771944
A830,2022-11-25,-28.75,-56.0,2,11.2,7.987875685680002,5.873995409079738,1.3598709446270132,1.9067090149045027
A830,2022-11-26,-28.75,-56.0,2,11.0,9.022620003360009,5.383721606983042,1.6759076085318148,2.0431962874403227
A830,2022-11-27,-28.75,-56.0,2,11.7,11.07745530260087,6.327661534268896,1.750639670375601,1.8490243096341323
A830,2022-11-28,-28.75,-56.0,2,11.0,12.044516802268713,6.610415340183683,1.8220514419195382,1.664040674287547
A830,2022-11-29,-28.75,-56.0,2,9.5,10.9378343819096,6.134339477123733,1.783050061493846,1.5486589934299424
A830,2022-11-30,-28.75,-56.0,2,9.7,11.567512419261565,5.369246451559383,2.154401464641659,1.8065849812468266
A830,2022-12-01,-28.75,-56.0,2,27.5,7.942181551816494,4.162613906409128,1.9079793923688217,6.606425822404181
A830,2022-12-02,-28.75,-56.0,2,11.5,8.821201140029494,4.244861032821426,2.078089499708856,2.7091581823483892
A830,2022-12-03,-28.75,-56.0,2,9.5,6.972698083414272,3.0304870624291964,2.300850635483345,3.1348096211256986
A830,2022-12-04,-28.75,-56.0,2,8.8,8.109853150989883,4.384825534506861,1.8495269850917697,2.0069213542813604
A830,2022-12-05,-28.75,-56.0,2,8.3,9.671434178776366,4.767050317531844,2.0288089142268135,1.7411186052463052
A830,2022-12-06,-28.75,-56.0,2,9.2,10.4821582912433,5.019950796472496,2.0880998073943435,1.8326872857926837
A830,2022-12-07,-28.75,-56.0,2,8.1,8.417118168173856,4.537527425746489,1.855001056393421,1.785113177286732
A830,2022-12-08,-28.75,-56.0,2,7.3,7.2462419373525755,4.418019965692448,1.6401559960394732,1.6523239045289946
A830,2022-12-09,-28.75,-56.0,2,8.1,8.905470715219478,4.314013378996125,2.0643122616582588,1.8776019655935505
A830,2022-12-10,-28.75,-56.0,2,10.6,9.93462941705684,2.814093344458546,3.5303126801461313,3.766754937562146
A830,2022-12-11,-28.75,-56.0,2,7.8,12.129230234204506,4.532386467934548,2.676124447907443,1.720947685106503
A830,2022-12-12,-28.75,-56.0,2,15.8,9.101111523964533,5.10522192902089,1.7827063446994946,3.0948703542512246
A830,2022-12-13,-28.75,-56.0,2,10.7,11.69802872355815,8.94400498130829,1.3079184043395975,1.1963320707402882
A830,2022-12-14,-28.75,-56.0,2,12.3,9.178607533448204,4.683243106188257,1.9598827832191639,2.6263851184123355
A830,2022-12-15,-28.75,-56.0,2,8.9,7.210997723258075,5.362539818402525,1.3446982152957134,1.6596613361187624
A830,2022-12-16,-28.75,-56.0,2,10.0,14.929600841505122,6.530370693301185,2.2861796891284927,1.5313066393394696
A830,2022-12-17,-28.75,-56.0,2,11.0,10.315098759949876,6.520622791247364,1.5819192568224987,1.6869554262156226
A830,2022-12-18,-28.75,-56.0,2,9.4,8.419734916770658,5.468369165256172,1.539715893774378,1.7189768495740623
A830,2022-12-19,-28.75,-56.0,2,9.4,10.213918202154543,6.094772114317611,1.6758490736938938,1.5423054092404656
A830,2022-12-20,-28.75,-56.0,2,8.3,10.026709343025555,5.443188231248851,1.8420655169452202,1.5248416272563297
A830,2022-12-21,-28.75,-56.0,2,8.4,7.555089571418236,5.443287086062416,1.387964561112918,1.5431851870367583
A830,2022-12-22,-28.75,-56.0,2,11.4,8.660462398406827,6.718010092642154,1.2891410222637396,1.69693106184609
A830,2022-12-23,-28.75,-56.0,2,9.3,11.358342920127724,6.098540640688811,1.862469005182334,1.5249549929947823
A830,2022-12-24,-28.75,-56.0,2,12.0,10.140689537425727,5.0819415625210995,1.995436077465447,2.361302240958261
A830,2022-12-25,-28.75,-56.0,2,10.0,9.106396434445143,5.89133531965764,1.5457270619208854,1.697408050537026
A830,2022-12-26,-28.75,-56.0,2,9.4,8.653707776699568,5.440821185501178,1.5905150126528993,1.7276803775594263
A830,2022-12-27,-28.75,-56.0,2,8.4,9.630629888331862,5.9963256170014345,1.606088545462917,1.4008578813971355
A830,2022-12-28,-28.75,-56.0,2,8.2,5.636929783822306,3.9561497934760763,1.4248524646660081,2.072722325510091
A830,2022-12-29,-28.75,-56.0,2,7.7,5.668694912743415,3.2557553904086367,1.741130469888257,2.365042540567999
A830,2022-12-30,-28.75,-56.0,2,7.0,7.092682835767769,3.643265844531104,1.9467925587737647,1.921353065823533
A830,2022-12-31,-28.75,-56.0,2,8.6,8.64787673861703,3.669720967144522,2.3565488537255472,2.3435024289303987
A832,2021-01-01,-30.25,-54.25,2,7.7,6.785302829059313,3.7594545580011673,1.804863637630171,2.0481694568198074
A832,2021-01-02,-30.25,-54.25,2,8.6,7.224034217723242,5.1497900446169895,1.4027822794978668,1.669970994058189
A832,2021-01-03,-30.25,-54.25,2,12.1,9.290288518606166,6.14121981147966,1.512775768299323,1.9702926082179488
A832,2021-01-04,-30.25,-54.25,2,11.9,10.74273824744307,6.492035536430671,1.6547565377852875,1.8330152281548715
A832,2021-01-05,-30.25,-54.25,2,10.1,13.886435260358589,3.9533232310375124,3.512597996373351,2.554812599360703
A832,2021-01-06,-30.25,-54.25,2,6.9,13.265122204358892,4.460504939812283,2.9739059553461997,1.5469100680539503
A832,2021-01-07,-30.25,-54.25,2,10.7,9.716870162176445,5.7539193026335695,1.6887393880774504,1.85960202728297
A832,2021-01-08,-30.25,-54.25,2,6.4,4.859112243207054,2.7986886272302947,1.7362103793646546,2.2867852957024812
A832,2021-01-09,-30.25,-54.25,2,7.0,7.509718398490909,3.8910270341308673,1.930009309269254,1.7990108880247293
A832,2021-01-10,-30.25,-54.25,2,7.5,6.722781661955848,2.5950846926511613,2.590582758625806,2.890079087298663
A832,2021-01-11,-30.25,-54.25,2,15.6,17.80540625478041,6.856507646280447,2.59686230561408,2.275210763961266
A832,2021-01-12,-30.25,-54.25,2,18.4,15.296336083967368,6.058615257996216,2.5247247815875293,3.036997600353564
A832,2021-01-13,-30.25,-54.25,2,11.1,13.555091009661757,6.546558367704643,2.070567502541713,1.6955473970503812
A832,2021-01-14,-30.25,-54.25,2,14.5,14.273380514780882,7.56096668960691,1.8877719081080817,1.9177441979649623
A832,2021-01-15,-30.25,-54.25,2,12.0,12.82981611873313,7.133438806107816,1.7985457599703445,1.6822181175403539
A832,2021-01-16,-30.25,-54.25,2,13.1,13.574209638132949,5.114758754204716,2.6539295967720724,2.5612156173017575
A832,2021-01-17,-30.25,-54.25,2,11.3,17.006050242217974,6.486683011433207,2.6216866482058223,1.7420305539954712
A832,2021-01-18,-30.25,-54.25,2,6.9,8.182831857307047,3.854959544299584,2.1226764543890444,1.7899020523323486
A832,2021-01-19,-30.25,-54.25,2,8.7,8.811018180789139,5.5631254936459005,1.583825170015115,1.5638690894061225
A832,2021-01-20,-30.25,-54.25,2,10.2,10.321955469415546,6.5732843993189904,1.570288890966733,1.551735689552204
A832,2021-01-21,-30.25,-54.25,2,13.0,13.351491222160966,8.540646619775169,1.563288099433441,1.522132992822764
A832,2021-01-22,-30.25,-54.25,2,11.1,10.881988007063942,7.1220143065034796,1.5279368362300305,1.558547838055312
A832,2021-01-23,-30.25,-54.25,2,9.0,9.88956862280285,5.575379828179218,1.7737928047195555,1.6142397966344793
A832,2021-01-24,-30.25,-54.25,2,11.4,8.805375970619464,4.689527394256937,1.8776680953827094,2.4309485885424382
A832,2021-01-25,-30.25,-54.25,2,6.4,5.865537192538618,2.2589313352599296,2.5965982679432287,2.833198114569325
A832,2021-01-26,-30.25,-54.25,2,8.3,12.398962666462415,5.327952029429303,2.327153585087836,1.5578218336340848
A832,2021-01-27,-30.25,-54.25,2,7.7,15.024614788665007,4.248171022837272,3.536725500902823,1.8125447300982995
A832,2021-01-28,-30.25,-54.25,2,8.7,17.049269949443698,5.499809924699975,3.0999743960012887,1.5818728499921022
A832,2021-01-29,-30.25,-54.25,2,13.1,12.043305594262765,5.538532494795002,2.1744578740994682,2.36524747526734
A832,2021-01-30,-30.25,-54.25,2,19.6,12.760934192143,3.2056813263758004,3.9807244990786224,6.114144858609163
A832,2021-01-31,-30.25,-54.25,2,10.5,14.874264686156222,4.295093697550724,3.463082701697117,2.4446498119441773
A832,2021-02-01,-30.25,-54.25,2,7.0,4.959954877236995,2.3878504176653403,2.077163142441085,2.931506910237732
A832,2021-02-02,-30.25,-54.25,2,16.7,9.853344792158873,3.9647093901042503,2.485262808102004,4.212162445419708
A832,2021-02-03,-30.25,-54.25,2,12.5,13.855803288839088,5.6561169170076075,2.4497024181334566,2.209996749256233
A832,2021-02-04,-30.25,-54.25,2,15.4,18.389212162224,8.437936521219306,2.1793494316981072,1.825090762566516
A832,2021-02-05,-30.25,-54.25,2,9.2,9.797896008088,4.989932384096839,1.9635328204675433,1.8437123575703858
A832,2021-02-06,-30.25,-54.25,2,5.2,6.266557960671239,2.337588466492039,2.680778952539626,2.2245147401003016
A832,2021-02-07,-30.25,-54.25,2,5.1,5.495547884521679,2.0679582427147554,2.6574752676375533,2.4662006682034683
A832,2021-02-08,-30.25,-54.25,2,7.9,7.9450717487725555,4.850722302850326,1.6379151913322192,1.6286234310626053
A832,2021-02-09,-30.25,-54.25,2,9.9,7.228265317269264,5.166080749570853,1.399177765053269,1.9163463522753479
A832,2021-02-10,-30.25,-54.25,2,11.9,9.506477991472998,3.64732169191277,2.606427070184616,3.2626680630847416
A832,2021-02-11,-30.25,-54.25,2,11.1,13.058464897245319,4.105298514612607,3.1808807205528074,2.703822867080213
A832,2021-02-12,-30.25,-54.25,2,7.8,12.324821896494708,3.5355648107975157,3.485955584481169,2.2061538728349763
A832,2021-02-13,-30.25,-54.25,2,6.3,6.474536074344761,2.2729170793910063,2.848557975585944,2.771768515940753
A832,2021-02-14,-30.25,-54.25,2,9.8,7.132391942632647,3.386762947208818,2.1059613719084673,2.893618523870003
A832,2021-02-15,-30.25,-54.25,2,6.2,9.255914304162877,2.502017660270917,3.699380084775522,2.4780000950627454
A832,2021-02-16,-30.25,-54.25,2,9.9,10.16166779746249,5.76214509485746,1.7635216798916555,1.7181101546428343
A832,2021-02-17,-30.25,-54.25,2,9.8,9.904029836056987,6.017201347098797,1.6459528715674823,1.628664130497326
A832,2021-02-18,-30.25,-54.25,2,7.9,8.356109027092499,3.9186382530470136,2.1324012290736567,2.016006451694591
A832,2021-02-19,-30.25,-54.25,2,7.4,5.622635764223603,2.7012031280384527,2.081530154419236,2.7395200024715276
A832,2021-02-20,-30.25,-54.25,2,5.6,5.985060145425803,2.3752339865547554,2.51977707430292,2.3576624583932984
A832,2021-02-21,-30.25,-54.25,2,7.3,7.613307035141413,4.291537094996999,1.7740280152807901,1.7010222301259417
A832,2021-02-22,-30.25,-54.25,2,8.7,7.420043626814017,5.234223440675229,1.417601619593223,1.662137678799145
A832,2021-02-23,-30.25,-54.25,2,7.7,8.131775504406155,2.949281938338564,2.7572052026287714,2.6108049894808247
A832,2021-02-24,-30.25,-54.25,2,7.3,8.860157820488602,4.736172934010077,1.8707420408711266,1.5413288538472247
A832,2021-02-25,-30.25,-54.25,2,8.2,7.557028205546386,3.726510065568804,2.0279103162419347,2.200450248548671
A832,2021-02-26,-30.25,-54.25,2,9.8,10.522707113453535,5.566913256665153,1.8902229347394466,1.760401060366202
A832,2021-02-27,-30.25,-54.25,2,10.8,14.302916872188485,6.919711784078075,2.0669815909238896,1.5607586467474386
A832,2021-02-28,-30.25,-54.25,2,12.1,14.09881914889039,8.243251176830123,1.7103469063903958,1.4678674397318268
A832,2021-03-01,-30.25,-54.25,2,10.0,12.912381668658641,7.20709280691052,1.791621395006542,1.387522024194208
A832,2021-03-02,-30.25,-54.25,2,7.8,6.755228053547119,5.205561739966263,1.2976943490427029,1.4983973660545906
A832,2021-03-03,-30.25,-54.25,2,7.7,7.499272562538323,4.234665541698423,1.7709244068258918,1.818325420078327
A832,2021-03-04,-30.25,-54.25,2,10.9,8.760246248188322,4.336703877148864,2.020024077352426,2.5134296250741777
A832,2021-03-05,-30.25,-54.25,2,9.8,6.941768781293855,5.201320262015031,1.3346166803050425,1.8841370087454308
A832,2021-03-06,-30.25,-54.25,2,6.5,6.372224635788509,3.4675781724231927,1.8376585383035526,1.8745071276814815
A832,2021-03-07,-30.25,-54.25,2,7.1,6.4103189111097905,3.901736184300502,1.6429401190431905,1.8197027335083338
A832,2021-03-08,-30.25,-54.25,2,6.9,5.7325557303868955,2.84128515127659,2.017592541815543,2.4284785344054005
A832,2021-03-09,-30.25,-54.25,2,8.6,7.0950400697957825,3.9331882907629083,1.8038902654262656,2.1865213064416715
A832,2021-03-10,-30.25,-54.25,2,5.9,7.0059563237728355,3.146603364858227,2.2265139616948497,1.8750377203215856
A832,2021-03-11,-30.25,-54.25,2,6.2,6.058770282773582,3.5522920919173386,1.705594620599845,1.7453519698188922
A832,2021-03-12,-30.25,-54.25,2,6.7,5.47329449045706,2.7439437322556364,1.9946817517128106,2.441741031800357
A832,2021-03-13,-30.25,-54.25,2,5.2,5.074275267677941,2.48192327929899,2.0444932000924507,2.095149372009888
A832,2021-03-14,-30.25,-54.25,2,5.7,6.19737191005979,4.109005491531285,1.5082413306170206,1.3871969778935016
A832,2021-03-15,-30.25,-54.25,2,8.1,8.608359250538285,5.080075023999234,1.6945338818562268,1.5944646411192887
A832,2021-03-16,-30.25,-54.25,2,25.5,11.025487831307432,6.044331500045336,1.824103762545905,4.218828831576947
A832,2021-03-17,-30.25,-54.25,2,21.8,12.835308451287831,5.844445543556471,2.196155025422184,3.730037321339165
A832,2021-03-18,-30.25,-54.25,2,9.5,10.542781534567474,4.823908478541183,2.1855268567938833,1.96935742920084
A832,2021-03-19,-30.25,-54.25,2,11.3,9.76145426911557,7.041370333871533,1.3863003657341315,1.6048012622831271
A832,2021-03-20,-30.25,-54.25,2,10.3,10.647325569294217,6.347435266059362,1.6774216865553524,1.6227026457560842
A832,2021-03-21,-30.25,-54.25,2,9.8,12.575772524528723,5.837224951928086,2.1544094373774025,1.6788799610614589
A832,2021-03-22,-30.25,-54.25,2,9.4,8.446330587075916,4.9270593511450445,1.7142741714919663,1.907831696367824
A832,2021-03-23,-30.25,-54.25,2,6.2,8.964670041793763,4.293421669450738,2.0880013033848184,1.4440696668848678
A832,2021-03-24,-30.25,-54.25,2,9.3,10.15544262859318,5.765720911071449,1.7613482832810208,1.612981298165501
A832,2021-03-25,-30.25,-54.25,2,7.9,9.62359079587649,5.3220803105175944,1.8082385522928262,1.4843819595108088
A832,2021-03-26,-30.25,-54.25,2,15.5,9.481238420803225,4.231301507860169,2.240738080987763,3.6631754960517044
A832,2021-03-27,-30.25,-54.25,2,3.7,7.168848210033971,3.575010156434686,2.0052665296994223,1.0349620946783449
A832,2021-03-28,-30.25,-54.25,2,7.3,8.66865515754568,4.53470625609115,1.9116244069616835,1.609806586742951
A832,2021-03-29,-30.25,-54.25,2,5.8,6.20778910304859,3.9928261761344546,1.554735625646116,1.4526051834330316
A832,2021-03-30,-30.25,-54.25,2,7.9,7.283639827921763,5.373901168276982,1.3553728659764495,1.47006797345567
A832,2021-03-31,-30.25,-54.25,2,6.7,5.568379846937707,2.859572030736799,1.9472773502764171,2.3430079494355924
A832,2021-04-01,-30.25,-54.25,2,6.8,6.9294232145217185,3.5359766669736445,1.9596914423229046,1.9230896129809456
A832,2021-04-02,-30.25,-54.25,2,12.3,10.286353667452081,6.473394893954008,1.5890199556741522,1.9000849170329313
A832,2021-04-03,-30.25,-54.25,2,9.6,8.53725523304351,5.851652347861055,1.4589477852634425,1.6405622599075067
A832,2021-04-04,-30.25,-54.25,2,9.3,7.721526767085205,4.7611654315023895,1.621772416475071,1.9533032686632312
A832,2021-04-05,-30.25,-54.25,2,9.8,11.427805550263136,5.5153881379598255,2.0719857359830978,1.7768468428452395
A832,2021-04-06,-30.25,-54.25,2,6.1,7.310700682918918,3.166998381708612,2.3084005110778607,1.926114024949081
A832,2021-04-07,-30.25,-54.25,2,9.0,10.333836688937096,4.8947213744210645,2.1112206187955604,1.838715487878919
A832,2021-04-08,-30.25,-54.25,2,8.8,9.46420832058785,5.235990610013586,1.807529658759891,1.6806752829484481
A832,2021-04-09,-30.25,-54.25,2,11.2,11.920987425385254,5.5989152115193495,2.129160198900443,2.000387499520771
A832,2021-04-10,-30.25,-54.25,2,10.6,10.123744455372002,5.179971509200116,1.9544015710108213,2.0463433015361967
A832,2021-04-11,-30.25,-54.25,2,10.5,14.210301357460501,6.642917731632137,2.139165639489124,1.580630744529813
A832,2021-04-12,-30.25,-54.25,2,8.4,9.1442027361597,4.98868043272895,1.832990278585065,1.6838120046516913
A832,2021-04-13,-30.25,-54.25,2,8.4,8.450101195929985,4.708447449086819,1.7946682610992808,1.7840275570303201
A832,2021-04-14,-30.25,-54.25,2,13.0,11.391507615218915,6.2495808677095,1.822763455078541,2.080139496581082
A832,2021-04-15,-30.25,-54.25,2,10.4,8.605576277218276,3.3366292676572376,2.579122697458249,3.116918052841453
A832,2021-04-16,-30.25,-54.25,2,2.8,5.501731440138356,2.0619754593859136,2.668184732798349,1.3579211077681208
A832,2021-04-17,-30.25,-54.25,2,7.0,7.1625268305712035,4.3057174420287,1.6634920723447373,1.6257453245008688
A832,2021-04-18,-30.25,-54.25,2,9.0,9.265934741530273,5.533509753303801,1.674513130838527,1.6264541676512847
A832,2021-04-19,-30.25,-54.25,2,11.3,9.750081464483925,6.568541830276912,1.4843601085924558,1.7203209314910648
A832,2021-04-20,-30.25,-54.25,2,12.5,13.636230356788912,8.167029234136637,1.669668366043316,1.5305442948278385
A832,2021-04-21,-30.25,-54.25,2,14.5,12.94155580400223,7.873732111781392,1.64363679387033,1.8415663365411918
A832,2021-04-22,-30.25,-54.25,2,12.8,11.773001459889446,7.049093089289122,1.6701441321264656,1.8158364257452073
A832,2021-04-23,-30.25,-54.25,2,9.3,10.14796677702454,6.196725542471018,1.6376337321174816,1.50079262608289
A832,2021-04-24,-30.25,-54.25,2,10.0,7.871846136090896,4.327919024040265,1.8188524536538693,2.310579274809224
A832,2021-04-25,-30.25,-54.25,2,9.0,9.12740452391037,5.34019201085009,1.7091903259967995,1.685332658772192
A832,2021-04-26,-30.25,-54.25,2,7.2,7.6497399855052155,3.5280262472223494,2.1682775153750438,2.0408011436050493
A832,2021-04-27,-30.25,-54.25,2,7.8,5.569593009990077,2.9804537868530367,1.8687063810745501,2.617051146508721
A832,2021-04-28,-30.25,-54.25,2,5.7,4.43562518110724,2.41419693371333,1.83730876266366,2.3610335678923686
A832,2021-04-29,-30.25,-54.25,2,7.3,5.734538023056859,3.2435252079158383,1.7679955158238612,2.250637664903703
A832,2021-04-30,-30.25,-54.25,2,8.4,7.407246712613507,4.302793153977346,1.7214972803808886,1.9522202670224444
A832,2021-05-01,-30.25,-54.25,2,8.0,9.41213479058625,4.334266672555738,2.171563381225065,1.8457562961354963
A832,2021-05-02,-30.25,-54.25,2,6.1,7.380985912073967,3.1348148128551325,2.354520554709099,1.9458884700255166
A832,2021-05-03,-30.25,-54.25,2,9.4,11.049713893470184,5.616037087037301,1.967528654498145,1.6737781204644608
A832,2021-05-04,-30.25,-54.25,2,11.0,12.730159280861832,5.564973017279872,2.287550944332209,1.9766492965632994
A832,2021-05-05,-30.25,-54.25,2,10.4,10.241478889249711,5.930275972057071,1.7269818365126077,1.7537126516546393
A832,2021-05-06,-30.25,-54.25,2,8.2,8.68739263968737,4.2138882559142425,2.0616096374873045,1.945946238249484
A832,2021-05-07,-30.25,-54.25,2,4.7,5.744118596658967,2.569020477486048,2.2359177931816085,1.8294910613555142
A832,2021-05-08,-30.25,-54.25,2,8.6,8.046483197207511,5.439780901997016,1.4791925156863468,1.580946026124476
A832,2021-05-09,-30.25,-54.25,2,8.4,8.637235043796737,4.918404887483575,1.7561049245410627,1.7078707817195848
A832,2021-05-10,-30.25,-54.25,2,8.7,8.324975610331208,4.278187105487227,1.9459119961475149,2.0335716474020806
A832,2021-05-11,-30.25,-54.25,2,7.8,7.100857697212876,3.8523827159665474,1.843237866212703,2.0247209519636242
A832,2021-05-12,-30.25,-54.25,2,4.9,5.751966258886554,2.805753874494768,2.050060880668769,1.746411203257215
A832,2021-05-13,-30.25,-54.25,2,4.0,4.643291377418806,1.8941137636082173,2.451432150819445,2.111805572005425
A832,2021-05-14,-30.25,-54.25,2,5.0,6.422346022345347,2.627092623862202,2.444659150579769,1.9032446570723816
A832,2021-05-15,-30.25,-54.25,2,5.9,6.624348879307995,3.340086026250791,1.9832869055602593,1.7664215692739758
A832,2021-05-16,-30.25,-54.25,2,4.6,4.956394639060098,2.828590588591383,1.7522488616948786,1.6262516104498408
A832,2021-05-17,-30.25,-54.25,2,6.1,8.708689303346816,4.104521833123728,2.121730534618476,1.4861658063973853
A832,2021-05-18,-30.25,-54.25,2,4.3,5.252311831693417,3.050805500293748,1.7216147772080834,1.4094638283515526
A832,2021-05-19,-30.25,-54.25,2,5.9,5.87037712701942,2.7476611600845677,2.1364996573444817,2.1472807803631833
A832,2021-05-20,-30.25,-54.25,2,8.1,9.075198618962885,3.845664895074957,2.359851642452065,2.1062677640928773
A832,2021-05-21,-30.25,-54.25,2,13.2,17.814345960707097,7.3846731075758365,2.4123404924222847,1.7874860278457414
A832,2021-05-22,-30.25,-54.25,2,11.4,18.498337646872056,8.074523683349165,2.2909509430281694,1.411847985969556
A832,2021-05-23,-30.25,-54.25,2,16.7,13.08897146265173,10.257285267808193,1.2760658518224695,1.6281110999624664
A832,2021-05-24,-30.25,-54.25,2,9.4,12.733334404329387,6.519708914365201,1.9530525935403948,1.44178215982749
A832,2021-05-25,-30.25,-54.25,2,5.4,7.077004363721086,3.8701765786584845,1.8285998635685456,1.395285173750857
A832,2021-05-26,-30.25,-54.25,2,4.4,4.62326474872644,2.6843950794894083,1.7222743343747369,1.6391029895781632
A832,2021-05-27,-30.25,-54.25,2,4.8,4.695548731139526,2.5278832400209934,1.8575022203559257,1.8988218775326573
A832,2021-05-28,-30.25,-54.25,2,11.1,6.199448691543517,3.143370171805477,1.972229916523863,3.5312417543316013
A832,2021-05-29,-30.25,-54.25,2,9.8,9.396122609014686,5.058008301693067,1.857672437166527,1.9375215332722264
A832,2021-05-30,-30.25,-54.25,2,4.9,6.3056259064486015,4.052549877850486,1.5559650334996422,1.2091152848682547
A832,2021-05-31,-30.25,-54.25,2,4.0,7.067894510598819,3.027238447911321,2.334766366182815,1.3213362834896099
A832,2021-06-01,-30.25,-54.25,2,6.1,5.40226702386323,3.147290649580306,1.7164817696718373,1.9381749826039867
A832,2021-06-02,-30.25,-54.25,2,6.7,8.178609280876227,4.177673741783869,1.957694589473604,1.6037633415430608
A832,2021-06-03,-30.25,-54.25,2,6.7,6.598770167340531,3.4161180937305025,1.9316575089868973,1.9612905105055667
A832,2021-06-04,-30.25,-54.25,2,6.5,9.927714636811341,4.833197552821429,2.054067628792855,1.344865366863715
A832,2021-06-05,-30.25,-54.25,2,18.0,12.685813848533984,6.8587539121375505,1.8495799690501527,2.6243834128742267
A832,2021-06-06,-30.25,-54.25,2,11.0,12.111701642648457,5.118388455273457,2.36631153506331,2.149113943992809
A832,2021-06-07,-30.25,-54.25,2,12.9,12.372973157221121,8.195543571918458,1.50971964808001,1.574026162730814
A832,2021-06-08,-30.25,-54.25,2,9.5,13.586513445073418,5.537102234316903,2.453722700091982,1.7156988616035531
A832,2021-06-09,-30.25,-54.25,2,9.2,8.98848125188492,5.031618604065081,1.7863995583097376,1.828437471903624
A832,2021-06-10,-30.25,-54.25,2,6.6,7.580176591540818,4.3131973531893815,1.7574379215306895,1.5301873435305826
A832,2021-06-11,-30.25,-54.25,2,7.5,8.211016275864864,4.448493171849091,1.845797207878329,1.6859641479189904
A832,2021-06-12,-30.25,-54.25,2,5.2,6.358844081962081,3.9743953200232074,1.5999525889953368,1.3083751316337693
A832,2021-06-13,-30.25,-54.25,2,7.4,6.991604580062138,3.589084076490894,1.9480191689735906,2.0618073698722323
A832,2021-06-14,-30.25,-54.25,2,4.5,4.923535801151,3.5832966753110385,1.3740240474851626,1.2558268007795892
A832,2021-06-15,-30.25,-54.25,2,6.7,6.7347128185308955,4.147039626850864,1.6239808211442224,1.615610315517476
A832,2021-06-16,-30.25,-54.25,2,8.2,7.175134764427781,4.339039893182873,1.6536226771504767,1.8898189926493036
A832,2021-06-17,-30.25,-54.25,2,6.4,5.913400987883845,3.439393465208674,1.7193150617110533,1.8607932080872582
A832,2021-06-18,-30.25,-54.25,2,6.1,6.758296608009109,4.351903739798279,1.5529517682581768,1.4016854151012883
A832,2021-06-19,-30.25,-54.25,2,7.3,6.062777655166964,3.7229683409103385,1.6284795088223867,1.9608009876911838
A832,2021-06-20,-30.25,-54.25,2,5.8,5.709412340871341,3.15647233969794,1.8087953026123162,1.8374943214471613
A832,2021-06-21,-30.25,-54.25,2,6.2,7.308147268891232,4.782547006977384,1.52808686631395,1.2963803577789526
A832,2021-06-22,-30.25,-54.25,2,8.6,8.257887821620395,5.8296407810707755,1.4165345913652685,1.4752195414723943
A832,2021-06-23,-30.25,-54.25,2,12.3,14.51613366493567,7.2207518450950925,2.0103354853270825,1.7034237242698123
A832,2021-06-24,-30.25,-54.25,2,12.0,10.593156867622149,8.918245969961777,1.1878072104426998,1.345556070153045
A832,2021-06-25,-30.25,-54.25,2,7.1,6.640155834023155,4.923368393198462,1.3487018040730816,1.4421021205336801
A832,2021-06-26,-30.25,-54.25,2,9.8,14.492162351993985,5.937075160616475,2.44095989353943,1.6506444225278125
A832,2021-06-27,-30.25,-54.25,2,8.8,11.412154255748712,5.8755185522079385,1.9423229038158993,1.4977401435815538
A832,2021-06-28,-30.25,-54.25,2,12.8,9.75669395013113,7.407963931737621,1.3170547319123607,1.727870183757444
A832,2021-06-29,-30.25,-54.25,2,11.7,10.414891309214429,7.682972062313049,1.3555810465981186,1.5228481771255558
A832,2021-06-30,-30.25,-54.25,2,6.7,6.718758673739073,4.3944290071090615,1.5289264345538045,1.524657694813391
A832,2021-07-01,-30.25,-54.25,2,9.0,6.699041780288376,4.39561129988266,1.5240296111867777,2.0474967839490845
A832,2021-07-02,-30.25,-54.25,2,6.2,6.292775028419814,3.986212127475321,1.5786352625456892,1.55536128076726
A832,2021-07-03,-30.25,-54.25,2,3.4,4.183350034320151,2.682982896368864,1.5592160650676814,1.2672462446933759
A832,2021-07-04,-30.25,-54.25,2,7.7,7.573322861477507,4.405268214195612,1.719151364512404,1.7479071932981034
A832,2021-07-05,-30.25,-54.25,2,5.3,6.643781420117099,3.9702276541463704,1.6734006205358427,1.3349360444016
A832,2021-07-06,-30.25,-54.25,2,7.9,7.881107483857808,4.7683725241454145,1.6527877056481146,1.6567497526665735
A832,2021-07-07,-30.25,-54.25,2,7.0,6.846029432157048,4.666961891828707,1.466913506224173,1.4999051122007585
A832,2021-07-08,-30.25,-54.25,2,4.6,4.116430432283456,2.567015240414156,1.6035862847543207,1.7919644291857988
A832,2021-07-09,-30.25,-54.25,2,7.8,5.941417961811373,4.314748172446747,1.3770022546743896,1.8077532426595557
A832,2021-07-10,-30.25,-54.25,2,5.7,5.664905468945135,3.4925404431362823,1.62200139445145,1.6320498195523918
A832,2021-07-11,-30.25,-54.25,2,7.2,5.061453594513735,3.725745312005378,1.35850767313706,1.9324992443255895
A832,2021-07-12,-30.25,-54.25,2,8.6,7.008738357019724,4.092501648475716,1.7125804603231334,2.101404162708923
A832,2021-07-13,-30.25,-54.25,2,4.2,5.03072689493735,2.6763743175787993,1.8796798571466011,1.569287215324783
A832,2021-07-14,-30.25,-54.25,2,7.9,6.5813912758134885,3.691086531346701,1.7830498472254057,2.140291194180611
A832,2021-07-15,-30.25,-54.25,2,9.3,10.830766826748532,5.5515940661342205,1.9509291741660777,1.6751945277720808
A832,2021-07-16,-30.25,-54.25,2,5.9,3.8908056084276677,2.407906395860926,1.615845871382614,2.4502613598858383
A832,2021-07-17,-30.25,-54.25,2,8.2,11.107931506017861,5.740876834224537,1.9348841347365873,1.4283532353655928
A832,2021-07-18,-30.25,-54.25,2,15.4,18.025750271301785,9.990019456004989,1.80437589242797,1.54153853932117
A832,2021-07-19,-30.25,-54.25,2,11.3,10.768361423714527,7.336719865680684,1.4677351215338332,1.5401978277593147
A832,2021-07-20,-30.25,-54.25,2,5.8,5.821721551432197,2.903334673715455,2.0051844536344907,1.9977028664689298
A832,2021-07-21,-30.25,-54.25,2,4.1,5.039276391859572,2.7405067249112127,1.8388119051314626,1.4960736869320517
A832,2021-07-22,-30.25,-54.25,2,7.0,6.488213725135339,4.039192070464503,1.6063147312500052,1.7330198410681192
A832,2021-07-23,-30.25,-54.25,2,6.6,7.505808494272204,3.8238151570385783,1.9629109112285674,1.7260248544836794
A832,2021-07-24,-30.25,-54.25,2,8.0,6.2893502012071885,3.3205714675244704,1.894056569092904,2.40922385747177
A832,2021-07-25,-30.25,-54.25,2,8.7,8.509670219540896,5.5068764736674485,1.545280752207187,1.5798429548222654
A832,2021-07-26,-30.25,-54.25,2,10.2,10.250782341669709,6.67522130184364,1.5356468165090689,1.5280392272811756
A832,2021-07-27,-30.25,-54.25,2,12.1,9.875637588089186,7.2803270369014355,1.3564826879387462,1.6620132500462308
A832,2021-07-28,-30.25,-54.25,2,11.3,11.57637297402956,7.689496164641103,1.5054787369895088,1.4695371137528117
A832,2021-07-29,-30.25,-54.25,2,8.9,9.639082813082853,5.9347986202232015,1.6241634181549258,1.4996296537632612
A832,2021-07-30,-30.25,-54.25,2,6.7,5.509434407570669,2.999796559849457,1.8366026820989345,2.233484793494208
A832,2021-07-31,-30.25,-54.25,2,5.7,7.392565253513276,4.014013628117605,1.8416891267457063,1.4200250741732154
A832,2021-08-01,-30.25,-54.25,2,5.8,4.998258940453692,2.684110924849944,1.8621655663255126,2.160864495689294
A832,2021-08-02,-30.25,-54.25,2,5.1,5.132257996390414,3.1843071243981687,1.611734608470094,1.6016043053522657
A832,2021-08-03,-30.25,-54.25,2,5.8,5.601303082988196,3.2909514736819525,1.7020315029809285,1.7624082416234768
A832,2021-08-04,-30.25,-54.25,2,8.1,10.128142069794793,5.463640082201631,1.8537352236631135,1.482528109123912
A832,2021-08-05,-30.25,-54.25,2,10.8,10.88654001510701,5.8720331782824715,1.8539643228465625,1.8392266651257112
A832,2021-08-06,-30.25,-54.25,2,8.3,7.10925731217717,4.695924324155996,1.513920757965989,1.7674901525360014
A832,2021-08-07,-30.25,-54.25,2,8.6,7.850339272072726,4.37770400573407,1.793254925821864,1.9645001098145098
A832,2021-08-08,-30.25,-54.25,2,7.6,8.460594292184874,3.8168877006141217,2.2166212254092774,1.9911510623635038
A832,2021-08-09,-30.25,-54.25,2,7.1,7.1933743227553295,3.4597501248086977,2.0791600732012627,2.0521713256365834
A832,2021-08-10,-30.25,-54.25,2,9.5,8.257761643198654,5.610368330750336,1.4718751348174413,1.6932934595275426
A832,2021-08-11,-30.25,-54.25,2,7.9,6.862945045316575,4.230752072705111,1.6221572258022814,1.86728030010721
A832,2021-08-12,-30.25,-54.25,2,8.3,7.59193753405943,5.177151827474329,1.4664313095417085,1.6031981051730428
A832,2021-08-13,-30.25,-54.25,2,13.2,10.72098154726759,8.057051094291603,1.330633431735759,1.6383165311378203
A832,2021-08-14,-30.25,-54.25,2,6.9,8.752260980358598,4.634934630373979,1.8883245780863158,1.4886941349253204
A832,2021-08-15,-30.25,-54.25,2,5.5,4.946761606535589,2.4311340871582443,2.0347547396358814,2.2623186557467743
A832,2021-08-16,-30.25,-54.25,2,7.3,6.482343204824141,4.382798411234908,1.4790420632186139,1.665602502110777
A832,2021-08-17,-30.25,-54.25,2,8.3,6.296038841394136,4.262797735672598,1.476973394422789,1.9470780728212054
A832,2021-08-18,-30.25,-54.25,2,11.7,10.783726833610066,5.867161491046864,1.837980231167278,1.994149985108454
A832,2021-08-19,-30.25,-54.25,2,15.8,13.749184520784222,7.213207378948358,1.9061124682081123,2.1904264178113158
A832,2021-08-20,-30.25,-54.25,2,17.7,10.961591349451213,6.022982272926059,1.8199607524539334,2.9387434991405117
A832,2021-08-21,-30.25,-54.25,2,11.8,12.459260648754457,8.433435971647475,1.4773647052804428,1.399192457222731
A832,2021-08-22,-30.25,-54.25,2,8.7,12.343898410059882,7.0145620143982965,1.7597532653817063,1.240277009760855
A832,2021-08-23,-30.25,-54.25,2,11.6,14.54188495116579,7.4062087099775615,1.9634722056340546,1.5662534576392115
A832,2021-08-24,-30.25,-54.25,2,10.3,16.543065499958185,7.578733361787635,2.1828272232625543,1.359066153710214
A832,2021-08-25,-30.25,-54.25,2,9.6,9.353319194168018,5.027592945934558,1.8603970716705207,1.9094624611093087
A832,2021-08-26,-30.25,-54.25,2,12.9,12.523378384125937,6.342818560083711,1.9744185121323503,2.0337961551007613
A832,2021-08-27,-30.25,-54.25,2,5.3,7.51614140194453,2.962336370232752,2.537234284894522,1.7891283560021836
A832,2021-08-28,-30.25,-54.25,2,10.1,9.51336814611671,5.8120406268957705,1.6368378607149947,1.7377717480606192
A832,2021-08-29,-30.25,-54.25,2,6.6,7.590572944250183,4.844243898226013,1.566926253863867,1.3624417223123206
A832,2021-08-30,-30.25,-54.25,2,9.0,7.209195947430391,4.21046414223908,1.7122093203711783,2.137531563257512
A832,2021-08-31,-30.25,-54.25,2,9.1,7.066370545042743,4.741323976146451,1.490379181130329,1.9192951263786233
A832,2021-09-01,-30.25,-54.25,2,8.8,8.49355879874821,4.577075164556164,1.855673873245607,1.922625188274209
A832,2021-09-02,-30.25,-54.25,2,6.7,8.484981628661679,3.462099508448791,2.4508196855564712,1.9352418911269147
A832,2021-09-03,-30.25,-54.25,2,7.5,5.757917522814244,4.442225150555687,1.2961786779524165,1.6883430591224784
A832,2021-09-04,-30.25,-54.25,2,10.4,10.013683489042764,6.392935032329807,1.566367159747818,1.6267958218574106
A832,2021-09-05,-30.25,-54.25,2,9.3,8.802827686401292,4.218946710223584,2.0864989038780215,2.204341661264346
A832,2021-09-06,-30.25,-54.25,2,12.7,11.991745686900662,7.162710739585967,1.6741909764170977,1.7730717408161185
A832,2021-09-07,-30.25,-54.25,2,15.0,15.048007612146522,8.833967771196692,1.7034256861577894,1.6979912524593723
A832,2021-09-08,-30.25,-54.25,2,15.9,13.53680195689405,8.186622380384886,1.653527099201274,1.9421929168366596
A832,2021-09-09,-30.25,-54.25,2,14.0,19.598035515552066,9.343303682244498,2.097548809506759,1.4983993324122422
A832,2021-09-10,-30.25,-54.25,2,10.6,10.131883290424762,6.606321494404056,1.533664884309228,1.604523789673092
A832,2021-09-11,-30.25,-54.25,2,6.7,6.49955404205992,4.024754951165764,1.6148943528045936,1.6646976229097765
A832,2021-09-12,-30.25,-54.25,2,10.1,8.481386533223924,5.5963542005438685,1.5155199669813038,1.8047463827465486
A832,2021-09-13,-30.25,-54.25,2,16.2,16.623031627242096,6.843168229380733,2.4291426237151534,2.36732452819825
A832,2021-09-14,-30.25,-54.25,2,11.9,11.188068348124643,7.797792460221196,1.4347738036371485,1.526072931628452
A832,2021-09-15,-30.25,-54.25,2,5.7,6.6554898594268606,3.971463339785681,1.6758280991172445,1.4352392335837598
A832,2021-09-16,-30.25,-54.25,2,8.7,9.127085703171838,5.176059526146762,1.7633270361491296,1.6808152912562389
A832,2021-09-17,-30.25,-54.25,2,9.1,10.596730944953244,6.209869798039323,1.7064336756785157,1.465409146400009
A832,2021-09-18,-30.25,-54.25,2,7.4,7.103050205235221,3.7051012756607724,1.9171001483538272,1.9972463502175861
A832,2021-09-19,-30.25,-54.25,2,11.6,10.100169172789249,6.611558257063792,1.5276533579656844,1.7545031820004844
A832,2021-09-20,-30.25,-54.25,2,12.1,9.694579914184008,6.870442918492466,1.4110560307676965,1.7611673866661015
A832,2021-09-21,-30.25,-54.25,2,11.9,10.430964460172572,5.774257549508726,1.8064598557887392,2.060871012068461
A832,2021-09-22,-30.25,-54.25,2,15.1,13.7193949072011,7.919406576038206,1.7323766339654731,1.906708521025825
A832,2021-09-23,-30.25,-54.25,2,11.4,10.569134981863302,6.528540582246957,1.6189123508864942,1.7461789287180032
A832,2021-09-24,-30.25,-54.25,2,7.3,7.954126699257848,3.8205259425974996,2.0819454752478386,1.9107316923587947
A832,2021-09-25,-30.25,-54.25,2,5.8,6.787829943788712,3.2260366149013877,2.1040771553661366,1.797871720739069
A832,2021-09-26,-30.25,-54.25,2,6.1,5.375382973924815,3.7311980711061623,1.4406587030452693,1.6348636238953604
A832,2021-10-02,-30.25,-54.25,2,7.7,8.57776386967119,4.69435664574714,1.827250146714402,1.6402673637879277
A832,2021-10-03,-30.25,-54.25,2,12.7,7.651897651144474,5.573006349604958,1.3730286978206796,2.2788418320930566
A832,2021-10-04,-30.25,-54.25,2,9.9,8.210687253808949,4.935435142717608,1.6636197247823385,2.0059021573017257
A832,2021-10-05,-30.25,-54.25,2,9.0,7.036529558040185,4.538939881561339,1.5502583734640052,1.9828418606205713
A832,2021-10-06,-30.25,-54.25,2,8.2,8.25417501762995,5.451780863560345,1.514032794825042,1.5040956717113716
A832,2021-10-07,-30.25,-54.25,2,9.5,11.408435308801723,6.5960587902519565,1.7295836304039283,1.4402539913743126
A832,2021-10-08,-30.25,-54.25,2,12.4,11.281801858398133,6.674447518470995,1.69029748562359,1.8578316730611786
A832,2021-10-09,-30.25,-54.25,2,10.6,12.670155867934682,7.406099295117132,1.710773156429075,1.4312527523076308
A832,2021-10-10,-30.25,-54.25,2,12.9,13.411206579702242,7.0492297497376235,1.9025066646751603,1.8299871699429495
A832,2021-10-11,-30.25,-54.25,2,10.4,12.153434109461653,6.613248752837627,1.8377403548062259,1.5726007577648649
A832,2021-10-12,-30.25,-54.25,2,6.5,4.916135157897165,2.434395694371167,2.0194478528138626,2.6700671608273714
A832,2021-10-13,-30.25,-54.25,2,11.1,7.738868449155942,4.9451079565697915,1.5649543987961916,2.2446426038592677
A832,2021-10-14,-30.25,-54.25,2,9.6,11.739600407328721,6.224948938804375,1.8858950527526004,1.5421813245979605
A832,2021-10-15,-30.25,-54.25,2,18.0,13.343310313834065,6.437117037030558,2.072870547028198,2.796282854024882
A832,2021-10-16,-30.25,-54.25,2,7.9,11.462662780398396,6.012439879050818,1.9064910437338136,1.3139424524685928
A832,2021-10-17,-30.25,-54.25,2,6.9,7.709331047803416,4.481613342337936,1.7202133381238256,1.5396241203620786
A832,2021-10-18,-30.25,-54.25,2,7.8,7.435475278936673,4.559498439838391,1.63076605399611,1.710714479436573
A832,2021-10-19,-30.25,-54.25,2,7.7,8.625780431073679,4.170283439944509,2.068391886377022,1.8463972799178512
A832,2021-10-20,-30.25,-54.25,2,8.1,8.966394652756085,4.945546641393589,1.8130239795351468,1.637837146697605
A832,2021-10-21,-30.25,-54.25,2,8.3,7.176989231543016,5.769722626928717,1.2439054172285924,1.4385440231150552
A832,2021-10-22,-30.25,-54.25,2,8.6,6.656503429687714,3.9925979675719514,1.667211044976758,2.153985968497094
A832,2021-10-23,-30.25,-54.25,2,14.1,6.06755054775942,5.2336220747988325,1.159340598354657,2.69411887187937
A832,2021-10-24,-30.25,-54.25,2,8.0,13.62744904539255,4.845995045030047,2.8121054435184747,1.6508477465746971
A832,2021-10-25,-30.25,-54.25,2,9.0,9.819414307951751,5.223702554995806,1.8797805205353302,1.7229158638430986
A832,2021-10-26,-30.25,-54.25,2,5.5,5.625241341396369,2.7730084457594755,2.028569855241,1.9834054268427055
A832,2021-10-27,-30.25,-54.25,2,7.6,7.062365155794486,3.3316447765751835,2.119783359093389,2.281155558190252
A832,2021-10-28,-30.25,-54.25,2,11.2,10.829422597549886,6.439554408150892,1.681703719102443,1.739250775771621
A832,2021-10-29,-30.25,-54.25,2,10.7,12.981451549154485,6.408242354582487,2.0257429152740367,1.6697246152602994
A832,2021-10-30,-30.25,-54.25,2,10.2,12.338641400059148,6.461347323242352,1.9096081332256143,1.5786181255586125
A832,2021-10-31,-30.25,-54.25,2,8.6,12.382086905474434,4.57209144965402,2.7081888107053094,1.8809772496240817
A832,2021-11-01,-30.25,-54.25,2,7.3,9.216617811212574,4.083511913246795,2.2570321838205323,1.787676920035181
A832,2021-11-02,-30.25,-54.25,2,8.1,9.361093170948752,4.205909670040743,2.22570000436031,1.9258616174516021
A832,2021-11-03,-30.25,-54.25,2,15.3,13.373695190994736,5.386712737837349,2.482719209631363,2.8403222418989857
A832,2021-11-04,-30.25,-54.25,2,4.9,5.68529444340228,2.9366966421814102,1.9359488350758565,1.6685414249529795
A832,2021-11-05,-30.25,-54.25,2,11.8,12.130153830188148,8.041303505112467,1.5084810345084088,1.467423781790831
A832,2021-11-06,-30.25,-54.25,2,11.7,13.291995227389855,7.859704954922286,1.6911570222576227,1.4886054969115168
A832,2021-11-07,-30.25,-54.25,2,7.2,9.067197977990865,5.726623976738189,1.5833409029163155,1.2572852747529317
A832,2021-11-08,-30.25,-54.25,2,6.5,9.119750576533168,5.114682348623427,1.783053170249697,1.2708511608251525
A832,2021-11-09,-30.25,-54.25,2,8.3,9.262034630775144,4.7472479576746744,1.9510324114841329,1.7483813935991572
A832,2021-11-10,-30.25,-54.25,2,10.9,10.685107098230654,6.711699945533163,1.592012036435257,1.6240296926942146
A832,2021-11-11,-30.25,-54.25,2,13.3,15.258096646502404,7.501690624174368,2.0339543992034064,1.7729336847270734
A832,2021-11-12,-30.25,-54.25,2,13.6,15.343605951357182,7.724040992438918,1.9864739151924586,1.760736383107375
A832,2021-11-13,-30.25,-54.25,2,12.0,14.246341703604292,6.782116134302757,2.100574720557908,1.769359262267141
A832,2021-11-14,-30.25,-54.25,2,11.7,14.547382207770784,6.950586707870604,2.0929718337730874,1.6833111349796304
A832,2021-11-15,-30.25,-54.25,2,11.8,10.97189007614795,5.5313602513300735,1.983579007263113,2.133290811634004
A832,2021-11-16,-30.25,-54.25,2,7.4,10.321183154567152,4.695345027584992,2.1981735301517893,1.5760290152321614
A832,2021-11-17,-30.25,-54.25,2,11.1,12.330439907953448,7.238775682639713,1.7033874854728188,1.5334084777098993
A832,2021-11-18,-30.25,-54.25,2,6.3,8.441000203587944,4.402901786362889,1.9171447861345123,1.4308745245040428
A832,2021-11-19,-30.25,-54.25,2,6.9,6.603841826558588,3.0617928902370832,2.1568545173697995,2.2535815606605953
A832,2021-11-20,-30.25,-54.25,2,7.4,8.666696842809237,4.034721998458654,2.148028252286054,1.8340792755552804
A832,2021-11-21,-30.25,-54.25,2,6.1,7.363260940599448,3.018275376352333,2.4395590270819314,2.021021689337046
A832,2021-11-22,-30.25,-54.25,2,10.7,8.775192751926694,5.2548623479403185,1.6699186716786587,2.0362093793368237
A832,2021-11-23,-30.25,-54.25,2,9.8,13.661108388519398,7.15067396524715,1.910464447814777,1.370500186084387
A832,2021-11-24,-30.25,-54.25,2,10.5,10.945618896119637,5.7914102778478,1.88997469890654,1.8130299005343484
A832,2021-11-25,-30.25,-54.25,2,15.9,11.423920973109198,6.821783146358466,1.674623881764315,2.330768899988792
A832,2021-11-26,-30.25,-54.25,2,9.4,12.429282720331555,6.636188374361214,1.8729550789052116,1.416475764358456
A832,2021-11-27,-30.25,-54.25,2,7.0,9.827469773895617,4.769709307912861,2.0603917638318174,1.4675946788595957
A832,2021-11-28,-30.25,-54.25,2,11.0,12.303549751046223,5.4143521446144,2.2723955558163014,2.0316373420486857
A832,2021-11-29,-30.25,-54.25,2,14.4,17.31981729640567,10.123605447835713,1.7108348785074796,1.4224181369176652
A832,2021-11-30,-30.25,-54.25,2,9.7,10.639931897974252,5.745082419153423,1.8520068332704822,1.6884004949452684
A832,2021-12-01,-30.25,-54.25,2,6.3,6.182980682922575,4.057096495684264,1.5239915268221302,1.5528346458364064
A832,2021-12-02,-30.25,-54.25,2,8.5,10.296312660870178,6.099654232225733,1.688015790546394,1.3935216122731588
A832,2021-12-03,-30.25,-54.25,2,11.1,9.781099093406258,6.973792951840164,1.4025508300795388,1.5916732940961575
A832,2021-12-04,-30.25,-54.25,2,10.4,8.417358343907177,6.7376643092091015,1.2492991573359113,1.5435616146362745
A832,2021-12-05,-30.25,-54.25,2,7.7,8.82056937773881,5.829122892096446,1.5131898127758443,1.3209534508939975
A832,2021-12-06,-30.25,-54.25,2,11.1,10.767171425234558,6.646380984063085,1.6200051503295465,1.6700818124353616
A832,2021-12-07,-30.25,-54.25,2,12.5,11.861313134895589,7.508312385498266,1.579757544159299,1.6648215149043077
A832,2021-12-08,-30.25,-54.25,2,12.9,13.953669414746196,7.860301268252336,1.7752079644968448,1.6411584696000074
A832,2021-12-09,-30.25,-54.25,2,11.8,11.919261824129409,6.942886494442993,1.71675884859553,1.6995812922254434
A832,2021-12-10,-30.25,-54.25,2,10.6,12.132839630530796,7.3127547513703774,1.6591339437791424,1.4495221514181926
A832,2021-12-11,-30.25,-54.25,2,9.5,10.958026416283476,6.383802684002321,1.7165358891408198,1.4881412334072928
A832,2021-12-12,-30.25,-54.25,2,8.4,11.318928738473184,5.5910280254250555,2.024480772945628,1.5024070639247769
A832,2021-12-13,-30.25,-54.25,2,6.9,9.610907584086393,4.600738426934253,2.0889923947471005,1.4997592472558547
A832,2021-12-14,-30.25,-54.25,2,12.7,8.914345587633521,7.132325773163231,1.2498511525056089,1.7806253393228657
A832,2021-12-15,-30.25,-54.25,2,10.1,8.823581983522308,6.797212323380069,1.2981177523574223,1.485903267323205
A832,2021-12-16,-30.25,-54.25,2,9.2,10.097379318667144,4.735008960407257,2.132494236673772,1.9429741478691327
A832,2021-12-17,-30.25,-54.25,2,11.0,10.241646613972472,7.154405052365399,1.4315161832480208,1.537514289376608
A832,2021-12-18,-30.25,-54.25,2,12.0,12.40564137843965,7.695133728299282,1.6121411032555828,1.5594270903791225
A832,2021-12-19,-30.25,-54.25,2,10.9,11.59306016061519,6.9085035287429255,1.6780855813972015,1.57776571360938
A832,2021-12-20,-30.25,-54.25,2,7.7,10.34721933340863,4.3209982258237964,2.3946363299966262,1.7819956402624995
A832,2021-12-21,-30.25,-54.25,2,13.0,11.09101096062966,5.721021891201512,1.9386415873861231,2.2723213172795216
A832,2021-12-22,-30.25,-54.25,2,9.9,9.909837405931345,5.56657499519777,1.7802396293017637,1.7784724015288818
A832,2021-12-23,-30.25,-54.25,2,9.7,9.863787049261353,5.129943548309005,1.922786665461996,1.8908590140718862
A832,2021-12-24,-30.25,-54.25,2,9.3,10.71474249741792,6.036773322739375,1.774912179832482,1.5405580933391474
A832,2021-12-25,-30.25,-54.25,2,7.4,10.71288934702365,4.639523864829929,2.3090493031479107,1.5949912567744196
A832,2021-12-26,-30.25,-54.25,2,9.5,12.747536033152969,6.296364693235203,2.0245866709164555,1.5088071391745739
A832,2021-12-27,-30.25,-54.25,2,11.4,8.550813273565419,5.1207998129432015,1.6698198691447776,2.2262147352813235
A832,2021-12-28,-30.25,-54.25,2,8.2,8.302919181859211,4.582959214580161,1.8116938844763055,1.7892369571853566
A832,2021-12-29,-30.25,-54.25,2,12.2,13.427996155211954,6.644759277724788,2.02084012286594,1.8360334046860107
A832,2021-12-30,-30.25,-54.25,2,9.0,9.61375561983992,6.8836997972814,1.396597164745143,1.3074364462486288
A832,2021-12-31,-30.25,-54.25,2,7.5,10.225947528109636,3.594642316816332,2.844774702693216,2.086438465633634
A832,2022-01-01,-30.25,-54.25,2,17.6,8.39430318272858,4.675431279982656,1.7954072426789511,3.7643586112264042
A832,2022-01-02,-30.25,-54.25,2,17.6,11.907694272540416,4.517989275416272,2.6356180917324736,3.8955382421483056
A832,2022-01-03,-30.25,-54.25,2,8.9,7.918350352476751,2.8502633576556216,2.7781118299853165,3.122518477492678
A832,2022-01-04,-30.25,-54.25,2,11.5,15.86886858420307,5.260118862400883,3.0168269956089966,2.1862623831947094
A832,2022-01-05,-30.25,-54.25,2,11.4,14.59200075587846,7.489189346105971,1.9484085768863115,1.5221941218414339
A832,2022-01-06,-30.25,-54.25,2,10.6,11.350425681697814,5.998267868182404,1.8922838944732259,1.7671768305359148
A832,2022-01-07,-30.25,-54.25,2,12.5,13.410673950040522,7.108869890085929,1.886470586378733,1.7583666874298223
A832,2022-01-08,-30.25,-54.25,2,13.6,14.264004904707248,6.830209049514798,2.0883701803710575,1.991154282600781
A832,2022-01-09,-30.25,-54.25,2,13.0,13.384607730136187,7.018054666766791,1.9071677787745787,1.8523651663131149
A832,2022-01-10,-30.25,-54.25,2,7.9,8.502819853489394,5.998703802351835,1.4174428565977542,1.316951171501875
A832,2022-01-11,-30.25,-54.25,2,7.1,8.248111212383932,5.03058382956615,1.6395932344686261,1.411366998452806
A832,2022-01-12,-30.25,-54.25,2,8.1,6.482758211078548,3.230389468399028,2.0068039084746596,2.5074375951375103
A832,2022-01-13,-30.25,-54.25,2,6.9,10.69389957022106,4.5432419138464155,2.35380368754508,1.518739290322821
A832,2022-01-14,-30.25,-54.25,2,11.3,14.421348623339673,5.525559710761162,2.6099344461437535,2.0450416955938375
A832,2022-01-15,-30.25,-54.25,2,8.9,12.46742591375122,4.387350695130684,2.8416752569126134,2.0285590595430847
A832,2022-01-16,-30.25,-54.25,2,15.0,19.003812119789746,8.418991014073132,2.257255303874668,1.7816861872077183
A832,2022-01-17,-30.25,-54.25,2,10.5,13.305212897495444,5.41626846840662,2.456527584462523,1.9386040520788537
A832,2022-01-18,-30.25,-54.25,2,8.0,8.23982281778843,4.505436219535063,1.8288623823063985,1.7756327268185272
A832,2022-01-19,-30.25,-54.25,2,8.6,10.184133163678663,5.102680372010839,1.995839915731455,1.6853887316110598
A832,2022-01-20,-30.25,-54.25,2,16.5,12.741690242784646,5.048927752016364,2.523642814594854,3.2680206195088615
A832,2022-01-21,-30.25,-54.25,2,13.2,9.85819818008204,5.2305744331089095,1.8847257229876753,2.523623393340047
A832,2022-01-22,-30.25,-54.25,2,8.7,10.680302803784395,3.8028185012039177,2.80852288911584,2.287776815339913
A832,2022-01-23,-30.25,-54.25,2,16.4,11.26980120080764,4.925700202260187,2.2879592216425237,3.329475876845846
A832,2022-01-24,-30.25,-54.25,2,12.3,10.557071196814368,4.714518321408519,2.2392682511965116,2.608962180536235
A832,2022-01-25,-30.25,-54.25,2,13.0,14.46367387927361,5.279433288401262,2.7396262229602972,2.462385504247315
A832,2022-01-26,-30.25,-54.25,2,10.9,14.650955201503313,5.401623087573856,2.712324603915266,2.0179119911337144
A832,2022-01-27,-30.25,-54.25,2,12.0,14.441828915459906,7.222414684694937,1.999584563603593,1.6614941849613363
A832,2022-01-28,-30.25,-54.25,2,10.0,10.652003197336699,6.662850951474706,1.5987155160628446,1.5008590275888845
A832,2022-01-29,-30.25,-54.25,2,11.8,12.494832572165716,6.9529526642608035,1.7970541689994508,1.6971207154413306
A832,2022-01-30,-30.25,-54.25,2,9.5,11.474558971088317,5.4766187041919805,2.095190406866434,1.734646962500492
A832,2022-01-31,-30.25,-54.25,2,8.8,9.057696362588443,5.519734854741052,1.640965843641663,1.5942794774719005
A832,2022-02-01,-30.25,-54.25,2,10.4,9.143745242993278,6.214952204556395,1.4712494870499058,1.6733837457954066
A832,2022-02-02,-30.25,-54.25,2,9.5,7.3717570112238375,4.273150263763357,1.725134047762585,2.2231841647509403
A832,2022-02-03,-30.25,-54.25,2,10.4,13.052848210484854,5.635986128694078,2.3159830262941665,1.8452848822766352
A832,2022-02-04,-30.25,-54.25,2,7.9,11.356036173222693,3.7812925204399064,3.0032154645104154,2.0892327047686154
A832,2022-02-05,-30.25,-54.25,2,9.7,10.548131097735345,6.070933190309098,1.7374810044974802,1.597777424973792
A832,2022-02-06,-30.25,-54.25,2,10.2,9.60275467203717,5.951730672904585,1.6134390482005463,1.7137872260308713
A832,2022-02-07,-30.25,-54.25,2,8.8,7.703243521756956,4.912990553598569,1.5679337132278095,1.7911697374533626
A832,2022-02-08,-30.25,-54.25,2,8.2,6.89899806380456,3.2870770618634872,2.09882455870792,2.4946175114468754
A832,2022-02-09,-30.25,-54.25,2,8.9,8.261360814454902,4.510481331578772,1.8315918428961184,1.9731818725618793
A832,2022-02-10,-30.25,-54.25,2,8.4,8.960261288510756,5.843578435253092,1.5333517617313672,1.4374753574495636
A832,2022-02-11,-30.25,-54.25,2,14.4,9.05686079203177,5.855077536915389,1.546838745504157,2.4594038096353383
A832,2022-02-12,-30.25,-54.25,2,8.5,11.108868517027224,4.690347748230711,2.368453068584883,1.8122323666099944
A832,2022-02-13,-30.25,-54.25,2,9.5,8.810128387088877,4.940355409351105,1.7832984992158794,1.9229385768518594
A832,2022-02-14,-30.25,-54.25,2,6.7,6.269316336710817,3.0159477241636616,2.0787218181804965,2.2215239164524796
A832,2022-02-15,-30.25,-54.25,2,7.9,8.211227286390756,3.201693568019703,2.564651210974424,2.467444129853524
A832,2022-02-16,-30.25,-54.25,2,7.6,8.932951112741469,4.973311966861692,1.7961775115383374,1.5281566993264302
A832,2022-02-17,-30.25,-54.25,2,8.1,7.2823935854959405,4.791694680902793,1.519794993307854,1.6904248996252607
A832,2022-02-18,-30.25,-54.25,2,9.9,8.788129494039417,5.508351423165002,1.595419176975806,1.797270950863123
A832,2022-02-19,-30.25,-54.25,2,11.4,10.043960838648372,6.827056454729939,1.471199323639647,1.6698265314770941
A832,2022-02-20,-30.25,-54.25,2,11.0,10.703802310310074,5.439828174136955,1.9676728690071656,2.022122693561949
A832,2022-02-21,-30.25,-54.25,2,7.8,12.772613089131845,5.118811423442389,2.495230246349316,1.5237912387783408
A832,2022-02-22,-30.25,-54.25,2,9.2,7.1105869340651235,4.089343444180246,1.738808938678057,2.2497498988726394
A832,2022-02-23,-30.25,-54.25,2,7.0,7.226384969822749,3.1918775439995706,2.263991920181171,2.193066589650139
A832,2022-02-24,-30.25,-54.25,2,13.1,12.683477258919654,6.605868268468737,1.920031817688627,1.9830852611047638
A832,2022-02-25,-30.25,-54.25,2,10.1,7.541957366555728,5.692974997945694,1.3247831527939677,1.7741163457848625
A832,2022-02-26,-30.25,-54.25,2,11.4,7.668019805303326,4.2872293972515445,1.788572314376072,2.6590599531035846
A832,2022-02-27,-30.25,-54.25,2,18.6,15.282626330277278,5.469017041128059,2.7944009344547642,3.4009767861618325
A832,2022-02-28,-30.25,-54.25,2,17.9,11.480448575246138,4.6899522274126815,2.447881773324499,3.8166700068659205
A832,2022-03-01,-30.25,-54.25,2,7.4,8.042425785483305,4.937459236526395,1.6288591763931841,1.4987465507069286
A832,2022-03-02,-30.25,-54.25,2,7.6,9.765550234892926,5.129134157050601,1.9039373773191375,1.48173156858315
A832,2022-03-03,-30.25,-54.25,2,5.0,6.083296020005597,3.0717239968359813,1.9804175200218754,1.6277504115442119
A832,2022-03-04,-30.25,-54.25,2,7.7,8.69604114439633,4.945246275524101,1.7584647275174816,1.5570508668314902
A832,2022-03-05,-30.25,-54.25,2,14.0,9.638111410679345,3.7781796206730593,2.5509934355535946,3.7054881995012154
A832,2022-03-06,-30.25,-54.25,2,8.2,10.367705356147331,4.46756432267969,2.320661686618689,1.8354520288320229
A832,2022-03-07,-30.25,-54.25,2,22.8,16.767425832847866,6.810597335213059,2.461961118469695,3.3477239774720493
A832,2022-03-08,-30.25,-54.25,2,5.5,7.033011873091117,3.5814161040909385,1.9637516749471053,1.5357053858437515
A832,2022-03-09,-30.25,-54.25,2,9.5,9.375577633962575,6.0430623439984394,1.5514613453018176,1.5720506357897759
A832,2022-03-10,-30.25,-54.25,2,11.2,14.559085895033315,4.540429531570534,3.2065437408071236,2.4667269742045574
A832,2022-03-11,-30.25,-54.25,2,10.4,10.700853563963737,4.8348891772128555,2.213257258180301,2.15103172354309
A832,2022-03-12,-30.25,-54.25,2,7.5,8.406257292889968,4.395716221655424,1.912374882499621,1.7062065933763815
A832,2022-03-13,-30.25,-54.25,2,7.6,8.528380348982289,4.827190603134383,1.7667378502611137,1.5744147320524655
A832,2022-03-14,-30.25,-54.25,2,5.7,8.136510729662602,3.314958247078622,2.4544836233859284,1.7194786706659873
A832,2022-03-15,-30.25,-54.25,2,6.1,6.304857488248258,3.22336785584154,1.9559844765537064,1.8924306107183178
A832,2022-03-16,-30.25,-54.25,2,9.4,9.695830351502577,5.352062393446817,1.8116063750255165,1.7563322900550578
A832,2022-03-17,-30.25,-54.25,2,9.4,8.477276213179954,5.4408845828787475,1.5580694800724233,1.7276602465672048
A832,2022-03-18,-30.25,-54.25,2,12.3,15.688581704633345,7.312429731931333,2.1454676871800493,1.6820674455563442
A832,2022-03-19,-30.25,-54.25,2,13.0,12.249313397478137,6.968610323334205,1.757784239486263,1.8655082429375982
A832,2022-03-20,-30.25,-54.25,2,9.4,10.839075957040503,6.404043867117355,1.6925361821294775,1.4678225501024262
A832,2022-03-21,-30.25,-54.25,2,16.0,14.88386661449333,8.702724201929906,1.7102537399947366,1.8385047749131083
A832,2022-03-22,-30.25,-54.25,2,9.8,12.033499832737979,6.782132891810741,1.7742943148855332,1.4449731605573906
A832,2022-03-23,-30.25,-54.25,2,8.4,11.75179196113625,5.808061809985031,2.023358625580215,1.4462656002659946
A832,2022-03-24,-30.25,-54.25,2,10.4,7.771151883642631,5.994033246358047,1.296481278004982,1.7350587780471527
A832,2022-03-25,-30.25,-54.25,2,11.6,12.009951680724134,6.923763974585974,1.7345986554144928,1.675389288626589
A832,2022-03-26,-30.25,-54.25,2,8.1,10.066919722049864,6.3169811184350655,1.5936282748528758,1.282258067284939
A832,2022-03-27,-30.25,-54.25,2,6.2,6.475399038809966,3.3839814604795433,1.9135444784299553,1.8321613378819752
A832,2022-03-28,-30.25,-54.25,2,7.3,6.969367971195596,4.098765562434231,1.7003577943249168,1.78102403975127
A832,2022-03-29,-30.25,-54.25,2,10.6,13.856026014947282,5.8970565731689994,2.3496511934429756,1.7975069203556413
A832,2022-03-30,-30.25,-54.25,2,19.4,16.75634679451825,8.552011469879513,1.9593456876823303,2.2684721680188904
A832,2022-03-31,-30.25,-54.25,2,7.5,7.020005115689543,5.163840764811277,1.3594542193336017,1.4524072955750995
A832,2022-04-01,-30.25,-54.25,2,8.8,8.26349728649974,4.791785079659213,1.7245133387926137,1.836476355618572
A832,2022-04-02,-30.25,-54.25,2,11.2,11.298241031909427,5.751403286370735,1.964432064550784,1.947350836367354
A832,2022-04-03,-30.25,-54.25,2,10.6,13.109748514974843,5.522925744050235,2.3736963201248504,1.9192725905140444
A832,2022-04-04,-30.25,-54.25,2,10.9,7.578670622710947,3.475151989030893,2.180817025163953,3.1365534613752697
A832,2022-04-05,-30.25,-54.25,2,6.5,8.081989446767475,4.470538620679307,1.8078334922290415,1.4539635045166688
A832,2022-04-06,-30.25,-54.25,2,8.2,9.770980120757054,4.306693640315572,2.268789223660935,1.904012842529274
A832,2022-04-07,-30.25,-54.25,2,5.7,8.774799721984678,4.0071104181652135,2.189807319061227,1.4224714083646168
A832,2022-04-08,-30.25,-54.25,2,5.3,5.305441066352747,2.8843770127797,1.839371567186304,1.8374851749675893
A832,2022-04-09,-30.25,-54.25,2,6.4,6.796974530297299,3.776164156260286,1.7999679698852564,1.6948415733965927
A832,2022-04-10,-30.25,-54.25,2,8.1,8.671642940417433,5.94100111319394,1.4596265469735745,1.3634065783982592
A832,2022-04-11,-30.25,-54.25,2,8.1,9.164805389797227,4.4243553547702,2.071444234224094,1.8307751865516035
A832,2022-04-12,-30.25,-54.25,2,4.6,5.2131862598440595,2.549696919339973,2.044629783367966,1.8041359995017674
A832,2022-04-13,-30.25,-54.25,2,7.2,7.921044172664471,3.7804269928529357,2.0952776465831917,1.9045467651172523
A832,2022-04-14,-30.25,-54.25,2,9.0,8.459094495990133,4.627667524734861,1.827939118524897,1.9448242450208542
A832,2022-04-15,-30.25,-54.25,2,4.9,5.512192926133563,3.077105783810354,1.7913563307231712,1.592405443381401
A832,2022-04-16,-30.25,-54.25,2,9.3,8.05760824345431,4.7435854580935075,1.698632461592194,1.960542311751196
A832,2022-04-17,-30.25,-54.25,2,9.2,9.914928597078108,5.3994223382358255,1.8362943248328396,1.7038859758849594
A832,2022-04-18,-30.25,-54.25,2,8.1,10.077568996118979,5.097139385230764,1.9771028874194176,1.5891266429696205
A832,2022-04-19,-30.25,-54.25,2,6.9,8.231380143898756,3.7613926978745713,2.1883862720715164,1.8344269142381608
A832,2022-04-20,-30.25,-54.25,2,8.0,9.618458623873344,4.114946840125913,2.3374441997843722,1.9441320412671987
A832,2022-04-21,-30.25,-54.25,2,7.0,7.76039593111747,4.000894457736037,1.9396652456332977,1.749608762226897
A832,2022-04-22,-30.25,-54.25,2,7.5,8.89175700908878,4.273234595523871,2.0808024484316214,1.755110755645408
A832,2022-04-23,-30.25,-54.25,2,7.1,10.72749035929477,6.078294669473953,1.7648848801572137,1.1680907863281447
A832,2022-04-24,-30.25,-54.25,2,9.5,8.59222627180645,5.77753549437598,1.4871784483488455,1.6442997207455627
A832,2022-04-25,-30.25,-54.25,2,14.1,12.089088952697091,6.686545265456571,1.807972349361135,2.108712263243345
A832,2022-04-26,-30.25,-54.25,2,14.4,11.297284724314412,5.149313272647859,2.1939400704795666,2.796489403060787
A832,2022-04-27,-30.25,-54.25,2,11.6,15.972673875529349,8.21067937893602,1.9453535010155478,1.4127941750787478
A832,2022-04-28,-30.25,-54.25,2,15.7,11.860678173805766,6.417045867721084,1.8483081496217986,2.4466086613115663
A832,2022-04-29,-30.25,-54.25,2,7.5,7.435128772346349,4.087181667199916,1.8191334219406194,1.8350052947703128
A832,2022-04-30,-30.25,-54.25,2,10.4,11.94830915347117,6.02075096532313,1.9845214031087084,1.7273592712768577
A832,2022-05-01,-30.25,-54.25,2,5.5,8.24147657889864,3.3661829754564727,2.4483150913033924,1.633898109550676
A832,2022-05-02,-30.25,-54.25,2,9.2,8.784799444372,6.897149348907299,1.2736855474593656,1.3338844114572546
A832,2022-05-03,-30.25,-54.25,2,10.8,14.750056210496108,7.588323034404574,1.9437833818646186,1.4232393575015265
A832,2022-05-04,-30.25,-54.25,2,10.5,12.282345950176875,7.410520479612745,1.6574201480135062,1.4169045249772663
A832,2022-05-05,-30.25,-54.25,2,4.4,5.549028501821351,3.569652785087837,1.55450090972498,1.2326128799923972
A832,2022-05-06,-30.25,-54.25,2,5.3,5.383570376788814,3.2094827023872274,1.677395043377081,1.6513564619176282
A832,2022-05-07,-30.25,-54.25,2,6.2,5.208790570210944,3.7578234265006514,1.386119031958204,1.6498912525471015
A832,2022-05-08,-30.25,-54.25,2,6.8,7.0772590440983905,3.954194634859725,1.789810491801817,1.719692789032685
A832,2022-05-09,-30.25,-54.25,2,5.6,4.769553006275849,3.3551493513586497,1.4215620548588828,1.669076220923611
A832,2022-05-10,-30.25,-54.25,2,3.1,4.829664518409643,2.542759264876014,1.899379380943929,1.219148050238707
A832,2022-05-11,-30.25,-54.25,2,7.4,7.227517897083493,4.305831841047299,1.6785416068003152,1.718599395697746
A832,2022-05-12,-30.25,-54.25,2,4.5,5.666780399692223,3.2042207813798864,1.768536185965264,1.4043976077272962
A832,2022-05-13,-30.25,-54.25,2,10.9,9.068169145351296,5.681500979190351,1.5960868753812247,1.9185071057672014
A832,2022-05-14,-30.25,-54.25,2,7.6,9.035711251238348,4.499484582882305,2.0081658431753535,1.6890823515460407
A832,2022-05-15,-30.25,-54.25,2,9.1,10.736238973803989,5.613652864840503,1.9125227783583354,1.621047866531831
A832,2022-05-16,-30.25,-54.25,2,10.5,12.180552665789476,6.868776452981921,1.7733220391095375,1.5286565332085698
A832,2022-05-17,-30.25,-54.25,2,14.0,14.768171306460522,11.035122597788668,1.3382879234545089,1.268676435258224
A832,2022-05-18,-30.25,-54.25,2,15.0,17.673353126973375,10.398855011821396,1.6995479893586694,1.442466500681857
A832,2022-05-19,-30.25,-54.25,2,5.9,5.156095285899878,3.5231423065674328,1.4634933355625412,1.6746414100281743
A832,2022-05-20,-30.25,-54.25,2,4.7,4.68170615148037,2.312725427169901,2.024324243803298,2.0322343261263938
A832,2022-05-21,-30.25,-54.25,2,3.9,4.684654346516377,2.538710464547651,1.8452889417427485,1.5362129925654615
A832,2022-05-22,-30.25,-54.25,2,6.8,5.293253585646824,2.9418713631647604,1.7992811147094245,2.311453887869795
A832,2022-05-23,-30.25,-54.25,2,6.4,5.681362893263492,3.50275649535115,1.6219691265447034,1.827132433697308
A832,2022-05-24,-30.25,-54.25,2,6.2,5.599861806568396,3.2060662844404875,1.7466456740914407,1.9338340040221609
A832,2022-05-25,-30.25,-54.25,2,8.7,8.310949562381841,4.631501587308999,1.7944395366623809,1.8784404660119927
A832,2022-05-26,-30.25,-54.25,2,8.7,7.212335669692417,4.46409369319951,1.6156326827726555,1.9488838268008049
A832,2022-05-27,-30.25,-54.25,2,7.9,11.031811060507742,4.669446898948736,2.3625519893997313,1.6918491999081477
A832,2022-05-28,-30.25,-54.25,2,6.3,10.226831283077248,3.8602459869512464,2.6492693257494238,1.632020348261699
A832,2022-05-29,-30.25,-54.25,2,9.9,10.917221346542004,5.271747458213729,2.0708923242391393,1.8779351777511935
A832,2022-05-30,-30.25,-54.25,2,10.7,10.391158689923062,4.770922053873018,2.17801895998019,2.242753052591538
A832,2022-05-31,-30.25,-54.25,2,5.0,6.312042777217306,3.050083454290954,2.069465597191226,1.639299407682056
A832,2022-06-01,-30.25,-54.25,2,7.6,7.164929421807113,4.005443151171823,1.7887981807233884,1.8974180167247066
A832,2022-06-02,-30.25,-54.25,2,7.0,7.8347021832714905,4.030627319479748,1.9437922591867787,1.736702365453009
A832,2022-06-03,-30.25,-54.25,2,5.4,7.196227164126542,3.8297835261783564,1.8790166898303713,1.4100013651133236
A832,2022-06-04,-30.25,-54.25,2,11.0,11.214660666755977,5.762394029619005,1.9461808076837577,1.908928813867887
A832,2022-06-05,-30.25,-54.25,2,5.3,7.912862668919996,4.566471119711357,1.732817850257238,1.1606336405199926
A832,2022-06-06,-30.25,-54.25,2,3.8,8.03935770731962,3.2092566918797245,2.505052876468666,1.1840748076073233
A832,2022-06-07,-30.25,-54.25,2,7.8,7.159737148756399,4.870455584454651,1.4700343786336123,1.6014928921425269
A832,2022-06-08,-30.25,-54.25,2,6.3,6.104357481224704,4.534331394996788,1.3462530524258314,1.389399991132422
A832,2022-06-09,-30.25,-54.25,2,5.5,5.704973773250823,3.9721919504214265,1.436228118997512,1.3846259366737004
A832,2022-06-10,-30.25,-54.25,2,12.6,10.671784528674205,7.290238948059942,1.463845644114882,1.728338411095987
A832,2022-06-11,-30.25,-54.25,2,8.7,7.797756729589844,5.584658116871379,1.3962818432936197,1.5578393194235294
A832,2022-06-12,-30.25,-54.25,2,6.9,6.6012768399743065,4.360991123093636,1.5137102217468945,1.582209136693959
A832,2022-06-13,-30.25,-54.25,2,5.7,5.239632211259888,3.3484582196688573,1.564789484450565,1.7022759807836862
A832,2022-06-14,-30.25,-54.25,2,9.2,6.533579297040579,4.639703515954747,1.4081889660779574,1.9828853219529148
A832,2022-06-15,-30.25,-54.25,2,6.0,7.559390107164036,3.6161885116939247,2.0904303198571372,1.6592055366022471
A832,2022-06-16,-30.25,-54.25,2,6.7,6.536476481002979,3.275969396524899,1.9952800804356656,2.0451961508270693
A832,2022-06-17,-30.25,-54.25,2,13.5,10.681196446628167,6.728366743044141,1.587487254268728,2.0064304630773058
A832,2022-06-18,-30.25,-54.25,2,6.2,8.766470399976011,5.040363499714821,1.7392536074971596,1.2300700138691962
A832,2022-06-19,-30.25,-54.25,2,6.3,6.2753854448702056,2.9035234837715653,2.161300048008815,2.1697775255520035
A832,2022-06-20,-30.25,-54.25,2,5.8,6.9436991265560914,4.593692909140599,1.5115723370927592,1.262600725542422
A832,2022-06-21,-30.25,-54.25,2,11.0,8.832501486819888,4.9939620587396645,1.7686360815182012,2.202659906226058
A832,2022-06-22,-30.25,-54.25,2,8.6,7.70747920879141,5.854513513197726,1.316502078510294,1.4689521137175912
A832,2022-06-23,-30.25,-54.25,2,5.7,7.593540895603939,4.153713360480934,1.8281331032251895,1.3722660918855583
A832,2022-06-24,-30.25,-54.25,2,5.1,6.904328389644641,4.2807206272316884,1.6128892751661816,1.1913881900062544
A832,2022-06-25,-30.25,-54.25,2,8.3,7.72544762364921,4.763930461547677,1.621654154275672,1.7422588484432973
A832,2022-06-26,-30.25,-54.25,2,12.1,9.73614874942679,6.1005615444101755,1.595943042054519,1.9834239703862986
A832,2022-06-27,-30.25,-54.25,2,8.4,10.098208258714099,5.340134990518261,1.8910024328306474,1.5729939439573566
A832,2022-06-28,-30.25,-54.25,2,11.1,9.329285312658902,5.96262035419596,1.5646284281865745,1.8615976434234673
A832,2022-06-29,-30.25,-54.25,2,9.7,8.617781469152135,4.9836337916106555,1.729216437142538,1.9463709424895497
A832,2022-06-30,-30.25,-54.25,2,6.0,5.078108954575802,2.5331150785400873,2.0046894030185447,2.3686251172836514
A832,2022-07-01,-30.25,-54.25,2,13.9,7.6056975251912595,7.029775983595516,1.0819260162684696,1.9773034066002448
A832,2022-07-02,-30.25,-54.25,2,7.6,9.094102433100348,5.473131498529213,1.6615903410221722,1.3886017542319853
A832,2022-07-03,-30.25,-54.25,2,10.3,10.076205055254725,6.408776832883137,1.5722508862462152,1.6071709576702964
A832,2022-07-04,-30.25,-54.25,2,7.2,11.170956742941561,5.492614068874836,2.033814246342987,1.310851246731581
A832,2022-07-05,-30.25,-54.25,2,4.1,4.519820570971946,3.1407585272824114,1.439085664087264,1.305417135505666
A832,2022-07-06,-30.25,-54.25,2,7.6,7.471082364353596,4.94680321667545,1.5102849329378851,1.5363457301840395
A832,2022-07-07,-30.25,-54.25,2,8.4,8.523204519525137,5.034932643042213,1.6928140103926468,1.6683440664510147
A832,2022-07-08,-30.25,-54.25,2,11.7,11.26858314191687,8.040425189115771,1.401490950649105,1.4551469262891907
A832,2022-07-09,-30.25,-54.25,2,11.8,15.642884923558343,7.7674185038447545,2.0139104022546683,1.5191662447644838
A832,2022-07-10,-30.25,-54.25,2,8.2,11.071308497650543,6.624720572312093,1.6712113932658366,1.2377880561893826
A832,2022-07-11,-30.25,-54.25,2,17.1,14.749449429920702,8.820890048053371,1.672104441793339,1.9385798833048256
A832,2022-07-12,-30.25,-54.25,2,14.3,16.951174547602115,7.31709268683158,2.316654342524428,1.9543281207487524
A832,2022-07-13,-30.25,-54.25,2,9.6,11.872278926237918,6.329087639314222,1.8758278606368484,1.5168062992788944
A832,2022-07-14,-30.25,-54.25,2,11.4,14.391013086784472,6.815375828414018,2.1115509179679903,1.6726883868197264
A832,2022-07-15,-30.25,-54.25,2,10.6,14.426868276075309,5.109238891436451,2.8236824667282736,2.0746730041859194
A832,2022-07-16,-30.25,-54.25,2,13.8,12.404700258835417,8.849371716224406,1.401760560706551,1.5594327419537741
A832,2022-07-17,-30.25,-54.25,2,11.5,15.215669930007381,7.6487644014310465,1.9892977651606845,1.5035108151387702
A832,2022-07-18,-30.25,-54.25,2,5.7,6.299778148267674,2.7077092754343766,2.3266080318970173,2.1051004447608554
A832,2022-07-19,-30.25,-54.25,2,7.7,6.437070000287424,4.477574841393818,1.437624211387528,1.7196809149488337
A832,2022-07-20,-30.25,-54.25,2,8.4,9.423120895202775,4.970855890340732,1.8956737236164087,1.689849833772633
A832,2022-07-21,-30.25,-54.25,2,6.0,6.481750598633411,4.1245206273591135,1.5715161067781123,1.4547145091723632
A832,2022-07-22,-30.25,-54.25,2,7.6,5.5064329299898835,2.855572700320696,1.928311238362617,2.661462619791287
A832,2022-07-23,-30.25,-54.25,2,8.4,8.440302389739609,5.363111593678513,1.5737696749939294,1.5662549348965737
A832,2022-07-24,-30.25,-54.25,2,6.4,4.569211321144474,3.657217160615181,1.2493683367645267,1.749964445349878
A832,2022-07-25,-30.25,-54.25,2,5.6,7.063423915566014,4.820674523375448,1.4652355974906572,1.1616631599676772
A832,2022-07-26,-30.25,-54.25,2,8.5,8.0147873038154,5.692157087965037,1.4080404282519037,1.4932827518010006
A832,2022-07-27,-30.25,-54.25,2,6.0,4.789799284723249,3.809641638285865,1.2572834244006221,1.5749512866778932
A832,2022-07-28,-30.25,-54.25,2,12.1,10.943886712796004,6.930142557802579,1.5791719465387317,1.745995828956899
A832,2022-07-29,-30.25,-54.25,2,8.5,12.982795085354239,7.217832110635135,1.7987111484935625,1.1776389184053826
A832,2022-07-30,-30.25,-54.25,2,5.7,4.402595186000385,2.398852068061464,1.835292490361094,2.3761365179163496
A832,2022-07-31,-30.25,-54.25,2,5.9,4.611239762771069,3.2144564393700112,1.4345317318018493,1.8354580661719337
A832,2022-08-01,-30.25,-54.25,2,4.1,4.2688947517828,2.487430116707617,1.7161868078662421,1.6482875126666043
A832,2022-08-02,-30.25,-54.25,2,10.2,7.476808387352122,5.74836617181883,1.300684083767475,1.774417233544577
A832,2022-08-03,-30.25,-54.25,2,10.4,11.615705638833006,5.802282589474449,2.001920013324466,1.792398050185625
A832,2022-08-04,-30.25,-54.25,2,14.5,10.115774145890127,7.145877529658818,1.415609783949531,2.02914196889298
A832,2022-08-05,-30.25,-54.25,2,8.2,8.906264827602579,5.258978530641574,1.6935351182192504,1.5592381585554091
A832,2022-08-06,-30.25,-54.25,2,10.7,11.774145481419344,6.8094604986429355,1.729086391464614,1.571343280738968
A832,2022-08-07,-30.25,-54.25,2,9.1,10.541935582471465,6.602961913948765,1.5965464771501428,1.3781693910389272
A832,2022-08-08,-30.25,-54.25,2,10.5,10.599397963044806,6.600843040933151,1.6057642784892496,1.5907059045166496
A832,2022-08-09,-30.25,-54.25,2,10.4,10.46734804540006,6.360916785134789,1.6455722341568497,1.6349844450574151
A832,2022-08-10,-30.25,-54.25,2,10.1,8.638473855109476,5.318294054080976,1.6242941377941993,1.899105220075185
A832,2022-08-11,-30.25,-54.25,2,7.5,7.4412458222760485,4.86763026645453,1.5287204275882855,1.5407908138969701
A832,2022-08-12,-30.25,-54.25,2,8.1,7.264820959046189,4.248392811232962,1.7100163007143883,1.9066033580000412
A832,2022-08-13,-30.25,-54.25,2,6.3,6.098518752401461,4.415857644716104,1.381049672128535,1.426676425481788
A832,2022-08-14,-30.25,-54.25,2,10.7,8.922481016644486,5.687676691233457,1.5687391356820448,1.881260236977279
A832,2022-08-15,-30.25,-54.25,2,12.1,8.843312680065754,6.517357165621729,1.3568863045765174,1.8565807723145873
A832,2022-08-16,-30.25,-54.25,2,11.8,8.772354071124175,5.956793302958601,1.4726638352160297,1.9809315851431701
A832,2022-08-17,-30.25,-54.25,2,8.8,7.494883707603323,4.597037415365071,1.6303725705065035,1.9142763490649455
A832,2022-08-18,-30.25,-54.25,2,15.4,14.055376343887945,7.945098967212338,1.76906246251826,1.938301846654445
A832,2022-08-19,-30.25,-54.25,2,5.5,12.016110119401693,5.057684501768806,2.3758125116739373,1.0874541498340802
A832,2022-08-20,-30.25,-54.25,2,9.0,9.939639757354437,4.539339979762591,2.189666295467537,1.9826670926002556
A832,2022-08-21,-30.25,-54.25,2,5.4,6.156909660697158,3.0975389395991995,1.9876778890449787,1.7433194885675025
A832,2022-08-22,-30.25,-54.25,2,6.6,7.781901747570038,3.8658316428418336,2.0129955120987733,1.707265243229329
A832,2022-08-23,-30.25,-54.25,2,7.8,7.468074003740733,4.624071627811891,1.6150428896523434,1.6868250814036279
A832,2022-08-24,-30.25,-54.25,2,5.9,5.6895416041188795,3.0503894021023483,1.8651853432868637,1.9341792873833359
A832,2022-08-25,-30.25,-54.25,2,7.3,7.361500688368042,5.168647552428516,1.4242605272842026,1.4123617302112341
A832,2022-08-26,-30.25,-54.25,2,8.0,5.718783453665302,4.562599200493422,1.253404737599315,1.7533865343979458
A832,2022-08-27,-30.25,-54.25,2,5.8,8.494141107658233,5.197334013544149,1.6343265769570845,1.1159567549219112
A832,2022-11-07,-30.25,-54.25,2,10.0,11.951503727171024,7.014858379359645,1.7037412704348884,1.4255455291048733
A832,2022-11-08,-30.25,-54.25,2,11.3,12.824978524326353,7.35636745686973,1.743384707128757,1.5360842244833102
A832,2022-11-09,-30.25,-54.25,2,9.6,12.172062019779124,5.930138941156092,2.0525761943456517,1.618849085200095
A832,2022-11-10,-30.25,-54.25,2,11.1,11.51875707478714,6.5518119889268345,1.758102505727408,1.6941878092289617
A832,2022-11-11,-30.25,-54.25,2,9.0,11.790174642322798,6.5177821476126745,1.8089243204670915,1.380837805893299
A832,2022-11-12,-30.25,-54.25,2,13.3,9.084786258637298,4.828092088985501,1.8816514041566743,2.7547113341814184
A832,2022-11-13,-30.25,-54.25,2,7.8,8.765721041595164,3.632129082436024,2.4133836773543584,2.1475007696501347
A832,2022-11-14,-30.25,-54.25,2,2.2,13.652500588420155,8.451238748805094,1.6154437230104828,0.26031686778592716
A832,2022-11-15,-30.25,-54.25,2,10.8,9.46633760532331,6.614361671717666,1.4311793148234397,1.6328106227059969
A832,2022-11-16,-30.25,-54.25,2,5.6,6.055447089269557,2.5754819180416453,2.3511899061881283,2.1743503461511966
A832,2022-11-17,-30.25,-54.25,2,8.2,10.555392611917588,4.4956725117772365,2.3479006943379006,1.8239762746326826
A832,2022-11-18,-30.25,-54.25,2,10.0,10.6763814595377,5.750316645694315,1.8566597489082435,1.739034668201748
A832,2022-11-19,-30.25,-54.25,2,9.2,10.466618099765927,5.877533628613794,1.7807840432951232,1.565282409480625
A832,2022-11-20,-30.25,-54.25,2,9.7,10.449875744382679,5.785161692613866,1.8063238850738481,1.676703351677163
A832,2022-11-21,-30.25,-54.25,2,10.2,12.3280190081346,3.0684135179247045,4.0177176042662435,3.3241934114860383
A832,2022-11-22,-30.25,-54.25,2,7.8,12.889696713223017,5.084813463854817,2.5349399353287754,1.533979575739793
A832,2022-11-23,-30.25,-54.25,2,7.0,6.226288484405736,3.6050498249936704,1.7271019227637632,1.9417207361377564
A832,2022-11-24,-30.25,-54.25,2,6.3,5.720478757755396,2.7285514316260757,2.0965259043500186,2.308917444977581
A832,2022-11-25,-30.25,-54.25,2,7.8,9.142330019740804,4.242939965533143,2.154715855988321,1.8383479529199271
A832,2022-11-26,-30.25,-54.25,2,10.8,9.622234459202573,6.821035309842172,1.4106706712569734,1.5833373541427829
A832,2022-11-27,-30.25,-54.25,2,12.5,15.84838818951035,7.989182316962882,1.9837309452633916,1.5646156895755914
A832,2022-11-28,-30.25,-54.25,2,13.0,13.520624838260069,7.399419986634503,1.8272546851891414,1.756894462468919
A832,2022-11-29,-30.25,-54.25,2,10.9,13.784863849723802,6.942887594697186,1.9854655086526758,1.5699519618213555
A832,2022-11-30,-30.25,-54.25,2,11.6,14.867840798812816,7.002220217031165,2.123303800507513,1.6566174213981266
A832,2022-12-01,-30.25,-54.25,2,8.2,9.124000163907514,5.579971917837888,1.6351337064511349,1.4695414458604144
A832,2022-12-02,-30.25,-54.25,2,8.6,7.286149077813444,4.155401927298348,1.7534162050481996,2.069595228202468
A832,2022-12-03,-30.25,-54.25,2,11.8,9.545451662413472,4.515334249494637,2.1140077644267006,2.613317054284669
A832,2022-12-04,-30.25,-54.25,2,13.2,7.7614437870943656,4.792539627892558,1.6194845300647698,2.754280824967218
A832,2022-12-05,-30.25,-54.25,2,7.6,9.083144301407705,5.112501143367064,1.7766537447511646,1.4865522347824227
A832,2022-12-06,-30.25,-54.25,2,9.5,8.92012045614179,5.986795279479826,1.489965839773434,1.586825598089505
A832,2022-12-07,-30.25,-54.25,2,8.8,8.939616090020557,5.455413672163063,1.6386687843006438,1.6130765747248668
A832,2022-12-08,-30.25,-54.25,2,8.1,8.44374063525066,5.425704070533418,1.5562479128023157,1.4928938059837207
A832,2022-12-09,-30.25,-54.25,2,9.6,8.987745991344763,4.521052410576514,1.9879765096991358,2.123399405311435
A832,2022-12-10,-30.25,-54.25,2,7.3,10.199842185712754,5.056619901718701,2.0171265358991914,1.4436521118620749
A832,2022-12-11,-30.25,-54.25,2,8.7,9.8817445303876,4.872308379868753,2.0281443127074374,1.7856012636528467
A832,2022-12-12,-30.25,-54.25,2,14.8,12.756356096417205,7.892270811112312,1.6163099824775733,1.8752524278768552
A832,2022-12-13,-30.25,-54.25,2,11.1,10.433453438900635,5.843548038622099,1.7854655031399094,1.8995308888771223
A832,2022-12-14,-30.25,-54.25,2,8.0,8.816729560080693,5.127082959529325,1.7196385604983626,1.560341438425723
A832,2022-12-15,-30.25,-54.25,2,9.1,9.114194981658217,5.233087555909311,1.7416477145249136,1.738935170256055
A832,2022-12-16,-30.25,-54.25,2,9.0,9.913557106028058,6.64815244406084,1.4911747571138179,1.3537595709075827
A832,2022-12-17,-30.25,-54.25,2,13.1,11.740924793953784,6.6232392541683085,1.7726861952880053,1.9778841586849771
A832,2022-12-18,-30.25,-54.25,2,14.4,14.028257656394985,8.045716766177991,1.743568418337316,1.7897721754926412
A832,2022-12-19,-30.25,-54.25,2,11.2,13.245640975220194,6.996232643501244,1.8932533622254522,1.6008615737504965
A832,2022-12-20,-30.25,-54.25,2,11.9,9.593844072556319,6.41990277167386,1.4943908675512414,1.8536106267069392
A832,2022-12-21,-30.25,-54.25,2,12.7,12.094414853732669,6.866398697091794,1.761391289272957,1.8495867426659884
A832,2022-12-22,-30.25,-54.25,2,10.9,11.721971811449912,7.208986732782373,1.6260221090635454,1.5120016729165275
A832,2022-12-23,-30.25,-54.25,2,11.5,12.253940177478098,6.628173676690692,1.848765704581874,1.735017904018126
A832,2022-12-24,-30.25,-54.25,2,7.5,9.821978772050707,4.0741484958339615,2.410805296393643,1.8408754633438515
A832,2022-12-25,-30.25,-54.25,2,7.8,8.145072973139756,4.633910915176484,1.7577103060967127,1.6832434077345515
A832,2022-12-26,-30.25,-54.25,2,6.2,7.923583661456583,4.181736901901886,1.8948068344167888,1.4826375129387486
A832,2022-12-27,-30.25,-54.25,2,9.6,9.664410054184469,4.6397189556948115,2.082973159898474,2.0690908418530216
A832,2022-12-28,-30.25,-54.25,2,7.7,6.26494210946847,4.691381136029366,1.3354152919604643,1.641307703794246
A832,2022-12-29,-30.25,-54.25,2,8.8,7.164924323688839,3.5659147756764127,2.0092808646358455,2.4678099600209156
A832,2022-12-30,-30.25,-54.25,2,8.9,9.305471677999904,4.72959688542575,1.9674978446206925,1.8817671390611206
A832,2022-12-31,-30.25,-54.25,2,5.4,8.147935098459,3.089261026756709,2.6375029587620147,1.747990847399918
A852,2021-01-01,-28.5,-55.0,2,8.9,7.481079902033171,4.2324942718271945,1.7675345603724921,2.102778982889873
A852,2021-01-02,-28.5,-55.0,2,9.2,10.416818482379318,5.514077950186324,1.8891315241612296,1.6684566455374694
A852,2021-01-04,-28.5,-55.0,2,10.6,15.297797234130885,5.271468707921236,2.9019990597958905,2.010824798043813
A852,2021-01-05,-28.5,-55.0,2,10.6,11.242541325651851,4.214700045032788,2.6674594171658046,2.5150069724398474
A852,2021-01-06,-28.5,-55.0,2,9.3,11.415901521673641,4.427031813107278,2.5786807060826074,2.100730329622919
A852,2021-01-07,-28.5,-55.0,2,8.4,8.858687454341089,4.430242667680778,1.999594180013302,1.8960586654268718
A852,2021-01-08,-28.5,-55.0,2,8.1,6.762873088794455,2.768291122137251,2.4429775592291025,2.925992839129729
A852,2021-01-09,-28.5,-55.0,2,12.4,9.960134569228567,4.272791419299298,2.3310603284402647,2.9020840905062237
A852,2021-01-10,-28.5,-55.0,2,6.9,6.783552949059398,2.529716223580318,2.681546999551834,2.72757866502291
A852,2021-01-11,-28.5,-55.0,2,12.5,18.933589605973808,6.777586006172396,2.7935594751185526,1.844314478431725
A852,2021-01-12,-28.5,-55.0,2,19.7,14.333920357345155,5.4513908895653,2.6294060814428515,3.6137566355236914
A852,2021-01-13,-28.5,-55.0,2,11.2,11.021637302136696,6.560548608112617,1.679987141396621,1.7071743034035824
A852,2021-01-14,-28.5,-55.0,2,11.0,13.08250735150419,6.626827224969113,1.9741735988243103,1.6599195401614337
A852,2021-01-15,-28.5,-55.0,2,10.1,10.07960296465819,5.349970669073606,1.8840482664559282,1.8878608173283504
A852,2021-01-16,-28.5,-55.0,2,15.5,13.408843924440308,5.504358613002694,2.43604112071572,2.8159502477518563
A852,2021-01-17,-28.5,-55.0,2,10.4,12.768552421825238,6.178329668917379,2.06666738520974,1.683302859722987
A852,2021-01-18,-28.5,-55.0,2,8.4,8.724062964811413,4.42400764583707,1.9719818913560505,1.8987308957081674
A852,2021-01-19,-28.5,-55.0,2,9.9,9.880965175813666,5.372160440988082,1.839290781493543,1.8428340159883851
A852,2021-01-20,-28.5,-55.0,2,11.6,9.753437071302024,5.828426339950546,1.6734254672565325,1.9902456209300614
A852,2021-01-21,-28.5,-55.0,2,11.3,11.51115187234204,6.050358233901424,1.90255707634676,1.867658006873665
A852,2021-01-22,-28.5,-55.0,2,10.0,10.392342472190375,4.994535333458189,2.080742607339765,2.002188258237039
A852,2021-01-23,-28.5,-55.0,2,7.5,9.60767432975397,3.356963087264458,2.8620136951172523,2.234162189168319
A852,2021-01-24,-28.5,-55.0,2,10.2,9.342427791542546,2.6485884838000273,3.52732326999271,3.851107887234216
A852,2021-01-25,-28.5,-55.0,2,12.0,11.118654959337597,3.375274024817286,3.294148823943112,3.555266894411513
A852,2021-01-26,-28.5,-55.0,2,9.9,13.189644141801528,5.89656553028183,2.236834997265115,1.678943437354935
A852,2021-01-27,-28.5,-55.0,2,11.7,21.244538367991534,5.609351255488979,3.7873432060798273,2.085802701079037
A852,2021-01-28,-28.5,-55.0,2,8.2,14.871480940921884,3.132337675266395,4.747725974230129,2.6178531340183864
A852,2021-01-29,-28.5,-55.0,2,13.6,15.374329821290056,5.557896464890499,2.7662137858109523,2.446968936163503
A852,2021-01-30,-28.5,-55.0,2,14.0,16.549929666011476,5.121435939176485,3.2315018409998246,2.7336083407598313
A852,2021-01-31,-28.5,-55.0,2,12.5,15.232274712093169,4.632771793492406,3.28793978876528,2.6981687329297306
A852,2021-02-01,-28.5,-55.0,2,8.7,6.593888258826374,2.452969038967204,2.6881253509839076,3.546722303377722
A852,2021-02-02,-28.5,-55.0,2,8.8,12.125351516122581,5.66483374320812,2.140460261637922,1.553443648818609
A852,2021-02-03,-28.5,-55.0,2,8.8,13.819841051224158,4.791681587165342,2.8841317603909666,1.8365160205075095
A852,2021-02-04,-28.5,-55.0,2,11.3,14.793110660590125,6.949341100087561,2.128706944663248,1.6260534397797255
A852,2021-02-05,-28.5,-55.0,2,9.4,8.820649664711704,4.61625587469449,1.9107800572894948,2.036282271857841
A852,2021-02-06,-28.5,-55.0,2,7.4,6.768850506867108,2.5728065560358777,2.630920887148391,2.8762364518387087
A852,2021-02-07,-28.5,-55.0,2,7.0,8.476519883291667,3.7860095869238144,2.2389060800500924,1.8489123810401118
A852,2021-02-08,-28.5,-55.0,2,7.5,6.683718095672568,3.8133215663014384,1.7527286853374768,1.9667892858231444
A852,2021-02-09,-28.5,-55.0,2,8.3,8.648938087311743,4.20416038864684,2.0572331423577084,1.9742348608806184
A852,2021-02-10,-28.5,-55.0,2,11.5,6.061240617067884,2.7554933572646663,2.199693423715882,4.173481300428851
A852,2021-02-11,-28.5,-55.0,2,10.1,10.578040732159181,2.5279292768961272,4.184468619765834,3.9953649385322616
A852,2021-02-12,-28.5,-55.0,2,16.0,7.6860645246170165,2.437619482271421,3.1531026809217138,6.563780818280502
A852,2021-02-13,-28.5,-55.0,2,6.4,7.12768577072031,2.3471306613272818,3.0367656509968928,2.7267335838818862
A852,2021-02-14,-28.5,-55.0,2,11.5,8.216127716486254,3.0538753188737053,2.690393961308293,3.765707109562448
A852,2021-02-15,-28.5,-55.0,2,9.3,10.347126661329446,3.707272045101331,2.791035169647667,2.508583100150074
A852,2021-02-16,-28.5,-55.0,2,7.7,10.109523207270687,4.186575410230876,2.4147476676439896,1.8392120636793616
A852,2021-02-17,-28.5,-55.0,2,7.8,10.624495952013424,4.678155072418522,2.2710867398674646,1.66732395127029
A852,2021-02-18,-28.5,-55.0,2,6.4,7.813962568876948,3.2605821416914935,2.3964930890602547,1.9628396776656176
A852,2021-02-19,-28.5,-55.0,2,5.9,6.032491708669144,2.256291471575122,2.6736313923386184,2.6149103847302126
A852,2021-02-20,-28.5,-55.0,2,7.1,5.956075356532765,3.3152627293694077,1.7965620955976733,2.1416100561509595
A852,2021-02-21,-28.5,-55.0,2,7.3,6.723724331003366,4.059121421261241,1.6564481899420946,1.7984187321333591
A852,2021-02-22,-28.5,-55.0,2,6.7,6.629369336849499,3.3840225621504674,1.9590204305956782,1.9798922368124834
A852,2021-02-23,-28.5,-55.0,2,14.7,17.100573704606955,3.9234598377930014,4.358544349016774,3.746693124879531
A852,2021-02-24,-28.5,-55.0,2,8.2,9.203932454602818,3.82524321446118,2.4061038576077247,2.1436545443699435
A852,2021-02-25,-28.5,-55.0,2,6.6,8.418384176922846,4.457382868038121,1.888638339166975,1.4806894977152665
A852,2021-02-26,-28.5,-55.0,2,9.1,9.103574279826894,4.922549094197155,1.849361805361871,1.8486357019226778
A852,2021-02-27,-28.5,-55.0,2,9.7,10.150252123068967,5.5396833917751165,1.832280187373029,1.751002595997055
A852,2021-02-28,-28.5,-55.0,2,9.8,11.269537694003676,5.7029907446321015,1.976075045292866,1.7183966165865128
A852,2021-03-01,-28.5,-55.0,2,8.5,10.844956536065416,5.178761799333439,2.0941215209900705,1.6413189734067397
A852,2021-03-02,-28.5,-55.0,2,8.5,7.8002832152837325,4.145699582477606,1.8815360496097566,2.050317402622821
A852,2021-03-03,-28.5,-55.0,2,12.7,5.5607760729033,3.264091393289299,1.7036214379094268,3.8908224279841384
A852,2021-03-04,-28.5,-55.0,2,9.6,8.337033135100176,2.0076329510116584,4.152668011799216,4.781750566089534
A852,2021-03-05,-28.5,-55.0,2,11.7,10.94463566209102,4.7486890004495494,2.304769939883389,2.4638379137678594
A852,2021-03-06,-28.5,-55.0,2,6.8,5.592234650016076,2.914098555074008,1.9190272889977986,2.3334831926531403
A852,2021-03-07,-28.5,-55.0,2,4.9,7.3615695395777365,3.5410236068518324,2.0789382836457797,1.38378066458483
A852,2021-03-08,-28.5,-55.0,2,6.6,7.595586337369317,3.209926241932932,2.36628064475259,2.05612201108573
A852,2021-03-09,-28.5,-55.0,2,9.2,8.288874021479671,4.4443714018733,1.865027305770601,2.070034020136617
A852,2021-03-10,-28.5,-55.0,2,7.6,7.285612749864961,3.6426866869306704,2.0000657141347014,2.086372134959475
A852,2021-03-11,-28.5,-55.0,2,6.3,8.264805171641152,3.808548823268933,2.170066751185127,1.654173359025661
A852,2021-03-12,-28.5,-55.0,2,6.6,6.2073914893532605,3.55410260534169,1.7465425674609876,1.8570088522712975
A852,2021-03-13,-28.5,-55.0,2,5.9,7.083501753946346,3.879157661386999,1.8260412110740631,1.5209487509951956
A852,2021-03-14,-28.5,-55.0,2,6.4,5.946524467369395,4.029163290715753,1.475870804509647,1.5884191178717615
A852,2021-03-15,-28.5,-55.0,2,6.7,8.46482444139641,4.401937225067067,1.92297709135719,1.5220571438062522
A852,2021-03-16,-28.5,-55.0,2,18.1,9.485901948139455,4.684981142356054,2.0247470928706965,3.8634093606826347
A852,2021-03-17,-28.5,-55.0,2,18.1,11.115420845728266,5.28156624010218,2.104569050243176,3.4270137260741484
A852,2021-03-18,-28.5,-55.0,2,8.1,8.138359252053196,5.152241198126124,1.5795765258453207,1.5721313674029818
A852,2021-03-19,-28.5,-55.0,2,8.4,9.858244047057072,5.603788541166425,1.7592105723898503,1.4989858982529605
A852,2021-03-20,-28.5,-55.0,2,11.6,11.037029702709544,6.40553110569574,1.7230467732637373,1.8109349261742536
A852,2021-03-21,-28.5,-55.0,2,12.1,12.434843030797593,3.802403107313899,3.2702590124858797,3.182198114851559
A852,2021-03-22,-28.5,-55.0,2,5.4,8.169082662235127,4.096970574437519,1.9939324712764568,1.318047054985592
A852,2021-03-23,-28.5,-55.0,2,5.0,8.691458995568576,3.3851706868951004,2.5675098243097563,1.4770303959432045
A852,2021-03-24,-28.5,-55.0,2,5.3,6.791094385534279,3.586299188747961,1.8936218168415466,1.4778465825240645
A852,2021-03-25,-28.5,-55.0,2,8.1,6.464213662372851,4.01272915772842,1.6109269796898529,2.018576305953666
A852,2021-03-26,-28.5,-55.0,2,18.3,7.220945947565928,5.258762731304677,1.3731264018778884,3.479906003566707
A852,2021-03-27,-28.5,-55.0,2,9.3,11.075513302435764,3.0551785127171223,3.625160774185257,3.04401198204587
A852,2021-03-28,-28.5,-55.0,2,5.7,13.681097175603913,4.016606442918973,3.406133354121073,1.4191084142806039
A852,2021-03-29,-28.5,-55.0,2,6.2,6.271025354071604,3.1441764489587527,1.9944890039960577,1.9718995103004588
A852,2021-03-30,-28.5,-55.0,2,8.3,8.275571054402883,3.724705636382595,2.221805388744774,2.228364013232706
A852,2021-03-31,-28.5,-55.0,2,7.1,7.361072243358349,4.442984718729558,1.6567854065145646,1.5980248525433143
A852,2021-04-01,-28.5,-55.0,2,8.1,9.22855541559987,4.28744838393609,2.1524586628673528,1.8892355719892766
A852,2021-04-02,-28.5,-55.0,2,7.4,9.34647770672324,4.6982149238029285,1.9893678467901628,1.5750663007153654
A852,2021-04-03,-28.5,-55.0,2,7.3,7.589340788412502,4.5280403789692,1.6760762169131103,1.612176435949061
A852,2021-04-04,-28.5,-55.0,2,7.5,8.547785830503464,4.148571488011281,2.060416665159374,1.8078512137669125
A852,2021-04-05,-28.5,-55.0,2,9.4,7.124988056266052,4.70987700869146,1.51277582049761,1.9958058315861613
A852,2021-04-06,-28.5,-55.0,2,5.5,5.972822291331006,2.5248207479031635,2.365642113916947,2.1783724664682396
A852,2021-04-07,-28.5,-55.0,2,9.0,7.747467392141819,4.401839289156799,1.7600523061408488,2.0445998612829888
A852,2021-04-08,-28.5,-55.0,2,9.5,10.244248810457925,5.768490768949182,1.775897582362617,1.6468779062864947
A852,2021-04-09,-28.5,-55.0,2,13.0,13.134702000310707,6.290724095406514,2.087947555973988,2.0665347586127005
A852,2021-04-10,-28.5,-55.0,2,13.6,12.27513385522507,6.384085819187009,1.9227708089908269,2.1302971772600503
A852,2021-04-11,-28.5,-55.0,2,10.5,9.357926204979856,5.583860092824797,1.6758883728130465,1.8804196067685135
A852,2021-04-12,-28.5,-55.0,2,7.8,7.585463960693304,4.5730771530960235,1.6587220610432654,1.7056349015934082
A852,2021-04-13,-28.5,-55.0,2,9.3,8.090079096540684,4.975701075284892,1.6259174283450042,1.8690833430879916
A852,2021-04-14,-28.5,-55.0,2,8.2,11.167188527375835,5.462342344139355,2.0443955768091526,1.5011874912596657
A852,2021-04-15,-28.5,-55.0,2,11.5,8.564267566406075,4.240005606696309,2.019871755094,2.7122605644289397
A852,2021-04-16,-28.5,-55.0,2,7.7,7.5613077273996785,3.2148104619009654,2.352022869469127,2.3951645334160307
A852,2021-04-17,-28.5,-55.0,2,8.2,8.732502577140556,4.4089244585158145,1.9806423673859446,1.8598640274186922
A852,2021-04-18,-28.5,-55.0,2,10.2,10.647972624904869,5.848200713481235,1.8207262620722353,1.7441261850823662
A852,2021-04-19,-28.5,-55.0,2,10.2,10.553219792690276,5.848014770901847,1.8045815898414392,1.7441816410506457
A852,2021-04-20,-28.5,-55.0,2,8.7,8.638711365667978,5.024672530554047,1.7192585811588061,1.731456119199213
A852,2021-04-21,-28.5,-55.0,2,9.5,10.911338597350744,5.627124993144295,1.9390609966269408,1.688251107194909
A852,2021-04-22,-28.5,-55.0,2,9.3,9.384552116080664,4.869561725751858,1.9271861914085695,1.9098227979775912
A852,2021-04-23,-28.5,-55.0,2,9.0,8.933158493662104,4.384246683024139,2.037558362820097,2.052804198917027
A852,2021-04-24,-28.5,-55.0,2,11.5,8.288471018778072,3.793490393684996,2.18491946956709,3.031508928859815
A852,2021-04-25,-28.5,-55.0,2,8.5,10.15299952299002,4.825136362217342,2.104189138050456,1.76160824522147
A852,2021-04-26,-28.5,-55.0,2,5.3,6.278565568790761,2.944745728497161,2.132124858194463,1.7998158376495321
A852,2021-04-27,-28.5,-55.0,2,7.2,6.722320290590334,3.430670989594496,1.9594768227497414,2.098714805890214
A852,2021-04-28,-28.5,-55.0,2,5.7,6.408585919192912,3.4784070639039215,1.842391014466364,1.6386811248027762
A852,2021-04-29,-28.5,-55.0,2,7.3,7.068562263750086,4.186231652654615,1.6885263048612464,1.743811763348273
A852,2021-04-30,-28.5,-55.0,2,8.3,8.168810480027073,4.184138039180569,1.9523281506331163,1.983682163991294
A852,2021-05-01,-28.5,-55.0,2,9.4,9.367241421619743,4.085119260812051,2.2930154111970036,2.301034412917346
A852,2021-05-02,-28.5,-55.0,2,7.5,7.791458874537926,3.2260622821738303,2.4151607108117505,2.3248156247455474
A852,2021-05-03,-28.5,-55.0,2,11.1,12.472993415861879,5.898561895101652,2.114582102837615,1.881814618105098
A852,2021-05-04,-28.5,-55.0,2,13.0,12.181201135714414,5.114435558542766,2.381729322088702,2.5418249680134855
A852,2021-05-05,-28.5,-55.0,2,12.5,13.291415954167018,6.859193277728438,1.937752067334767,1.822371741672168
A852,2021-05-06,-28.5,-55.0,2,9.6,8.842667758039342,4.810499673213767,1.8382015089363455,1.9956346849903215
A852,2021-05-07,-28.5,-55.0,2,5.7,5.953105605236095,3.3586538165171267,1.772467759541046,1.6971085176949896
A852,2021-05-08,-28.5,-55.0,2,9.0,8.879465419188431,4.822610472011605,1.841215555500719,1.8662091935959166
A852,2021-05-09,-28.5,-55.0,2,8.6,8.140904672628468,4.27728710616069,1.9032869364562661,2.010620233468357
A852,2021-05-10,-28.5,-55.0,2,8.0,7.464902679153402,3.5762864214434584,2.0873335632162324,2.2369572951517247
A852,2021-05-11,-28.5,-55.0,2,9.1,8.278019562990368,4.709259971495006,1.757817494276584,1.932363058119959
A852,2021-05-12,-28.5,-55.0,2,8.1,7.578699202762981,3.8938537094857106,1.9463235571230422,2.080201415956591
A852,2021-05-13,-28.5,-55.0,2,6.9,6.535598985058918,3.3542784652619013,1.9484366169189296,2.0570742922684713
A852,2021-05-14,-28.5,-55.0,2,8.5,6.035137756082744,3.9335802254638463,1.5342607523330944,2.1608813123921182
A852,2021-05-15,-28.5,-55.0,2,6.0,7.470762467095456,3.041638403429774,2.456163907804218,1.972621069366548
A852,2021-05-16,-28.5,-55.0,2,5.5,5.787225155298921,2.9960888032378126,1.9315933322953522,1.835726629349658
A852,2021-05-17,-28.5,-55.0,2,6.4,6.502777572035471,3.3594279667995193,1.9356800134728227,1.9050862418393189
A852,2021-05-18,-28.5,-55.0,2,5.8,5.304092664834543,2.8546816379717783,1.85803299193918,2.031750203893433
A852,2021-05-19,-28.5,-55.0,2,6.9,6.559943900678626,3.1031370856750478,2.1139716743295582,2.2235562946452925
A852,2021-05-20,-28.5,-55.0,2,12.3,10.200240544511592,5.041391968511988,2.0232984477741938,2.4398023555447637
A852,2021-05-21,-28.5,-55.0,2,17.6,10.79242575912955,4.035764271303448,2.674196269556615,4.361007932288289
A852,2021-05-22,-28.5,-55.0,2,10.4,14.519456619027453,6.185667522978225,2.3472740112673796,1.6813060128703285
A852,2021-05-23,-28.5,-55.0,2,9.7,11.660860315458011,7.372559475562356,1.5816570017658023,1.3156896234140063
A852,2021-05-24,-28.5,-55.0,2,7.6,8.473687900337646,4.27144666885898,1.983798126783402,1.7792566755914028
A852,2021-05-25,-28.5,-55.0,2,5.8,5.3397247106451005,2.2817007340709883,2.3402388538123557,2.541963507042265
A852,2021-05-26,-28.5,-55.0,2,4.8,5.606997933781835,2.572024981193537,2.1799935750157187,1.8662338177495386
A852,2021-05-27,-28.5,-55.0,2,7.4,6.631765188488136,2.6649910240869006,2.4884756190728115,2.776744811940012
A852,2021-05-28,-28.5,-55.0,2,13.8,12.929375657104478,4.675076679898995,2.765596490148653,2.9518232416025634
A852,2021-05-29,-28.5,-55.0,2,8.2,6.599283129150864,4.584412223763161,1.4395047406390902,1.788669866443412
A852,2021-05-30,-28.5,-55.0,2,8.1,6.814716663967245,4.0365615288972645,1.688247934580335,2.0066583754547187
A852,2021-05-31,-28.5,-55.0,2,8.6,5.902880383295622,2.9173492738123037,2.0233711596630033,2.947881516004349
A852,2021-06-01,-28.5,-55.0,2,8.0,8.668950710377006,3.418532599705155,2.535868960595752,2.3401853768163545
A852,2021-06-02,-28.5,-55.0,2,6.7,9.035893529987122,3.095154489523644,2.9193675341801053,2.1646738547875057
A852,2021-06-03,-28.5,-55.0,2,9.2,7.869973325153572,3.9365119343930006,1.999225064299748,2.3370944006597085
A852,2021-06-04,-28.5,-55.0,2,10.6,13.393941722661657,5.624319107867625,2.381433461683465,1.884672579330021
A852,2021-06-05,-28.5,-55.0,2,22.5,16.16143741067292,6.505897738340181,2.4841210330484094,3.4584005013488452
A852,2021-06-06,-28.5,-55.0,2,12.9,11.197318605011334,4.829000000420861,2.3187655009392123,2.6713605298976453
A852,2021-06-07,-28.5,-55.0,2,8.1,9.374221623131714,5.153130575732275,1.819131396995429,1.5718600336163548
A852,2021-06-08,-28.5,-55.0,2,12.7,9.824682891109351,3.675888410621672,2.672736980459041,3.454947098857159
A852,2021-06-09,-28.5,-55.0,2,6.9,7.229630014943639,2.785255294480932,2.5956794801788443,2.477331257092504
A852,2021-06-10,-28.5,-55.0,2,8.3,11.578354477170596,4.193232602582694,2.7612001466456357,1.9793798214026734
A852,2021-06-11,-28.5,-55.0,2,6.1,7.096414753624532,3.0695370535193094,2.311884375361521,1.9872703582470785
A852,2021-06-12,-28.5,-55.0,2,5.5,5.927359896731634,2.512826390791159,2.3588417880573975,2.188770390249019
A852,2021-06-13,-28.5,-55.0,2,7.3,5.979260401638255,3.7987765761324876,1.5739963332420317,1.9216713206734806
A852,2021-06-14,-28.5,-55.0,2,6.5,5.1518666759054295,2.923153562816655,1.7624344958946525,2.2236259095936144
A852,2021-06-15,-28.5,-55.0,2,9.9,8.569200769528514,5.164231968215725,1.6593369202369945,1.917032399189557
A852,2021-06-16,-28.5,-55.0,2,10.4,8.534690993773285,5.218649543814173,1.6354213713947736,1.9928527318580804
A852,2021-06-17,-28.5,-55.0,2,7.9,6.157000934232975,3.8816437356378217,1.586183934837923,2.035220266988746
A852,2021-06-18,-28.5,-55.0,2,7.5,7.350909400430101,4.436388310439803,1.6569580672484836,1.6905643679456195
A852,2021-06-19,-28.5,-55.0,2,8.3,6.369520567617953,4.529566650208085,1.4062097016113766,1.8324048724658253
A852,2021-06-20,-28.5,-55.0,2,4.9,4.806909381890184,3.009290332292649,1.5973564698318776,1.6282908788886783
A852,2021-06-21,-28.5,-55.0,2,7.4,6.420308016327584,3.996983767482855,1.6062882387863298,1.85139606024976
A852,2021-06-22,-28.5,-55.0,2,6.6,5.7121030100254835,4.2655691192970036,1.3391186147200163,1.5472730168976203
A852,2021-06-23,-28.5,-55.0,2,10.8,11.737024466580044,6.373276679277324,1.8415997072185675,1.6945757329375242
A852,2021-06-24,-28.5,-55.0,2,13.7,12.70559711846766,9.785376780822121,1.29842696945188,1.4000482870368318
A852,2021-06-25,-28.5,-55.0,2,7.3,5.353453494306678,4.096526285062658,1.3068275709171473,1.7819975979693594
A852,2021-06-26,-28.5,-55.0,2,8.5,15.016343236525874,7.526226639765541,1.995202105286809,1.1293840069988637
A852,2021-06-29,-28.5,-55.0,2,11.0,8.735594335497424,5.724406818035974,1.5260261216889857,1.9215964814628714
A852,2021-12-08,-28.5,-55.0,2,5.9,10.480803472382155,7.409606852051567,1.4144884717439814,0.796263569418182
A852,2021-12-09,-28.5,-55.0,2,8.9,10.381571197823902,5.9615862529355255,1.7414108858547415,1.4928912578623819
A852,2021-12-10,-28.5,-55.0,2,10.1,7.328335052485239,6.489654362777686,1.129233491157545,1.5563232547375638
A852,2021-12-11,-28.5,-55.0,2,7.9,7.476906893481921,4.7914557265037585,1.5604666557020843,1.6487682347353112
A852,2021-12-12,-28.5,-55.0,2,7.1,7.697098963174793,5.420623969169458,1.4199654886509556,1.3098123095020466
A852,2021-12-13,-28.5,-55.0,2,9.4,15.22162000136793,5.360521587324724,2.839578155484042,1.753560702418747
A852,2021-12-14,-28.5,-55.0,2,8.3,13.824977088429526,5.428138845885678,2.5469092594984617,1.5290692142650486
A852,2021-12-15,-28.5,-55.0,2,10.3,10.38504731150865,5.647368635856065,1.838917906929661,1.8238582717274059
A852,2021-12-16,-28.5,-55.0,2,10.3,8.151027470570162,4.9801186784962,1.6367134995729562,2.068223804479735
A852,2021-12-17,-28.5,-55.0,2,11.4,9.240915239936228,5.781387295353247,1.5983906228464497,1.9718450637553164
A852,2021-12-18,-28.5,-55.0,2,9.7,11.775006145808641,6.917324606523628,1.702248602690093,1.4022762486600775
A852,2021-12-19,-28.5,-55.0,2,14.1,13.370389380021317,6.82136547688204,1.9600752115297528,2.0670348257670152
A852,2021-12-20,-28.5,-55.0,2,10.4,7.667199472681838,4.9987306878471065,1.5338292761645074,2.0805281679376
A852,2021-12-21,-28.5,-55.0,2,7.3,8.41048679797752,4.06978061737911,2.066570065733364,1.7937084787388644
A852,2021-12-22,-28.5,-55.0,2,15.0,12.175364882331857,5.7497827547217035,2.1175347663933017,2.608794217082732
A852,2021-12-23,-28.5,-55.0,2,11.7,10.45284342362212,6.172806835242601,1.6933695971082996,1.8954100318190454
A852,2021-12-24,-28.5,-55.0,2,9.5,9.77009987727934,5.598487120716742,1.745132152064062,1.6968869973543441
A852,2021-12-25,-28.5,-55.0,2,10.3,9.573909309270391,4.729771618275025,2.024180041226187,2.1776949990994425
A852,2021-12-26,-28.5,-55.0,2,9.8,9.64810751449248,4.914506814156426,1.963189365553576,1.9940963296196321
A852,2021-12-27,-28.5,-55.0,2,10.3,9.715092355562273,5.352747399331101,1.8149730653787821,1.9242454821027284
A852,2021-12-28,-28.5,-55.0,2,8.7,7.06902419142366,5.010299675809273,1.4108984788982422,1.7364230810395105
A852,2021-12-29,-28.5,-55.0,2,10.4,9.350148483460961,5.97312334466275,1.5653700658660819,1.7411326369633502
A852,2021-12-30,-28.5,-55.0,2,14.0,12.63031629831057,6.702014077469932,1.8845553220739613,2.088924290246361
A852,2021-12-31,-28.5,-55.0,2,14.0,8.501425963869654,4.504001044736081,1.887527529285422,3.108347413986968
A852,2022-01-01,-28.5,-55.0,2,7.1,8.26821980128828,3.9565807382154827,2.0897386780024245,1.7944787354958105
A852,2022-01-02,-28.5,-55.0,2,13.9,9.343194097934951,5.362902285235284,1.7421898817097394,2.5918801538242406
A852,2022-01-03,-28.5,-55.0,2,15.2,11.374896729815294,5.419592033264371,2.0988474150818837,2.8046391511954116
A852,2022-01-04,-28.5,-55.0,2,14.1,8.922458257728769,3.7506996636120054,2.3788783581611135,3.759298601483168
A852,2022-01-05,-28.5,-55.0,2,10.1,13.713628370179437,6.147877698024367,2.2306280384507877,1.64284335116908
A852,2022-01-06,-28.5,-55.0,2,9.7,11.13208595184946,6.224454457495839,1.788443634356353,1.5583695031005829
A852,2022-01-07,-28.5,-55.0,2,9.4,10.041317751941623,5.720933615058935,1.7551886505919858,1.6430884594180288
A852,2022-01-08,-28.5,-55.0,2,13.8,9.702521752943145,6.260145463164899,1.5498875880813652,2.204421619465569
A852,2022-01-09,-28.5,-55.0,2,9.4,9.881448993228634,5.566256562487398,1.775241382120716,1.6887471668750054
A852,2022-01-10,-28.5,-55.0,2,10.1,8.61298243900252,4.228290428663446,2.0369893185707837,2.38867224718823
A852,2022-01-11,-28.5,-55.0,2,7.9,7.350754477057257,4.258434645013279,1.7261635060350529,1.8551417735742581
A852,2022-01-12,-28.5,-55.0,2,11.8,9.165568078489718,4.7400988024318185,1.9336238463610707,2.489399586765203
A852,2022-01-13,-28.5,-55.0,2,8.4,9.328351454406269,4.392658946273086,2.1236229738074317,1.9122814001134574
A852,2022-01-14,-28.5,-55.0,2,10.1,12.596527569985135,5.294152402253401,2.379328476570405,1.907765253546732
A852,2022-01-15,-28.5,-55.0,2,10.3,14.732053298256714,5.179756568039869,2.8441593933499543,1.9885104376435478
A852,2022-01-16,-28.5,-55.0,2,15.4,18.571477752295234,7.6162938707784855,2.4383877601609645,2.021980803430569
A852,2022-01-17,-28.5,-55.0,2,13.9,14.046052993214134,6.69319873961572,2.0985560924821076,2.0767349873728755
A852,2022-01-18,-28.5,-55.0,2,12.0,10.638902032243536,5.808990461441082,1.831454553568721,2.065763419591339
A852,2022-01-19,-28.5,-55.0,2,14.1,11.302369967747648,5.5183808954025775,2.0481315411126793,2.555097277128308
A852,2022-01-20,-28.5,-55.0,2,13.3,9.035097090752657,4.4399235531120675,2.034966814782138,2.9955470721286757
A852,2022-01-21,-28.5,-55.0,2,9.8,11.247882752789636,5.139907074289378,2.1883436004229164,1.906649256174521
A852,2022-01-22,-28.5,-55.0,2,10.3,11.37143898492031,4.5059299346172095,2.523660853569474,2.2858766446564847
A852,2022-01-23,-28.5,-55.0,2,10.3,19.074708914647147,7.713853693235069,2.472785934658752,1.3352599633867754
A852,2022-01-24,-28.5,-55.0,2,12.0,12.786603359151147,7.06348564707268,1.8102398727815494,1.6988779477414468
A852,2022-01-25,-28.5,-55.0,2,11.6,10.62255795270768,5.984469796254259,1.775020731052306,1.9383504963565126
A852,2022-01-26,-28.5,-55.0,2,17.3,12.713256114259133,6.237852544276096,2.038082180369095,2.7733903418211803
A852,2022-01-27,-28.5,-55.0,2,11.7,11.815993614732943,8.014360527979205,1.4743526415465997,1.4598794200926866
A852,2022-01-28,-28.5,-55.0,2,10.2,11.420881251115826,6.968971529302701,1.6388187558370715,1.4636306027527404
A852,2022-01-29,-28.5,-55.0,2,10.0,8.687785798252175,5.6717830197021115,1.5317556697908496,1.7631139917135283
A852,2022-01-30,-28.5,-55.0,2,9.5,7.856671407012784,4.636797239789972,1.694417719971007,2.048827996720924
A852,2022-01-31,-28.5,-55.0,2,9.9,6.806165306746137,4.027641376270407,1.6898637864944772,2.458014275632304
A852,2022-02-01,-28.5,-55.0,2,8.7,7.436478192671355,4.650461142217409,1.599084040324984,1.8707822157721996
A852,2022-02-02,-28.5,-55.0,2,10.1,9.465988954108216,4.701180519671351,2.0135344546969156,2.1483965480028124
A852,2022-02-03,-28.5,-55.0,2,13.3,12.845505513932578,4.815191731876656,2.6677038484044364,2.7620914681244697
A852,2022-02-04,-28.5,-55.0,2,7.7,13.502982947854514,3.80594837854646,3.547862872751699,2.0231488276098815
A852,2022-02-05,-28.5,-55.0,2,12.2,12.90874667587706,5.846978381155409,2.2077637087698947,2.0865478208915804
A852,2022-02-06,-28.5,-55.0,2,11.0,9.241147493869365,5.434193253525068,1.7005555494138511,2.024219509099072
A852,2022-02-07,-28.5,-55.0,2,8.3,8.504213735675782,3.979266362862223,2.1371310588916788,2.085811615292308
A852,2022-02-08,-28.5,-55.0,2,7.4,6.790920170050674,2.9430843248805028,2.30741610515234,2.5143690031037287
A852,2022-02-09,-28.5,-55.0,2,7.2,6.955616457067133,4.515796896343279,1.5402854948369196,1.5944029736656862
A852,2022-02-10,-28.5,-55.0,2,8.4,8.93801205965277,5.209382629854661,1.7157526514619135,1.6124751428048503
A852,2022-02-11,-28.5,-55.0,2,9.5,9.065516235946776,3.9622309934452673,2.2879827680273794,2.3976391118326728
A852,2022-02-12,-28.5,-55.0,2,11.1,12.479041407339801,4.94314340171828,2.5245153525187995,2.2455346927911384
A852,2022-02-13,-28.5,-55.0,2,7.5,8.844696229790634,4.427473314971821,1.9976848194390364,1.6939684254308678
A852,2022-02-14,-28.5,-55.0,2,7.7,6.401735706807607,3.5281215814541897,1.8144884066520734,2.1824644707471457
A852,2022-02-15,-28.5,-55.0,2,9.1,6.887085602612468,4.447103558064913,1.5486676918333953,2.0462757120861204
A852,2022-02-16,-28.5,-55.0,2,8.3,8.02506353692389,4.340421681074232,1.848913337594823,1.9122565985215045
A852,2022-02-17,-28.5,-55.0,2,9.5,9.01017819182508,4.924980846556659,1.8294849203575319,1.9289415118521736
A852,2022-02-18,-28.5,-55.0,2,7.0,8.04806453727019,4.618683311746948,1.7425019197140255,1.5155834525819338
A852,2022-02-19,-28.5,-55.0,2,11.4,8.44115184939039,4.749273952315523,1.7773562725887566,2.40036690122748
A852,2022-02-20,-28.5,-55.0,2,13.5,11.265834666462824,6.639007525591391,1.696915483682824,2.0334364659117394
A852,2022-02-21,-28.5,-55.0,2,15.6,12.3195024949879,4.975768610251425,2.475899395644404,3.135194021655226
A852,2022-02-22,-28.5,-55.0,2,10.6,9.449382444760552,4.026701056730153,2.3466808962555166,2.632427848668666
A852,2022-02-23,-28.5,-55.0,2,6.6,7.600921095295762,3.405802287335252,2.2317564127431573,1.9378693897008135
A852,2022-02-24,-28.5,-55.0,2,16.3,10.980405657294236,5.2832983050040285,2.078323998267189,3.08519395631354
A852,2022-02-25,-28.5,-55.0,2,13.4,5.942053375074517,5.133473621740808,1.157511231753347,2.610318273235022
A852,2022-02-26,-28.5,-55.0,2,7.1,7.797971819077407,2.843778903848352,2.742116065536874,2.496677920492308
A852,2022-02-27,-28.5,-55.0,2,12.6,17.05219040216472,5.333637798131663,3.19710318689769,2.362365139307677
A852,2022-02-28,-28.5,-55.0,2,17.7,8.984306948440317,4.391360310122871,2.045905212498706,4.030641703254988
A852,2022-03-01,-28.5,-55.0,2,8.5,9.409706871866879,5.1022940225945845,1.8442110215910132,1.6659173231411772
A852,2022-03-02,-28.5,-55.0,2,6.2,10.468309367503146,4.003663521044194,2.6146826056883294,1.5485816846024514
A852,2022-03-03,-28.5,-55.0,2,5.7,7.1017040169726195,3.191182347438442,2.2254146719861208,1.786171825804747
A852,2022-03-04,-28.5,-55.0,2,9.3,8.082368508160265,4.947709406126781,1.633557641471792,1.8796576833077039
A852,2022-03-05,-28.5,-55.0,2,11.5,8.063299228826654,5.226215049145614,1.542856379426034,2.20044523462157
A852,2022-03-06,-28.5,-55.0,2,14.2,11.133874867757124,3.517922852173033,3.1649002367632058,4.036472826920752
A852,2022-03-07,-28.5,-55.0,2,13.8,14.601644859506248,5.9688630769367235,2.446302532206845,2.3119980844128007
A852,2022-03-08,-28.5,-55.0,2,8.3,7.977845217631735,4.273485992543774,1.866823766721406,1.9422083082714074
A852,2022-03-09,-28.5,-55.0,2,8.8,16.71441073159349,5.259379745845933,3.1780193747742205,1.673201104550511
A852,2022-03-10,-28.5,-55.0,2,14.4,16.92119797252152,6.168533949873296,2.743147417202606,2.3344282639954965
A852,2022-03-11,-28.5,-55.0,2,10.3,10.729899638562337,5.310962164482393,2.020330649372659,1.9393849327118753
A852,2022-03-12,-28.5,-55.0,2,11.1,8.331986982298105,5.565504882283268,1.497076574098679,1.994428220759405
A852,2022-03-13,-28.5,-55.0,2,8.9,9.294432142468427,4.956488169542015,1.8752051502076401,1.7956261965258296
A852,2022-03-14,-28.5,-55.0,2,7.6,8.568456246074216,3.888980802075033,2.2032652466431224,1.954239526187655
A852,2022-03-15,-28.5,-55.0,2,7.2,7.179465799459812,3.8130077743386166,1.8828877947161076,1.8882730972791872
A852,2022-03-16,-28.5,-55.0,2,9.1,9.270527824810415,4.852845190792002,1.910328366213024,1.875188604257711
A852,2022-03-17,-28.5,-55.0,2,8.1,9.90755953331028,3.9614364262593833,2.501001774920712,2.044712858776958
A852,2022-03-18,-28.5,-55.0,2,15.2,11.151216737774904,5.382553086765472,2.0717337215295326,2.8239387062198227
A852,2022-03-19,-28.5,-55.0,2,11.2,11.738170591821733,5.851158702160512,2.0061275363266886,1.9141507810862237
A852,2022-03-20,-28.5,-55.0,2,11.5,9.63536946176311,6.67790623327184,1.4428728294740163,1.7220966569884848
A852,2022-03-21,-28.5,-55.0,2,12.1,10.876335611391477,7.063825370075221,1.53972317286712,1.7129528783737684
A852,2022-03-22,-28.5,-55.0,2,11.0,11.320331263920263,5.901208872303359,1.9183071653421602,1.8640248528784038
A852,2022-03-23,-28.5,-55.0,2,14.1,13.198951320604149,4.910417634494356,2.687948826976566,2.8714461883957307
A852,2022-03-24,-28.5,-55.0,2,10.2,13.330473072545379,4.669678270396077,2.8546876895257074,2.1843046585594528
A852,2022-03-25,-28.5,-55.0,2,9.2,9.449086811265158,5.376423961141682,1.7575040360579466,1.7111745774688465
A852,2022-03-26,-28.5,-55.0,2,6.5,9.07398167633879,4.825944914859356,1.8802497410195234,1.3468864884856298
A852,2022-03-27,-28.5,-55.0,2,5.8,5.160439977649185,2.304937489032144,2.2388633106991906,2.516337222852604
A852,2022-03-28,-28.5,-55.0,2,8.0,7.8949422230238335,4.2124924079410695,1.8741736384238676,1.8991132149980876
A852,2022-03-29,-28.5,-55.0,2,12.0,13.095545952667823,5.74320547773759,2.2801806418785016,2.08942550401786
A852,2022-03-30,-28.5,-55.0,2,24.6,13.674256495015749,6.807310403646372,2.00876053598071,3.613762050107614
A852,2022-03-31,-28.5,-55.0,2,10.4,8.093228270763237,4.63816771427741,1.7449192804844702,2.242264756400737
A852,2022-04-01,-28.5,-55.0,2,11.3,11.373786969010007,5.780480031200362,1.967619801057967,1.954854949590314
A852,2022-04-02,-28.5,-55.0,2,7.0,10.550152875396655,5.310089137658154,1.9868127637588895,1.3182452909043119
A852,2022-04-03,-28.5,-55.0,2,13.0,10.928756455137998,4.333306999379177,2.52203604699684,3.000018231309824
A852,2022-04-04,-28.5,-55.0,2,8.5,10.100778412691403,3.1817558314111998,3.174592567089417,2.6714809213471313
A852,2022-04-05,-28.5,-55.0,2,6.4,7.911368922446192,4.2660918698871075,1.854476922611502,1.5002021042198892
A852,2022-04-06,-28.5,-55.0,2,6.6,10.415665428986838,3.5714524304495585,2.9163668372521934,1.847987654470655
A852,2022-04-07,-28.5,-55.0,2,6.6,9.912124421824663,2.836660081792328,3.4942940415905386,2.3266799016080295
A852,2022-04-08,-28.5,-55.0,2,5.8,6.489625623495606,3.217574767295011,2.016930791930402,1.8025999143684275
A852,2022-04-09,-28.5,-55.0,2,6.3,6.237937566961721,3.805098991060989,1.6393627555067563,1.6556730888736613
A852,2022-04-10,-28.5,-55.0,2,11.7,10.842501058051308,4.570377314675493,2.3723426560945,2.5599636954330376
A852,2022-04-11,-28.5,-55.0,2,17.2,15.204900123907848,5.677584620343049,2.678057860983346,3.029457269271091
A852,2022-04-12,-28.5,-55.0,2,9.9,11.976432549119925,3.475544454328898,3.445915512374733,2.8484745714212476
A852,2022-04-13,-28.5,-55.0,2,8.3,9.98959621296856,4.941492576679049,2.0215746675637245,1.6796544507971418
A852,2022-04-14,-28.5,-55.0,2,8.8,9.745856229254978,4.902774770684593,1.9878245860953807,1.7949019507521091
A852,2022-04-15,-28.5,-55.0,2,6.4,7.443230503903108,3.390975432069301,2.1950116280733325,1.8873625386588186
A852,2022-04-16,-28.5,-55.0,2,8.9,8.918014674762755,4.291647938385877,2.0779930699806872,2.07379545754337
A852,2022-04-17,-28.5,-55.0,2,7.6,8.215417747374369,4.902485201251087,1.675765945255243,1.5502341543143305
A852,2022-04-18,-28.5,-55.0,2,7.0,9.043985152727949,3.4769083033588486,2.6011572246501453,2.013282890790559
A852,2022-04-19,-28.5,-55.0,2,6.6,6.4894967661216825,3.1584173808748455,2.054667253738379,2.089654153996542
A852,2022-04-20,-28.5,-55.0,2,7.9,7.524827099176529,3.8733628130803672,1.942711659688875,2.039571396028706
A852,2022-04-21,-28.5,-55.0,2,8.4,7.7706035435223875,3.197251429960307,2.430401147281325,2.627256624639084
A852,2022-04-22,-28.5,-55.0,2,12.2,9.797020680620218,4.656170219599574,2.1040941843966245,2.6201791224568223
A852,2022-04-23,-28.5,-55.0,2,11.6,6.9057294750880125,4.878984630146394,1.4154029984883978,2.3775438701580707
A852,2022-04-24,-28.5,-55.0,2,8.9,9.10536080073012,4.892033050182505,1.8612631409737572,1.819284520097012
A852,2022-04-25,-28.5,-55.0,2,16.4,17.770407769337247,7.666614408524554,2.3178950736818362,2.1391450157927263
A852,2022-04-26,-28.5,-55.0,2,14.3,9.501757847307601,5.101871727649042,1.86240626078736,2.8028928917406324
A852,2022-04-27,-28.5,-55.0,2,15.4,14.744372579813344,7.334692619177096,2.010223651535593,2.0996108220998333
A852,2022-04-28,-28.5,-55.0,2,18.1,17.422302096996503,6.593241750002832,2.642448549226793,2.7452353009795565
A852,2022-04-29,-28.5,-55.0,2,11.1,11.873755522414255,6.849265115431436,1.7335809495332004,1.6206118193602452
A852,2022-04-30,-28.5,-55.0,2,8.6,10.783605700175872,5.266431170610303,2.0476116274631213,1.632984410390269
A852,2022-05-01,-28.5,-55.0,2,6.4,9.61504094638598,4.149016341385746,2.3174266272411486,1.5425342956982522
A852,2022-05-02,-28.5,-55.0,2,12.7,13.5595724857764,6.650463775216357,2.038891262938316,1.9096412564982108
A852,2022-05-03,-28.5,-55.0,2,10.7,10.827875045781266,6.174449483373283,1.753658374716458,1.7329480188984032
A852,2022-05-04,-28.5,-55.0,2,10.2,9.721256512295339,6.767137255111354,1.436538989208868,1.5072843383360868
A852,2022-05-05,-28.5,-55.0,2,7.2,8.978433184526532,4.88310448700968,1.8386731654854989,1.4744718281482325
A852,2022-05-06,-28.5,-55.0,2,7.3,6.908997925796556,3.612889832869715,1.9123190148061464,2.0205432043859517
A852,2022-05-07,-28.5,-55.0,2,6.3,6.086375027315082,3.857369288617237,1.5778564539504807,1.6332374550164939
A852,2022-05-08,-28.5,-55.0,2,7.7,7.8195164136686826,3.9294550573181395,1.989974767393196,1.9595592487206774
A852,2022-05-09,-28.5,-55.0,2,5.5,6.4364992801817715,2.9225544009738025,2.2023539674871797,1.8819153539682225
A852,2022-05-10,-28.5,-55.0,2,4.5,5.127285705448553,2.3681350242663117,2.165115440170931,1.9002294860252642
A852,2022-05-11,-28.5,-55.0,2,4.7,7.501364808306895,3.6038492273512515,2.081486858932839,1.3041611076094866
A852,2022-05-12,-28.5,-55.0,2,6.4,5.298010271550407,3.994409967617758,1.3263561613606998,1.6022391421722098
A852,2022-05-13,-28.5,-55.0,2,7.1,6.8004784151129325,4.1050569220729125,1.6566100164279633,1.7295740679802178
A852,2022-05-14,-28.5,-55.0,2,6.2,5.185071758046936,3.1946088035627227,1.6230693887352936,1.9407697096075036
A852,2022-05-15,-28.5,-55.0,2,8.8,11.983038128161345,5.369993867900232,2.2314807843247944,1.6387355770744978
A852,2022-05-16,-28.5,-55.0,2,9.9,11.94478240289692,6.379510555971408,1.8723665864485879,1.5518431881476098
A852,2022-05-17,-28.5,-55.0,2,11.3,15.168180851393407,7.767175847661505,1.952856630117387,1.4548402433044099
A852,2022-05-18,-28.5,-55.0,2,11.4,13.89606415834654,8.111651143708782,1.713099332325703,1.4053858823602874
A852,2022-05-19,-28.5,-55.0,2,4.0,4.686780929513421,3.1812642206249953,1.47324478712826,1.2573617664533865
A852,2022-05-20,-28.5,-55.0,2,5.6,4.3697271635866315,2.858772705974387,1.5285325603027433,1.9588825611413168
A852,2022-05-21,-28.5,-55.0,2,6.6,4.361406629284027,2.4976538232601238,1.746201410566655,2.6424798899413484
A852,2022-05-22,-28.5,-55.0,2,6.5,4.906434563341025,2.8072352513218175,1.7477817582373179,2.315445418028077
A852,2022-05-23,-28.5,-55.0,2,6.1,5.633745891936481,3.0721233619022983,1.833828016739534,1.9855973479602724
A852,2022-05-24,-28.5,-55.0,2,8.0,6.77307441187031,4.314010971359199,1.5700178921279708,1.854422729360716
A852,2022-05-25,-28.5,-55.0,2,11.3,11.743320159707112,5.629786326072893,2.085926441883056,2.0071809737550756
A852,2022-05-26,-28.5,-55.0,2,12.2,9.931836723663475,4.613655739766846,2.1527043377027923,2.644323869863887
A852,2022-05-27,-28.5,-55.0,2,9.7,13.265615655734772,4.207617555283026,3.152761742587239,2.3053426012591887
A852,2022-05-28,-28.5,-55.0,2,22.3,9.377775932841127,3.9586462882531315,2.368935047485474,5.633238833732864
A852,2022-05-29,-28.5,-55.0,2,8.9,11.333037003362115,5.265445127553513,2.152341678400092,1.6902654541830184
A852,2022-05-30,-28.5,-55.0,2,9.6,9.991860863757752,4.608516952012707,2.168129350027441,2.0830996392033083
A852,2022-05-31,-28.5,-55.0,2,9.0,9.76513805786399,4.41614966171174,2.2112334965746907,2.037974409705924
A852,2022-06-01,-28.5,-55.0,2,7.5,9.663813371984904,4.442358823249416,2.1753788373439393,1.6882922560753515
A852,2022-06-02,-28.5,-55.0,2,10.7,9.191615375575836,5.13852572264977,1.7887650800424564,2.082309319351302
A852,2022-06-03,-28.5,-55.0,2,8.3,9.429324242101268,5.100629750206386,1.8486588331018792,1.627250046852383
A852,2022-06-04,-28.5,-55.0,2,10.0,10.72440804088352,4.8754375433394905,2.1996811456511254,2.051097960153619
A852,2022-06-05,-28.5,-55.0,2,5.3,8.543561542878471,2.9248832865615717,2.9209922946778826,1.8120381159654966
A852,2022-06-06,-28.5,-55.0,2,9.9,7.895957640135892,2.770834272129671,2.849667957249221,3.5729311202689984
A852,2022-06-07,-28.5,-55.0,2,4.8,5.00593429196425,2.176571361025394,2.2999173753742346,2.205303297631691
A852,2022-06-08,-28.5,-55.0,2,4.5,3.591697841221,2.164354326235991,1.6594777470966544,2.079142008058315
A852,2022-06-09,-28.5,-55.0,2,5.3,7.38490048133708,3.354554883053127,2.201454660540763,1.5799413587701503
A852,2022-06-10,-28.5,-55.0,2,10.7,10.773551666054399,5.689470606424115,1.8935947492003433,1.8806670673222878
A852,2022-06-11,-28.5,-55.0,2,6.7,6.078791071391512,3.2791134964848294,1.8537909950076152,2.0432351631568473
A852,2022-06-12,-28.5,-55.0,2,4.7,5.0817406126864775,2.8905794589943303,1.7580352606720868,1.6259715626828644
A852,2022-06-13,-28.5,-55.0,2,5.9,4.971191404337834,2.789660039880744,1.782006170382807,2.1149530464838366
A852,2022-06-14,-28.5,-55.0,2,7.9,7.226749688555179,4.234338462772469,1.7067009999534621,1.8656987554148914
A852,2022-06-15,-28.5,-55.0,2,7.8,7.20713795879077,3.7727420832594585,1.9103182247126118,2.0674617633180996
A852,2022-06-16,-28.5,-55.0,2,8.6,8.493451834922322,4.297313510724458,1.9764561774992446,2.001250311046116
A852,2022-06-17,-28.5,-55.0,2,13.3,15.093018736617108,7.22172472904608,2.0899465574909484,1.8416653222057664
A852,2022-06-18,-28.5,-55.0,2,4.6,4.748340966594761,3.070351396599721,1.5465138524057342,1.4981998494030022
A852,2022-06-19,-28.5,-55.0,2,8.2,5.782763429364494,3.4133664284684513,1.6941525472139747,2.4023204574843344
A852,2022-06-20,-28.5,-55.0,2,7.2,6.251027571493994,3.8300542697243833,1.6320989550740301,1.8798689242902356
A852,2022-06-21,-28.5,-55.0,2,14.6,9.948950762601346,4.604112236167709,2.16088363017025,3.171078212496508
A852,2022-06-22,-28.5,-55.0,2,12.0,7.934569948403076,2.5986748674140685,3.0533138438741037,4.617738121252988
A852,2022-06-23,-28.5,-55.0,2,4.5,5.449317591520425,2.7291399382129913,1.9967160771860508,1.6488711102687343
A852,2022-06-24,-28.5,-55.0,2,4.4,5.386208281210599,2.6741324776430604,2.0141890225116748,1.6453934263862997
A852,2022-06-25,-28.5,-55.0,2,9.8,9.983751726798383,5.5676134348117445,1.7931833529200398,1.7601796738841593
A852,2022-06-26,-28.5,-55.0,2,10.4,10.808907568326088,5.521735367891097,1.9575200273413877,1.8834658503332165
A852,2022-06-27,-28.5,-55.0,2,7.7,8.752391076718256,3.8892172452121447,2.2504248348412434,1.9798328338380051
A852,2022-06-28,-28.5,-55.0,2,10.1,10.56004412197153,6.110772517096676,1.7281029677388111,1.6528188492931608
A852,2022-06-29,-28.5,-55.0,2,9.1,7.37219527116407,5.298392045911978,1.3914023740187655,1.7175022008839806
A852,2022-06-30,-28.5,-55.0,2,6.7,5.129580956264884,2.655543567617619,1.9316500843052673,2.5230239419535505
A852,2022-07-01,-28.5,-55.0,2,9.7,9.129206162156628,5.825575427426108,1.567090886709221,1.6650715660351023
A852,2022-07-02,-28.5,-55.0,2,12.1,10.523368125757646,6.281729848380124,1.6752341122201104,1.9262210079155568
A852,2022-07-03,-28.5,-55.0,2,8.9,8.181797713337774,4.22452945149735,1.9367358678107458,2.1067435088765847
A852,2022-07-04,-28.5,-55.0,2,13.1,13.605380219899885,6.212860838458309,2.1898736465624737,2.1085294424928245
A852,2022-07-05,-28.5,-55.0,2,9.9,10.396223852373405,4.543024366507598,2.2883927123563703,2.179165067435137
A852,2022-07-06,-28.5,-55.0,2,10.4,13.39671536468238,6.217826923933717,2.1545654982958147,1.6726100818226741
A852,2022-07-07,-28.5,-55.0,2,9.1,9.649955126989514,5.313686134498476,1.8160566662638065,1.71255880939586
A852,2022-07-08,-28.5,-55.0,2,11.5,8.859623093345084,5.440661413462312,1.6284091988196383,2.113713595840485
A852,2022-07-09,-28.5,-55.0,2,11.2,12.68687161156582,5.798317273949315,2.188026458739229,1.9315948870751467
A852,2022-07-10,-28.5,-55.0,2,11.0,13.142613663515789,6.839118429323326,1.9216824214018093,1.6083944317788863
A852,2022-07-11,-28.5,-55.0,2,16.0,14.65124010310055,8.700070753355565,1.6840368910160477,1.8390655034418997
A852,2022-07-12,-28.5,-55.0,2,13.7,11.947116758777,6.915903992914765,1.7274844721697458,1.9809413222097119
A852,2022-07-13,-28.5,-55.0,2,10.4,8.844448715598496,4.70944393264392,1.8780239964834131,2.208328658063322
A852,2022-07-14,-28.5,-55.0,2,8.2,14.264712116283542,5.612174326427449,2.5417443020455948,1.4611092819028462
A852,2022-07-15,-28.5,-55.0,2,10.4,10.636638441554194,5.144349540899897,2.0676352485359177,2.0216355668127357
A852,2022-07-16,-28.5,-55.0,2,13.0,15.60200756977658,7.505006630499087,2.0788799181565865,1.7321770172953856
A852,2022-07-17,-28.5,-55.0,2,9.5,9.367343426358673,5.685779654260439,1.6475037718599566,1.6708350617986945
A852,2022-07-18,-28.5,-55.0,2,6.8,7.398470647137146,2.875171613049764,2.5732274948587883,2.3650762163678554
A852,2022-07-19,-28.5,-55.0,2,6.2,6.1136613640206665,3.8168489493532043,1.6017561724722367,1.6243765688057004
A852,2022-07-20,-28.5,-55.0,2,8.1,8.156779200622427,4.17170187862389,1.9552641674656497,1.9416536070098875
A852,2022-07-21,-28.5,-55.0,2,10.4,8.903766636026935,5.226716561391823,1.7035105178261185,1.989776923589402
A852,2022-07-22,-28.5,-55.0,2,9.2,8.677713820652723,3.99251416686226,2.1734960623753,2.3043124245769007
A852,2022-07-23,-28.5,-55.0,2,9.4,8.481635571291513,4.559916993866403,1.86004165924517,2.0614410333881183
A852,2022-07-24,-28.5,-55.0,2,9.0,9.774764725199004,4.523045679206815,2.1611023674015066,1.989809663292697
A852,2022-07-25,-28.5,-55.0,2,6.8,7.926638042236385,3.804962973913882,2.0832365772229426,1.7871395981037224
A852,2022-07-26,-28.5,-55.0,2,7.2,7.954649910721108,4.17171354474757,1.9068063579620598,1.7259094908530377
A852,2022-07-27,-28.5,-55.0,2,7.0,6.854655049013434,3.2292280951780734,2.122691506136992,2.167700699263856
A852,2022-07-28,-28.5,-55.0,2,12.1,12.618079464206383,6.475150384207151,1.9486928820961127,1.8686824679024938
A852,2022-07-29,-28.5,-55.0,2,12.1,8.411166432179746,5.425261797410724,1.5503706081417274,2.230307117303515
A852,2022-07-30,-28.5,-55.0,2,6.8,6.006579477013618,2.684285956788852,2.237682413016513,2.53326214474358
A852,2022-07-31,-28.5,-55.0,2,8.2,5.810178026511572,3.0337856699965036,1.9151577133391458,2.702893642453473
A852,2022-08-01,-28.5,-55.0,2,6.5,5.412182578292238,2.8585725985546238,1.893316468865892,2.27386213779793
A852,2022-08-02,-28.5,-55.0,2,8.5,7.115003132058658,4.023465018618094,1.7683770330137951,2.112606909881728
A852,2022-08-03,-28.5,-55.0,2,7.8,9.235702748853178,4.520044032407827,2.043277163371641,1.7256469061087754
A852,2022-08-04,-28.5,-55.0,2,12.5,15.086261763889647,7.933642411555253,1.9015555505648567,1.5755688688204428
A852,2022-08-05,-28.5,-55.0,2,9.7,7.511224158031073,4.956321396932981,1.5154836735727208,1.9570966495438435
A852,2022-08-06,-28.5,-55.0,2,9.1,11.106692719914804,5.380460803839903,2.064264219151681,1.691304951707027
A852,2022-08-07,-28.5,-55.0,2,9.2,8.473725800974472,5.313302787832252,1.5948132713949144,1.7315030532550284
A852,2022-08-08,-28.5,-55.0,2,8.7,10.152482864107789,6.007742539570965,1.6898997913503822,1.4481312976872838
A852,2022-08-09,-28.5,-55.0,2,10.1,8.909835587111138,6.258243633541946,1.4236958656191663,1.6138713337824713
A852,2022-08-10,-28.5,-55.0,2,11.4,8.754644559355466,6.03713526410914,1.450132252527446,1.8883128340312618
A852,2022-08-11,-28.5,-55.0,2,8.7,8.489746361042034,4.536652462608288,1.8713680254363074,1.9177135722223806
A852,2022-08-12,-28.5,-55.0,2,9.7,8.897596320342638,5.09764673855139,1.7454321134208464,1.9028387994489533
A852,2022-08-13,-28.5,-55.0,2,7.4,8.910681772675233,4.113579940388923,2.166162297026556,1.7989197018741683
A852,2022-08-14,-28.5,-55.0,2,11.0,10.471115812587703,5.130548709725812,2.0409348794872475,2.144020186212766
A852,2022-08-15,-28.5,-55.0,2,14.4,11.74168241419802,7.646959207883584,1.5354707792991766,1.8831014536018986
A852,2022-08-16,-28.5,-55.0,2,10.0,9.241766048024864,4.594062951763573,2.01167597071719,2.176722457876027
A852,2022-08-17,-28.5,-55.0,2,8.2,9.522441860555961,4.602793913776026,2.068839500299063,1.7815266452529284
A852,2022-08-18,-28.5,-55.0,2,15.4,14.871306595590086,7.442649764754449,1.9981198989122022,2.0691555409376545
A852,2022-08-19,-28.5,-55.0,2,7.5,11.039724576994299,4.462460020272562,2.473910024256084,1.6806873262568542
A852,2022-08-20,-28.5,-55.0,2,10.7,8.302147353392497,4.286913832248845,1.9366256655168936,2.4959680597048424
A852,2022-08-21,-28.5,-55.0,2,7.3,6.001148784257142,3.2907807533065134,1.8236246149875839,2.218318553329662
A852,2022-08-22,-28.5,-55.0,2,5.2,7.547121895729637,3.7173363693542223,2.030249927864539,1.398851081346547
A852,2022-08-23,-28.5,-55.0,2,7.0,7.243058856219923,3.954402913631621,1.831644122871659,1.7701787483186384
A852,2022-08-24,-28.5,-55.0,2,8.0,8.020821938337557,3.952592053582203,2.0292562019063793,2.023988282005896
A852,2022-08-25,-28.5,-55.0,2,9.9,10.110021101691297,4.355347201977784,2.3212893560128314,2.2730679187882803
A852,2022-08-26,-28.5,-55.0,2,9.4,8.057177575044749,3.9632997701714303,2.032946797434967,2.371761043851954
A852,2022-08-27,-28.5,-55.0,2,10.5,9.554991534046387,4.982579516183785,1.9176796884045848,2.107342184082608
A852,2022-08-28,-28.5,-55.0,2,13.3,14.109682560719916,7.4947184266183,1.8826167652420216,1.774583012053344
A852,2022-08-29,-28.5,-55.0,2,12.0,11.697767594872001,6.482109107408925,1.8046236805088147,1.8512493080815677
A852,2022-08-30,-28.5,-55.0,2,10.5,9.85340727412477,5.585017386200551,1.764257224779738,1.880029957640486
A852,2022-08-31,-28.5,-55.0,2,10.1,8.860247314112629,4.445003203906942,1.9933050456127686,2.2722143352163595
A852,2022-09-01,-28.5,-55.0,2,12.5,12.319765299277027,6.1714495903465805,1.9962514671670786,2.025456064577207
A852,2022-09-02,-28.5,-55.0,2,14.4,13.31256103326396,5.477603006614522,2.4303625175443115,2.6288871213578586
A852,2022-09-03,-28.5,-55.0,2,9.5,9.206374054869412,4.884860537980398,1.8846749018295836,1.9447842832228923
A852,2022-09-04,-28.5,-55.0,2,9.7,11.142172368957295,5.275978115028108,2.111868572240644,1.8385216520080887
A852,2022-09-05,-28.5,-55.0,2,6.9,8.44265047595051,4.144639892057528,2.0370045880534424,1.6648008463226527
A852,2022-09-06,-28.5,-55.0,2,5.8,6.492622120753031,2.7413190731416868,2.3684299227933967,2.1157697609249526
A852,2022-09-07,-28.5,-55.0,2,8.6,6.01862453580051,4.3816882686555365,1.3735857429326541,1.962713792653898
A852,2022-09-08,-28.5,-55.0,2,12.2,9.559030544532519,5.025229625341233,1.902207711330887,2.4277497566435224
A852,2022-09-09,-28.5,-55.0,2,10.8,16.0154279398123,6.574911122035264,2.435839457378813,1.6426077553816212
A852,2022-09-10,-28.5,-55.0,2,8.9,10.82898883692301,5.870380151809304,1.8446827218822308,1.5160858019147092
A852,2022-09-11,-28.5,-55.0,2,10.1,11.36875842375906,5.641784722526328,2.0150996507127017,1.7902136463436933
A852,2022-09-12,-28.5,-55.0,2,8.6,7.262344091320878,4.742903506984534,1.5312021593157323,1.8132352866414838
A852,2022-09-13,-28.5,-55.0,2,9.5,8.24254582069747,4.632759787533425,1.7791869638650029,2.050613551249544
A852,2022-09-14,-28.5,-55.0,2,10.5,9.510434898874808,5.400858797682232,1.7609115985324766,1.9441352557682225
A852,2022-09-15,-28.5,-55.0,2,9.0,9.154194599619137,6.261528393594039,1.4619744612169272,1.4373487484633303
A852,2022-09-16,-28.5,-55.0,2,9.0,8.407035684533483,5.200706155181139,1.6165181099797528,1.7305342258250567
A852,2022-09-17,-28.5,-55.0,2,10.9,10.82766956011329,6.043232086001514,1.7917017592613067,1.8036705929677361
A852,2022-09-18,-28.5,-55.0,2,13.0,9.863511358466507,6.031673636754374,1.6352859840364362,2.155289026379627
A852,2022-09-19,-28.5,-55.0,2,19.1,13.879551796621442,5.617946486642158,2.4705738706523777,3.399818785282887
A852,2022-09-20,-28.5,-55.0,2,7.8,9.127440845562404,3.3597051049727495,2.7167386899679804,2.321632332687504
A852,2022-09-21,-28.5,-55.0,2,11.1,9.779999060637785,5.544282385386438,1.7639792457930723,2.002062526479038
A852,2022-09-22,-28.5,-55.0,2,12.3,14.095162400928343,7.466341584440653,1.887827156247673,1.6473931524419352
A852,2022-09-23,-28.5,-55.0,2,6.0,6.248366785544551,2.6189247531046194,2.3858519715533593,2.291016568111499
A852,2022-09-24,-28.5,-55.0,2,9.5,9.002763741491359,4.695377547754501,1.9173673788589813,2.0232664792937136
A852,2022-09-25,-28.5,-55.0,2,10.1,9.972805938988898,5.1999682686720465,1.9178589990772628,1.9423195446881658
A852,2022-09-26,-28.5,-55.0,2,5.7,6.524448838830347,3.0166100051223927,2.162841344340642,1.8895382533111815
A852,2022-09-27,-28.5,-55.0,2,8.9,8.692489825120619,4.848139791883015,1.792953627218835,1.8357556469185978
A852,2022-09-28,-28.5,-55.0,2,13.6,13.285755845363246,7.748694850550783,1.7145798230032099,1.7551342854898075
A852,2022-09-29,-28.5,-55.0,2,10.3,13.278473671537007,7.33522101695906,1.8102349800826893,1.4041840015708267
A852,2022-09-30,-28.5,-55.0,2,6.8,8.678612209692021,3.7596530328029996,2.308354556649528,1.8086775403660793
A852,2022-10-01,-28.5,-55.0,2,5.9,3.682730103583272,2.9576199136875867,1.2451667932515411,1.994847266443993
A852,2022-10-02,-28.5,-55.0,2,7.6,7.012984318364188,4.283864824984479,1.6370694699475248,1.7740989294701974
A852,2022-10-03,-28.5,-55.0,2,8.9,7.159440318382946,4.6363958234110605,1.5441822896638808,1.9195945167278983
A852,2022-10-04,-28.5,-55.0,2,7.8,5.98564741405768,5.2105190140871365,1.1487622246219444,1.4969717947313796
A852,2022-10-05,-28.5,-55.0,2,10.0,12.108963037356679,4.966309306567821,2.4382216833218333,2.0135676984063897
A852,2022-10-06,-28.5,-55.0,2,14.9,15.455930830848622,6.270220813456961,2.464973928458399,2.376311846629399
A852,2022-10-07,-28.5,-55.0,2,15.4,9.818618844575248,6.010337215640037,1.6336219570218689,2.562252241010085
A852,2022-10-08,-28.5,-55.0,2,10.6,11.659587886298487,5.69686677983021,2.04666676208391,1.8606719113617614
A852,2022-10-09,-28.5,-55.0,2,12.0,14.728384459138487,7.5680796270813575,1.9461191193648306,1.5856069956055443
A852,2022-10-10,-28.5,-55.0,2,11.8,10.396137608638956,6.499041991723227,1.5996415505360366,1.8156522169002358
A852,2022-10-11,-28.5,-55.0,2,6.8,8.751523659070417,4.572860258793365,1.9137964345710559,1.487034288205935
A852,2022-10-12,-28.5,-55.0,2,5.5,5.8699330794369775,2.930316024514157,2.003174070759213,1.8769306634467502
A852,2022-10-13,-28.5,-55.0,2,5.8,4.576245065350337,2.8393831074993905,1.611703983609517,2.0426972269719488
A852,2022-10-14,-28.5,-55.0,2,13.4,12.106860693673749,7.195290023982045,1.6826091308788584,1.862329378709897
A852,2022-10-15,-28.5,-55.0,2,10.5,10.98364919119158,6.728559383508186,1.632392398603584,1.5605123476706886
A852,2022-10-16,-28.5,-55.0,2,7.3,6.930691527244367,4.188485470556862,1.654701102812451,1.742873420790322
A852,2022-10-17,-28.5,-55.0,2,9.1,8.425405697855942,4.901738501346494,1.718860705348012,1.8564841836218424
A852,2022-10-18,-28.5,-55.0,2,8.9,8.40539011394328,4.524626622027791,1.857698063531319,1.9670131357736895
A852,2022-10-19,-28.5,-55.0,2,8.5,7.537047018656277,3.62974744736267,2.0764659602233766,2.3417607211697318
A852,2022-10-20,-28.5,-55.0,2,15.1,11.435542949494586,6.145091320436155,1.8609231910784583,2.457245826401854
A852,2022-10-21,-28.5,-55.0,2,8.7,10.650015512112896,5.5883735821908145,1.9057450894214847,1.5568035801553073
A852,2022-10-22,-28.5,-55.0,2,7.4,8.210639863757711,4.196541655858907,1.9565252860756457,1.763356736771255
A852,2022-10-23,-28.5,-55.0,2,7.6,7.246261834914746,3.592108684218204,2.017272435756448,2.1157489007474406
A852,2022-10-24,-28.5,-55.0,2,7.9,8.668365765242852,4.4659573775922485,1.9409871237768657,1.768937616744377
A852,2022-10-25,-28.5,-55.0,2,8.5,8.837045264686344,4.572849440505927,1.9325030005161594,1.8587972577246246
A852,2022-10-26,-28.5,-55.0,2,17.4,14.511688376528493,7.085222400744532,2.0481627189294116,2.45581564216976
A852,2022-10-27,-28.5,-55.0,2,10.9,9.780347178165076,4.6450446442047815,2.10554427940045,2.346586703660423
A852,2022-10-28,-28.5,-55.0,2,6.5,7.537121309086032,3.3183728549892852,2.2713304497274067,1.958791336611566
A852,2022-10-29,-28.5,-55.0,2,11.8,12.663372685312108,6.098769322025078,2.0763816463068445,1.9348165796967456
A852,2022-10-30,-28.5,-55.0,2,11.2,16.84094640275237,7.5145388832094016,2.241115078981364,1.4904440810101398
A852,2022-10-31,-28.5,-55.0,2,15.2,16.87363428900714,7.710071353773995,2.1885185641956064,1.9714473838896143
A852,2022-11-01,-28.5,-55.0,2,11.0,10.871131836953756,6.000438162133916,1.811723001422898,1.833199460235435
A852,2022-11-02,-28.5,-55.0,2,9.1,9.84918636719207,4.4531146740845955,2.211752242651761,2.0435135104331534
A852,2022-11-03,-28.5,-55.0,2,7.9,8.064721124738224,3.8707049263074063,2.0835277496680287,2.0409719031557594
A852,2022-11-04,-28.5,-55.0,2,9.0,9.13408259453041,4.738954668000513,1.9274467122903107,1.899153005360427
A852,2022-11-05,-28.5,-55.0,2,8.8,8.879044880136155,5.71220724998874,1.5543982372407192,1.5405603499448217
A852,2022-11-06,-28.5,-55.0,2,10.6,9.512718891893421,6.297639212553053,1.5105214145852888,1.683170413902256
A852,2022-11-07,-28.5,-55.0,2,11.2,10.319271871508436,6.393518022899982,1.6140209247158428,1.7517742125515876
A852,2022-11-08,-28.5,-55.0,2,10.2,9.899502353324712,6.177090611086746,1.6026156934717646,1.6512628099857993
A852,2022-11-09,-28.5,-55.0,2,10.2,9.197148860452758,5.649293789782623,1.6280174483201468,1.8055354137269042
A852,2022-11-10,-28.5,-55.0,2,10.4,9.967661840572463,5.234042924806633,1.9043905416462952,1.9869917288429995
A852,2022-11-11,-28.5,-55.0,2,8.8,10.362001598200731,4.228804906867667,2.450338056828449,2.0809661816530287
A852,2022-11-12,-28.5,-55.0,2,18.9,12.779842652728114,5.666883659395915,2.2551799932470176,3.33516640467165
A852,2022-11-13,-28.5,-55.0,2,9.3,12.446988277881657,4.23392751350938,2.9398208255022076,2.196542092495934
A852,2022-11-14,-28.5,-55.0,2,12.7,17.353512423276456,8.00683374043716,2.1673376750207107,1.5861450870224512
A852,2022-11-15,-28.5,-55.0,2,9.3,6.833258804194746,4.4747243953963265,1.5270792568196871,2.078340290536776
A852,2022-11-16,-28.5,-55.0,2,6.2,5.595698469755062,2.5095715784041777,2.229742525739527,2.4705412084490312
A852,2022-11-17,-28.5,-55.0,2,11.1,10.481650460642417,4.983096243557698,2.103441304027274,2.2275307273766636
A852,2022-11-18,-28.5,-55.0,2,9.8,9.513424215202384,5.286677897799858,1.7995089542265401,1.8537161123582808
A852,2022-11-19,-28.5,-55.0,2,10.1,8.896733065843511,5.156477106147589,1.7253510260399998,1.9587016081112252
A852,2022-11-20,-28.5,-55.0,2,10.4,12.2104050753407,5.689737792321902,2.1460400322521376,1.8278522454996833
A852,2022-11-21,-28.5,-55.0,2,15.9,12.530251777233122,3.5697176770901518,3.5101520374146595,4.4541337546225375
A852,2022-11-22,-28.5,-55.0,2,8.3,12.758672827612255,5.229309438157808,2.4398389459444396,1.5872076606206618
A852,2022-11-23,-28.5,-55.0,2,7.9,6.748841731748013,3.183775348142651,2.119760659521768,2.481330852884673
A852,2022-11-24,-28.5,-55.0,2,9.3,7.103285823081552,3.789034929402564,1.8746952602523415,2.4544508491681754
A852,2022-11-25,-28.5,-55.0,2,11.6,11.08859329437,5.559126428653842,1.9946647079683586,2.0866587851301976
A852,2022-11-26,-28.5,-55.0,2,10.6,9.572877718561454,5.359069945911254,1.786294602455256,1.9779551502378423
A852,2022-11-27,-28.5,-55.0,2,12.0,12.011617048564625,6.088886148248103,1.9727117170717032,1.9708038067771467
A852,2022-11-28,-28.5,-55.0,2,11.0,10.424365100266435,5.801975409276283,1.7966923961104366,1.8959060016719547
A852,2022-11-29,-28.5,-55.0,2,11.3,11.252131009553581,6.327517297143861,1.7782853022989935,1.7858505112424803
A852,2022-11-30,-28.5,-55.0,2,10.3,13.882377912106122,6.049211387390855,2.294907058636261,1.7027012845789466
A852,2022-12-01,-28.5,-55.0,2,12.1,9.110641977446011,4.5031441381473085,2.0231735200895273,2.687011481044487
A852,2022-12-02,-28.5,-55.0,2,11.9,13.125987707856204,6.420885533457652,2.044264399273265,1.8533269185367087
A852,2022-12-03,-28.5,-55.0,2,9.6,12.313906686005792,4.129926718409459,2.981628373964997,2.3244964510404693
A852,2022-12-04,-28.5,-55.0,2,11.8,11.416189629066608,3.991128052669194,2.8603917184345082,2.9565576058398766
A852,2022-12-05,-28.5,-55.0,2,7.5,10.186777678990898,4.734765280045421,2.151485253539997,1.5840278358905369
A852,2022-12-06,-28.5,-55.0,2,8.5,12.330122329118273,5.026519271076731,2.4530140369832973,1.691031018006863
A852,2022-12-07,-28.5,-55.0,2,6.6,11.15126072596377,4.41206127497682,2.5274491968660056,1.4958994421569256
A852,2022-12-08,-28.5,-55.0,2,9.0,10.085704400511146,4.7194268005437925,2.137061305696918,1.9070112495362745
A852,2022-12-09,-28.5,-55.0,2,7.5,11.670273672649389,3.7928176453790847,3.076940355112424,1.9774217221166692
A852,2022-12-10,-28.5,-55.0,2,13.7,12.09900445614655,3.513775130627891,3.4433064172733583,3.898940453127941
A852,2022-12-11,-28.5,-55.0,2,8.0,11.678540044399638,4.097696704279566,2.85002548680647,1.9523162833513112
A852,2022-12-12,-28.5,-55.0,2,13.5,11.414743299667691,5.120949153114505,2.229028830080332,2.6362300418057165
A852,2022-12-13,-28.5,-55.0,2,10.6,11.053820238862578,6.671628985755611,1.656839770686177,1.588817367187494
A852,2022-12-14,-28.5,-55.0,2,9.1,8.265423748094243,4.882974173468037,1.692702736992747,1.8636182942448172
A852,2022-12-15,-28.5,-55.0,2,9.4,8.668582558275094,4.186706438001315,2.0705016429127463,2.245201601592934
A852,2022-12-16,-28.5,-55.0,2,9.8,10.80108218353547,5.730953520115367,1.8846919881000952,1.710012123742145
A852,2022-12-17,-28.5,-55.0,2,12.1,10.170407352654253,6.779975470604349,1.5000655086068757,1.7846672237180585
A852,2022-12-18,-28.5,-55.0,2,11.3,10.23450405297174,5.570139610241116,1.837387349170718,2.0286744661164526
A852,2022-12-19,-28.5,-55.0,2,9.1,12.943510418627834,7.001678613461642,1.8486296120107888,1.299688332238509
A852,2022-12-20,-28.5,-55.0,2,7.3,10.102520739882259,5.417284673081123,1.8648679826781878,1.347538562312264
A852,2022-12-21,-28.5,-55.0,2,8.4,9.562742497361866,5.600443356573139,1.70749740485068,1.499881253176335
A852,2022-12-22,-28.5,-55.0,2,10.5,9.220305838495703,6.15712181566777,1.4975025855478734,1.7053422547660322
A852,2022-12-23,-28.5,-55.0,2,9.0,9.257611974541327,5.585627723362234,1.6573986726363434,1.6112781670638276
A852,2022-12-24,-28.5,-55.0,2,9.0,9.61635090152551,4.8887439472954926,1.9670391833152527,1.840963670224312
A852,2022-12-25,-28.5,-55.0,2,11.3,12.846604624547037,5.379059913102702,2.3882620443126785,2.100738824729326
A852,2022-12-26,-28.5,-55.0,2,9.5,10.150685576943411,4.731875292433911,2.1451718292690365,2.0076606869141584
A852,2022-12-27,-28.5,-55.0,2,8.2,12.154599065743353,5.000168842230001,2.430837727536133,1.6399446216186016
A852,2022-12-28,-28.5,-55.0,2,9.5,8.540440855831996,4.4299535646471595,1.9278849611400455,2.1444920045695026
A852,2022-12-29,-28.5,-55.0,2,8.5,6.76554245189854,3.395551478304285,1.992472355411677,2.503275257144634
A852,2022-12-30,-28.5,-55.0,2,7.2,8.061913638995101,3.149686553906727,2.559592359752583,2.2859417522259315
A852,2022-12-31,-28.5,-55.0,2,8.5,7.161388043142806,3.7542613310719473,1.9075358403721001,2.2640938524045184
A886,2021-01-01,-29.0,-53.75,2,9.9,7.830342456232028,5.033396014817504,1.555677803451341,1.9668629233336699
A886,2021-01-02,-29.0,-53.75,2,9.8,9.004416659548252,4.963730731232447,1.8140421282103958,1.9743214389807873
A886,2021-01-03,-29.0,-53.75,2,9.0,9.68543123522237,6.365210821812512,1.5216198656031974,1.4139358855418436
A886,2021-01-04,-29.0,-53.75,2,10.1,11.368794701816899,5.418036634602462,2.0983237044226932,1.8641439106365636
A886,2021-01-05,-29.0,-53.75,2,8.8,9.63938163229907,4.155569253969659,2.3196296447450444,2.1176400782139995
A886,2021-01-06,-29.0,-53.75,2,8.4,9.48544580140482,4.786111406078192,1.9818689948083197,1.755078243547005
A886,2021-01-07,-29.0,-53.75,2,10.0,8.298619050204561,5.413310200325223,1.5330026810039434,1.8472985345268438
A886,2021-01-08,-29.0,-53.75,2,6.0,5.389711473391702,2.8643880753772883,1.8816275349427944,2.094688234313257
A886,2021-01-09,-29.0,-53.75,2,9.6,6.470934924346472,5.1908007909192255,1.2466159240144046,1.8494256255786614
A886,2021-01-10,-29.0,-53.75,2,8.2,5.694499064199997,3.093732503353239,1.8406565719653643,2.6505200404728506
A886,2021-01-11,-29.0,-53.75,2,10.3,11.893711602295388,7.415009754399431,1.6040048491154957,1.3890743695770411
A886,2021-01-12,-29.0,-53.75,2,14.3,10.412579739637941,5.776897312439502,1.802451935092621,2.4753772183569094
A886,2021-01-13,-29.0,-53.75,2,10.8,11.443551746157521,7.371464387016579,1.552412267813861,1.4651091605383226
A886,2021-01-14,-29.0,-53.75,2,12.0,13.056227053714428,6.847837055276804,1.9066205793628757,1.752378145556639
A886,2021-01-15,-29.0,-53.75,2,10.0,5.298518076259492,6.450880897148956,0.8213634944959587,1.550175884415975
A886,2021-01-16,-29.0,-53.75,2,10.5,15.084427699520136,8.207374270597802,1.8379115173970773,1.2793372951950455
A886,2021-01-17,-29.0,-53.75,2,9.9,6.760052606984333,6.218107273638569,1.0871559961088675,1.5921243497954234
A886,2021-01-18,-29.0,-53.75,2,7.7,7.154962604990282,5.138896467303163,1.3923149941849535,1.4983761686953923
A886,2021-01-19,-29.0,-53.75,2,10.1,9.853027711370851,5.599230007857339,1.7597111919932211,1.8038194512150383
A886,2021-01-20,-29.0,-53.75,2,9.8,10.858348937511673,7.050155913226655,1.5401572775348902,1.390040180758899
A886,2021-01-21,-29.0,-53.75,2,10.1,11.047195242968089,6.487767922190224,1.7027728758889753,1.556775785005317
A886,2021-01-22,-29.0,-53.75,2,9.9,9.015675513776694,5.810312693268498,1.5516678687915968,1.7038669900622705
A886,2021-01-23,-29.0,-53.75,2,7.0,11.011423570815595,4.302078088849016,2.5595592045056548,1.6271206276204042
A886,2021-01-24,-29.0,-53.75,2,9.6,7.664854062862681,2.839794702455617,2.69908738692792,3.3805260611616474
A886,2021-01-25,-29.0,-53.75,2,8.5,8.861740411634726,2.8050335649673066,3.1592279401968626,3.030266769766468
A886,2021-01-26,-29.0,-53.75,2,10.8,12.063603222523557,6.424646776756077,1.8777068439262419,1.6810262688796598
A886,2021-01-27,-29.0,-53.75,2,11.1,15.61627575298358,7.7120397269518355,2.0249215909000347,1.4393079383665528
A886,2021-01-28,-29.0,-53.75,2,9.5,9.133538606617199,4.112644232381868,2.2208433529703693,2.3099493812762906
A886,2021-01-29,-29.0,-53.75,2,9.5,14.76016827061999,6.249435412212069,2.361840277887669,1.52013732015471
A886,2021-01-30,-29.0,-53.75,2,10.7,10.706687585496923,5.351316640093851,2.00075762762361,1.9995079191973104
A886,2021-01-31,-29.0,-53.75,2,13.3,13.910413594106847,5.58324876616129,2.491455096612294,2.382125632769233
A886,2021-02-01,-29.0,-53.75,2,6.2,5.5263848632183254,2.3662714706420758,2.3354821844337113,2.6201558345787186
A886,2021-02-02,-29.0,-53.75,2,8.0,9.037509557958408,5.446392208574094,1.6593570958277526,1.4688622658143928
A886,2021-02-03,-29.0,-53.75,2,8.4,7.655313400294993,6.055281057489264,1.2642375023743588,1.3872188458718613
A886,2021-02-04,-29.0,-53.75,2,11.7,9.883112407442113,7.821620680992619,1.2635632448220278,1.49585366987078
A886,2021-02-05,-29.0,-53.75,2,8.4,9.899164953487027,5.232248226189488,1.8919524696740802,1.6054284194611892
A886,2021-02-06,-29.0,-53.75,2,6.4,6.519890706659706,3.544761970719042,1.8393028249897327,1.8054808906398259
A886,2021-02-07,-29.0,-53.75,2,6.3,8.939172114186825,3.3987661741598187,2.630122713986526,1.8536138343077901
A886,2021-02-08,-29.0,-53.75,2,7.1,7.855050460209341,3.853958344984652,2.038177312017788,1.8422617383085065
A886,2021-02-09,-29.0,-53.75,2,8.5,6.023731395229132,4.184988580996452,1.4393662679468702,2.031068863269428
A886,2021-02-10,-29.0,-53.75,2,10.3,7.6353230121105735,3.0408219955778906,2.510940470443264,3.3872420072528926
A886,2021-02-11,-29.0,-53.75,2,8.4,6.949948038307983,3.3647410045076556,2.065522436644401,2.4964774372668623
A886,2021-02-12,-29.0,-53.75,2,14.4,9.115979083363362,3.8603291102259933,2.361451270881329,3.7302519005062207
A886,2021-02-13,-29.0,-53.75,2,5.4,7.469931629270716,3.294407759386061,2.2674581214144536,1.6391413554120373
A886,2021-02-14,-29.0,-53.75,2,8.5,7.5746489690132925,3.7420651203927537,2.0241895117576907,2.2714730306745357
A886,2021-02-15,-29.0,-53.75,2,7.4,8.425010381295884,4.519647367449027,1.8640857784555693,1.637295876951723
A886,2021-02-16,-29.0,-53.75,2,9.4,9.808834176360595,5.505761345968865,1.7815581824196387,1.707302479952635
A886,2021-02-17,-29.0,-53.75,2,9.0,8.212370051428431,5.424293754355898,1.5139980287449606,1.6592021759095705
A886,2021-02-18,-29.0,-53.75,2,7.7,7.805887317381274,4.309031453713833,1.811517832076533,1.7869444868785043
A886,2021-02-19,-29.0,-53.75,2,6.4,6.133761090529271,3.230665247816753,1.8986062064692086,1.9810161403522224
A886,2021-02-20,-29.0,-53.75,2,6.1,6.380063767900096,3.3310829576655956,1.9153121819491428,1.8312362908772604
A886,2021-02-21,-29.0,-53.75,2,7.4,6.758474183779028,4.181634425555555,1.6162278898593878,1.7696429785386767
A886,2021-02-22,-29.0,-53.75,2,8.5,7.830966765126986,4.9186888688360995,1.5920841862437243,1.7281027986653972
A886,2021-02-23,-29.0,-53.75,2,14.5,7.8256296041029625,2.7474755111397844,2.8482982186278036,5.277572062502099
A886,2021-02-24,-29.0,-53.75,2,7.0,9.809591276098987,5.102433948825887,1.9225317514117466,1.3718942900987008
A886,2021-02-25,-29.0,-53.75,2,8.2,8.651976566461013,4.420472322199831,1.9572516092930516,1.855005393613527
A886,2021-02-26,-29.0,-53.75,2,8.8,7.563072723537909,5.388931264887283,1.4034457579402992,1.632976849665583
A886,2021-02-27,-29.0,-53.75,2,10.3,11.127500728721875,6.28794477962008,1.7696562420184299,1.6380550976502581
A886,2021-02-28,-29.0,-53.75,2,10.6,11.728976608173665,6.983533449658915,1.679518927305564,1.5178562652288459
A886,2021-03-01,-29.0,-53.75,2,10.2,9.7721814016134,6.049546300301753,1.6153577337073959,1.686076854968648
A886,2021-03-02,-29.0,-53.75,2,7.2,4.799554961795848,4.014057504385211,1.1956866478750017,1.7936962766812043
A886,2021-03-03,-29.0,-53.75,2,7.5,5.682248895032874,2.6123189324142095,2.175174257831354,2.8710123817342525
A886,2021-03-04,-29.0,-53.75,2,10.7,6.798468458749904,2.929005568691493,2.321084169801377,3.653116987681293
A886,2021-03-05,-29.0,-53.75,2,7.9,8.276431102469946,5.142598979429923,1.609386836417764,1.5361882253699948
A886,2021-03-06,-29.0,-53.75,2,6.3,5.281056577327609,3.4276630158481938,1.5407163869114429,1.8379869814714067
A886,2021-03-07,-29.0,-53.75,2,8.1,7.024682574731092,3.560387603674496,1.97301062600074,2.275033199093379
A886,2021-03-08,-29.0,-53.75,2,8.1,6.909875941387304,3.9058843719611223,1.7690938295538674,2.073794108741892
A886,2021-03-09,-29.0,-53.75,2,8.5,9.449881320702318,5.758457244081524,1.6410439324551376,1.476089799700467
A886,2021-03-10,-29.0,-53.75,2,6.0,8.273514782451203,4.029196264166076,2.053390860115764,1.489130736410484
A886,2021-03-11,-29.0,-53.75,2,6.5,6.323996066205225,3.1765512543075567,1.9908370934136765,2.046244332178077
A886,2021-03-12,-29.0,-53.75,2,8.5,5.914619297848925,3.639577609028852,1.6250839886409574,2.335435842586155
A886,2021-03-13,-29.0,-53.75,2,6.9,6.103267388264579,4.442460954117876,1.3738482906883498,1.553193167315099
A886,2021-03-14,-29.0,-53.75,2,6.3,7.197319950568365,4.882941023780207,1.4739723284629074,1.2902060396221526
A886,2021-03-15,-29.0,-53.75,2,8.6,8.65296120885956,5.465814777412018,1.583105458424738,1.5734159224605067
A886,2021-03-16,-29.0,-53.75,2,7.6,9.382887897158046,5.601265606675216,1.6751371129367878,1.356836210541922
A886,2021-03-17,-29.0,-53.75,2,12.2,9.430475500890308,6.2391680868345265,1.5114956625050484,1.9553888964369497
A886,2021-03-18,-29.0,-53.75,2,6.4,7.808987321852576,4.281328563258668,1.823963567960522,1.4948630794009272
A886,2021-03-19,-29.0,-53.75,2,8.8,10.315168082521899,6.116472234208172,1.6864571091864498,1.4387378317166895
A886,2021-03-20,-29.0,-53.75,2,10.6,10.579712980425768,6.578539237999667,1.6082161400382153,1.611299958320707
A886,2021-03-21,-29.0,-53.75,2,9.2,11.162902375755378,4.8743152450086065,2.2901478083893747,1.8874446024846214
A886,2021-03-22,-29.0,-53.75,2,7.8,9.221328916071029,4.805841914963168,1.9187749158706358,1.6230246724750577
A886,2021-03-23,-29.0,-53.75,2,7.2,9.4700562288858,4.3133868649030225,2.195503562627628,1.6692219421783483
A886,2021-03-24,-29.0,-53.75,2,6.8,8.307484729476501,4.220255085596472,1.9684792888063918,1.6112770110053474
A886,2021-03-25,-29.0,-53.75,2,8.1,8.003605603338626,4.196715583840597,1.9071117504737305,1.9300807591510256
A886,2021-03-26,-29.0,-53.75,2,11.8,5.492620394749365,5.6711105137581646,0.9685264255429724,2.0807212223025977
A886,2021-03-27,-29.0,-53.75,2,5.9,10.046165877498257,3.102787356246677,3.237787422741957,1.901516063652201
A886,2021-03-28,-29.0,-53.75,2,7.7,16.02677713471496,4.379256475333037,3.6597027885872206,1.7582893450912636
A886,2021-03-29,-29.0,-53.75,2,7.3,7.127178981834325,4.730943238952554,1.5065027462498801,1.543032674730683
A886,2021-03-30,-29.0,-53.75,2,7.4,7.658353811507802,4.303479087472488,1.7795726796492215,1.7195389705834856
A886,2021-03-31,-29.0,-53.75,2,6.6,6.875326438353169,3.8081429914430003,1.805427593922343,1.7331281978723954
A886,2021-04-01,-29.0,-53.75,2,7.7,8.413986213064497,4.395864197252163,1.9140687326792414,1.7516464691546294
A886,2021-04-02,-29.0,-53.75,2,8.4,8.603223745264614,5.16798692028408,1.6647146902592591,1.6253911106141614
A886,2021-04-03,-29.0,-53.75,2,8.4,6.834634307379994,4.932508397592504,1.385630546663822,1.7029874706548773
A886,2021-04-04,-29.0,-53.75,2,8.7,7.401003900808332,4.183883372968537,1.7689316936091346,2.0794078669136518
A886,2021-04-05,-29.0,-53.75,2,7.9,8.87769689530291,4.8485789593023325,1.8309894444990809,1.6293433738648944
A886,2021-04-06,-29.0,-53.75,2,6.0,7.135239871032086,3.344938817668206,2.133145106673772,1.793754782092746
A886,2021-04-07,-29.0,-53.75,2,8.3,7.927650231585365,4.58638786319839,1.7285171834675344,1.8097030272123265
A886,2021-04-08,-29.0,-53.75,2,9.9,9.383695423363681,5.7009199588670825,1.6459966972117357,1.7365618306220496
A886,2021-04-09,-29.0,-53.75,2,11.6,12.315808905860719,6.801891501486209,1.8106447159837409,1.705407973277052
A886,2021-04-10,-29.0,-53.75,2,9.5,10.248129516942,6.987677002996713,1.4666003469460624,1.3595362229716486
A886,2021-04-11,-29.0,-53.75,2,11.3,14.470893615242428,9.439862295814823,1.5329560073835102,1.1970513600616688
A886,2021-04-12,-29.0,-53.75,2,11.6,6.814849022187289,5.069418517242777,1.344305860525763,2.288230881026008
A886,2021-04-13,-29.0,-53.75,2,10.5,8.305791710443206,5.706976681115663,1.4553750916710417,1.8398533210665484
A886,2021-04-14,-29.0,-53.75,2,11.0,11.957189663898149,5.4908828496568916,2.1776442862271805,2.0033208322205156
A886,2021-04-15,-29.0,-53.75,2,7.8,8.203191228468588,3.637719625353371,2.255036691474463,2.1442004341503647
A886,2021-04-16,-29.0,-53.75,2,4.6,6.720586088805739,3.3833924126407635,1.9863454394757214,1.359582170490731
A886,2021-04-17,-29.0,-53.75,2,9.1,8.456986100182146,4.6414167808114835,1.822069962590941,1.9606082430737881
A886,2021-04-18,-29.0,-53.75,2,10.0,12.60524640141265,6.203790848775507,2.0318619226018315,1.6119176554725054
A886,2021-04-19,-29.0,-53.75,2,8.7,9.618485091777526,6.4079220904402465,1.5010302803348694,1.3576944097025185
A886,2021-04-20,-29.0,-53.75,2,9.8,9.109912005496088,5.116602659770495,1.7804611010980305,1.915333406100285
A886,2021-04-21,-29.0,-53.75,2,9.7,9.853002086609143,5.67599498047887,1.7359074700552095,1.7089514760602613
A886,2021-04-22,-29.0,-53.75,2,9.5,10.423570257457902,5.382849207014687,1.936441066168893,1.7648645976595492
A886,2021-04-23,-29.0,-53.75,2,8.9,8.119914168792834,4.906516271637036,1.654924536932935,1.81391429423112
A886,2021-04-24,-29.0,-53.75,2,8.1,8.786742035960549,3.3788607142252163,2.6005043649676978,2.397257740130716
A886,2021-04-25,-29.0,-53.75,2,9.2,9.380809004564032,5.130356245926157,1.8284907626079607,1.7932477900156367
A886,2021-04-26,-29.0,-53.75,2,5.7,5.410758057119323,3.3253064452448275,1.627145692047926,1.7141277334457319
A886,2021-04-27,-29.0,-53.75,2,6.3,5.540287979823618,3.313595243253044,1.671986942612994,1.901258161457017
A886,2021-04-28,-29.0,-53.75,2,6.4,5.314530307739282,3.240729853774529,1.6399177183958622,1.974863777227781
A886,2021-04-29,-29.0,-53.75,2,7.8,5.805261717303459,4.501575697843436,1.289606597104338,1.7327266103148582
A886,2021-04-30,-29.0,-53.75,2,8.3,7.340960910236346,4.26447652525853,1.7214213436879704,1.9463115697410998
A886,2021-05-01,-29.0,-53.75,2,7.6,8.797964946129884,3.995570379283999,2.2019296648471167,1.902106402481117
A886,2021-05-02,-29.0,-53.75,2,6.0,6.589307784691335,3.225627231398543,2.042798907620331,1.8601033441172203
A886,2021-05-03,-29.0,-53.75,2,9.7,10.202586747613543,6.461751899818259,1.5789196035057456,1.50114089033236
A886,2021-05-04,-29.0,-53.75,2,7.4,10.336855205977852,5.300999347429714,1.9499823577586108,1.3959631976917757
A886,2021-05-05,-29.0,-53.75,2,9.0,14.016198556248439,6.982835486539437,2.0072359692945603,1.2888747010220962
A886,2021-05-06,-29.0,-53.75,2,8.9,11.087205940945271,5.328128629065142,2.080881809133538,1.6703800939508415
A886,2021-05-07,-29.0,-53.75,2,4.9,5.439960175055917,3.095224073043931,1.7575335570797967,1.5830840948394413
A886,2021-05-08,-29.0,-53.75,2,9.3,8.847026572264573,4.483633949947597,1.9731821712091313,2.0742103623576797
A886,2021-05-09,-29.0,-53.75,2,8.4,8.289896142004581,4.218203672188951,1.9652669207655185,1.9913689932475431
A886,2021-05-10,-29.0,-53.75,2,8.8,7.917336024458376,4.0682638462611145,1.9461215701962649,2.1630848766329467
A886,2021-05-11,-29.0,-53.75,2,9.9,7.238536818223999,4.9935254866228584,1.4495844344071729,1.9825672316124314
A886,2021-05-12,-29.0,-53.75,2,6.6,6.089293246545262,4.3401070936788555,1.403028338958273,1.5206998024570784
A886,2021-05-13,-29.0,-53.75,2,5.4,5.754906047359672,3.005200476533024,1.9149824087605862,1.7968851137112016
A886,2021-05-14,-29.0,-53.75,2,5.6,6.5299810211566545,2.993646586233267,2.1812798648931215,1.8706282918472876
A886,2021-05-15,-29.0,-53.75,2,6.4,5.269344563201494,3.0391618597782712,1.7338150471478773,2.105843747482053
A886,2021-05-16,-29.0,-53.75,2,6.0,5.189777246587252,2.5536108986605175,2.0323289070036163,2.349614032093639
A886,2021-05-17,-29.0,-53.75,2,8.1,8.015204643937711,4.281375493809686,1.8721097122937846,1.891915346297364
A886,2021-05-18,-29.0,-53.75,2,4.2,4.397584716529116,2.3941156560396673,1.8368305246387202,1.7543012132286109
A886,2021-05-19,-29.0,-53.75,2,4.8,5.21783774652985,2.612006094525699,1.997636130124471,1.8376679939836083
A886,2021-05-20,-29.0,-53.75,2,7.2,7.952645718818888,3.966409354448653,2.0049987301233405,1.8152438027922182
A886,2021-05-21,-29.0,-53.75,2,12.7,10.910839366612482,4.484668312392965,2.432920030331204,2.8318705231565793
A886,2021-05-22,-29.0,-53.75,2,11.6,12.302077287830436,8.034643203780643,1.5311292581158777,1.4437479930087878
A886,2021-05-23,-29.0,-53.75,2,13.0,14.60727833728568,9.635965673632366,1.5159122429479692,1.3491123194401677
A886,2021-05-24,-29.0,-53.75,2,11.2,12.04497362802712,6.417879212914187,1.8767840946258354,1.7451247722866352
A886,2021-05-25,-29.0,-53.75,2,5.2,6.161941179172431,2.9179253380663153,2.1117542312634696,1.7820880925781317
A886,2021-05-26,-29.0,-53.75,2,4.4,4.7238132240122725,2.584086953548744,1.8280395779735772,1.7027290795913237
A886,2021-05-27,-29.0,-53.75,2,5.4,5.7840169828380965,3.037787643893582,1.9040228155726606,1.7776094424687081
A886,2021-05-28,-29.0,-53.75,2,10.0,10.16501614553229,7.0040414431493385,1.4513072528253963,1.4277471201688865
A886,2021-05-29,-29.0,-53.75,2,8.7,6.787106693238197,5.245737286047475,1.2938327489808594,1.6584894602213716
A886,2021-05-30,-29.0,-53.75,2,6.3,6.911391370943049,3.8893647064385957,1.7769975028316785,1.6198018122524613
A886,2021-05-31,-29.0,-53.75,2,4.4,4.8601542347403335,2.584359901531797,1.8806027101177478,1.7025492453245543
A886,2021-06-01,-29.0,-53.75,2,7.8,6.8311178503960726,4.11105822596955,1.661644636226242,1.8973217043551973
A886,2021-06-02,-29.0,-53.75,2,8.4,9.724001186253526,5.2508316818401655,1.8518973327375308,1.5997465752046736
A886,2021-06-03,-29.0,-53.75,2,7.8,5.637908302558203,3.3531666259840485,1.6813683694897372,2.326159380078807
A886,2021-06-04,-29.0,-53.75,2,8.9,11.903534458479736,5.9968779436689275,1.9849552667728767,1.4841055768687073
A886,2021-06-05,-29.0,-53.75,2,12.8,11.658976871940625,7.50352341325305,1.5538002921864724,1.7058652708928825
A886,2021-06-06,-29.0,-53.75,2,12.6,7.029774751507848,4.7481857735386415,1.4805180519019214,2.6536451185669807
A886,2021-06-07,-29.0,-53.75,2,11.0,9.281363679525922,6.019285169244104,1.5419378578289666,1.8274595223042687
A886,2021-06-08,-29.0,-53.75,2,9.5,10.416055187999817,4.4737392322373015,2.3282660538063555,2.1235032948599204
A886,2021-06-09,-29.0,-53.75,2,7.8,8.96330504546945,3.6663952646697,2.444718694637781,2.1274301969465066
A886,2021-06-10,-29.0,-53.75,2,6.8,9.496263000518864,4.391262433464809,2.1625359778431847,1.5485296319752495
A886,2021-06-11,-29.0,-53.75,2,8.4,7.974993548793469,4.043821152060586,1.9721429927062177,2.0772432024397673
A886,2021-06-12,-29.0,-53.75,2,5.0,5.785662847965655,2.450084130186621,2.361413951742533,2.040746249647825
A886,2021-06-13,-29.0,-53.75,2,6.3,5.909624304029691,3.407002977441101,1.7345521395664394,1.8491325196116335
A886,2021-06-14,-29.0,-53.75,2,6.8,5.917932314056912,3.1391615858340276,1.8851951873909691,2.166183490103248
A886,2021-06-15,-29.0,-53.75,2,7.5,7.601382390899934,4.226133387188323,1.798661257106508,1.7746718602722107
A886,2021-06-16,-29.0,-53.75,2,10.0,9.682030054881658,5.373686830398313,1.8017481033899398,1.860919758745742
A886,2021-06-17,-29.0,-53.75,2,6.4,6.070991538712545,3.648182059277353,1.6641141916900692,1.7542984138427946
A886,2021-06-18,-29.0,-53.75,2,7.3,7.893395971637024,4.700031367046714,1.6794347431338261,1.5531811236798165
A886,2021-06-19,-29.0,-53.75,2,9.2,8.072674727061,4.310247799845496,1.8729026965341464,2.1344480473558343
A886,2021-06-20,-29.0,-53.75,2,4.1,7.08293723768274,3.590896988218142,1.9724701824981625,1.1417760001058908
A886,2021-06-21,-29.0,-53.75,2,7.8,7.612715269830421,4.075833932557539,1.8677687550075255,1.9137187945009304
A886,2021-06-22,-29.0,-53.75,2,6.3,7.744470795780354,4.723406987222022,1.6395942201743472,1.3337830123559222
A886,2021-06-23,-29.0,-53.75,2,9.3,11.574050530746364,6.187452468518669,1.8705679905638604,1.5030418491807023
A886,2021-06-24,-29.0,-53.75,2,12.4,12.674243305831435,9.843012395693664,1.2876386614504762,1.2597769363193145
A886,2021-06-25,-29.0,-53.75,2,8.2,6.845939943821608,4.504511858670735,1.5197961862712954,1.820397027974478
A886,2021-06-26,-29.0,-53.75,2,9.0,14.015275109384957,5.999630944881321,2.336022871763855,1.5000922694550887
A886,2021-06-27,-29.0,-53.75,2,12.4,16.05687156887639,6.848675927778869,2.3445220270604743,1.8105689524166917
A886,2021-06-28,-29.0,-53.75,2,10.6,13.798386022335729,6.095857133091696,2.2635678168096214,1.7388858971870118
A886,2021-06-29,-29.0,-53.75,2,10.8,13.434647278598156,7.496514976272135,1.7921190474668984,1.4406694356222873
A886,2021-06-30,-29.0,-53.75,2,7.1,7.874815858188963,4.141488642666575,1.9014457210049516,1.7143594037308605
A886,2021-07-01,-29.0,-53.75,2,6.9,8.10611903547737,3.975881877851023,2.0388229038280063,1.7354640333855875
A886,2021-07-02,-29.0,-53.75,2,7.6,7.987525461377246,4.0415509856229805,1.9763515268745317,1.880466194051615
A886,2021-07-03,-29.0,-53.75,2,4.5,5.034313758305927,2.698656792434752,1.865488702534836,1.6674962198287022
A886,2021-07-04,-29.0,-53.75,2,6.9,6.434671452139972,3.6791500574597884,1.74895596853766,1.8754331550053702
A886,2021-07-05,-29.0,-53.75,2,6.6,4.592190443156384,2.8376749240428465,1.6182933444024916,2.3258478073298665
A886,2021-07-06,-29.0,-53.75,2,5.9,5.2849640609405455,3.709697410185136,1.4246348088742888,1.5904262120682116
A886,2021-07-07,-29.0,-53.75,2,8.6,7.79599423464685,5.044778002727541,1.5453592269931045,1.7047330913967413
A886,2021-07-08,-29.0,-53.75,2,3.9,4.467714737297781,2.886813489503975,1.547628467700365,1.350970547345653
A886,2021-07-09,-29.0,-53.75,2,7.3,6.244048139179894,4.226275060763645,1.4774353418567265,1.7272893730397576
A886,2021-07-10,-29.0,-53.75,2,6.4,7.0009986576448195,3.708890193977105,1.8876262956001757,1.7255835749446045
A886,2021-07-11,-29.0,-53.75,2,7.6,5.686293448229505,3.5878617330490017,1.5848697277966826,2.1182533122706046
A886,2021-07-12,-29.0,-53.75,2,10.4,7.953909752962513,4.65327961226914,1.7093126602559445,2.234982822132305
A886,2021-07-13,-29.0,-53.75,2,8.6,8.220143382748542,4.604341957907085,1.7853025378864407,1.8678021916315597
A886,2021-07-14,-29.0,-53.75,2,8.4,7.659914850290769,4.83271126695834,1.585013965692977,1.738154740886657
A886,2021-07-15,-29.0,-53.75,2,8.4,10.257678431926923,4.643764436484248,2.2089144641653955,1.8088772836977847
A886,2021-07-16,-29.0,-53.75,2,6.9,6.8472606953136745,3.8100490485006637,1.7971581489241508,1.8110003079134371
A886,2021-07-17,-29.0,-53.75,2,9.1,10.927792146051083,5.4073275464008015,2.0209229147446015,1.6829015667928413
A886,2021-07-18,-29.0,-53.75,2,14.9,14.067798534711667,8.695176663675497,1.6178853034097107,1.7135937056052513
A886,2021-07-19,-29.0,-53.75,2,7.8,8.578121605220652,6.2595352016067904,1.3704087170911177,1.2460989113053922
A886,2021-07-20,-29.0,-53.75,2,5.2,4.698704293581279,2.6033185047985796,1.8048902909576252,1.9974505579763193
A886,2021-07-21,-29.0,-53.75,2,4.1,5.097440402755603,2.9775892515337805,1.7119353853557435,1.3769528479752726
A886,2021-07-22,-29.0,-53.75,2,5.6,6.3499620244114725,3.1984262639136274,1.9853395077620433,1.7508610603852977
A886,2021-07-23,-29.0,-53.75,2,7.0,6.347588903606786,3.6531665146209935,1.7375580549646343,1.9161458893220562
A886,2021-07-24,-29.0,-53.75,2,8.3,7.480452812130412,5.096774504416955,1.4676836900764825,1.6284809133319658
A886,2021-07-25,-29.0,-53.75,2,11.0,12.106774332332341,7.0692109114568655,1.7126061853256127,1.556043544007524
A886,2021-07-26,-29.0,-53.75,2,19.0,7.1853085951281646,6.655177757634737,1.0796569012578616,2.8549199874043087
A886,2021-07-27,-29.0,-53.75,2,13.2,9.872841214113809,7.287356703159855,1.3547904427174353,1.8113563720952999
A886,2021-07-28,-29.0,-53.75,2,13.1,16.0073428305853,8.56583685153743,1.8687424367313559,1.5293310189125024
A886,2021-07-29,-29.0,-53.75,2,9.3,7.529928745071321,5.3386208672313415,1.4104632886164123,1.742022936501027
A886,2021-07-30,-29.0,-53.75,2,7.1,6.503183222639499,2.961096287745152,2.1962079549907556,2.397760596095504
A886,2021-07-31,-29.0,-53.75,2,8.1,7.987201124046116,3.7653148291701664,2.12125718204722,2.1512145378252874
A886,2021-08-01,-29.0,-53.75,2,6.5,6.588834803186965,2.868286739345567,2.2971325400647653,2.26616115844926
A886,2021-08-02,-29.0,-53.75,2,5.5,5.475072864825513,3.474296059729688,1.5758797669221927,1.583054496636052
A886,2021-08-03,-29.0,-53.75,2,7.1,7.377233992657439,4.388924985390413,1.6808749334322932,1.6177082141148569
A886,2021-08-04,-29.0,-53.75,2,9.2,8.115850965862247,4.690022483255939,1.7304503325596012,1.9616110653723589
A886,2021-08-05,-29.0,-53.75,2,9.1,9.604158712727333,5.049539705269535,1.9019869677833696,1.8021444589302933
A886,2021-08-06,-29.0,-53.75,2,8.0,9.387634378063025,4.284133822438196,2.1912561015006555,1.8673553001775796
A886,2021-08-07,-29.0,-53.75,2,8.8,8.402348464974267,5.468197608727437,1.536584641996811,1.6093054109739722
A886,2021-08-08,-29.0,-53.75,2,7.7,7.552154715809558,4.538988272220864,1.6638409845713025,1.6964132837982628
A886,2021-08-09,-29.0,-53.75,2,8.3,9.447131649369258,5.733260233871396,1.6477765292349311,1.4476928765529642
A886,2021-08-10,-29.0,-53.75,2,8.7,7.169877624674476,4.40536819718978,1.6275319800166077,1.9748633055347788
A886,2021-08-11,-29.0,-53.75,2,6.8,6.849484188192818,4.501602815959484,1.521565644110008,1.5105730731934042
A886,2021-08-12,-29.0,-53.75,2,7.6,10.527567935172243,5.782369916306117,1.820632039725581,1.3143399868915715
A886,2021-08-13,-29.0,-53.75,2,10.5,9.466269252433754,5.2718296257742,1.7956326217662195,1.991718387230318
A886,2021-08-14,-29.0,-53.75,2,7.4,7.019111514001445,4.1549372070810655,1.6893423809243375,1.7810136787118047
A886,2021-08-15,-29.0,-53.75,2,4.7,5.921727102251325,3.269787752123423,1.8110432698286654,1.4374021668372166
A886,2021-08-16,-29.0,-53.75,2,5.8,5.32132281563448,3.2203040471783315,1.6524286954510046,1.801072170524404
A886,2021-08-17,-29.0,-53.75,2,5.8,4.628366306774867,3.0384056172343032,1.523287832448065,1.9088958916813177
A886,2021-08-18,-29.0,-53.75,2,9.3,5.807563924785461,4.366639619670299,1.3299847092084869,2.1297841841828458
A886,2021-08-19,-29.0,-53.75,2,13.2,14.01540274698526,8.005094189695917,1.7508104732890908,1.6489499919927133
A886,2021-08-20,-29.0,-53.75,2,13.5,11.5384608154273,7.401358804403566,1.5589652008982855,1.8239893993475822
A886,2021-08-21,-29.0,-53.75,2,10.7,6.485738663178975,5.4535469150953695,1.1892698025988386,1.9620258460383817
A886,2021-08-22,-29.0,-53.75,2,13.0,15.474182393433193,8.600146108621972,1.7992929652578504,1.5116022258002113
A886,2021-08-23,-29.0,-53.75,2,12.9,11.010656747130795,6.6083888536263675,1.6661635674009518,1.9520643057983942
A886,2021-08-24,-29.0,-53.75,2,9.2,9.769923380145096,6.367139178367688,1.534429059339294,1.4449189411874233
A886,2021-08-25,-29.0,-53.75,2,11.0,12.368806838451919,5.080957897822575,2.4343454693361113,2.1649461029216575
A886,2021-08-26,-29.0,-53.75,2,13.4,14.158035614633516,8.122529174578276,1.7430575268285946,1.6497324554941637
A886,2021-08-27,-29.0,-53.75,2,7.4,8.81909328291866,3.935755833013682,2.2407622975345283,1.8801979375670979
A886,2021-08-28,-29.0,-53.75,2,9.0,8.468511585051521,5.158226140985449,1.6417488015431718,1.744785853510603
A886,2021-08-29,-29.0,-53.75,2,6.9,9.08933766708099,3.9500397113996777,2.3010750096636943,1.7468178813713795
A886,2021-08-30,-29.0,-53.75,2,7.5,7.781887811591063,4.330175934499035,1.7971297077312314,1.7320312415591692
A886,2021-08-31,-29.0,-53.75,2,9.1,9.719732900576776,5.203364504655158,1.867970789261655,1.7488684469171323
A886,2021-09-01,-29.0,-53.75,2,9.5,8.31651029724841,5.553525755452701,1.4975189930618196,1.7106250008244714
A886,2021-09-02,-29.0,-53.75,2,9.0,7.509280359702831,4.942296657162761,1.5193908582601565,1.8210157391010713
A886,2021-09-03,-29.0,-53.75,2,6.2,7.611350782863259,3.746961393859868,2.031339526298817,1.6546741074407432
A886,2021-09-04,-29.0,-53.75,2,9.2,9.211441947609897,4.619888394590383,1.9938667692483552,1.991390097382581
A886,2021-09-05,-29.0,-53.75,2,8.3,8.80961090600257,4.1625291092953525,2.1164082399639703,1.9939800496446387
A886,2021-09-06,-29.0,-53.75,2,9.1,9.215867296925783,5.44886249538592,1.6913378351407748,1.6700733424096958
A886,2021-09-07,-29.0,-53.75,2,29.8,10.80603610078334,6.255259836054785,1.7275119473851859,4.763990750349864
A886,2021-09-08,-29.0,-53.75,2,11.7,11.145013229530488,6.943828751731629,1.605024206098283,1.6849493871925185
A886,2021-09-09,-29.0,-53.75,2,12.9,13.37584528601048,8.330614747813883,1.605625237863816,1.5485051692475893
A886,2021-09-10,-29.0,-53.75,2,10.8,11.975785504757958,5.827821040045258,2.0549336402864142,1.8531797606324798
A886,2021-09-11,-29.0,-53.75,2,5.7,6.460477382195624,3.0061807442835913,2.149064853961478,1.8960935768213025
A886,2021-09-12,-29.0,-53.75,2,8.8,10.068256246719189,5.065842312029548,1.9874792041613123,1.7371247381907595
A886,2021-09-13,-29.0,-53.75,2,12.6,13.592679626452588,7.390308881265911,1.8392573091105027,1.7049355043793113
A886,2021-09-14,-29.0,-53.75,2,11.3,13.566468152724251,6.53534778889235,2.0758601670414816,1.729058707358433
A886,2021-09-15,-29.0,-53.75,2,7.8,9.231509301208137,4.952067171406808,1.8641728760285785,1.575099797724298
A886,2021-09-16,-29.0,-53.75,2,9.2,11.037390258810248,5.589437127152098,1.974687255214545,1.6459618009313823
A886,2021-09-17,-29.0,-53.75,2,9.4,9.020693280636548,4.53279562460232,1.9900948614748033,2.073775386867282
A886,2021-09-18,-29.0,-53.75,2,9.1,7.585699894040218,4.245024166597401,1.7869627112442414,2.143686264875638
A886,2021-09-19,-29.0,-53.75,2,8.5,9.629607679560918,4.520766491394555,2.130082962234663,1.880212131323319
A886,2021-09-20,-29.0,-53.75,2,9.1,10.474648280849943,5.829468779333661,1.796844391376473,1.5610341772925966
A886,2021-09-21,-29.0,-53.75,2,9.5,9.369728642793786,6.31086799874281,1.4846972943595607,1.5053396778212598
A886,2021-09-22,-29.0,-53.75,2,10.9,12.94930967693011,7.454542379296254,1.7371032342501203,1.4621957251558364
A886,2021-09-23,-29.0,-53.75,2,11.0,10.236828769628254,5.754398876029937,1.7789571057143723,1.9115810768385764
A886,2021-09-24,-29.0,-53.75,2,7.5,6.034853932234766,3.712500007407934,1.62554987749301,2.0202020161709027
A886,2021-09-25,-29.0,-53.75,2,6.7,8.057312042622263,4.1666541305771885,1.9337607082606876,1.6080048379422072
A886,2021-09-26,-29.0,-53.75,2,8.2,5.936865471618103,3.681498333156897,1.6126220724177867,2.227353989582951
A886,2021-09-27,-29.0,-53.75,2,5.7,6.201046751956514,3.420639445633586,1.812832615221137,1.666355104241108
A886,2021-09-28,-29.0,-53.75,2,9.4,8.598495649262064,5.5494393240888,1.5494350234514744,1.6938648124679605
A886,2021-09-29,-29.0,-53.75,2,10.2,11.74016477925017,6.438498911481783,1.8234319739208031,1.5842201948361483
A886,2021-09-30,-29.0,-53.75,2,11.6,15.508321849355132,7.035050889793774,2.2044363420105615,1.6488864375990382
A886,2021-10-01,-29.0,-53.75,2,7.4,10.056510864336628,4.1438828026718975,2.426832838479983,1.7857647893006579
A886,2021-10-02,-29.0,-53.75,2,7.7,7.392086372774191,4.222112958495016,1.750802606524559,1.8237314055057132
A886,2021-10-03,-29.0,-53.75,2,12.4,9.2474268907031,4.689142590903436,1.9720933435981183,2.6444066819497056
A886,2021-10-04,-29.0,-53.75,2,7.2,8.782190582203128,4.886937723529969,1.7970743805303726,1.473315275808189
A886,2021-10-05,-29.0,-53.75,2,8.9,6.9860801446971434,3.9457745496904435,1.7705218726308678,2.2555774254000975
A886,2021-10-06,-29.0,-53.75,2,8.1,8.686216408504787,4.247179454315298,2.045172920508281,1.9071480466336517
A886,2021-10-07,-29.0,-53.75,2,8.6,10.391121038620755,6.101698534236832,1.702988271268374,1.409443608487885
A886,2021-10-08,-29.0,-53.75,2,10.7,10.397941206092492,5.888968369407915,1.7656642987094044,1.8169566091719036
A886,2021-10-09,-29.0,-53.75,2,12.1,8.73278119647804,5.455964446495065,1.6005934939858373,2.217756387282379
A886,2021-10-10,-29.0,-53.75,2,8.3,8.830147934125115,5.313483511514086,1.6618378348197695,1.5620637538470317
A886,2021-10-11,-29.0,-53.75,2,11.0,14.135090048795401,4.966425317763983,2.8461295890701916,2.214872729618029
A886,2021-10-12,-29.0,-53.75,2,6.4,6.50938915354368,3.0048098805183456,2.1663231327037487,2.129918448915632
A886,2021-10-13,-29.0,-53.75,2,11.9,8.630000171897125,6.070457389356932,1.4216391975714593,1.9603135705826304
A886,2021-10-14,-29.0,-53.75,2,10.7,14.403528578349144,6.4743260766818835,2.224714728259564,1.6526816649747411
A886,2021-10-15,-29.0,-53.75,2,9.8,18.380861985637544,7.647747432487946,2.403434756168187,1.2814230708468741
A886,2021-10-16,-29.0,-53.75,2,10.4,11.232665514780608,7.090647704886601,1.584152249876903,1.466720733119024
A886,2021-10-17,-29.0,-53.75,2,8.5,10.355869235751761,6.093150336019181,1.6995919458172322,1.3950090726882145
A886,2021-10-18,-29.0,-53.75,2,8.9,10.224368443486759,5.293647382135958,1.931441160586197,1.6812604538099962
A886,2021-10-19,-29.0,-53.75,2,8.7,9.696329392302287,4.584395699322868,2.1150725260767675,1.8977419425825353
A886,2021-10-20,-29.0,-53.75,2,7.9,8.314699460708246,5.001188940967374,1.6625445586744705,1.5796243839713666
A886,2021-10-21,-29.0,-53.75,2,7.6,7.1105535388957035,4.607267248456436,1.5433342924220292,1.649567865321078
A886,2021-10-22,-29.0,-53.75,2,7.2,6.446426781350377,3.535640777200793,1.8232697232477577,2.0364059738275566
A886,2021-10-23,-29.0,-53.75,2,10.9,12.259244788924285,6.970962987405832,1.7586156763524043,1.5636290164920696
A886,2021-10-24,-29.0,-53.75,2,10.5,11.551624278609893,7.073474318592524,1.6330905801476676,1.4844190460126367
A886,2021-10-25,-29.0,-53.75,2,8.1,9.254876765006452,4.306803564121724,2.14889688540828,1.8807451696840538
A886,2021-10-26,-29.0,-53.75,2,8.6,5.802141854558367,3.0493473959265103,1.9027487200406206,2.8202755814205895
A886,2021-10-27,-29.0,-53.75,2,8.8,11.311308932038932,4.791376148000955,2.3607641276000018,1.8366330941626265
A886,2021-10-28,-29.0,-53.75,2,8.3,9.17441974387498,6.23546641344091,1.4713285479493539,1.3310952941882372
A886,2021-10-29,-29.0,-53.75,2,9.9,9.163272244920634,5.870153923638424,1.5609935214852217,1.6864975141680456
A886,2021-10-30,-29.0,-53.75,2,9.5,12.156251820334724,5.182005509518809,2.3458585287115086,1.8332670589696367
A886,2021-10-31,-29.0,-53.75,2,8.5,9.89009311887218,3.815296293848151,2.5922215097210497,2.2278741532356334
A886,2021-11-01,-29.0,-53.75,2,7.5,8.10193106291461,4.3822973093518955,1.8487862623161042,1.711431121753167
A886,2021-11-02,-29.0,-53.75,2,8.0,6.964921198758822,3.7198284911488964,1.87237696988757,2.15063678850665
A886,2021-11-03,-29.0,-53.75,2,10.3,10.889266325968114,6.028243038276083,1.806374802214702,1.7086238784004844
A886,2021-11-04,-29.0,-53.75,2,6.5,3.0541369704055104,3.1099941067722674,0.9820394719574794,2.0900361148099016
A886,2021-11-05,-29.0,-53.75,2,9.0,8.628254059247373,5.6229529994266585,1.5344702436828388,1.6005824699081925
A886,2021-11-06,-29.0,-53.75,2,9.2,10.721954996739454,6.309392945127022,1.699363962585405,1.4581434505684894
A886,2021-11-07,-29.0,-53.75,2,8.9,9.474920887753077,5.996624654889117,1.5800423459934356,1.4841682633485702
A886,2021-11-08,-29.0,-53.75,2,7.6,7.773394943626467,4.44448781141666,1.748996796359474,1.709983314720248
A886,2021-11-09,-29.0,-53.75,2,11.3,10.927802856639895,5.755155376700247,1.8987850268788773,1.963456980805082
A886,2021-11-10,-29.0,-53.75,2,10.7,11.20575412883987,6.48382738550417,1.7282622535406271,1.6502598486693039
A886,2021-11-11,-29.0,-53.75,2,12.1,11.796056207488887,7.292319818706046,1.6175999545754955,1.6592799412008004
A886,2021-11-12,-29.0,-53.75,2,11.7,11.988881908805038,7.067319954926264,1.6963830681598344,1.6555073315797078
A886,2021-11-13,-29.0,-53.75,2,10.5,9.971087492749973,6.106240463561291,1.6329339717706792,1.7195523272721187
A886,2021-11-14,-29.0,-53.75,2,7.8,10.505652926414918,5.443606740439293,1.929906664339078,1.4328735288784928
A886,2021-11-15,-29.0,-53.75,2,8.5,10.129707699499903,5.3102698908892405,1.9075692775765143,1.6006719384608563
A886,2021-11-16,-29.0,-53.75,2,13.2,13.639193085626255,5.230807310629832,2.607473813441617,2.523511040671581
A886,2021-11-17,-29.0,-53.75,2,8.0,10.687219269526562,5.753345403939654,1.857566080111998,1.3904953445906325
A886,2021-11-18,-29.0,-53.75,2,8.6,8.324873168951965,4.9141395000929835,1.694065292365926,1.7500520691033035
A886,2021-11-19,-29.0,-53.75,2,8.0,9.117057524418314,5.765891246690283,1.5812052524666773,1.3874698043588893
A886,2021-11-20,-29.0,-53.75,2,8.1,7.663817692834894,4.263531311360496,1.797528183366235,1.8998335906240322
A886,2021-11-21,-29.0,-53.75,2,6.7,6.42362195393187,3.329519201802826,1.9292941606865306,2.012302555988315
A886,2021-11-22,-29.0,-53.75,2,8.8,8.78675859043027,4.703257768610844,1.868228156464733,1.871043526198049
A886,2021-11-23,-29.0,-53.75,2,10.0,10.621810146583133,6.0065308435860265,1.7683768589859912,1.664854515927165
A886,2021-11-24,-29.0,-53.75,2,10.1,7.377563238377074,5.041849523524928,1.463265256916904,2.0032331296033496
A886,2021-11-25,-29.0,-53.75,2,11.9,11.030104103055113,7.603983358163003,1.4505692061009197,1.5649692325043232
A886,2021-11-26,-29.0,-53.75,2,10.8,9.960188138893397,7.80952598239416,1.2753895897584184,1.3829264444919682
A886,2021-11-27,-29.0,-53.75,2,6.7,6.696885082282361,3.9199273412202587,1.7084207178691344,1.7092153544647886
A886,2021-11-28,-29.0,-53.75,2,7.4,9.448360450490862,5.01617252133755,1.8835796437024217,1.475228367549609
A886,2021-11-29,-29.0,-53.75,2,13.5,13.822166471457242,8.897315286617692,1.5535210370983412,1.5173116344775521
A886,2021-11-30,-29.0,-53.75,2,10.3,8.265579636026239,5.593565783359297,1.4776941858118675,1.8414014242296415
A886,2021-12-01,-29.0,-53.75,2,8.3,6.373531253891042,3.916471666937677,1.627365597380808,2.1192544478407633
A886,2021-12-02,-29.0,-53.75,2,10.9,11.757352196935223,6.007659006739038,1.9570605095506448,1.8143506460291807
A886,2021-12-03,-29.0,-53.75,2,10.3,10.608012619473845,6.490479651639881,1.6343957902700812,1.5869397260027782
A886,2021-12-04,-29.0,-53.75,2,8.6,6.974215007114382,6.420376604762639,1.086262603651771,1.3394852871435166
A886,2021-12-05,-29.0,-53.75,2,8.3,8.843169892163994,5.707709584672728,1.5493377441471645,1.4541734958429757
A886,2021-12-06,-29.0,-53.75,2,10.0,12.324332856255982,7.10869201116363,1.7336990879477698,1.4067285492599488
A886,2021-12-07,-29.0,-53.75,2,12.3,12.744736010742715,7.30015515372847,1.745817142562167,1.6848956961850212
A886,2021-12-08,-29.0,-53.75,2,10.6,11.131246225632836,7.578151710514797,1.4688603040485542,1.3987579564146682
A886,2021-12-09,-29.0,-53.75,2,10.4,10.083120266556802,6.801852267260554,1.482408007461441,1.5289952782506697
A886,2021-12-10,-29.0,-53.75,2,9.8,10.276173905160215,6.96720265462887,1.4749354101725363,1.40659034705831
A886,2021-12-11,-29.0,-53.75,2,8.6,9.889517299321689,6.236099230637854,1.5858498932689606,1.3790672152470473
A886,2021-12-12,-29.0,-53.75,2,7.5,7.1630778529052,5.714716678268035,1.2534440911384117,1.3124010204252212
A886,2021-12-13,-29.0,-53.75,2,6.9,9.720293038010041,3.718208198512843,2.6142411933516336,1.8557325549332515
A886,2021-12-14,-29.0,-53.75,2,8.8,9.95673386451141,6.523370586501082,1.5263173741984002,1.3489958731165734
A886,2021-12-15,-29.0,-53.75,2,8.4,11.352348722539665,5.44633111622002,2.084402964177225,1.5423226793875047
A886,2021-12-16,-29.0,-53.75,2,7.8,10.408140718822251,5.054386775234359,2.0592291768845987,1.543213914340446
A886,2021-12-17,-29.0,-53.75,2,10.0,13.44419751563521,7.055141003832079,1.9055887767987687,1.4174061148555908
A886,2021-12-18,-29.0,-53.75,2,11.4,14.080627884905343,7.2946047772866,1.9302797498705564,1.562798855874478
A886,2021-12-19,-29.0,-53.75,2,9.5,9.804444180012863,6.569645729496756,1.492385523315562,1.4460444887227903
A886,2021-12-20,-29.0,-53.75,2,11.2,7.2847344474193605,6.078935132257117,1.198356996567346,1.842427951002238
A886,2021-12-21,-29.0,-53.75,2,8.6,7.230897255887156,4.459095570164281,1.6216062522339607,1.9286422245673378
A886,2021-12-22,-29.0,-53.75,2,8.6,12.3657495005609,6.042170623792136,2.0465740328266357,1.4233295508299533
A886,2021-12-23,-29.0,-53.75,2,10.1,10.031938388902883,6.449557435078138,1.5554460115884436,1.565998923440494
A886,2021-12-24,-29.0,-53.75,2,9.8,8.879336919641146,5.912655098230705,1.5017512051900652,1.6574618064450501
A886,2021-12-25,-29.0,-53.75,2,8.2,8.451984352406498,5.1537459594194965,1.6399691445712055,1.5910757077602684
A886,2021-12-26,-29.0,-53.75,2,10.7,9.977105349646349,5.385131127756178,1.8527135389929692,1.9869525451014163
A886,2021-12-27,-29.0,-53.75,2,10.5,8.990107053215112,6.16037155607302,1.4593449390812283,1.7044426467505658
A886,2021-12-28,-29.0,-53.75,2,8.1,7.50905416535004,5.718875933863684,1.313029737345064,1.416362252595262
A886,2021-12-29,-29.0,-53.75,2,9.0,10.513613138539002,6.64574447290319,1.5820068287919196,1.3542500823942083
A886,2021-12-30,-29.0,-53.75,2,18.0,12.391670525836815,6.26600711227676,1.9776023716216768,2.8726427655553173
A886,2021-12-31,-29.0,-53.75,2,7.5,7.217137495395114,4.003777931093594,1.802581866328391,1.8732307658110914
A886,2022-01-01,-29.0,-53.75,2,7.8,5.196918702468545,3.551408007620617,1.4633403684727264,2.196311993232754
A886,2022-01-02,-29.0,-53.75,2,13.3,10.59739033405253,6.232362842269032,1.700380835046875,2.134022093482259
A886,2022-01-03,-29.0,-53.75,2,10.1,7.103548264095996,4.8948409950726575,1.4512316684539317,2.0633969540924952
A886,2022-01-04,-29.0,-53.75,2,9.3,10.69739298268611,5.1548907992822475,2.0751929379717575,1.8041119321664207
A886,2022-01-05,-29.0,-53.75,2,10.6,16.084127141831534,7.275782847136778,2.2106387009833703,1.4568879009591928
A886,2022-01-06,-29.0,-53.75,2,10.4,9.714425013141001,6.914503920619035,1.4049344862142037,1.5040847643440078
A886,2022-01-07,-29.0,-53.75,2,10.5,10.25290160967929,6.268325273687786,1.635668406155843,1.6750885669694406
A886,2022-01-08,-29.0,-53.75,2,9.8,9.489478307676357,6.433836987650643,1.47493297170737,1.5231968137847605
A886,2022-01-09,-29.0,-53.75,2,10.6,10.308909817275245,5.798347226589923,1.7779048777901554,1.8281071460140867
A886,2022-01-10,-29.0,-53.75,2,7.8,6.789884384667049,4.989663795639321,1.3607899575520535,1.5632315762069482
A886,2022-01-11,-29.0,-53.75,2,8.4,7.334583378461752,4.68619022729407,1.565148451666021,1.7925008573222994
A886,2022-01-12,-29.0,-53.75,2,10.2,8.79966853956608,5.5941702519435985,1.5730069238612796,1.8233267027323998
A886,2022-01-13,-29.0,-53.75,2,9.9,8.794747169811538,4.194746628062464,2.0966098669644313,2.3600948705149256
A886,2022-01-14,-29.0,-53.75,2,11.7,11.452272032301913,5.597762222914919,2.045866111536688,2.0901209329873014
A886,2022-01-15,-29.0,-53.75,2,8.0,15.519079898323628,5.500748833738535,2.821266770650974,1.4543474428304104
A886,2022-01-16,-29.0,-53.75,2,16.4,18.148959795662112,8.602505608659897,2.1097294929272783,1.9064213086348456
A886,2022-01-17,-29.0,-53.75,2,16.0,12.902256863884908,7.699385352463532,1.6757515403169996,2.0780879599539155
A886,2022-01-18,-29.0,-53.75,2,9.3,8.375158458477612,6.137466226397915,1.3645954453411306,1.5152832874256286
A886,2022-01-19,-29.0,-53.75,2,8.1,8.694751562424605,5.1804565561157805,1.6783755385729522,1.5635687534986769
A886,2022-01-20,-29.0,-53.75,2,18.6,9.235103092253485,4.878582540608768,1.8929890014940884,3.812582824042785
A886,2022-01-21,-29.0,-53.75,2,9.5,8.200512014401156,5.012854675693963,1.6358966187795787,1.8951277494763703
A886,2022-01-22,-29.0,-53.75,2,14.9,10.31698501525338,5.211591275338729,1.9796228196315768,2.85901161714405
A886,2022-01-23,-29.0,-53.75,2,10.6,12.121998645889397,4.396864420243314,2.7569643926429257,2.4108089281073206
A886,2022-01-24,-29.0,-53.75,2,7.7,10.80791309324218,5.098393191128389,2.119866532076971,1.5102797511574066
A886,2022-01-25,-29.0,-53.75,2,13.3,13.902124862459399,5.478494505833058,2.5375812365345154,2.427674242593332
A886,2022-01-26,-29.0,-53.75,2,12.6,10.062886075596323,5.994686885689916,1.678634141779401,2.101861238170389
A886,2022-01-27,-29.0,-53.75,2,12.0,14.395016606743734,8.422353740258027,1.709144147904518,1.4247798620284937
A886,2022-01-28,-29.0,-53.75,2,11.6,11.485240873020564,7.049929497134231,1.6291284725172457,1.645406525656087
A886,2022-01-29,-29.0,-53.75,2,10.6,8.742800144041839,5.972295022084258,1.4638928773131352,1.774862085815166
A886,2022-01-30,-29.0,-53.75,2,8.6,8.009340659322561,5.458332329997867,1.4673603905179755,1.5755728087013274
A886,2022-01-31,-29.0,-53.75,2,8.7,8.093788855055278,4.442002986110399,1.822103425045766,1.9585759008275854
A886,2022-02-01,-29.0,-53.75,2,9.7,8.128446348551554,5.156190694572664,1.5764440902287509,1.881233758520624
A886,2022-02-02,-29.0,-53.75,2,6.4,8.437316891647857,4.159374298451929,2.0285062815308854,1.5386929717727031
A886,2022-02-03,-29.0,-53.75,2,11.0,10.64711009209657,5.843567169952378,1.8220223679200627,1.8824118351136614
A886,2022-02-04,-29.0,-53.75,2,10.9,9.47466344642941,5.0054154870879115,1.8928825131241307,2.1776414022208344
A886,2022-02-05,-29.0,-53.75,2,9.3,11.053564647958595,5.49418288546293,2.0118668923827134,1.692699386583379
A886,2022-02-06,-29.0,-53.75,2,9.4,10.463579019171526,5.380068325615297,1.9448784635973648,1.7471897067264401
A886,2022-02-07,-29.0,-53.75,2,7.9,7.737220032297701,4.474978748131965,1.7289959277521765,1.765371512277634
A886,2022-02-08,-29.0,-53.75,2,7.5,7.201394673102291,4.040115975820486,1.782472264707648,1.856382352607307
A886,2022-02-09,-29.0,-53.75,2,9.0,7.354178357701887,4.425805788974837,1.6616586240684,2.0335280012557213
A886,2022-02-10,-29.0,-53.75,2,9.3,7.422517238454538,5.553627159191231,1.3365170231441088,1.674581266156576
A886,2022-02-11,-29.0,-53.75,2,8.8,8.086042399244622,5.314683420638216,1.5214532568100934,1.6557900637745322
A886,2022-02-12,-29.0,-53.75,2,9.4,8.809088970126774,4.378737794356523,2.011787273830429,2.1467373570792625
A886,2022-02-13,-29.0,-53.75,2,8.7,9.928995205485235,4.353611794922408,2.2806340282947057,1.9983407822780062
A886,2022-02-14,-29.0,-53.75,2,5.9,5.590629314227346,3.0830991252369806,1.8133148131582133,1.9136588738600808
A886,2022-02-15,-29.0,-53.75,2,7.1,6.407082972658572,3.9923627215919346,1.6048348858702348,1.7783955254368546
A886,2022-02-16,-29.0,-53.75,2,8.5,7.190446915322719,4.683792743087482,1.5351761509803463,1.8147686002000454
A886,2022-02-17,-29.0,-53.75,2,8.9,8.567515144836058,6.001074730129915,1.4276634653157507,1.4830676837459293
A886,2022-02-18,-29.0,-53.75,2,10.0,8.28697333668382,5.7209796630703265,1.4485234740786301,1.747952376854494
A886,2022-02-19,-29.0,-53.75,2,8.2,6.255292242560516,5.47283173757678,1.1429717817946634,1.4983102702935893
A886,2022-02-20,-29.0,-53.75,2,13.9,7.043947247208085,6.172077593390644,1.1412603196614186,2.2520779736931344
A886,2022-02-21,-29.0,-53.75,2,10.6,9.186793715485257,5.6231848324710985,1.6337349721168841,1.8850527442722969
A886,2022-02-22,-29.0,-53.75,2,7.9,8.223129238711762,4.359593993847853,1.8862144617861272,1.8120953490504568
A886,2022-02-23,-29.0,-53.75,2,6.0,7.330708909127516,4.021137892487461,1.8230434034165304,1.4921149586065108
A886,2022-02-24,-29.0,-53.75,2,11.3,9.08162224482037,4.515036694176875,2.01141715116803,2.502748209017618
A886,2022-02-25,-29.0,-53.75,2,18.7,8.453767011265356,4.423040786103668,1.9113020702466603,4.227860628993464
A886,2022-02-26,-29.0,-53.75,2,6.1,7.148064402874194,3.022310474491494,2.3650993050529863,2.0183234156399266
A886,2022-02-27,-29.0,-53.75,2,9.1,12.574579764575159,5.770310016286184,2.1791861666157506,1.5770383175801757
A886,2022-02-28,-29.0,-53.75,2,17.7,10.673926425741067,4.019770540176,2.6553571451552864,4.403236409415804
A886,2022-03-01,-29.0,-53.75,2,7.1,8.486615124834936,5.206096127936734,1.6301303157455007,1.3637858052409517
A886,2022-03-02,-29.0,-53.75,2,6.6,9.55395415720727,5.074794817275961,1.882628658144572,1.3005451920010305
A886,2022-03-03,-29.0,-53.75,2,6.9,8.17698173696744,4.029674552373527,2.0291915961677596,1.712297087598753
A886,2022-03-04,-29.0,-53.75,2,7.6,8.532150829585381,4.529439197500661,1.8837102028642776,1.6779119154957793
A886,2022-03-05,-29.0,-53.75,2,8.7,8.23406838512146,4.989765660693392,1.6501914007675524,1.74356885505341
A886,2022-03-06,-29.0,-53.75,2,10.0,8.872498534865418,4.952661699561875,1.7914606474434345,2.0191163068708335
A886,2022-03-07,-29.0,-53.75,2,12.4,13.920042925341948,7.573356008904082,1.8380283336708312,1.637319041310243
A886,2022-03-08,-29.0,-53.75,2,5.9,8.103554864345123,4.8829349351076345,1.6595664230710245,1.2082897024860617
A886,2022-03-09,-29.0,-53.75,2,8.6,8.701156609316977,4.50694165441608,1.9306122147801135,1.9081675911143379
A886,2022-03-10,-29.0,-53.75,2,11.0,12.52702599446023,5.87748762429321,2.131357272907342,1.8715479645646707
A886,2022-03-11,-29.0,-53.75,2,8.4,9.032215120007539,5.68714635041055,1.588180532641913,1.4770149179286747
A886,2022-03-12,-29.0,-53.75,2,9.6,9.278228083535355,5.966320925806064,1.5551004042381182,1.6090317834693106
A886,2022-03-13,-29.0,-53.75,2,8.2,9.538180649031165,5.193259616646332,1.8366462208932794,1.5789697810823755
A886,2022-03-14,-29.0,-53.75,2,6.3,9.361818857483568,4.273707491685642,2.1905614447635173,1.4741299006205837
A886,2022-03-15,-29.0,-53.75,2,7.0,7.95200600384435,4.305948096288056,1.8467491539666676,1.6256582391307395
A886,2022-03-16,-29.0,-53.75,2,9.3,9.898777426859262,5.720519319556136,1.730398391107492,1.6257265259479279
A886,2022-03-17,-29.0,-53.75,2,7.2,7.642523220856627,3.6089841384407118,2.117638351316954,1.995021236948637
A886,2022-03-18,-29.0,-53.75,2,8.9,7.307952009321912,4.953664800757667,1.475261710926455,1.7966496236561542
A886,2022-03-19,-29.0,-53.75,2,9.8,9.09295746861073,5.8743802905590305,1.5479007178381716,1.668261078662204
A886,2022-03-20,-29.0,-53.75,2,11.9,13.473562332515636,7.768026552958904,1.7344897369568655,1.5319206131533103
A886,2022-03-21,-29.0,-53.75,2,10.5,12.483263253415513,7.034922468309191,1.7744706227609361,1.492553762646317
A886,2022-03-22,-29.0,-53.75,2,8.9,7.9714873047185,5.590060683247234,1.4260108711535326,1.592111517979093
A886,2022-03-23,-29.0,-53.75,2,8.4,10.762021879220715,6.404246360400575,1.68045094982067,1.311629741781919
A886,2022-03-24,-29.0,-53.75,2,8.8,10.257559071700063,5.145120487800181,1.9936479808436378,1.7103583911914333
A886,2022-03-25,-29.0,-53.75,2,12.0,8.705661330033369,6.806873665918897,1.2789515065662884,1.762923860344638
A886,2022-03-26,-29.0,-53.75,2,9.2,10.532642081866365,6.306239645217413,1.670193756409846,1.45887256393391
A886,2022-03-27,-29.0,-53.75,2,6.0,4.504106835672307,2.0391575702751137,2.2088076474956435,2.9423915480893945
A886,2022-03-28,-29.0,-53.75,2,6.5,7.266844235677568,3.8989422017613404,1.8637989125344776,1.6671188398390815
A886,2022-03-29,-29.0,-53.75,2,11.0,12.310739052852622,6.637659497088655,1.8546807136238666,1.6572106485463305
A886,2022-03-30,-29.0,-53.75,2,20.3,14.046124384122317,5.625941627489492,2.4966708355966767,3.608284860406316
A886,2022-03-31,-29.0,-53.75,2,7.8,9.329232803911976,4.725879289769225,1.9740734436675684,1.6504865066879209
A886,2022-04-01,-29.0,-53.75,2,9.1,10.624635142688502,5.949965479457395,1.7856633251689742,1.529420638055512
A886,2022-04-02,-29.0,-53.75,2,10.0,12.205710779913284,5.290759526664737,2.3069864956814037,1.8900877935580527
A886,2022-04-03,-29.0,-53.75,2,9.2,13.934641991562865,5.48554936122916,2.54024548389817,1.677133755285092
A886,2022-04-04,-29.0,-53.75,2,6.4,9.807227240037534,3.78952417424528,2.587983817781222,1.6888663868398786
A886,2022-04-05,-29.0,-53.75,2,7.1,8.668937229605916,4.480824949671269,1.9346743796009938,1.584529652407172
A886,2022-04-06,-29.0,-53.75,2,7.1,8.96429460725325,3.8479114322589854,2.3296520112446037,1.845156814285566
A886,2022-04-07,-29.0,-53.75,2,7.1,6.695578049607359,3.521103993283337,1.9015564613767368,2.01641303794025
A886,2022-04-08,-29.0,-53.75,2,6.9,6.828722903001987,3.7708267164984584,1.8109352182969183,1.8298374650339946
A886,2022-04-09,-29.0,-53.75,2,7.2,6.498990802562863,3.3981695456279866,1.9124975123517094,2.118787748322731
A886,2022-04-10,-29.0,-53.75,2,8.0,7.371510382608392,4.55073799588047,1.619849437449796,1.7579566231327655
A886,2022-04-11,-29.0,-53.75,2,16.2,15.217337880104722,5.570364223654891,2.7318389371171405,2.90824789000434
A886,2022-04-12,-29.0,-53.75,2,7.7,8.569055860347842,3.371402289097123,2.5416889251275543,2.2839161095966674
A886,2022-04-13,-29.0,-53.75,2,8.0,8.544898870892641,4.491471209354279,1.9024721461191574,1.7811535746546907
A886,2022-04-14,-29.0,-53.75,2,8.6,9.991809938452596,4.882917612136526,2.046278625225599,1.761242085802275
A886,2022-04-15,-29.0,-53.75,2,7.5,6.108448168497263,3.9232919262189445,1.5569700861858256,1.9116599378899883
A886,2022-04-16,-29.0,-53.75,2,9.4,8.344618558400008,5.084738822047134,1.6411105565969726,1.848669190095299
A886,2022-04-17,-29.0,-53.75,2,9.8,9.511089787595937,5.153209272673523,1.8456634078556473,1.9017275413144026
A886,2022-04-18,-29.0,-53.75,2,8.1,8.30019878758522,4.198755331444928,1.976823637572817,1.9291431294741643
A886,2022-04-19,-29.0,-53.75,2,6.1,7.097570356780686,3.084412691375254,2.301109179270066,1.9776860655051252
A886,2022-04-20,-29.0,-53.75,2,6.9,7.600162403590813,3.609560526461278,2.1055644718726523,1.911590053530585
A886,2022-04-21,-29.0,-53.75,2,7.4,8.268836550879392,3.7448999786117314,2.2080260081992162,1.9760207328002517
A886,2022-04-22,-29.0,-53.75,2,14.1,9.21398632190622,6.758271843535655,1.3633642645966477,2.0863321758041993
A886,2022-04-23,-29.0,-53.75,2,13.6,7.647630085671102,5.143443031658105,1.4868697949213439,2.644143216186402
A886,2022-04-24,-29.0,-53.75,2,7.7,8.229400217122226,4.722867868715241,1.7424582787154843,1.6303653233675213
A886,2022-04-25,-29.0,-53.75,2,12.9,14.043594993141417,7.4457962498728305,1.886110567876642,1.7325212196372315
A886,2022-04-26,-29.0,-53.75,2,14.8,8.253239391404716,5.494684979352588,1.5020405032168294,2.6935120130842902
A886,2022-04-27,-29.0,-53.75,2,12.3,13.734744630819716,8.58018101213537,1.600752316459757,1.4335361902742505
A886,2022-04-28,-29.0,-53.75,2,15.4,14.734001825103908,8.02636078019031,1.835701412957736,1.9186777696323363
A886,2022-04-29,-29.0,-53.75,2,9.4,8.313215765684026,6.043916733579888,1.3754682819331305,1.5552828429574115
A886,2022-04-30,-29.0,-53.75,2,8.7,10.831240397281515,4.586398227081532,2.361600511121288,1.896913344469017
A886,2022-05-01,-29.0,-53.75,2,8.0,10.174348255832678,3.986583252108525,2.552147443666556,2.0067309508132705
A886,2022-05-02,-29.0,-53.75,2,13.2,13.762586922591106,7.302676191532414,1.8845949843085028,1.8075565250045784
A886,2022-05-03,-29.0,-53.75,2,9.0,12.854825734511687,6.970790439579524,1.8440987210751794,1.2911017879548934
A886,2022-05-04,-29.0,-53.75,2,11.4,11.268945788087871,7.932017849672794,1.4206909265279488,1.4372131046667103
A886,2022-05-05,-29.0,-53.75,2,6.6,8.241483710193663,4.752910312730079,1.7339867929171466,1.3886228785598416
A886,2022-05-06,-29.0,-53.75,2,6.0,6.780673633531427,3.179531898633677,2.1326012286416276,1.887070232752924
A886,2022-05-07,-29.0,-53.75,2,9.3,8.210969186667672,3.8625254264439945,2.125803271210318,2.4077511403108036
A886,2022-05-08,-29.0,-53.75,2,7.3,7.743427491342618,3.876454747840707,1.9975539494317385,1.883163992580154
A886,2022-05-09,-29.0,-53.75,2,5.5,5.132336711043192,2.8539357692818026,1.7983364469112606,1.9271632036007886
A886,2022-05-10,-29.0,-53.75,2,4.0,4.31657133346887,2.1254393243639558,2.0309078146752637,1.8819638623168
A886,2022-05-11,-29.0,-53.75,2,7.0,6.696861857353735,4.374837696867879,1.530768069898521,1.6000593587761163
A886,2022-05-12,-29.0,-53.75,2,6.3,5.526577165901432,3.854563406343589,1.4337751343786824,1.6344263502403076
A886,2022-05-13,-29.0,-53.75,2,7.4,6.998667751744056,4.047251471459147,1.7292396583454301,1.8284013366068634
A886,2022-05-14,-29.0,-53.75,2,7.3,8.155560098330504,4.0775596778161844,2.000108089821599,1.7902864891752253
A886,2022-05-15,-29.0,-53.75,2,7.6,11.202429368904859,5.543261092971234,2.020909565870776,1.3710341029464908
A886,2022-05-16,-29.0,-53.75,2,9.9,12.503874542639574,6.775374234871244,1.8454883980113008,1.4611739007783584
A886,2022-05-17,-29.0,-53.75,2,15.0,16.46934835765785,9.92004527710014,1.6602089907468873,1.512089872676957
A886,2022-05-18,-29.0,-53.75,2,15.3,12.203369787677476,9.645257113699246,1.2652197493361705,1.5862718660209971
A886,2022-05-19,-29.0,-53.75,2,5.9,5.296536261468811,4.87734296105804,1.085947062521073,1.20967503148889
A886,2022-05-20,-29.0,-53.75,2,6.2,4.65998495677762,2.5406236885526803,1.8341893676636067,2.44034566312808
A886,2022-05-21,-29.0,-53.75,2,8.5,6.691347253397273,3.216889374035085,2.0800675669502504,2.64230410551485
A886,2022-05-22,-29.0,-53.75,2,6.0,5.030377605777822,2.29015346482303,2.1965242430452325,2.619911762316612
A886,2022-05-23,-29.0,-53.75,2,6.1,5.34819217904388,3.0399796382519826,1.759285526701469,2.0065923874107123
A886,2022-05-24,-29.0,-53.75,2,7.9,6.154566978670542,4.663160505672231,1.3198273941427014,1.6941299769524347
A886,2022-05-25,-29.0,-53.75,2,9.6,11.33821240417096,6.433030049589508,1.7624995246049646,1.4922983300245234
A886,2022-05-26,-29.0,-53.75,2,7.5,7.584392209425801,4.8882674989604835,1.5515501578092163,1.5342859206446693
A886,2022-05-27,-29.0,-53.75,2,8.3,12.127758292252587,5.502540377991892,2.2040289501116783,1.5083942015576848
A886,2022-05-28,-29.0,-53.75,2,9.0,8.474690601145282,4.779391079054317,1.7731737078988192,1.883085073209954
A886,2022-05-29,-29.0,-53.75,2,7.0,8.792814705210665,5.043754247040575,1.7433075194672405,1.3878550891148695
A886,2022-05-30,-29.0,-53.75,2,8.9,7.278770416889762,4.61682295580481,1.5765755989707249,1.9277325739359095
A886,2022-05-31,-29.0,-53.75,2,6.5,7.287105665376236,4.142573727265244,1.759076879528921,1.5690728585513989
A886,2022-06-01,-29.0,-53.75,2,8.3,9.788296949905241,5.126958341255259,1.9091820721735617,1.6188935910034858
A886,2022-06-02,-29.0,-53.75,2,9.5,9.706895021899514,5.865034472044571,1.6550448370196291,1.619768825789743
A886,2022-06-03,-29.0,-53.75,2,9.1,8.997596962935877,5.084595367000795,1.7695797430274591,1.789719602676611
A886,2022-06-04,-29.0,-53.75,2,10.4,10.005792738263182,5.2072035977117705,1.921529003140972,1.9972332183381745
A886,2022-06-05,-29.0,-53.75,2,8.9,8.67849817751865,3.3046960673463524,2.626110843678106,2.6931372261251965
A886,2022-06-06,-29.0,-53.75,2,11.3,8.15157754469185,2.856347231240668,2.8538468487079474,3.95610165193109
A886,2022-06-07,-29.0,-53.75,2,4.7,6.04786240575921,4.243714287138668,1.4251342094561676,1.1075203658842414
A886,2022-06-08,-29.0,-53.75,2,6.4,6.246505290115971,3.651770290224748,1.7105416807943663,1.7525746395198676
A886,2022-06-09,-29.0,-53.75,2,6.8,8.336844031727066,3.1522559347013575,2.6447230822699344,2.157185247918084
A886,2022-06-10,-29.0,-53.75,2,10.8,9.8711544313832,6.775300280628991,1.4569323900824662,1.5940252907871668
A886,2022-06-11,-29.0,-53.75,2,7.9,7.534946410052802,4.720753130220813,1.5961322700431817,1.673461793506342
A886,2022-06-12,-29.0,-53.75,2,9.8,7.3781726980470985,4.104397647772028,1.7976261881087863,2.3876828809020716
A886,2022-06-13,-29.0,-53.75,2,5.8,7.090314581330428,3.1668945730697464,2.238885576306892,1.8314471373064753
A886,2022-06-14,-29.0,-53.75,2,7.8,5.968467992578011,3.8273275202790353,1.5594348696196436,2.0379755739930334
A886,2022-06-15,-29.0,-53.75,2,7.0,7.486209327079612,3.395521434696817,2.20473039886672,2.0615390403580305
A886,2022-06-16,-29.0,-53.75,2,5.9,7.262851505933495,3.7363256813645536,1.9438486163446569,1.5790914666317968
A886,2022-06-17,-29.0,-53.75,2,15.4,13.38923550101761,7.294853961726121,1.8354357155423338,2.111077217007923
A886,2022-06-18,-29.0,-53.75,2,7.4,7.533390548360448,4.002908630791501,1.8819791414701512,1.8486557357510274
A886,2022-06-19,-29.0,-53.75,2,7.5,6.479352146092947,3.4518100626646326,1.877088260496928,2.172773085379547
A886,2022-06-20,-29.0,-53.75,2,6.4,6.42885194099927,3.525723938229968,1.8234133056449024,1.8152300384621194
A886,2022-06-21,-29.0,-53.75,2,9.8,9.252709509193698,4.38676789378088,2.109231610432652,2.2339910014143802
A886,2022-06-22,-29.0,-53.75,2,8.5,6.3949921107964744,4.500519663125098,1.420945266208632,1.888670783875149
A886,2022-06-23,-29.0,-53.75,2,3.9,8.393994443526527,4.866067612282949,1.7250057155676113,0.801468518471795
A886,2022-06-24,-29.0,-53.75,2,4.6,5.824117602633194,3.7610232717574736,1.5485460157526931,1.2230714004198342
A886,2022-06-25,-29.0,-53.75,2,8.0,9.89554982364839,5.493281930146344,1.8013912173964768,1.4563243069861656
A886,2022-06-26,-29.0,-53.75,2,10.7,10.720582352540577,5.182096166196382,2.0687733320104327,2.0648015121366834
A886,2022-06-27,-29.0,-53.75,2,7.4,6.670847771458357,4.578396682242462,1.457027041219816,1.6162863363721336
A886,2022-06-28,-29.0,-53.75,2,11.5,8.498174813440123,7.093400263422947,1.1980396562789333,1.621225304216885
A886,2022-06-29,-29.0,-53.75,2,11.0,9.25135013445932,5.552495512204835,1.6661607585497553,1.9810912004919423
A886,2022-06-30,-29.0,-53.75,2,5.6,5.344484753541853,2.54341079076146,2.101306156659732,2.2017678073636864
A886,2022-07-01,-29.0,-53.75,2,10.5,6.524183319871845,5.45870599798241,1.1951886257078594,1.9235327940139844
A886,2022-07-02,-29.0,-53.75,2,9.4,9.110462400490954,7.124409194935031,1.2787674249491272,1.3194076509084796
A886,2022-07-03,-29.0,-53.75,2,7.1,6.939871446259484,4.972535580688369,1.3956403797715546,1.4278429756388222
A886,2022-07-04,-29.0,-53.75,2,11.6,15.085255566401216,7.089367360291557,2.127870485439313,1.6362531958737343
A886,2022-07-05,-29.0,-53.75,2,9.0,9.490812878320687,5.681577509969298,1.6704538240774565,1.5840670983028857
A886,2022-07-06,-29.0,-53.75,2,11.5,8.742824008191242,6.542305390070003,1.3363521705148793,1.7577901541335645
A886,2022-07-07,-29.0,-53.75,2,7.9,10.434325259995948,5.443131690012218,1.916970937730982,1.4513703599154089
A886,2022-07-08,-29.0,-53.75,2,9.5,8.636897302042374,4.791668703765648,1.8024821489129372,1.982607852778761
A886,2022-07-09,-29.0,-53.75,2,9.1,12.890228641423247,6.117620667033411,2.107065694819232,1.4875064171660743
A886,2022-07-10,-29.0,-53.75,2,8.0,10.683157191531167,6.599037008229653,1.6188963902169684,1.212298095922664
A886,2022-07-11,-29.0,-53.75,2,15.9,17.975956934912602,10.87581762068572,1.652837291122138,1.4619590503024182
A886,2022-07-12,-29.0,-53.75,2,14.3,15.112116701558048,8.148177317928567,1.8546622283619933,1.7549937172495593
A886,2022-07-13,-29.0,-53.75,2,7.6,9.364677185388647,4.856027894752052,1.9284644545615417,1.565065144747908
A886,2022-07-14,-29.0,-53.75,2,9.4,14.109825678178533,5.759295079174443,2.449922340183529,1.632144189657917
A886,2022-07-15,-29.0,-53.75,2,11.9,10.134252204767877,6.815105454587326,1.4870279370286774,1.7461211832004702
A886,2022-07-16,-29.0,-53.75,2,15.6,13.437967828631125,9.30226332757655,1.4445912091946786,1.6770112230379262
A886,2022-07-17,-29.0,-53.75,2,12.9,12.932189492264577,7.470549017385691,1.7310895708157978,1.726780718522658
A886,2022-07-18,-29.0,-53.75,2,6.3,7.662205262745462,3.0294778044343023,2.5292165044187325,2.0795663169337546
A886,2022-07-19,-29.0,-53.75,2,6.4,6.912134481398001,4.376332855809236,1.5794352735813249,1.4624116151276076
A886,2022-07-20,-29.0,-53.75,2,10.0,9.419791154437181,4.28679159198829,2.1973989059888295,2.3327469473181974
A886,2022-07-21,-29.0,-53.75,2,9.1,8.115799826650848,5.986503293584515,1.3556828466708122,1.5200860258027569
A886,2022-07-22,-29.0,-53.75,2,5.1,7.04437793431933,4.293784529261346,1.6405988438202241,1.18776337406883
A886,2022-07-23,-29.0,-53.75,2,6.3,5.752034967056956,3.3561719516232205,1.7138677785192058,1.8771386242450987
A886,2022-07-24,-29.0,-53.75,2,6.2,4.806629566540744,4.469209637222429,1.0754987921148444,1.387269898543681
A886,2022-07-25,-29.0,-53.75,2,5.2,5.488614091742357,3.076870487485644,1.78383006826769,1.6900288852422043
A886,2022-07-26,-29.0,-53.75,2,5.8,5.74597879518481,3.426380583309052,1.676982067659159,1.6927483269819978
A886,2022-07-27,-29.0,-53.75,2,5.2,6.068482224759232,4.131663439466012,1.4687745780047226,1.258572987898565
A886,2022-07-28,-29.0,-53.75,2,12.8,10.440301614947476,6.822828137649092,1.530201465479803,1.8760548766234106
A886,2022-07-29,-29.0,-53.75,2,12.4,10.219374173589934,6.404290321957661,1.5957075116585406,1.936202042166254
A886,2022-07-30,-29.0,-53.75,2,5.3,4.875120913207386,2.47077199708932,1.9731164668170502,2.145078544780189
A886,2022-07-31,-29.0,-53.75,2,5.5,5.41248399957566,2.9596306026327355,1.828770115689773,1.8583400222674689
A886,2022-08-01,-29.0,-53.75,2,4.1,4.954422992019672,2.8064445316023043,1.7653735665286805,1.4609232264637548
A886,2022-08-02,-29.0,-53.75,2,6.9,6.481002295849169,3.934242609972988,1.647331631104892,1.7538318512714637
A886,2022-08-03,-29.0,-53.75,2,8.7,7.0799351611794865,4.043037099306581,1.751142764035918,2.151847679431913
A886,2022-08-04,-29.0,-53.75,2,13.2,18.05373025950677,9.238405367018,1.9542041664420065,1.4288180130226018
A886,2022-08-05,-29.0,-53.75,2,8.7,7.880634233621234,5.686790636030042,1.3857788580595114,1.5298611390542562
A886,2022-08-06,-29.0,-53.75,2,10.3,9.668798019819185,5.58518156629555,1.7311519607825658,1.8441656511502846
A886,2022-08-07,-29.0,-53.75,2,9.2,11.64951167008336,5.862178970215674,1.9872323464144876,1.5693823144504788
A886,2022-08-08,-29.0,-53.75,2,9.8,12.712826548892021,7.823425041029507,1.624969432469836,1.2526482900525613
A886,2022-08-09,-29.0,-53.75,2,10.4,10.708743779142218,7.602064128452139,1.4086626471700958,1.3680494960672676
A886,2022-08-10,-29.0,-53.75,2,11.6,11.44402167043433,7.5536012821893515,1.5150417983297857,1.5356913300880282
A886,2022-08-11,-29.0,-53.75,2,8.1,10.027364115516782,5.378863410538443,1.8642161643054267,1.5058943464022934
A886,2022-08-12,-29.0,-53.75,2,8.7,7.384738899836612,4.758403644482391,1.5519362062526134,1.8283442620695045
A886,2022-08-13,-29.0,-53.75,2,8.1,8.628758705808862,4.249626810877183,2.0304744604215643,1.9060497216526278
A886,2022-08-14,-29.0,-53.75,2,8.9,8.74661342649947,5.274967520560177,1.6581359775975681,1.6872141800514557
A886,2022-08-15,-29.0,-53.75,2,12.7,11.023017678567996,9.006488182567129,1.22389742318255,1.4100945610056976
A886,2022-08-16,-29.0,-53.75,2,8.7,9.203693782248717,4.811193810587775,1.912975062861647,1.80828300469923
A886,2022-08-17,-29.0,-53.75,2,8.3,9.771577572073971,5.232362459933996,1.8675268861624765,1.586281543672856
A886,2022-08-18,-29.0,-53.75,2,14.7,17.77008038176958,8.070550473098875,2.2018424196715727,1.8214370939130742
A886,2022-08-19,-29.0,-53.75,2,9.3,10.189848611636625,4.2043285005130135,2.4236566220725275,2.212006031133203
A886,2022-08-20,-29.0,-53.75,2,10.1,9.05009213116032,4.706413914953944,1.9229273699036482,2.1460075935753804
A886,2022-08-21,-29.0,-53.75,2,6.4,6.590994759715764,3.0581488252971405,2.1552236781921037,2.0927693077128624
A886,2022-08-22,-29.0,-53.75,2,6.2,6.670208135292692,4.320031196259771,1.544018511039382,1.4351748212762636
A886,2022-08-23,-29.0,-53.75,2,7.9,7.362092463659736,4.153702368128551,1.7724169454579204,1.9019176868850483
A886,2022-08-24,-29.0,-53.75,2,6.8,6.626449274979021,3.5191311237342124,1.8829787927730235,1.9322951492595704
A886,2022-08-25,-29.0,-53.75,2,8.5,6.068917025009547,4.047508039496324,1.499420622711047,2.100057595205604
A886,2022-08-26,-29.0,-53.75,2,7.4,5.3707925633638585,3.120847397563025,1.7209404623749778,2.3711508629926716
A886,2022-08-27,-29.0,-53.75,2,10.7,11.215479739241944,6.297808965728804,1.780854230459188,1.6990035833457133
A886,2022-08-28,-29.0,-53.75,2,12.7,15.660095086039455,7.755634681612313,2.019189367334137,1.6375191098299393
A886,2022-08-29,-29.0,-53.75,2,9.3,11.175390211865338,6.253726431575209,1.7869969743864291,1.487113339823131
A886,2022-08-30,-29.0,-53.75,2,10.1,10.920203308562376,5.934066105993625,1.8402564301622069,1.7020369877239196
A886,2022-08-31,-29.0,-53.75,2,8.3,8.144204290517372,4.923181816064917,1.6542562502855134,1.685901579526503
A886,2022-09-01,-29.0,-53.75,2,10.6,10.318474868485826,5.949045806370586,1.7344756124479994,1.7817983496864152
A886,2022-09-02,-29.0,-53.75,2,11.3,11.570854617625983,5.974527856099806,1.936697743540103,1.891362844423439
A886,2022-09-03,-29.0,-53.75,2,8.9,9.153376510075626,5.272348416949448,1.7361099430852331,1.6880523243472387
A886,2022-09-04,-29.0,-53.75,2,10.6,10.224797482240419,5.23875668451944,1.9517603313119622,2.023380858920795
A886,2022-09-05,-29.0,-53.75,2,8.2,8.325004084627421,4.063768275181,2.0485922230043063,2.0178315899753834
A886,2022-09-06,-29.0,-53.75,2,5.9,7.24462354935825,3.4628710045947173,2.0920858847313997,1.7037885593115
A886,2022-09-07,-29.0,-53.75,2,7.5,6.8085019619676865,4.604668478078818,1.4786085023016386,1.6287817539318676
A886,2022-09-08,-29.0,-53.75,2,8.0,8.424010784846157,4.8241987684063865,1.7461989418874884,1.65830646373692
A886,2022-09-09,-29.0,-53.75,2,12.2,13.67069324302963,7.742698998616997,1.7656237502544647,1.5756779389434055
A886,2022-09-10,-29.0,-53.75,2,12.5,12.101519614645625,6.277751255287159,1.9276838349486456,1.9911588547686445
A886,2022-09-11,-29.0,-53.75,2,10.5,11.253801811693288,5.498764447959962,2.04660554533636,1.9095198747594095
A886,2022-09-12,-29.0,-53.75,2,8.7,8.448779007842758,4.738175030408708,1.783129359641655,1.83614998267583
A886,2022-09-13,-29.0,-53.75,2,6.9,7.858483090241646,4.187611772841211,1.8766025879495085,1.647717213126108
A886,2022-09-14,-29.0,-53.75,2,11.1,9.77928096984527,5.815084421524633,1.6817091998952067,1.9088286936838206
A886,2022-09-15,-29.0,-53.75,2,9.2,9.40121528474581,6.071758210432356,1.5483513932740038,1.515211851518193
A886,2022-09-16,-29.0,-53.75,2,9.7,9.780080346034637,5.757091676958294,1.6987883630857608,1.684878501904438
A886,2022-09-17,-29.0,-53.75,2,11.0,10.55989804678752,5.872579288632544,1.7981703656565597,1.8731122151543396
A886,2022-09-18,-29.0,-53.75,2,10.2,11.556994289139052,6.571687969566816,1.7586036255310598,1.552112645523605
A886,2022-09-19,-29.0,-53.75,2,9.7,11.687885307656288,5.8709719773005045,1.9907922151300104,1.6521966102894083
A886,2022-09-20,-29.0,-53.75,2,7.3,6.778033267010299,4.77740896015546,1.4187676465507648,1.528024931690682
A886,2022-09-21,-29.0,-53.75,2,10.4,10.825674662497283,6.168326475153411,1.7550424261919502,1.6860326770789713
A886,2022-09-22,-29.0,-53.75,2,12.8,13.638122654831268,8.639777772156792,1.5785270193849803,1.481519587372983
A886,2022-09-23,-29.0,-53.75,2,8.9,7.934864675326426,4.757579867514031,1.6678363572007915,1.8706990208974674
A886,2022-09-24,-29.0,-53.75,2,7.9,9.179860614299953,4.7744117299327975,1.9227207734824252,1.6546541117247124
A886,2022-09-25,-29.0,-53.75,2,11.3,11.707296649956316,4.8312749560880235,2.423231291194393,2.3389271160732754
A886,2022-09-26,-29.0,-53.75,2,7.7,7.035415383520242,2.7671107333374034,2.542513134280987,2.7826858922675113
A886,2022-09-27,-29.0,-53.75,2,8.1,6.891159729721526,4.08331784607161,1.6876373550864339,1.983680993090624
A886,2022-09-28,-29.0,-53.75,2,13.4,11.784645596738526,8.191130958451392,1.438707994844038,1.6359157322682327
A886,2022-09-29,-29.0,-53.75,2,12.1,14.184892475672845,7.702211268081535,1.8416649429568315,1.5709774217883619
A886,2022-09-30,-29.0,-53.75,2,8.4,9.173184210910838,5.381723390337566,1.7045068179053058,1.5608383022957846
A886,2022-10-01,-29.0,-53.75,2,5.6,7.1461982176359635,3.363498867894191,2.124632264886128,1.6649329225153062
A886,2022-10-02,-29.0,-53.75,2,7.5,8.835770878315696,4.395367577603433,2.010246179031376,1.706341931040353
A886,2022-10-03,-29.0,-53.75,2,6.6,7.172314689852543,4.709404544055975,1.522976975699647,1.401451062073285
A886,2022-10-04,-29.0,-53.75,2,8.5,7.487844352617142,4.665034965312102,1.6050992989966126,1.8220656572144964
A886,2022-10-05,-29.0,-53.75,2,10.2,9.700735336177717,4.929132782888464,1.9680409847861922,2.069329524943902
A886,2022-10-06,-29.0,-53.75,2,13.1,14.431761562566393,7.556232325418697,1.9099150133352627,1.7336682404447004
A886,2022-10-07,-29.0,-53.75,2,11.1,11.129132589722715,8.271960517215643,1.3454044620450876,1.341882613788911
A886,2022-10-08,-29.0,-53.75,2,10.4,10.080450202641345,6.41990805076942,1.5701860716577103,1.6199608962862901
A886,2022-10-09,-29.0,-53.75,2,13.5,12.69578527040646,7.781860544514408,1.6314588520037125,1.7348036401804225
A886,2022-10-10,-29.0,-53.75,2,13.0,14.241118479667017,7.3096707242396155,1.948257181057693,1.7784658831335138
A886,2022-10-11,-29.0,-53.75,2,11.4,10.223371575507505,5.527464295899247,1.8495590433921192,2.062428518707486
A886,2022-10-12,-29.0,-53.75,2,5.4,7.126109535206372,3.429933125509641,2.077623462162263,1.5743747188066923
A886,2022-10-13,-29.0,-53.75,2,6.0,6.6971543290249675,3.4351436629535397,1.9495994887348462,1.7466518401274649
A886,2022-10-14,-29.0,-53.75,2,12.4,12.247605720318129,7.802976717261969,1.5696068518599606,1.5891371266773568
A886,2022-10-15,-29.0,-53.75,2,11.6,10.351531544754291,6.813492448755301,1.5192695409305583,1.7025042718171803
A886,2022-10-16,-29.0,-53.75,2,10.0,6.762961653863615,5.222878433312089,1.294872499947291,1.9146530266182165
A886,2022-10-17,-29.0,-53.75,2,9.5,9.63892520333433,5.307336317564635,1.8161511964927295,1.789975127176271
A886,2022-10-18,-29.0,-53.75,2,12.0,11.34568557793776,6.647972275791678,1.7066385218320803,1.8050616792879108
A886,2022-10-19,-29.0,-53.75,2,7.8,7.425136233421032,4.550870859022109,1.6315857916953822,1.7139576669235705
A886,2022-10-20,-29.0,-53.75,2,15.3,9.525935227924998,4.687272096721326,2.032298324346957,3.264158701326964
A886,2022-10-21,-29.0,-53.75,2,11.4,12.486377830770138,5.978864326615748,2.0884196644478594,1.906716623297724
A886,2022-10-22,-29.0,-53.75,2,7.3,9.614917852252105,4.647333487495318,2.068910672781107,1.5707932343659585
A886,2022-10-23,-29.0,-53.75,2,8.8,9.41646565695287,4.203624559272794,2.2400824631640917,2.0934314841671675
A886,2022-10-24,-29.0,-53.75,2,8.3,8.182928695775423,4.438959300298212,1.843434044377404,1.869807636993293
A886,2022-10-25,-29.0,-53.75,2,7.8,7.136269795330698,4.535401979688338,1.573459161346727,1.7198034562166853
A886,2022-10-26,-29.0,-53.75,2,15.9,12.669729020552063,8.31288525321459,1.5241072906248385,1.9126933087223206
A886,2022-10-27,-29.0,-53.75,2,9.8,8.031196645475955,5.59011918225485,1.436677176932114,1.7530932133091013
A886,2022-10-28,-29.0,-53.75,2,6.8,6.76100897372639,2.802041625637542,2.4128867008490897,2.426801921064542
A886,2022-10-29,-29.0,-53.75,2,9.9,12.935520954841918,6.095359096322866,2.122191777453358,1.6241865070709864
A886,2022-10-30,-29.0,-53.75,2,12.8,14.867432068674384,8.102498036139108,1.8349195522617874,1.5797597164366957
A886,2022-10-31,-29.0,-53.75,2,13.2,17.806521770564107,8.290339533891975,2.1478639925142695,1.5922146428426363
A886,2022-11-01,-29.0,-53.75,2,10.4,11.45339797056486,6.020455012666171,1.9024140113111978,1.7274441845541402
A886,2022-11-02,-29.0,-53.75,2,8.5,9.739540721152984,4.218517227395966,2.3087592621175737,2.014925989823902
A886,2022-11-03,-29.0,-53.75,2,8.5,8.384569570586514,4.545788305861006,1.8444698711059786,1.869862701050272
A886,2022-11-04,-29.0,-53.75,2,9.5,10.086619156798262,5.484681304682931,1.8390529178397486,1.7320969938378572
A886,2022-11-05,-29.0,-53.75,2,9.6,9.375610003743075,6.306593810647868,1.4866360963208967,1.5222163164831768
A886,2022-11-06,-29.0,-53.75,2,11.2,11.691160472185675,7.054792825835647,1.6571940184226241,1.587573196902965
A886,2022-11-07,-29.0,-53.75,2,10.8,10.788140687533422,6.467031116273524,1.6681751631573776,1.6700089741060733
A886,2022-11-08,-29.0,-53.75,2,11.2,11.836947381708113,6.471847204352481,1.8289905506031516,1.730572376997361
A886,2022-11-09,-29.0,-53.75,2,8.5,9.264293485677587,4.984410689648072,1.8586537230806914,1.7053169430146111
A886,2022-11-10,-29.0,-53.75,2,10.5,9.250000522801225,4.9793256761541365,1.857681365792007,2.1087192690135197
A886,2022-11-11,-29.0,-53.75,2,10.0,9.152035032380141,4.634864061088317,1.974607002871006,2.1575605817556363
A886,2022-11-12,-29.0,-53.75,2,15.1,8.646878122115686,3.738446184496469,2.312960437407054,4.039111238947477
A886,2022-11-13,-29.0,-53.75,2,9.1,16.155330184142247,8.564718681188083,1.886265128547247,1.062498412234792
A886,2022-11-14,-29.0,-53.75,2,14.8,18.32580279381829,9.334653535141905,1.963201175579539,1.5854900178440325
A886,2022-11-15,-29.0,-53.75,2,10.3,10.402094525749105,5.739312305754822,1.8124287321529617,1.7946400981999473
A886,2022-11-16,-29.0,-53.75,2,8.4,6.487937629093119,3.1396626557433116,2.0664441822196684,2.6754466708816875
A886,2022-11-17,-29.0,-53.75,2,9.2,11.15680621961614,4.790667633034634,2.32886250398233,1.9204003919120325
A886,2022-11-18,-29.0,-53.75,2,8.9,9.696233812693979,5.487004114906777,1.767127126140075,1.6220144570004955
A886,2022-11-19,-29.0,-53.75,2,9.1,9.836334382472181,5.126022689905761,1.9189018421323096,1.7752555051931107
A886,2022-11-20,-29.0,-53.75,2,8.9,11.632214479553928,5.127264277984476,2.2686980520002655,1.7358184633109228
A886,2022-11-21,-29.0,-53.75,2,13.0,10.719673291583682,4.4118714130413865,2.429733844893254,2.9465953974932972
A886,2022-11-22,-29.0,-53.75,2,8.1,12.51279711131079,5.161049792024414,2.424467427275617,1.569448140670386
A886,2022-11-23,-29.0,-53.75,2,8.3,5.867380034939239,3.876333665994749,1.5136416367896817,2.141198543565017
A886,2022-11-24,-29.0,-53.75,2,10.3,6.539839625506882,4.915261586293837,1.3305171069110882,2.0955141082870257
A886,2022-11-25,-29.0,-53.75,2,11.4,10.345083136352017,6.865515787433066,1.5068180536833227,1.660472476207403
A886,2022-11-26,-29.0,-53.75,2,11.1,10.468378967561788,6.389472496085909,1.6383792205028747,1.7372326129895208
A886,2022-11-27,-29.0,-53.75,2,12.0,12.688765650359242,7.421598220796595,1.709707972981229,1.616902403362922
A886,2022-11-28,-29.0,-53.75,2,12.0,11.084415365119472,6.1641885591352,1.7981953762093468,1.9467282489625093
A886,2022-11-29,-29.0,-53.75,2,10.2,10.722912629200664,6.259394185692501,1.7130911252898426,1.6295506717430888
A886,2022-11-30,-29.0,-53.75,2,11.8,9.242234905709514,5.735917821621853,1.6112913736090169,2.057212178933119
A886,2022-12-01,-29.0,-53.75,2,8.0,7.380146830430356,3.4677538631182716,2.1282210680875675,2.306968809143289
A886,2022-12-02,-29.0,-53.75,2,12.5,7.055015951629784,4.479336923350726,1.5750134612228155,2.79059160181447
A886,2022-12-03,-29.0,-53.75,2,13.1,10.967897728001152,4.062083245098307,2.7000671985824147,3.2249462183739577
A886,2022-12-04,-29.0,-53.75,2,9.9,9.740285595396026,4.574802215512029,2.1291162189196102,2.164027980582753
A886,2022-12-05,-29.0,-53.75,2,8.3,9.467258521638174,5.370608213868607,1.7627907575143391,1.5454487963889785
A886,2022-12-06,-29.0,-53.75,2,8.1,11.830822626882997,5.612047988413553,2.108111450812345,1.4433233672846328
A886,2022-12-07,-29.0,-53.75,2,7.4,9.867043755722996,4.759880493920126,2.0729603964482584,1.5546608805519682
A886,2022-12-08,-29.0,-53.75,2,10.9,7.672385142648471,4.863428735315948,1.5775670951925733,2.2412171727426147
A886,2022-12-09,-29.0,-53.75,2,6.7,8.478155594744981,3.71407723992608,2.282708475635719,1.8039474052869584
A886,2022-12-10,-29.0,-53.75,2,8.2,7.240401565582863,4.471419678961123,1.6192623563496678,1.8338694617690559
A886,2022-12-11,-29.0,-53.75,2,8.0,7.3270163640699115,4.818388137163277,1.5206363944735128,1.6603062626477885
A886,2022-12-12,-29.0,-53.75,2,15.4,9.804285012566446,6.38594605998691,1.5352909217317352,2.4115455807704658
A886,2022-12-13,-29.0,-53.75,2,9.8,9.213408477048603,6.974883305974941,1.3209408778432263,1.40504142794833
A886,2022-12-14,-29.0,-53.75,2,7.9,8.798672268540026,4.377488297335245,2.0099819053533814,1.804687862857121
A886,2022-12-15,-29.0,-53.75,2,8.5,8.636734309103801,4.34880373555902,1.9860023202434969,1.954560499131691
A886,2022-12-16,-29.0,-53.75,2,8.7,11.26155557548649,5.632868439239375,1.9992576956061796,1.544506159489638
A886,2022-12-17,-29.0,-53.75,2,11.7,10.184102932117076,7.036122105743845,1.447402813519029,1.6628477766821101
A886,2022-12-18,-29.0,-53.75,2,12.9,10.302710552539478,6.991692355674936,1.4735646290525202,1.8450468561491378
A886,2022-12-19,-29.0,-53.75,2,9.5,8.160275309741671,5.1480136777932115,1.5851308524960486,1.845371942382318
A886,2022-12-20,-29.0,-53.75,2,7.2,8.459582022001646,5.6088707191323435,1.5082504920545377,1.2836808620744595
A886,2022-12-21,-29.0,-53.75,2,9.4,12.26374230316254,6.414039097710877,1.9120155203823714,1.4655351887946535
A886,2022-12-22,-29.0,-53.75,2,8.6,7.905941866814308,6.448945476824328,1.225927850565028,1.3335513582656187
A886,2022-12-23,-29.0,-53.75,2,8.9,9.407125737448187,5.790235040883929,1.6246535194212268,1.537070591635489
A886,2022-12-24,-29.0,-53.75,2,7.7,10.38671677631013,5.810298168185067,1.787639201234758,1.325233194083258
A886,2022-12-25,-29.0,-53.75,2,8.5,10.192782736039177,4.441270602330562,2.2950150190556964,1.9138667199291157
A886,2022-12-26,-29.0,-53.75,2,9.0,9.299440909236104,5.790970129450298,1.6058519904883095,1.5541437442804278
A886,2022-12-27,-29.0,-53.75,2,6.1,11.010807578282597,5.552766179951559,1.9829409741828266,1.0985515691303995
A886,2022-12-28,-29.0,-53.75,2,10.7,9.469592175211382,5.294484468507832,1.788576816409141,2.0209710810645984
A886,2022-12-29,-29.0,-53.75,2,8.7,7.441902723765452,3.6990178337137305,2.0118591091770837,2.351975684114341
A886,2022-12-30,-29.0,-53.75,2,5.8,5.522591475142698,2.723542360212275,2.027723730616866,2.1295795081916564
A886,2022-12-31,-29.0,-53.75,2,7.1,5.557747428884075,2.681501641686644,2.072625033109543,2.6477701484956593
A838,2021-01-01,-30.75,-51.75,3,7.0,7.195214139489686,4.0124611184217684,1.7932171620194535,1.7445651916381255
A838,2021-01-02,-30.75,-51.75,3,9.3,8.511243440027972,5.671018876936192,1.5008314422374538,1.6399169535165419
A838,2021-01-03,-30.75,-51.75,3,10.7,11.522443722553009,5.7011969709914,2.021056943161417,1.8767988642461062
A838,2021-01-04,-30.75,-51.75,3,9.4,12.023773603165683,6.0223025646296655,1.9965409366483848,1.5608647853743367
A838,2021-01-05,-30.75,-51.75,3,8.5,9.0935400738306,5.566956858277258,1.6334849191995844,1.5268665118828308
A838,2021-01-06,-30.75,-51.75,3,6.9,6.115665974187389,2.8493734545846934,2.1463195581987233,2.4215849940265906
A838,2021-01-07,-30.75,-51.75,3,8.3,8.30032862433336,3.3514303436155317,2.4766525851105543,2.4765545301609757
A838,2021-01-08,-30.75,-51.75,3,6.5,7.168080336542524,3.2265058630034806,2.2216232174671835,2.0145632073791733
A838,2021-01-09,-30.75,-51.75,3,9.8,10.762893487915075,5.458875284230911,1.971632053768643,1.7952416000983435
A838,2021-01-10,-30.75,-51.75,3,9.4,10.83154662697754,5.121845867832447,2.1147740300044258,1.835275844405302
A838,2021-01-11,-30.75,-51.75,3,9.1,14.652703976212644,6.704434642901239,2.1855241726798185,1.3573105690030438
A838,2021-01-12,-30.75,-51.75,3,19.4,8.742134014483481,5.743165129870001,1.5221805079251416,3.377928295862725
A838,2021-01-13,-30.75,-51.75,3,8.9,8.908693657705765,5.46421778760414,1.6303694332820329,1.6287784173226239
A838,2021-01-14,-30.75,-51.75,3,11.0,10.887273841146055,6.643753949752058,1.6387232163455365,1.6556904550040592
A838,2021-01-15,-30.75,-51.75,3,9.5,10.724895087368395,6.613688477395834,1.621620843501139,1.4364147982580309
A838,2021-01-16,-30.75,-51.75,3,9.5,9.451756874075397,5.259792486861275,1.7969828463167437,1.8061549051090082
A838,2021-01-17,-30.75,-51.75,3,14.3,8.934351695984455,4.740751322406087,1.8845856043446672,3.016399517185027
A838,2021-01-18,-30.75,-51.75,3,8.2,7.949477422510168,4.867208766469831,1.6332723340889064,1.6847438426084669
A838,2021-01-19,-30.75,-51.75,3,8.1,7.812980078229494,4.917689646716054,1.5887501325844877,1.6471149222295953
A838,2021-01-20,-30.75,-51.75,3,8.6,10.639225391048635,6.012365633956732,1.7695572822385006,1.4303853962953925
A838,2021-01-21,-30.75,-51.75,3,9.5,10.114771171029384,6.350957569551351,1.5926371827018706,1.4958374223040363
A838,2021-01-22,-30.75,-51.75,3,9.5,10.646179621640172,6.525049394097958,1.6315860583783262,1.4559276759794257
A838,2021-01-23,-30.75,-51.75,3,8.3,8.561181046930843,4.952389297738139,1.7286971060293896,1.6759587142696528
A838,2021-01-24,-30.75,-51.75,3,8.2,7.100391904629671,3.338482245312816,2.1268323096816,2.4562059635071263
A838,2021-01-25,-30.75,-51.75,3,6.1,9.75252567676022,3.6690048536143065,2.65808470303687,1.6625761598518847
A838,2021-01-26,-30.75,-51.75,3,10.5,11.840110293514334,4.808882647722109,2.4621333396694145,2.1834593957025925
A838,2021-01-27,-30.75,-51.75,3,12.8,10.922493804802421,4.444870804102858,2.4573253725890893,2.879723745442703
A838,2021-01-28,-30.75,-51.75,3,7.6,7.715547707214469,4.55677827835331,1.693202353923318,1.66784502904241
A838,2021-01-29,-30.75,-51.75,3,9.4,11.118326936345621,4.406886374106498,2.5229438638748376,2.133025270456596
A838,2021-01-30,-30.75,-51.75,3,7.8,7.75916160545125,2.866469297714125,2.706870648026413,2.721117580509282
A838,2021-01-31,-30.75,-51.75,3,9.4,7.448000900892157,3.440283667233295,2.1649380171263326,2.732332827530923
A838,2021-02-01,-30.75,-51.75,3,4.9,6.164770088635756,1.907261398456788,3.2322628107630256,2.5691287014798863
A838,2021-02-02,-30.75,-51.75,3,6.8,6.805558332091572,2.54507991087097,2.6740057563703736,2.6718218044764352
A838,2021-02-03,-30.75,-51.75,3,8.3,12.577625109522803,4.798718054942904,2.6210385702004855,1.729628601840988
A838,2021-02-04,-30.75,-51.75,3,15.2,14.382876116220595,8.271759456051305,1.7387928399802088,1.8375776134157598
A838,2021-02-05,-30.75,-51.75,3,11.3,11.067486987106282,6.864319602048081,1.6123210498246785,1.6461937460820535
A838,2021-02-06,-30.75,-51.75,3,5.2,5.452635476394193,4.115034621097486,1.3250521510654913,1.2636588701684246
A838,2021-02-07,-30.75,-51.75,3,5.9,5.208028239831173,3.8199858872019687,1.3633632148431591,1.5445083239094328
A838,2021-02-08,-30.75,-51.75,3,7.3,6.457211231461108,4.1358705105797196,1.5612701642721423,1.7650455886678058
A838,2021-02-09,-30.75,-51.75,3,9.6,6.598367543194415,3.699220258872078,1.7837184815824703,2.595141496907545
A838,2021-02-10,-30.75,-51.75,3,9.9,8.46689202348479,5.143207924143567,1.646227830638341,1.924868709570695
A838,2021-02-11,-30.75,-51.75,3,11.4,10.391654240161422,5.702542658466255,1.8222843497248544,1.9991082369327022
A838,2021-02-12,-30.75,-51.75,3,5.4,7.141445868714807,4.296173365295615,1.662280653384064,1.2569325166486693
A838,2021-02-13,-30.75,-51.75,3,4.8,6.3313933860451534,3.297946995268496,1.919798406441549,1.4554509235249904
A838,2021-02-14,-30.75,-51.75,3,8.1,6.541633975917151,2.528070403313053,2.587599604561762,3.2040246938474874
A838,2021-02-15,-30.75,-51.75,3,8.1,8.225404601095303,3.25628193160325,2.5260111912501,2.4874995992782223
A838,2021-02-16,-30.75,-51.75,3,7.6,9.318948437337331,4.15120523379588,2.244877791507322,1.8307936061861552
A838,2021-02-17,-30.75,-51.75,3,10.0,8.419294198324755,5.613363108709197,1.4998663074658618,1.7814632344885877
A838,2021-02-18,-30.75,-51.75,3,7.7,5.991275245828725,4.83192768389243,1.2399347916155827,1.5935668958102354
A838,2021-02-19,-30.75,-51.75,3,5.2,4.881394717768312,3.093412482103483,1.577996709462109,1.6809914714199585
A838,2021-02-20,-30.75,-51.75,3,13.7,5.480225957122938,3.454824475957388,1.5862530774748775,3.9654691852915356
A838,2021-02-21,-30.75,-51.75,3,8.0,7.220238327617322,4.431755533489729,1.6292050121121726,1.805153722840958
A838,2021-02-22,-30.75,-51.75,3,6.0,7.5695402230827975,5.075707027868364,1.4913272538233484,1.182101324417814
A838,2021-02-23,-30.75,-51.75,3,9.1,6.599748074098143,3.556412039602492,1.8557321256948087,2.558758630514907
A838,2021-02-24,-30.75,-51.75,3,6.3,7.221639400922516,3.821339959957935,1.8898186177086458,1.6486363595008044
A838,2021-02-25,-30.75,-51.75,3,7.8,7.006404689523669,3.884037439597093,1.8038973100759996,2.0082195708209047
A838,2021-02-26,-30.75,-51.75,3,8.4,9.092307228666247,5.6475427764858015,1.6099580983296171,1.487372532169986
A838,2021-02-27,-30.75,-51.75,3,10.6,10.53000699218034,6.347006992331261,1.6590507943197743,1.670078513038885
A838,2021-02-28,-30.75,-51.75,3,10.7,10.965972478549284,7.385479595061908,1.484801675693664,1.448788783758099
A838,2021-03-01,-30.75,-51.75,3,9.1,10.028007652115432,5.80945926643251,1.7261516420397351,1.566410845253788
A838,2021-03-02,-30.75,-51.75,3,7.7,10.257555877292141,5.241802925475148,1.9568755298755027,1.4689602240820656
A838,2021-03-03,-30.75,-51.75,3,6.5,8.074124882535108,3.871114561558364,2.0857364860017915,1.6791029809728353
A838,2021-03-04,-30.75,-51.75,3,5.5,7.302305541542347,2.807353296649163,2.601135222367034,1.9591406634016322
A838,2021-03-05,-30.75,-51.75,3,8.8,8.310952532007992,4.866668717749091,1.7077292525988772,1.8082184159989703
A838,2021-03-06,-30.75,-51.75,3,7.0,7.794174319029675,4.332617602425477,1.798952742717556,1.6156514703908496
A838,2021-03-07,-30.75,-51.75,3,5.9,5.524544664328734,2.803236297198145,1.9707738052088426,2.1047101901103
A838,2021-03-08,-30.75,-51.75,3,6.7,8.554761261188009,4.259089436054604,2.00858925120687,1.5731062004198078
A838,2021-03-09,-30.75,-51.75,3,9.2,9.133202297713447,4.972778321459615,1.836639742877712,1.8500724153132178
A838,2021-03-10,-30.75,-51.75,3,8.7,8.404412441659149,4.782865290492983,1.7571919615559326,1.8189933171007764
A838,2021-03-11,-30.75,-51.75,3,5.6,6.20330580510792,3.0272345249406967,2.0491659149630777,1.8498731941192113
A838,2021-03-12,-30.75,-51.75,3,5.4,4.74527456081749,2.5031141641237324,1.8957483557201928,2.157312709662359
A838,2021-03-13,-30.75,-51.75,3,5.6,4.926717023155348,2.741401493997055,1.7971526731650058,2.0427507653521455
A838,2021-03-14,-30.75,-51.75,3,8.3,7.828870865260439,5.216299784195033,1.5008475718710197,1.591166218082084
A838,2021-03-15,-30.75,-51.75,3,5.7,7.0922864455421974,3.528599543124149,2.009943706806365,1.6153717446081564
A838,2021-03-16,-30.75,-51.75,3,6.8,9.042569671685365,5.200238007047838,1.738876116714283,1.3076324565883366
A838,2021-03-17,-30.75,-51.75,3,8.9,11.232400273995182,4.968249522435545,2.260836583040381,1.7913754049206903
A838,2021-03-18,-30.75,-51.75,3,6.2,8.208583850724741,4.5894915283782955,1.788560628114997,1.3509121787595455
A838,2021-03-19,-30.75,-51.75,3,6.5,6.459564748021839,3.836283147725644,1.683808128670434,1.694348344400374
A838,2021-03-20,-30.75,-51.75,3,8.8,8.675565289770024,5.2184169658206,1.6624898597779614,1.6863351582746118
A838,2021-03-21,-30.75,-51.75,3,7.0,9.421617149680095,4.177511776680262,2.255317914906552,1.6756386036002227
A838,2021-03-22,-30.75,-51.75,3,6.2,7.588208267636945,3.922534842385646,1.9345164727770459,1.580610561569728
A838,2021-03-23,-30.75,-51.75,3,8.1,7.691526989969243,4.108513431654619,1.8720948873402221,1.9715160080997696
A838,2021-03-24,-30.75,-51.75,3,6.5,6.73789486725778,3.900669403898911,1.727368861488985,1.666380645717612
A838,2021-03-25,-30.75,-51.75,3,6.7,8.422596338142148,5.000907088142417,1.6842137215692035,1.3397569444723898
A838,2021-03-26,-30.75,-51.75,3,6.9,8.452369521313214,4.312660774593489,1.959896677036912,1.5999403525194706
A838,2021-03-27,-30.75,-51.75,3,4.5,7.354940482840664,3.8691528558477586,1.9009175281675825,1.163045288634382
A838,2021-03-28,-30.75,-51.75,3,6.2,8.103176139772861,3.2562751995407684,2.4884801324272745,1.9040159753310728
A838,2021-03-29,-30.75,-51.75,3,8.1,7.033218001508006,5.259827598171442,1.3371575151917672,1.539974428594567
A838,2021-03-30,-30.75,-51.75,3,10.6,9.96441678056774,5.461803634363777,1.8243820993261421,1.9407508415916805
A838,2021-03-31,-30.75,-51.75,3,9.2,9.48122523034545,5.058773221004419,1.8742143235396809,1.8186227367933565
A838,2021-04-01,-30.75,-51.75,3,7.5,8.130873366585764,4.089441317952447,1.9882601887185978,1.8339913491545574
A838,2021-04-02,-30.75,-51.75,3,7.6,6.86572213345763,5.0715902721294075,1.353761200148158,1.4985437687593381
A838,2021-04-03,-30.75,-51.75,3,6.5,6.052490234002865,4.486652369608464,1.348999150235267,1.4487416150244852
A838,2021-04-04,-30.75,-51.75,3,8.6,8.081355970751023,5.156072676406452,1.5673471802929202,1.6679361482534045
A838,2021-04-05,-30.75,-51.75,3,6.7,8.688212530476653,5.060550590155455,1.7168512349976843,1.3239666081066057
A838,2021-04-06,-30.75,-51.75,3,5.0,6.59293722150371,3.7692801059868106,1.7491237149056758,1.3265132490574039
A838,2021-04-07,-30.75,-51.75,3,9.3,8.998025492507892,5.439046323903762,1.654338822775414,1.7098585755977014
A838,2021-04-08,-30.75,-51.75,3,6.4,7.506396293892196,5.117311544452761,1.4668632598750486,1.250656706046692
A838,2021-04-09,-30.75,-51.75,3,7.6,7.033538079904903,4.409453640286765,1.5951042132846833,1.7235695439822654
A838,2021-04-10,-30.75,-51.75,3,5.5,6.143595678976115,3.3066015720736965,1.8579788175456622,1.6633391958834458
A838,2021-04-11,-30.75,-51.75,3,13.5,12.8061445343268,7.218980748404982,1.7739546593411113,1.8700700930644254
A838,2021-04-12,-30.75,-51.75,3,6.1,11.099640795214945,5.794557125784329,1.9155287547040174,1.052712030891287
A838,2021-04-13,-30.75,-51.75,3,7.2,6.513454618900691,3.302141045797995,1.9724943691273038,2.180403532175607
A838,2021-04-14,-30.75,-51.75,3,8.5,7.629694990897702,5.2161771101272,1.4626986066260406,1.629545895498307
A838,2021-04-15,-30.75,-51.75,3,5.5,5.08166173255842,3.1201584262913498,1.628655035506813,1.7627310054692809
A838,2021-04-16,-30.75,-51.75,3,4.0,3.9289301095092086,2.079300875469998,1.889543815356268,1.9237235203375045
A838,2021-04-17,-30.75,-51.75,3,8.3,7.3847103637764,4.708832551067344,1.56826777841198,1.7626449677253129
A838,2021-04-18,-30.75,-51.75,3,8.6,7.829417649745122,5.563146377663455,1.4073722167694445,1.5458877793562635
A838,2021-04-19,-30.75,-51.75,3,7.5,7.587634485869093,4.3547720127586595,1.7423723822139843,1.7222485994735008
A838,2021-04-20,-30.75,-51.75,3,8.1,7.9712581746311635,5.158834579731331,1.5451664618108965,1.570122064356218
A838,2021-04-21,-30.75,-51.75,3,9.3,10.009630103443014,6.942420065663562,1.4418070368500937,1.339590504757378
A838,2021-04-22,-30.75,-51.75,3,9.9,9.883038157665183,6.272766655273865,1.575546915866217,1.5782509607106965
A838,2021-04-23,-30.75,-51.75,3,7.6,7.939392128306011,5.176400912388588,1.5337668512701181,1.46820158033182
A838,2021-04-24,-30.75,-51.75,3,6.0,4.504080082940788,2.9172453235688978,1.5439497139824323,2.056734807842531
A838,2021-04-25,-30.75,-51.75,3,6.6,7.924662926589763,4.91953062832645,1.610857523878373,1.3415914034557437
A838,2021-04-26,-30.75,-51.75,3,6.6,8.238765968815992,4.958877566082414,1.6614175000341334,1.3309463506706611
A838,2021-04-27,-30.75,-51.75,3,5.9,6.871148202106702,3.633334426950949,1.891141137776543,1.6238527222365298
A838,2021-04-28,-30.75,-51.75,3,5.0,4.40669166946632,3.303039189203729,1.3341324207929397,1.5137573954141794
A838,2021-04-29,-30.75,-51.75,3,3.7,4.087887535292095,2.6159525025351456,1.56267651317464,1.4143987692491715
A838,2021-04-30,-30.75,-51.75,3,6.6,4.899560179599887,3.651627509437125,1.3417469791038799,1.8074132651655228
A838,2021-05-01,-30.75,-51.75,3,5.3,5.043527775420286,3.6328227953739307,1.38832199077884,1.4589205966085292
A838,2021-05-02,-30.75,-51.75,3,4.5,3.753320816027931,2.4921354562402356,1.506066135622654,1.8056803408226183
A838,2021-05-03,-30.75,-51.75,3,7.3,5.119155791785894,3.5216722417794704,1.4536150556700385,2.072878876516735
A838,2021-05-04,-30.75,-51.75,3,8.0,9.727547449204083,4.481000460112561,2.17084276955413,1.7853155944105934
A838,2021-05-05,-30.75,-51.75,3,8.1,7.579411779157809,5.156084666753283,1.4699936616693423,1.5709594631424975
A838,2021-05-06,-30.75,-51.75,3,7.2,10.045484912410453,5.165742125802515,1.9446353820555558,1.3937977980039908
A838,2021-05-07,-30.75,-51.75,3,5.5,6.283134128674452,3.644516907356575,1.7239964276175377,1.5091163355280566
A838,2021-05-08,-30.75,-51.75,3,4.6,5.22018774739519,2.427115805890725,2.1507781930823193,1.8952536128830697
A838,2021-05-09,-30.75,-51.75,3,7.3,5.659833948404824,3.718950983559741,1.5218899021323722,1.9629191221586135
A838,2021-05-10,-30.75,-51.75,3,7.2,6.627806042469072,3.5027019032786217,1.8921981445995362,2.0555560246964233
A838,2021-05-11,-30.75,-51.75,3,5.7,7.844410457409662,4.450695193746938,1.7625135211305345,1.2806988013936091
A838,2021-05-12,-30.75,-51.75,3,4.1,5.345040002335786,3.0208534946484797,1.7693807434900972,1.3572323210189623
A838,2021-05-13,-30.75,-51.75,3,4.0,3.880356919177258,2.4044369961590264,1.613831814007164,1.6635911052732135
A838,2021-05-14,-30.75,-51.75,3,4.3,3.956927541999795,2.4791191277918156,1.5961022193896277,1.7344870408991064
A838,2021-05-15,-30.75,-51.75,3,3.7,3.4949099949705507,2.4382316191727247,1.4333789979133933,1.5174932401440127
A838,2021-05-16,-30.75,-51.75,3,3.7,3.2614479976999102,2.266260205879224,1.4391321831619026,1.6326457087325237
A838,2021-05-17,-30.75,-51.75,3,6.2,5.286830559317086,3.3324245034107864,1.5864817204128512,1.8605072654021741
A838,2021-05-18,-30.75,-51.75,3,4.9,5.938844458844579,3.2861403328439667,1.8072400619923763,1.4911110006550847
A838,2021-05-19,-30.75,-51.75,3,3.6,5.1831762264360846,2.291016939706336,2.2623910529009303,1.5713545969945777
A838,2021-05-20,-30.75,-51.75,3,3.8,2.8784629263476544,1.8994743112677865,1.515399765752268,2.0005535097043374
A838,2021-05-21,-30.75,-51.75,3,10.7,7.980026083704251,6.820503035738639,1.170005502803803,1.5687992430958904
A838,2021-05-22,-30.75,-51.75,3,11.4,12.547441778860525,7.165998324458858,1.7509691198271453,1.5908460320301392
A838,2021-05-23,-30.75,-51.75,3,16.2,24.50038186950596,11.496164736067216,2.1311787393442856,1.4091656106123218
A838,2021-05-24,-30.75,-51.75,3,12.1,11.416969373914126,8.71360139700357,1.310246917863398,1.3886336370815566
A838,2021-05-25,-30.75,-51.75,3,8.9,7.006495934381093,5.356874766147176,1.3079446954143326,1.6614164766821953
A838,2021-05-26,-30.75,-51.75,3,4.0,3.5390541673564577,3.7891056149588445,0.9340077915444691,1.0556580909776108
A838,2021-05-27,-30.75,-51.75,3,5.0,4.936724289976943,3.974762278446283,1.2420174954228171,1.2579368650832818
A838,2021-05-28,-30.75,-51.75,3,6.0,9.872655874181444,5.055194205033429,1.952972620587216,1.1868980214500628
A838,2021-05-29,-30.75,-51.75,3,8.5,8.628348784408637,5.0828314456977255,1.6975476910043816,1.672296256684781
A838,2021-05-30,-30.75,-51.75,3,6.2,5.742377251202816,4.570304908552549,1.2564538616355625,1.3565834499133207
A838,2021-05-31,-30.75,-51.75,3,5.8,4.155737936834162,3.4333750381998263,1.2103944050962407,1.6892998683420943
A838,2021-06-01,-30.75,-51.75,3,4.8,4.577863459836474,3.891578612026568,1.1763512744388627,1.2334326191345688
A838,2021-06-02,-30.75,-51.75,3,8.5,6.839257496091594,4.498740273664176,1.5202605796402404,1.8894178109724125
A838,2021-06-03,-30.75,-51.75,3,4.3,4.158049325198397,2.6564501974890273,1.5652653037232678,1.6187015303597692
A838,2021-06-04,-30.75,-51.75,3,4.9,5.952342588939149,4.189375609595545,1.4208185523650878,1.169625370610553
A838,2021-06-05,-30.75,-51.75,3,11.3,8.11441335933174,5.877476741175591,1.3805947206026248,1.9225937417729053
A838,2021-06-06,-30.75,-51.75,3,8.1,5.753396493082414,4.289230235970291,1.3413587465726018,1.8884507369345382
A838,2021-06-07,-30.75,-51.75,3,9.1,9.891741866569197,6.206976466018903,1.5936490045875216,1.4660922350550905
A838,2021-06-08,-30.75,-51.75,3,8.8,8.637472383630127,5.75123177868309,1.5018473808767145,1.530106999446128
A838,2021-06-09,-30.75,-51.75,3,11.6,10.455008524004056,6.506278505458835,1.6069106963730795,1.7828932453886626
A838,2021-06-10,-30.75,-51.75,3,7.8,10.0857181237045,4.318065634102,2.3357028304647254,1.8063643911290652
A838,2021-06-11,-30.75,-51.75,3,10.7,8.03126014882795,5.047575052588851,1.5911125768617937,2.1198297971839124
A838,2021-06-12,-30.75,-51.75,3,6.7,5.8480832987708435,4.360420254623335,1.3411742348848474,1.5365491417704562
A838,2021-06-13,-30.75,-51.75,3,5.3,5.016683364549223,3.6576488014619906,1.3715596102457994,1.449018286797122
A838,2021-06-14,-30.75,-51.75,3,4.4,3.6734854886167954,3.4397192765188986,1.0679608402039353,1.279174155297038
A838,2021-06-15,-30.75,-51.75,3,7.4,7.330513909613328,4.734475959282267,1.5483263560017344,1.5630029730094606
A838,2021-06-16,-30.75,-51.75,3,6.6,7.385620803032363,4.384737650287147,1.6843928627174978,1.5052211845713916
A838,2021-06-17,-30.75,-51.75,3,4.0,6.235692512740131,3.1214565429468886,1.9976867936316582,1.2814530476287525
A838,2021-06-18,-30.75,-51.75,3,4.8,4.6586537507755255,2.994731148249982,1.5556166881617681,1.6028149982027453
A838,2021-06-19,-30.75,-51.75,3,4.5,3.8140738829709147,4.60417698029549,0.8283942818214891,0.9773733762317703
A838,2021-06-20,-30.75,-51.75,3,4.7,6.27455631529138,3.04344945708051,2.061659443922678,1.5443003297017357
A838,2021-06-21,-30.75,-51.75,3,5.0,6.5828261386778415,3.4969844762973135,1.8824293282673898,1.4298033159398276
A838,2021-06-22,-30.75,-51.75,3,2.9,4.476486073191175,2.762225438476926,1.6206085176231966,1.049878101766756
A838,2021-06-23,-30.75,-51.75,3,8.1,12.13399013809666,6.618271419453841,1.8334077539385645,1.2238845291522413
A838,2021-06-24,-30.75,-51.75,3,10.9,15.459066124287782,8.060786894593793,1.917811043318347,1.3522253028808404
A838,2021-06-25,-30.75,-51.75,3,10.0,12.520525159592946,6.12847431380504,2.0430085072542656,1.6317274884344275
A838,2021-06-26,-30.75,-51.75,3,8.0,6.973796721552496,4.727096482380982,1.4752812318397779,1.6923707882455779
A838,2021-06-27,-30.75,-51.75,3,7.8,11.132983595433773,6.159444851506591,1.8074654232370733,1.266347891416242
A838,2021-06-28,-30.75,-51.75,3,12.1,12.032706887588303,7.777400289185834,1.547137403268198,1.5557897948013
A838,2021-06-29,-30.75,-51.75,3,13.7,20.243669793105727,10.556648595499917,1.9176227767717104,1.297760352261799
A838,2021-06-30,-30.75,-51.75,3,10.3,10.57630586613647,7.516392820666277,1.4070986068020528,1.3703381722786245
A838,2021-07-01,-30.75,-51.75,3,5.8,4.525802676456535,3.3393141859291418,1.3553090318745376,1.7368835865877619
A838,2021-07-02,-30.75,-51.75,3,7.5,4.4067948815413,3.932157708932607,1.1207065452971199,1.907349744127097
A838,2021-07-03,-30.75,-51.75,3,3.6,4.915610905512369,2.9143088638669163,1.6867158338838457,1.2352843051862592
A838,2021-07-04,-30.75,-51.75,3,4.8,6.043236606134103,2.793085364011346,2.1636419294593225,1.7185296453332821
A838,2021-07-05,-30.75,-51.75,3,3.9,5.365633139012626,2.5615903458962754,2.0946491883873977,1.522491684217926
A838,2021-07-06,-30.75,-51.75,3,7.7,8.353833846737862,4.249103860706621,1.966022512179457,1.8121468084612784
A838,2021-07-07,-30.75,-51.75,3,7.4,8.76879202092856,5.300873089837559,1.6542165549557182,1.3959964471110866
A838,2021-07-08,-30.75,-51.75,3,4.1,3.3890166080104143,1.9127452015907302,1.771807664288974,2.1435160295214666
A838,2021-07-09,-30.75,-51.75,3,6.4,4.192373109196247,2.6358219493656967,1.590537293387791,2.4280850994279577
A838,2021-07-10,-30.75,-51.75,3,7.4,6.522772883238714,4.825440608486941,1.3517465890610114,1.5335387170624268
A838,2021-07-11,-30.75,-51.75,3,5.6,4.871986625662216,3.5197685163840524,1.3841781364268044,1.5910137197752487
A838,2021-07-12,-30.75,-51.75,3,5.7,5.488449230429809,3.3956978895634005,1.6162949146031016,1.6785945585792008
A838,2021-07-13,-30.75,-51.75,3,2.6,5.6418691227416815,3.593789360424295,1.5698942138544212,0.7234703370853753
A838,2021-07-14,-30.75,-51.75,3,6.9,6.082814729909509,3.612540207793468,1.6838054056220124,1.9100133432741795
A838,2021-07-15,-30.75,-51.75,3,9.5,9.114559011292306,5.301641322159756,1.7191957089204335,1.7918979091044842
A838,2021-07-16,-30.75,-51.75,3,4.4,5.685236132437326,3.1063786836486273,1.830181285483094,1.416440314621248
A838,2021-07-17,-30.75,-51.75,3,9.5,10.380876073741968,5.682022725194383,1.8269684187837945,1.6719398107783885
A838,2021-07-18,-30.75,-51.75,3,15.3,23.90644365741795,11.537940798737317,2.0719852939472707,1.326059846110009
A838,2021-07-19,-30.75,-51.75,3,17.2,19.560984688932262,10.53272790923698,1.8571622525041867,1.633005252600892
A838,2021-07-20,-30.75,-51.75,3,4.7,4.778326872687937,3.272931692358762,1.4599531312687601,1.436021414981859
A838,2021-07-21,-30.75,-51.75,3,4.0,5.093804095925892,3.3206034113561205,1.5339995371038915,1.2046003405045038
A838,2021-07-22,-30.75,-51.75,3,4.9,4.705839855402838,2.948131245235954,1.5962111127200531,1.6620698308184814
A838,2021-07-23,-30.75,-51.75,3,2.2,4.745984108198312,3.3871436438967764,1.4011759190520312,0.6495148217183332
A838,2021-07-24,-30.75,-51.75,3,4.2,5.316052653480301,3.515558069042352,1.512150432186833,1.1946894113298183
A838,2021-07-25,-30.75,-51.75,3,7.8,9.776086955362652,5.167266100273452,1.8919263621521833,1.509502287793389
A838,2021-07-26,-30.75,-51.75,3,7.2,9.248865562844612,4.5941582143279165,2.0131795927271168,1.5672076720268753
A838,2021-07-27,-30.75,-51.75,3,10.6,14.95371800918349,7.335391751283715,2.038571151508922,1.4450489298195928
A838,2021-07-28,-30.75,-51.75,3,12.2,13.53395674598399,8.14057145097097,1.6625315344870193,1.498666288168853
A838,2021-07-29,-30.75,-51.75,3,9.2,10.970230056272822,6.6805552517970215,1.6421135134421512,1.3771310397478211
A838,2021-07-30,-30.75,-51.75,3,4.1,4.312179080668232,2.602526008267254,1.6569206482356171,1.5753925174910182
A838,2021-07-31,-30.75,-51.75,3,6.2,5.754476449729152,2.95922965132414,1.9445859658625169,2.0951398608843155
A838,2021-08-01,-30.75,-51.75,3,5.0,4.201117660812419,2.4565430114482982,1.7101746809373293,2.0353806046539207
A838,2021-08-02,-30.75,-51.75,3,4.9,6.143564015993239,2.77072095189779,2.2173160425214378,1.7684927804237276
A838,2021-08-03,-30.75,-51.75,3,4.9,5.02511327404135,2.708731403009803,1.8551537699373597,1.8089648883441791
A838,2021-08-04,-30.75,-51.75,3,5.4,6.330004429511708,3.6628718879634303,1.7281533788590167,1.4742530356425922
A838,2021-08-05,-30.75,-51.75,3,8.9,12.583454264551664,5.718343479532738,2.2005418718883765,1.5563947901792083
A838,2021-08-06,-30.75,-51.75,3,7.1,9.16914919564123,4.682626147903048,1.958121128193699,1.516243188275769
A838,2021-08-07,-30.75,-51.75,3,5.2,7.525160892404048,4.69685193649615,1.6021711976762496,1.1071245315600047
A838,2021-08-08,-30.75,-51.75,3,3.7,6.958198172460108,3.9884075021107432,1.744605627378269,0.9276885569094652
A838,2021-08-09,-30.75,-51.75,3,6.0,8.482514519884083,3.9031550258722523,2.173245608656926,1.5372179583513104
A838,2021-08-10,-30.75,-51.75,3,6.0,9.33369542438722,4.766830099595599,1.9580507862403271,1.2586981022271002
A838,2021-08-11,-30.75,-51.75,3,6.2,6.5218193191200555,4.0187824926895415,1.6228346099804407,1.5427558001156452
A838,2021-08-12,-30.75,-51.75,3,6.5,5.488572251980965,3.732883492256674,1.4703304465210911,1.7412812410254188
A838,2021-08-13,-30.75,-51.75,3,8.7,10.972860591160664,6.50643865085118,1.6864618541704348,1.33713702178101
A838,2021-08-14,-30.75,-51.75,3,5.3,7.0302726884241995,4.880225498857728,1.44056308260135,1.086015390321723
A838,2021-08-15,-30.75,-51.75,3,3.7,5.664818591205619,3.3366732322752926,1.6977444888550723,1.108888926913875
A838,2021-08-16,-30.75,-51.75,3,3.5,2.6082648810099816,1.7703749845664918,1.4732838544082016,1.9769822950006481
A838,2021-08-17,-30.75,-51.75,3,5.2,3.8286291211999823,1.954609767770341,1.958769051669771,2.6603775780429744
A838,2021-08-18,-30.75,-51.75,3,12.8,11.555953345676262,6.10572411919644,1.8926425629589556,2.096393441648749
A838,2021-08-19,-30.75,-51.75,3,10.3,11.312581811405868,6.677345050901407,1.6941736161857814,1.5425292420090757
A838,2021-08-20,-30.75,-51.75,3,10.1,10.508735149208267,6.390551441105631,1.6444175821218565,1.5804582895670418
A838,2021-08-21,-30.75,-51.75,3,6.6,7.121982476941337,4.952345409667031,1.438102936648795,1.3327018723525885
A838,2021-08-22,-30.75,-51.75,3,9.9,9.317953869233596,7.087455072906539,1.3147108198052166,1.396834251245567
A838,2021-08-23,-30.75,-51.75,3,7.1,12.602508729787303,5.065664932113184,2.487829119903922,1.4015928994810511
A838,2021-08-24,-30.75,-51.75,3,7.1,8.850493158197384,6.330305920271975,1.3981146045177437,1.1215887651279506
A838,2021-08-25,-30.75,-51.75,3,4.7,10.366515010218011,4.403363897939533,2.3542262802919414,1.067365793274381
A838,2021-08-26,-30.75,-51.75,3,8.9,13.878056610402755,7.174288496861349,1.934415742616736,1.2405411357368226
A838,2021-08-27,-30.75,-51.75,3,5.0,4.4261038871097895,2.611934048215269,1.6945695432601526,1.9142902951230691
A838,2021-08-28,-30.75,-51.75,3,10.3,14.51740261254397,6.729648565038044,2.157230421803148,1.5305405476165117
A838,2021-08-29,-30.75,-51.75,3,6.3,6.491842653227022,4.987889267826934,1.3015210051074997,1.263059314615601
A838,2021-08-30,-30.75,-51.75,3,8.9,9.337510476329449,5.000935720872139,1.8671526685212088,1.7796669456986909
A838,2021-08-31,-30.75,-51.75,3,7.1,6.9884369601277925,4.495742837030045,1.5544565633439251,1.5792718261194774
A838,2021-09-01,-30.75,-51.75,3,5.8,6.594548171002497,4.718985675246841,1.3974503473476956,1.2290776872715583
A838,2021-09-02,-30.75,-51.75,3,4.0,4.69904334259221,3.491175646036677,1.3459773494715892,1.1457458476891476
A838,2021-09-03,-30.75,-51.75,3,8.3,10.581397222116216,6.25682208630297,1.6911775780360332,1.3265520236175203
A838,2021-09-04,-30.75,-51.75,3,7.4,7.147759571976889,4.383263848524059,1.630693432790658,1.6882396898128187
A838,2021-09-05,-30.75,-51.75,3,8.2,6.207026651886996,3.770798060819739,1.6460777139939553,2.174605976703348
A838,2021-09-06,-30.75,-51.75,3,10.1,12.194643608363286,6.462779401127325,1.886903892501132,1.5627951030230463
A838,2021-09-07,-30.75,-51.75,3,13.3,11.811457165700501,8.806094123485536,1.3412821848224141,1.5103177201489795
A838,2021-09-08,-30.75,-51.75,3,6.1,11.38760029809109,8.484693832783272,1.3421344980170682,0.7189416754710393
A838,2021-09-09,-30.75,-51.75,3,14.4,15.208715882408736,8.336782138370952,1.8242909110469563,1.7272851516321177
A838,2021-09-10,-30.75,-51.75,3,10.9,9.203550326621295,7.385872633449874,1.2461019548237728,1.475790409739128
A838,2021-09-11,-30.75,-51.75,3,4.4,5.3634330352236885,3.509979591159002,1.5280524846164911,1.253568542416257
A838,2021-09-12,-30.75,-51.75,3,6.1,7.875623341597822,3.965033062751402,1.9862692736621967,1.538448709874593
A838,2021-09-14,-30.75,-51.75,3,3.5,12.841482652495847,5.698702834047376,2.2534045073860205,0.614174857318223
A838,2021-09-15,-30.75,-51.75,3,6.2,9.987003280898762,5.18569563988571,1.9258753259801555,1.1955965854055879
A838,2021-09-16,-30.75,-51.75,3,6.7,8.102695622248415,3.812334578681908,2.12538943133629,1.757453303670027
A838,2021-09-18,-30.75,-51.75,3,4.3,5.055138409159119,3.128043037960645,1.6160706063861772,1.3746613930233589
A838,2021-09-21,-30.75,-51.75,3,13.6,15.482280871892804,7.151410279517917,2.164926953811477,1.9017228026968673
A838,2021-09-22,-30.75,-51.75,3,9.6,11.792543325598306,6.2724683678182265,1.8800482735156694,1.5304979534459096
A838,2021-09-23,-30.75,-51.75,3,11.8,10.381518968785358,6.320777439576771,1.6424433652390216,1.8668589604366943
A838,2021-09-24,-30.75,-51.75,3,7.3,6.799153787332685,4.122418959876912,1.6493116913899735,1.7708049742275505
A838,2021-09-25,-30.75,-51.75,3,4.4,4.423426531230641,2.5336272843032797,1.7458868392503262,1.736640597162638
A838,2021-09-26,-30.75,-51.75,3,5.1,5.377841410043955,3.76308992316183,1.4291025513218074,1.3552692346280337
A838,2021-09-27,-30.75,-51.75,3,6.2,4.540725594948311,2.851487870293071,1.592405719923902,2.1743034801557037
A838,2021-09-28,-30.75,-51.75,3,8.9,9.793078164550378,5.881227243638947,1.6651419438251487,1.513289596083218
A838,2021-09-29,-30.75,-51.75,3,8.7,9.701963248324862,6.036874847494705,1.607116843303645,1.4411430118698731
A838,2021-09-30,-30.75,-51.75,3,11.6,16.149208997445083,8.609897924996694,1.875656266558036,1.3472865881861722
A838,2021-10-01,-30.75,-51.75,3,11.5,10.64442318635398,6.856115504809772,1.5525443203059512,1.677334635324099
A838,2021-10-02,-30.75,-51.75,3,6.3,5.938034991510071,3.4293948482936716,1.7315110257614688,1.8370588044519358
A838,2021-10-03,-30.75,-51.75,3,8.9,6.903854871831556,5.468745327845348,1.2624202550956294,1.6274299618019596
A838,2021-10-04,-30.75,-51.75,3,7.5,7.93903742269007,4.680859610522652,1.6960639889397622,1.6022698017133161
A838,2021-10-05,-30.75,-51.75,3,6.5,6.698363133743949,3.6344587760482105,1.8430153006239782,1.7884368486544029
A838,2021-10-06,-30.75,-51.75,3,8.5,10.350503052855077,6.874358588474259,1.505668189932515,1.2364789951823778
A838,2021-10-07,-30.75,-51.75,3,12.0,13.738779691684961,7.207684169262085,1.906129537456068,1.6648898201138227
A838,2021-10-08,-30.75,-51.75,3,9.0,11.034816564760236,5.590371438230806,1.9738968486595665,1.6099109154808227
A838,2021-10-09,-30.75,-51.75,3,9.2,14.25577830640052,7.988917936365749,1.7844442038273882,1.1515952564891643
A838,2021-10-10,-30.75,-51.75,3,11.8,13.283932932382507,7.61100052814569,1.7453596124790896,1.550387489314089
A838,2021-10-11,-30.75,-51.75,3,9.9,11.747293256861893,6.778584509657925,1.7330009296372568,1.4604819023639486
A838,2021-10-12,-30.75,-51.75,3,6.1,9.334280171210724,4.163952501474141,2.2416874755190315,1.4649542706936378
A838,2021-10-13,-30.75,-51.75,3,8.8,8.776385413329772,4.993439367167501,1.757583254346818,1.7623123768881865
A838,2021-10-14,-30.75,-51.75,3,6.6,14.39628498004234,5.8788833681877914,2.4488128235277613,1.1226621769219582
A838,2021-10-15,-30.75,-51.75,3,12.4,13.270673673581694,6.777783815408081,1.9579665027694138,1.8295065670006787
A838,2021-10-16,-30.75,-51.75,3,7.0,11.507471395177385,6.862990489127073,1.6767430194473516,1.0199635291772573
A838,2021-10-17,-30.75,-51.75,3,5.4,7.546115569629065,3.5087970074766197,2.150627566527685,1.5389890006442564
A838,2021-10-18,-30.75,-51.75,3,5.9,9.029590313820405,4.5461112824322525,1.9862228953157983,1.2978124892805951
A838,2021-10-19,-30.75,-51.75,3,6.0,8.43086864939005,4.065708341362111,2.073653086134925,1.4757576038988214
A838,2021-10-20,-30.75,-51.75,3,6.6,11.121773917940802,5.3126273020969705,2.093460219494576,1.2423231716997887
A838,2021-10-21,-30.75,-51.75,3,7.1,6.947614607723324,4.295139282792561,1.6175528080212127,1.653031376291902
A838,2021-10-22,-30.75,-51.75,3,5.2,6.004531303600707,4.068973662480617,1.4756869426232888,1.2779635434724987
A838,2021-10-23,-30.75,-51.75,3,9.3,11.16434821562159,5.632918816157035,1.9819828014560807,1.6510090600497542
A838,2021-10-24,-30.75,-51.75,3,7.3,12.261669487961584,5.955244515932318,2.058969947440012,1.2258102888084612
A838,2021-10-25,-30.75,-51.75,3,8.6,12.180815607078333,5.58209727547644,2.182121701925856,1.5406395796400696
A838,2021-10-26,-30.75,-51.75,3,6.4,6.952080778261886,3.380775115536349,2.0563570603420516,1.8930570006235572
A838,2021-10-27,-30.75,-51.75,3,7.9,5.899870593852293,3.174243801552901,1.8586696431338898,2.488781736341477
A838,2021-10-28,-30.75,-51.75,3,10.6,12.046454138164878,6.526627210280885,1.845739575747339,1.6241160492976603
A838,2021-10-29,-30.75,-51.75,3,10.8,10.455386256799706,7.207031899028325,1.4507201304616584,1.4985364504153353
A838,2021-10-30,-30.75,-51.75,3,12.9,14.284012582994741,7.38549283977861,1.934063561210212,1.7466674573861878
A838,2021-10-31,-30.75,-51.75,3,10.4,9.94976916341105,5.7621509410112,1.7267456658580633,1.8048815635806488
A838,2021-11-01,-30.75,-51.75,3,7.5,8.949534617914692,5.228290418728199,1.711751624557172,1.4345033269640752
A838,2021-11-02,-30.75,-51.75,3,7.9,7.944937351331715,4.507609755483975,1.7625610428378087,1.7525918232803606
A838,2021-11-03,-30.75,-51.75,3,7.9,8.093104033453365,4.0608905434187035,1.9929382353261116,1.9453860958658842
A838,2021-11-04,-30.75,-51.75,3,6.1,9.851641997993264,4.297380714486252,2.2924759644366346,1.419469301250692
A838,2021-11-05,-30.75,-51.75,3,5.9,7.36118001714388,3.7246059979124415,1.9763647540893339,1.5840601672517358
A838,2021-11-06,-30.75,-51.75,3,9.3,9.436184559447186,6.036046983920703,1.563305352755543,1.5407434741270358
A838,2021-11-07,-30.75,-51.75,3,6.2,8.092853308541503,4.340114782177855,1.864663428205587,1.4285336474186199
A838,2021-11-08,-30.75,-51.75,3,5.5,6.883234261023822,3.758967996494911,1.8311500037888497,1.4631675516068592
A838,2021-11-09,-30.75,-51.75,3,5.7,7.530175991263351,4.080401620165689,1.8454497111383807,1.3969213157425777
A838,2021-11-10,-30.75,-51.75,3,7.3,10.471857890762942,6.159711628603038,1.700056515979768,1.1851204147450598
A838,2021-11-11,-30.75,-51.75,3,9.9,12.83388394450406,6.397305738934102,2.006138907258542,1.5475264750515905
A838,2021-11-12,-30.75,-51.75,3,11.1,11.310678817797319,6.4320813209797985,1.7584788272040013,1.7257244499995124
A838,2021-11-13,-30.75,-51.75,3,11.6,14.954702498198781,7.577354555685714,1.973604691227947,1.530877289000007
A838,2021-11-14,-30.75,-51.75,3,7.4,12.952089181926752,6.132472082522298,2.112050247866686,1.2066911843088841
A838,2021-11-15,-30.75,-51.75,3,8.5,12.394451899625215,5.962644051046547,2.0786838512437744,1.4255420795256266
A838,2021-11-16,-30.75,-51.75,3,12.8,9.798498602856068,4.446129200544889,2.203826780754645,2.878908691729272
A838,2021-11-17,-30.75,-51.75,3,7.4,10.759901718045665,6.493045407097627,1.657142533807616,1.139680925673332
A838,2021-11-18,-30.75,-51.75,3,5.0,7.121513819737569,4.265849714562968,1.669424451458239,1.1720994255683115
A838,2021-11-19,-30.75,-51.75,3,6.7,8.297226285072172,3.6531710301031133,2.2712394839170664,1.834023084271225
A838,2021-11-20,-30.75,-51.75,3,7.0,8.254977832475925,3.9554496761333415,2.086988461080763,1.769710291660913
A838,2021-11-21,-30.75,-51.75,3,6.9,8.50972685143456,3.733815075633605,2.279097030532642,1.8479758263949677
A838,2021-11-22,-30.75,-51.75,3,6.9,10.974322473596658,4.080931383723649,2.689171035162843,1.6907904963851879
A838,2021-11-23,-30.75,-51.75,3,9.5,13.927443893341756,8.139231331543971,1.7111497788943897,1.1671863856703895
A838,2021-11-24,-30.75,-51.75,3,9.0,11.185163032275856,4.839404788524679,2.3112683317581535,1.8597328376706637
A838,2021-11-25,-30.75,-51.75,3,15.0,10.066532858405585,4.245960520616781,2.3708493777853805,3.5327695411122324
A838,2021-11-26,-30.75,-51.75,3,11.6,12.035794291891307,9.000631669203575,1.3372166237035117,1.2887984339688496
A838,2021-11-27,-30.75,-51.75,3,9.8,10.127623209306192,6.797376726838855,1.4899311331852694,1.4417326556737025
A838,2021-11-28,-30.75,-51.75,3,3.0,6.4542009659097115,3.4367342412976254,1.878004091312212,0.8729217301560317
A838,2021-11-29,-30.75,-51.75,3,15.0,13.259171569074947,10.462652007962609,1.2672859193810562,1.4336709267004426
A838,2021-11-30,-30.75,-51.75,3,10.4,10.212255719103087,7.556237323203016,1.3515001292699222,1.3763463950589023
A838,2021-12-01,-30.75,-51.75,3,7.7,7.829153562744845,4.946685170400374,1.5827070640339882,1.556597950901488
A838,2021-12-02,-30.75,-51.75,3,7.9,9.434522151012565,5.0396138865867615,1.872072417318144,1.5675804094885781
A838,2021-12-03,-30.75,-51.75,3,10.9,12.43605034435774,6.018859703924516,2.0661804654208806,1.810974260272723
A838,2021-12-04,-30.75,-51.75,3,9.8,10.383754128766647,6.583265861052328,1.577295273793912,1.4886228517639544
A838,2021-12-05,-30.75,-51.75,3,9.2,9.030071338876056,6.235151923548942,1.4482520152831004,1.4755053465904189
A838,2021-12-06,-30.75,-51.75,3,8.8,12.101516966287782,6.6114631827975865,1.8303840816621058,1.3310215540331198
A838,2021-12-07,-30.75,-51.75,3,10.7,11.977969608941017,6.493807440022886,1.8445218340041822,1.647723634990059
A838,2021-12-08,-30.75,-51.75,3,8.7,10.296086729784822,5.76492376367141,1.7859883585394938,1.5091266349131
A838,2021-12-09,-30.75,-51.75,3,8.6,9.820134375942096,5.5541311410148255,1.7680775132269935,1.5483970006564602
A838,2021-12-10,-30.75,-51.75,3,8.8,9.567708219769278,4.819745628669589,1.9851064676229158,1.8258224972816863
A838,2021-12-11,-30.75,-51.75,3,8.6,10.28652500081278,5.178313682224616,1.9864623180559555,1.6607723146476943
A838,2021-12-12,-30.75,-51.75,3,8.7,10.347349598632327,5.176570139561984,1.9988813673271062,1.6806494967604457
A838,2021-12-13,-30.75,-51.75,3,8.0,9.04731252195938,4.642115114119579,1.9489634142076395,1.7233523519627918
A838,2021-12-14,-30.75,-51.75,3,11.3,10.230969894593034,6.9872097034249565,1.4642425701890796,1.6172407126210941
A838,2021-12-15,-30.75,-51.75,3,8.0,11.277574225495732,6.564926231018465,1.7178523914268202,1.218597089819683
A838,2021-12-16,-30.75,-51.75,3,11.3,8.832694562519091,5.6447169837827165,1.5647719075899535,2.001871844499011
A838,2021-12-17,-30.75,-51.75,3,10.5,9.924097308934554,6.564762612490405,1.5117221893222053,1.599448543656741
A838,2021-12-18,-30.75,-51.75,3,10.6,10.135479214683533,6.532491830860144,1.5515487010335807,1.6226579802097174
A838,2021-12-19,-30.75,-51.75,3,8.5,10.929908045340909,6.136964878214437,1.7809956977496975,1.385049477824793
A838,2021-12-20,-30.75,-51.75,3,8.9,8.659068982789854,4.438517470349641,1.9508921707832643,2.005174038280604
A838,2021-12-21,-30.75,-51.75,3,7.0,9.194253357246073,4.442977278702735,2.0693901365011302,1.575520098550643
A838,2021-12-22,-30.75,-51.75,3,8.6,8.991237749128075,5.281291908093123,1.7024693778713087,1.628389445169892
A838,2021-12-23,-30.75,-51.75,3,7.8,9.287250396380763,4.858163937224051,1.9116790862532087,1.6055448315021068
A838,2021-12-24,-30.75,-51.75,3,8.6,9.573009023340921,4.717900181823554,2.0290825694495256,1.8228448395607946
A838,2021-12-25,-30.75,-51.75,3,6.6,8.022365759163998,4.388984825257786,1.8278408512594493,1.503764597685149
A838,2021-12-26,-30.75,-51.75,3,7.8,7.088752612050375,4.414824063614632,1.6056704661173897,1.766774822191614
A838,2021-12-27,-30.75,-51.75,3,7.5,8.275881155802937,4.514221130777315,1.8332910409237955,1.6614161740695579
A838,2021-12-28,-30.75,-51.75,3,8.0,7.4135916479958555,4.754314896696358,1.5593396333817424,1.682681979176217
A838,2021-12-29,-30.75,-51.75,3,9.6,12.272709776253125,6.349745805944381,1.9327875715534784,1.5118715446865383
A838,2021-12-30,-30.75,-51.75,3,10.6,11.936460999407492,6.058135206931731,1.970319346083555,1.7497133421306703
A838,2021-12-31,-30.75,-51.75,3,10.0,10.916256674431686,4.577449740876384,2.384790067043247,2.184622566295055
A838,2022-01-01,-30.75,-51.75,3,6.6,8.52996647405785,5.114321352477649,1.6678589173762968,1.2904938006687063
A838,2022-01-02,-30.75,-51.75,3,8.6,8.003410904394082,4.987816250229069,1.604592170777446,1.7242014477989318
A838,2022-01-03,-30.75,-51.75,3,6.3,8.884151492089948,4.067022464092019,2.1844362971998916,1.549044800126646
A838,2022-01-04,-30.75,-51.75,3,5.9,10.555508442975531,4.283580275851517,2.464178972548201,1.3773524995576651
A838,2022-01-05,-30.75,-51.75,3,12.4,13.976980839446535,7.831086778488772,1.7848072987570425,1.5834328428158382
A838,2022-01-06,-30.75,-51.75,3,8.8,10.447653341907271,5.530878631822438,1.888968107489414,1.591067276249448
A838,2022-01-07,-30.75,-51.75,3,8.6,10.888041278322765,5.817953634897165,1.8714554913284758,1.4781829728610425
A838,2022-01-08,-30.75,-51.75,3,10.6,11.609701050194765,6.671968051711128,1.7400714392235856,1.5887366243130416
A838,2022-01-09,-30.75,-51.75,3,10.4,11.396807763237105,7.1808188246288,1.587118132565647,1.4483027986070391
A838,2022-01-10,-30.75,-51.75,3,6.9,9.35455273230299,5.19860159580856,1.7994363599328749,1.3272800142182881
A838,2022-01-11,-30.75,-51.75,3,5.6,8.481067188758457,4.006105954558127,2.1170351670576117,1.3978661731670747
A838,2022-01-12,-30.75,-51.75,3,6.2,8.177502556115858,3.928530894040998,2.081567582558641,1.5781981018411961
A838,2022-01-13,-30.75,-51.75,3,8.3,10.322844382025497,5.685651359937958,1.8155957389089965,1.4598151512565785
A838,2022-01-14,-30.75,-51.75,3,7.4,11.896647364240085,5.750902732913512,2.0686573772415424,1.2867545051055012
A838,2022-01-15,-30.75,-51.75,3,11.1,9.416163792366964,3.9768357777012597,2.3677527357717074,2.7911637845946355
A838,2022-01-16,-30.75,-51.75,3,14.9,13.887777524418958,5.535905249443594,2.5086732699796115,2.691520054736771
A838,2022-01-17,-30.75,-51.75,3,11.8,12.60158824790888,5.306943835015602,2.374547129133473,2.2235019564636698
A838,2022-01-18,-30.75,-51.75,3,8.5,5.5441245601198075,3.827240358286896,1.448595865717042,2.220921396168771
A838,2022-01-19,-30.75,-51.75,3,6.6,8.62108973179701,4.1340371420633195,2.0853924228397664,1.5965023470267867
A838,2022-01-20,-30.75,-51.75,3,6.0,9.860617122507401,4.415130003221627,2.233369598474409,1.3589633817400455
A838,2022-01-21,-30.75,-51.75,3,7.9,10.930534501185,5.5369663926910455,1.9741016516938987,1.4267740563547988
A838,2022-01-22,-30.75,-51.75,3,8.3,8.889086823077267,4.463016834629078,1.9917215534805484,1.8597285888772173
A838,2022-01-23,-30.75,-51.75,3,14.5,6.373906084104693,3.4069285463674674,1.8708657952045027,4.25603290549201
A838,2022-01-24,-30.75,-51.75,3,6.4,9.174993094863522,4.140381439261129,2.2159777376697067,1.5457513018757303
A838,2022-01-25,-30.75,-51.75,3,8.6,6.1609388722538885,3.7381870878003913,1.6481087563434613,2.300580414518626
A838,2022-01-26,-30.75,-51.75,3,15.2,9.636626406055946,3.688674824029357,2.6124900854039748,4.120721051631259
A838,2022-01-27,-30.75,-51.75,3,14.3,10.751869681436364,7.105835402968833,1.5131042406279507,2.012430515070111
A838,2022-01-28,-30.75,-51.75,3,9.4,7.894925964977478,5.529658100971663,1.4277421534597579,1.6999242680751359
A838,2022-01-29,-30.75,-51.75,3,8.9,9.160009567008679,5.281729883275634,1.7342820949654103,1.6850539873652872
A838,2022-01-30,-30.75,-51.75,3,9.4,10.667803882437195,6.096178100206293,1.7499167030694525,1.5419497011876846
A838,2022-01-31,-30.75,-51.75,3,10.1,8.94661284292471,5.279090367879779,1.6947262159707834,1.9132083931452804
A838,2022-02-01,-30.75,-51.75,3,9.9,7.780861850712889,5.117972150938361,1.5203017174070197,1.9343598808338323
A838,2022-02-02,-30.75,-51.75,3,7.7,9.686758950228091,5.477155955311381,1.768574608658809,1.4058391002237307
A838,2022-02-03,-30.75,-51.75,3,10.8,11.28806093667924,4.966452423728745,2.272861989525376,2.1745904477811364
A838,2022-02-04,-30.75,-51.75,3,9.4,7.657001816418344,2.666163712535224,2.8719173471674737,3.5256649679106347
A838,2022-02-05,-30.75,-51.75,3,5.6,9.130245810201352,4.191214909084564,2.17842463539899,1.336128096858469
A838,2022-02-06,-30.75,-51.75,3,8.6,6.691581123791407,6.03326958996817,1.109113561727433,1.4254294245859103
A838,2022-02-07,-30.75,-51.75,3,11.1,9.289422141579728,5.998902883968632,1.5485201746480386,1.8503383393092518
A838,2022-02-08,-30.75,-51.75,3,7.9,7.631359212584728,4.773180750623924,1.5987995450595913,1.6550808386980433
A838,2022-02-09,-30.75,-51.75,3,7.4,6.047633616511376,4.265373326591272,1.4178439150470379,1.7349008945751077
A838,2022-02-10,-30.75,-51.75,3,9.5,9.176073515750494,5.592276787424782,1.6408475232099577,1.6987714237182288
A838,2022-02-11,-30.75,-51.75,3,8.1,7.746761150302614,5.877323994870498,1.3180762464454383,1.3781782333370372
A838,2022-02-12,-30.75,-51.75,3,6.0,6.396556028365221,4.320020561271819,1.4806772184626056,1.3888822784291548
A838,2022-02-13,-30.75,-51.75,3,6.3,5.63586149554502,4.103141030328072,1.373548082770725,1.5354090813437808
A838,2022-02-14,-30.75,-51.75,3,8.9,7.6068501158121755,4.898424432068221,1.5529177230974245,1.8169107482264921
A838,2022-02-15,-30.75,-51.75,3,5.2,7.656985734432833,3.709689016165967,2.064050571642383,1.401734748476113
A838,2022-02-16,-30.75,-51.75,3,7.0,7.706025601370526,4.809845254175091,1.6021358680264117,1.4553482763138355
A838,2022-02-17,-30.75,-51.75,3,6.6,8.134723932217106,4.290904313496375,1.8958064169901419,1.5381373057517786
A838,2022-02-18,-30.75,-51.75,3,7.4,8.15957307879824,4.566351803815193,1.7868910301613001,1.620549689977301
A838,2022-02-19,-30.75,-51.75,3,7.9,6.888918259912813,4.0156641007465135,1.7155115784291224,1.967296019239106
A838,2022-02-20,-30.75,-51.75,3,11.1,5.870989387848815,3.6641755089814745,1.6022675151498857,3.029330874788105
A838,2022-02-21,-30.75,-51.75,3,9.0,7.687518309898126,4.648157791379496,1.6538849701177203,1.9362509630571192
A838,2022-02-22,-30.75,-51.75,3,5.9,5.652570000869266,3.5542747437389397,1.5903582048142437,1.6599729692796517
A838,2022-02-23,-30.75,-51.75,3,6.9,6.546110484295124,3.8725923944488496,1.6903690906583964,1.7817521952196091
A838,2022-02-24,-30.75,-51.75,3,7.4,8.570627212050193,4.916085975714398,1.7433843212647886,1.5052625272536337
A838,2022-02-25,-30.75,-51.75,3,6.5,7.7148719863242485,4.866094001470847,1.585434227943874,1.3357736200811743
A838,2022-02-26,-30.75,-51.75,3,6.6,6.8561425970217975,4.040974714774788,1.6966556538832251,1.633269313927848
A838,2022-02-27,-30.75,-51.75,3,14.5,9.25945813552068,4.508270237565212,2.0538826750814847,3.216311187199602
A838,2022-02-28,-30.75,-51.75,3,8.4,9.852785055908786,3.6592201119517034,2.6925915234581628,2.2955711170705517
A838,2022-03-01,-30.75,-51.75,3,6.0,7.506267569333591,4.851051992663999,1.5473484062188863,1.2368451232997497
A838,2022-03-02,-30.75,-51.75,3,4.3,5.813212712259303,3.063891880222905,1.8973295858718024,1.4034437793826997
A838,2022-03-03,-30.75,-51.75,3,4.7,5.221113056996968,3.502189466461773,1.4908139913606118,1.3420176278322151
A838,2022-03-04,-30.75,-51.75,3,3.3,7.010273320037838,3.3769702037042393,2.0759061813302897,0.9772073192651182
A838,2022-03-05,-30.75,-51.75,3,6.6,9.151731581821426,4.073638243438874,2.2465744464574104,1.6201733206501978
A838,2022-03-06,-30.75,-51.75,3,9.8,9.060417674069617,3.356860518093617,2.699074812680953,2.91939446014441
A838,2022-03-07,-30.75,-51.75,3,13.1,11.140511231827949,5.566506971673551,2.0013468569282313,2.353360925740749
A838,2022-03-08,-30.75,-51.75,3,5.5,7.406083150529388,4.501109295418246,1.6453906502710705,1.2219210063613744
A838,2022-03-09,-30.75,-51.75,3,7.3,9.389907098580917,5.613287974266805,1.6727998174380865,1.3004855680780407
A838,2022-03-10,-30.75,-51.75,3,11.0,8.252130826872376,3.8811703757054428,2.1261964892155674,2.8341966301854598
A838,2022-03-11,-30.75,-51.75,3,8.6,9.483841092654805,5.392266114931695,1.758785803688945,1.5948767766089635
A838,2022-03-12,-30.75,-51.75,3,6.6,8.739774083293614,4.992360091476707,1.7506297468835923,1.322020022407431
A838,2022-03-13,-30.75,-51.75,3,5.7,7.348999721928917,3.852291161601637,1.9076958136449582,1.479638937164385
A838,2022-03-14,-30.75,-51.75,3,0.5,6.557208657666475,3.403574915034518,1.9265651032687714,0.14690436158503922
A838,2022-03-15,-30.75,-51.75,3,4.4,7.213631789421125,4.451950158384267,1.6203307613037492,0.988330920936653
A838,2022-03-16,-30.75,-51.75,3,7.1,8.104641492840143,5.1467033924363434,1.5747248043768793,1.3795238347005276
A838,2022-03-17,-30.75,-51.75,3,5.1,7.27051195075372,4.219493088496028,1.7230771086166607,1.2086759933093798
A838,2022-03-18,-30.75,-51.75,3,10.5,5.4286031911346155,3.021925795059724,1.7964051930094886,3.474605503935772
A838,2022-03-19,-30.75,-51.75,3,8.6,11.060849379779915,6.541528849462717,1.690866100925075,1.3146773786232486
A838,2022-03-20,-30.75,-51.75,3,9.7,9.540660596671042,6.474539765049223,1.4735658352387166,1.498175986556205
A838,2022-03-21,-30.75,-51.75,3,11.1,11.278743760030403,6.677081299374889,1.6891727469435371,1.6624030024973915
A838,2022-03-22,-30.75,-51.75,3,7.9,9.246280397441861,5.979888265712973,1.546229626138247,1.3210949183275575
A838,2022-03-23,-30.75,-51.75,3,4.9,9.380519064686366,5.415959783112984,1.7320141656027277,0.9047334537598024
A838,2022-03-24,-30.75,-51.75,3,7.8,9.013493292593617,6.101879619988762,1.4771666853385446,1.278294638007684
A838,2022-03-25,-30.75,-51.75,3,9.7,10.551256887105088,6.671356900813077,1.5815758389150407,1.4539770760604644
A838,2022-03-26,-30.75,-51.75,3,9.7,7.187397779660196,6.699457805541672,1.0728327557664306,1.4478783629290615
A838,2022-03-27,-30.75,-51.75,3,5.9,4.511109422880549,4.83744834046036,0.9325390382259349,1.2196512675189668
A838,2022-03-28,-30.75,-51.75,3,5.5,5.7408022103889795,3.1526505621281298,1.820944661406995,1.7445637858092784
A838,2022-03-29,-30.75,-51.75,3,6.7,8.889063533124624,4.839533023946751,1.83676059015202,1.3844310942496671
A838,2022-03-30,-30.75,-51.75,3,9.7,8.571677876843278,6.05488001425076,1.4156643660434203,1.6020135786621845
A838,2022-03-31,-30.75,-51.75,3,5.7,8.69712927729248,4.5130526246266385,1.9271056645416333,1.2630032206796076
A838,2022-04-01,-30.75,-51.75,3,5.4,6.265759778075295,3.5910747292768574,1.7448146447615265,1.5037281056769904
A838,2022-04-02,-30.75,-51.75,3,9.7,7.673356994396668,4.920982210091987,1.559314109825492,1.9711512023163114
A838,2022-04-03,-30.75,-51.75,3,8.3,7.384247006403897,5.430900705447673,1.359672622811322,1.5282916131525601
A838,2022-04-04,-30.75,-51.75,3,8.3,5.60482169570495,4.060623110574568,1.3802861144904142,2.0440212681608787
A838,2022-04-05,-30.75,-51.75,3,4.3,6.855587450611201,2.7824618080497707,2.463856801476203,1.5453940778485915
A838,2022-04-06,-30.75,-51.75,3,4.8,5.241110950850551,3.3228900076077084,1.577274883866485,1.4445256957077934
A838,2022-04-07,-30.75,-51.75,3,5.0,5.338899029972037,3.135285259268882,1.7028431509345392,1.5947512224664213
A838,2022-04-08,-30.75,-51.75,3,5.6,5.391455337387329,3.4938380428960523,1.5431325869124537,1.6028218627324076
A838,2022-04-09,-30.75,-51.75,3,4.7,6.123180840507151,3.7923984218195526,1.6145932361108075,1.2393212624914525
A838,2022-04-10,-30.75,-51.75,3,6.9,8.946478205397566,5.41057300221274,1.653517696136576,1.2752808246332017
A838,2022-04-11,-30.75,-51.75,3,6.1,11.108507249880915,5.2130979200265255,2.1308840578663815,1.1701295647193524
A838,2022-04-12,-30.75,-51.75,3,5.8,8.339907727136818,4.17723973230271,1.9965116348587995,1.3884766907554862
A838,2022-04-13,-30.75,-51.75,3,5.1,9.259812337461364,4.124165957858724,2.245256963972681,1.2366136697971122
A838,2022-04-14,-30.75,-51.75,3,6.7,10.20355649855234,5.124261888722329,1.9912246329581078,1.3075053823352814
A838,2022-04-15,-30.75,-51.75,3,6.2,7.742510748525031,4.55348548805557,1.7003481769810664,1.3615943251084182
A838,2022-04-16,-30.75,-51.75,3,5.2,5.7437151486477935,3.0381508811148303,1.8905299221150509,1.7115673985526
A838,2022-04-17,-30.75,-51.75,3,5.4,5.544623468223478,3.7406182936822,1.4822745955095693,1.4436116107116435
A838,2022-04-18,-30.75,-51.75,3,6.6,5.5798546080340685,3.7192268358885583,1.5002727325452276,1.7745623731022573
A838,2022-04-19,-30.75,-51.75,3,4.0,4.341458301605205,3.769795628897208,1.151642881732352,1.0610654777511466
A838,2022-04-20,-30.75,-51.75,3,5.7,5.19817531527857,3.3350469437465766,1.5586513182447033,1.7091213695470944
A838,2022-04-21,-30.75,-51.75,3,3.4,4.2206506721717085,2.716069863346155,1.553955120643301,1.2518087424346491
A838,2022-04-22,-30.75,-51.75,3,3.3,5.90089997214773,3.044219602361659,1.938394972415887,1.0840216643503349
A838,2022-04-23,-30.75,-51.75,3,7.1,10.160735652635301,5.907194559557201,1.7200611136459576,1.2019241838772634
A838,2022-04-24,-30.75,-51.75,3,5.5,6.537154264774236,3.9532138750921533,1.653630304690218,1.391273068895568
A838,2022-04-25,-30.75,-51.75,3,11.6,11.771518061966528,6.052616069644737,1.9448644894235738,1.916526650050822
A838,2022-04-26,-30.75,-51.75,3,9.8,9.719350572630276,5.033082262815145,1.931093128446895,1.9471169927825864
A838,2022-04-27,-30.75,-51.75,3,12.4,11.484329537496869,7.02525459884122,1.63472076006913,1.7650605861380908
A838,2022-04-28,-30.75,-51.75,3,12.4,11.664004768183197,5.755095741597726,2.026726451112878,2.154612287398284
A838,2022-04-29,-30.75,-51.75,3,4.7,6.05690833986571,3.650589981275087,1.6591587581550689,1.287463129003157
A838,2022-04-30,-30.75,-51.75,3,5.0,5.114401217622042,3.30571997614951,1.5471368580890137,1.5125298077497722
A838,2022-05-01,-30.75,-51.75,3,4.1,5.416695688593246,2.8749056919599574,1.8841298703264358,1.4261337376965706
A838,2022-05-02,-30.75,-51.75,3,2.6,7.200450282408651,4.738198842176617,1.5196597952611322,0.5487317199219992
A838,2022-05-03,-30.75,-51.75,3,10.0,7.260969940746709,5.6361533480223285,1.2882846672889965,1.7742597446375201
A838,2022-05-04,-30.75,-51.75,3,9.5,12.259299678102,6.7591673164434685,1.813729281161305,1.4054985703473752
A838,2022-05-05,-30.75,-51.75,3,4.8,7.650810338053093,3.3978115355521976,2.251687669548663,1.4126739961226027
A838,2022-05-06,-30.75,-51.75,3,3.0,4.21696744625098,2.2110029084956775,1.9072645404705146,1.3568503182300835
A838,2022-05-07,-30.75,-51.75,3,4.9,2.7978747564259896,2.607602509035198,1.0729682713264421,1.879120756718776
A838,2022-05-08,-30.75,-51.75,3,4.6,4.51855168117231,2.6760036276033388,1.6885446770560546,1.7189812272862333
A838,2022-05-09,-30.75,-51.75,3,4.7,4.51537944352063,2.540911843588896,1.7770704855084265,1.8497296597907595
A838,2022-05-10,-30.75,-51.75,3,2.1,5.395315169627503,2.2549549064824532,2.3926488082388118,0.9312824810655881
A838,2022-05-11,-30.75,-51.75,3,5.9,8.554656133958899,5.716493872327865,1.4964865396549931,1.0321011675636431
A838,2022-05-12,-30.75,-51.75,3,4.9,7.566149166953732,4.022070663095588,1.8811576923241928,1.2182779494551979
A838,2022-05-13,-30.75,-51.75,3,4.1,5.794764043416993,2.7987488448330615,2.070483764241674,1.4649403098706968
A838,2022-05-14,-30.75,-51.75,3,2.6,3.9621451637285214,3.31700109485136,1.194496188101521,0.7838405612936676
A838,2022-05-15,-30.75,-51.75,3,7.7,7.941164505271842,5.368365917961334,1.4792517176786528,1.4343284563068899
A838,2022-05-16,-30.75,-51.75,3,8.2,15.975970166839968,8.443898351955884,1.8920135583038382,0.9711154324945906
A838,2022-05-17,-30.75,-51.75,3,12.2,24.591613306345444,11.915571880927567,2.0638214893997273,1.023870286874581
A838,2022-05-18,-30.75,-51.75,3,14.0,18.88715117156808,10.072524570646806,1.875115919459628,1.3899196672896268
A838,2022-05-19,-30.75,-51.75,3,6.0,10.9930715107191,5.770275215962941,1.9051208303388665,1.0398117551484454
A838,2022-05-20,-30.75,-51.75,3,4.4,4.667131727412485,3.2767860415616585,1.4243016383175915,1.3427791574402086
A838,2022-05-21,-30.75,-51.75,3,3.0,3.9771464424785083,2.4425553864208864,1.6282727771861425,1.2282218928087218
A838,2022-05-22,-30.75,-51.75,3,2.7,4.223665133537646,2.1225151236799373,1.9899340581445721,1.2720757415941712
A838,2022-05-23,-30.75,-51.75,3,2.9,4.3454779937451224,2.183823733126625,1.9898483233001654,1.3279460040705806
A838,2022-05-24,-30.75,-51.75,3,4.5,5.90416075941469,3.5578203177661996,1.6594881787401945,1.2648193551340878
A838,2022-05-25,-30.75,-51.75,3,4.6,7.0564940655314565,4.461203530510012,1.5817467231145912,1.0311118890991553
A838,2022-05-26,-30.75,-51.75,3,2.8,4.292656086960758,3.548221867702323,1.209804867625287,0.7891276544702545
A838,2022-05-27,-30.75,-51.75,3,4.7,8.752732096782113,4.669442431035545,1.8744705017898708,1.0065441579836927
A838,2022-05-28,-30.75,-51.75,3,5.1,4.203281256529248,2.9438336200493382,1.4278256854946856,1.7324348649549441
A838,2022-05-29,-30.75,-51.75,3,5.3,8.825470542867738,4.4507371785196765,1.9829233200876413,1.1908139679824432
A838,2022-05-30,-30.75,-51.75,3,5.1,9.108186187189691,4.747360190452977,1.9185791306727493,1.0742812416585088
A838,2022-05-31,-30.75,-51.75,3,3.7,5.992932876249021,3.2539759028631554,1.8417262620094612,1.1370704978928672
A838,2022-06-01,-30.75,-51.75,3,5.6,6.088965550611153,3.3782355460450693,1.8024100059392127,1.6576700835902252
A838,2022-06-02,-30.75,-51.75,3,7.3,7.524057785989409,4.029482282755391,1.8672517355863392,1.8116471267887553
A838,2022-06-03,-30.75,-51.75,3,3.8,5.630084290974984,3.0559734762424817,1.8423210589829917,1.2434662897245912
A838,2022-06-04,-30.75,-51.75,3,6.7,10.06589629433675,5.58762821544208,1.8014613546617937,1.1990776303770083
A838,2022-06-05,-30.75,-51.75,3,3.2,6.657484355454306,3.515771454436172,1.89360555477915,0.9101843056272234
A838,2022-06-06,-30.75,-51.75,3,4.7,5.613395505407733,4.1036899563719755,1.3678897687413185,1.1453106959754862
A838,2022-06-07,-30.75,-51.75,3,4.2,4.565647447061351,3.082056228248804,1.4813640988164287,1.3627265984003158
A838,2022-06-08,-30.75,-51.75,3,3.0,4.051195937900592,2.3448122772285123,1.7277271947283415,1.2794201178210722
A838,2022-06-09,-30.75,-51.75,3,2.4,3.4236687181976926,2.2146102757092443,1.5459463706774497,1.0837121214166603
A838,2022-06-10,-30.75,-51.75,3,12.3,12.155631608121826,6.639368238612438,1.8308416058968635,1.8525859024458293
A838,2022-06-11,-30.75,-51.75,3,9.1,11.035992090268476,6.856820315228917,1.6094912193859985,1.327145758769412
A838,2022-06-12,-30.75,-51.75,3,9.9,13.039831988478886,6.517539089967356,2.000729387039886,1.5189782314062938
A838,2022-06-13,-30.75,-51.75,3,3.6,5.042512021708244,3.165957785756985,1.5927287610698742,1.1370966524555965
A838,2022-06-14,-30.75,-51.75,3,4.4,4.7356220713395665,3.304632706566945,1.4330252381539916,1.331464156744666
A838,2022-06-15,-30.75,-51.75,3,3.2,4.509154648167772,3.172486385232416,1.4213314418487035,1.0086725714239964
A838,2022-06-16,-30.75,-51.75,3,1.9,4.714163087623093,2.782296036003181,1.6943427394573993,0.6828892308416558
A838,2022-06-17,-30.75,-51.75,3,4.9,8.329045146544782,5.278683142869044,1.5778641985352848,0.928261815945402
A838,2022-06-18,-30.75,-51.75,3,6.0,8.757545667198013,5.430894876297839,1.6125419229561488,1.1047903037464264
A838,2022-06-19,-30.75,-51.75,3,3.0,4.831498272510168,2.8287065478422986,1.7080238585354757,1.060555398469439
A838,2022-06-20,-30.75,-51.75,3,3.4,4.690141901852832,2.5699372609177007,1.8250024905969984,1.3229894953878725
A838,2022-06-21,-30.75,-51.75,3,8.4,5.255150019670087,4.039456319038791,1.3009547831725474,2.079487766808881
A838,2022-06-22,-30.75,-51.75,3,3.8,3.6939950681066462,3.10769786491739,1.1886596537610459,1.2227700906506922
A838,2022-06-23,-30.75,-51.75,3,5.3,7.905844039936059,5.424746388586493,1.4573665704575098,0.9770041989706735
A838,2022-06-24,-30.75,-51.75,3,4.7,6.021373954812104,4.216703842028209,1.4279812337771058,1.114614679161183
A838,2022-06-25,-30.75,-51.75,3,6.8,7.964786240033788,4.847476304416191,1.6430789424958379,1.4027917978278723
A838,2022-06-26,-30.75,-51.75,3,3.1,4.925268202683943,2.9472909287023112,1.6711170772857953,1.0518133686126896
A838,2022-06-27,-30.75,-51.75,3,3.8,5.487940042128062,3.053874420296624,1.7970418186334642,1.24432097624725
A838,2022-06-28,-30.75,-51.75,3,6.8,19.363669027136343,6.9073106072850425,2.803358662735357,0.9844641983854232
A838,2022-06-29,-30.75,-51.75,3,6.6,11.549277125843407,6.195869480612439,1.8640284728370042,1.0652257960972435
A838,2022-06-30,-30.75,-51.75,3,4.5,5.5495530014908505,3.5780231401011227,1.5510109309505495,1.2576777242063393
A838,2022-07-01,-30.75,-51.75,3,9.9,9.188100985085455,6.175680969762193,1.4877875055516772,1.6030620831084186
A838,2022-07-02,-30.75,-51.75,3,8.4,5.8553522128369355,6.791608475844043,0.8621451359663732,1.236820412995917
A838,2022-07-03,-30.75,-51.75,3,4.5,7.038616008365886,3.592808767732407,1.959084511143712,1.2525019534619328
A838,2022-07-04,-30.75,-51.75,3,4.2,7.912534057720421,3.411420074861395,2.319425307961203,1.2311588452414923
A838,2022-07-05,-30.75,-51.75,3,4.6,6.450862950759686,3.1758891119006645,2.0311990511844598,1.448413290868034
A838,2022-07-06,-30.75,-51.75,3,4.6,6.07814516827247,3.896879248012831,1.559746859329026,1.1804317524967491
A838,2022-07-07,-30.75,-51.75,3,8.4,9.12544830530567,5.395379562428764,1.6913450109889565,1.5568876856216372
A838,2022-07-08,-30.75,-51.75,3,4.7,6.1485183914031065,4.030922391618897,1.5253378244610019,1.1659862292988452
A838,2022-07-09,-30.75,-51.75,3,6.1,12.415658685637442,6.028706986762194,2.0594231421264437,1.0118255893667332
A838,2022-07-10,-30.75,-51.75,3,6.6,8.317785108362532,5.705937787363684,1.457741990594959,1.1566897933265758
A838,2022-07-11,-30.75,-51.75,3,10.8,10.352542579484904,6.8546102765569215,1.510303600321534,1.5755819170254641
A838,2022-07-12,-30.75,-51.75,3,10.7,15.635799854703158,7.43228509432579,2.103767503030848,1.4396649030819553
A838,2022-07-13,-30.75,-51.75,3,7.6,7.589451180670758,4.565629363691288,1.6623012023329737,1.6646116875889896
A838,2022-07-14,-30.75,-51.75,3,6.3,9.155748600440097,5.003986556703579,1.8296908867939743,1.2589961880613407
A838,2022-07-15,-30.75,-51.75,3,4.5,10.820220207736673,5.136405845728294,2.1065742335635993,0.8760989951256357
A838,2022-07-16,-30.75,-51.75,3,10.1,25.26349536832462,9.53273055057915,2.6501845650918736,1.059507551001364
A838,2022-07-17,-30.75,-51.75,3,8.5,10.435523334227462,7.266785154726399,1.4360577768616263,1.1697056977763411
A838,2022-07-18,-30.75,-51.75,3,4.2,4.90925308564326,2.2709970858704414,2.1617170344195364,1.849407921362523
A838,2022-07-19,-30.75,-51.75,3,3.8,4.772225824497851,3.0716006607996675,1.553660892642027,1.2371399864885753
A838,2022-07-20,-30.75,-51.75,3,4.6,4.042825873069095,3.881633601223573,1.041526915831188,1.1850680596308685
A838,2022-07-21,-30.75,-51.75,3,8.3,9.379308124029125,5.513075159212822,1.7012842838457398,1.5055118532403804
A838,2022-07-22,-30.75,-51.75,3,3.3,4.039066478544537,2.9093962788347882,1.3882833727147617,1.1342559361908746
A838,2022-07-23,-30.75,-51.75,3,3.2,10.821815884867782,3.8939307418783016,2.77914955406929,0.8217917092322057
A838,2022-07-24,-30.75,-51.75,3,4.2,4.706156502134196,2.767260477110334,1.7006554103098097,1.5177465347916148
A838,2022-07-25,-30.75,-51.75,3,6.3,5.770016067839068,3.511415368513808,1.6432166127589751,1.7941483244878684
A838,2022-07-26,-30.75,-51.75,3,4.4,5.829407240994238,3.9419880761045394,1.4787988011254565,1.1161880541120426
A838,2022-07-27,-30.75,-51.75,3,2.3,5.4926649855501415,2.590000392247796,2.1207197504642834,0.8880307535412718
A838,2022-07-28,-30.75,-51.75,3,11.2,15.463250308283769,6.812518261092241,2.269828823299854,1.6440322903742675
A838,2022-07-29,-30.75,-51.75,3,11.8,11.527968944818928,7.629957786596578,1.5108824016130105,1.5465354239218554
A838,2022-07-30,-30.75,-51.75,3,3.0,4.342687473384009,2.7819107979195263,1.5610448317148493,1.0783954691299136
A838,2022-07-31,-30.75,-51.75,3,3.9,4.691064555811473,2.3670914097067883,1.9817842845336318,1.6475916325018867
A838,2022-08-01,-30.75,-51.75,3,3.3,3.309674423086394,1.9864287227266393,1.666143056239855,1.6612727968765515
A838,2022-08-02,-30.75,-51.75,3,3.9,5.11479801756204,2.7274799740448654,1.8752834360784587,1.4298913418661263
A838,2022-08-03,-30.75,-51.75,3,7.4,10.48456813933822,5.126057602646392,2.0453473121186603,1.4436045346387947
A838,2022-08-04,-30.75,-51.75,3,7.4,11.665415216549388,6.421893027551784,1.816507245838785,1.1523082007519985
A838,2022-08-05,-30.75,-51.75,3,5.8,11.656577824037573,6.190054653550136,1.8831138780579688,0.9369868805073586
A838,2022-08-06,-30.75,-51.75,3,5.5,7.845121059413919,4.945826436331297,1.5862103453094998,1.1120487285194296
A838,2022-08-07,-30.75,-51.75,3,8.9,9.448465258037137,5.8044587126888825,1.6277943776880082,1.533304041002839
A838,2022-08-08,-30.75,-51.75,3,6.6,10.326874424482003,5.0069586251885285,2.0625044458187753,1.3181654761030681
A838,2022-08-09,-30.75,-51.75,3,5.9,9.585023309017666,4.98388651926977,1.9232025592793884,1.1838150762839714
A838,2022-08-10,-30.75,-51.75,3,8.7,13.008299776160767,6.891113216125389,1.887692070668785,1.2624955833901794
A838,2022-08-11,-30.75,-51.75,3,3.9,5.486279665832036,3.327157341130903,1.6489390501644405,1.1721717971637577
A838,2022-08-12,-30.75,-51.75,3,4.9,7.611646034149351,4.101197036287562,1.8559571673346074,1.1947731251740885
A838,2022-08-13,-30.75,-51.75,3,4.9,6.3519721523517765,4.1717171789282474,1.5226277045903809,1.1745762691561117
A838,2022-08-14,-30.75,-51.75,3,4.7,5.550199652184569,3.2994753804013572,1.682146102726618,1.4244688800885308
A838,2022-08-15,-30.75,-51.75,3,8.6,14.014345119345968,5.427221585122736,2.5822319762588126,1.5846045467490362
A838,2022-08-16,-30.75,-51.75,3,3.9,8.9672126335183,5.0248438661968615,1.784575376330108,0.7761435188536079
A838,2022-08-17,-30.75,-51.75,3,5.8,9.16949093555372,3.978255761008079,2.3049023206165598,1.4579253694162428
A838,2022-08-18,-30.75,-51.75,3,9.2,16.30039583646907,7.11401127067001,2.29130868876651,1.2932225786498548
A838,2022-08-19,-30.75,-51.75,3,5.6,8.698224819656913,4.929646148608336,1.7644724504440275,1.1359841723286583
A838,2022-08-20,-30.75,-51.75,3,5.6,6.613530802269459,3.1638220909114896,2.09036115566287,1.7700110306729204
A838,2022-08-21,-30.75,-51.75,3,4.6,4.737223559884318,2.9230050151205274,1.6206689811953616,1.5737229242524318
A838,2022-08-22,-30.75,-51.75,3,3.8,4.606797758634886,2.270093216985296,2.0293429909247314,1.6739400706401095
A838,2022-08-23,-30.75,-51.75,3,5.6,6.193332350496541,3.2483327673329305,1.9066188085100733,1.723961306032671
A838,2022-08-24,-30.75,-51.75,3,4.4,4.572009415210441,2.884467181858153,1.5850446987111102,1.525411704343106
A838,2022-08-25,-30.75,-51.75,3,3.9,5.914319524968788,3.7750914497868693,1.5666692061996785,1.0330875561226953
A838,2022-08-26,-30.75,-51.75,3,6.0,5.482915418000756,2.818481467864632,1.9453437890279195,2.128805907865622
A838,2022-08-27,-30.75,-51.75,3,10.4,8.952741883704071,5.455823107626567,1.6409516414103023,1.9062201605220823
A838,2022-08-28,-30.75,-51.75,3,13.9,17.183739034377666,7.7250242575791,2.224425252453871,1.799347100607816
A838,2022-08-29,-30.75,-51.75,3,8.3,5.86154858576394,4.475507717236655,1.3096946661915438,1.8545381941883297
A838,2022-08-30,-30.75,-51.75,3,9.2,10.378260589102302,5.111387501813768,2.0304194478347792,1.7999026676681025
A838,2022-08-31,-30.75,-51.75,3,5.9,5.290050563835342,4.3847673549946045,1.2064609443439562,1.3455673978413982
A838,2022-09-01,-30.75,-51.75,3,4.3,5.811429539750693,4.356257970846172,1.3340416427684298,0.987085711814435
A838,2022-09-02,-30.75,-51.75,3,9.1,11.119021122374544,5.944735685938649,1.8703978965246286,1.530766123298743
A838,2022-09-03,-30.75,-51.75,3,7.2,8.024958146474205,4.974069248731382,1.6133587501864677,1.4475069887369045
A838,2022-09-04,-30.75,-51.75,3,5.4,4.821274505231186,3.3457110575928763,1.4410313449781065,1.6140066811044687
A838,2022-09-05,-30.75,-51.75,3,8.0,8.96800989098849,4.652615773692484,1.9275199860037344,1.7194628546880653
A838,2022-09-06,-30.75,-51.75,3,5.6,9.000738539797796,5.4010240813830315,1.6664873927932924,1.0368404057487588
A838,2022-09-07,-30.75,-51.75,3,4.5,6.036640540638316,3.8919168180067305,1.5510713159923133,1.1562425946977724
A838,2022-09-08,-30.75,-51.75,3,7.4,7.236362509775737,5.308701194859349,1.3631135458863324,1.3939379385612716
A838,2022-09-09,-30.75,-51.75,3,12.5,16.672275645113867,8.058239424349743,2.0689724848252733,1.5512073223126754
A838,2022-09-10,-30.75,-51.75,3,10.5,10.942949244527561,6.579533289540686,1.6631801623259943,1.5958578728815884
A838,2022-09-11,-30.75,-51.75,3,6.5,5.794698347434981,3.8926905350752317,1.4886100745028759,1.669796235131334
A838,2022-09-12,-30.75,-51.75,3,4.2,6.996882798743741,3.9441429720468593,1.773993196578426,1.0648701200150361
A838,2022-09-13,-30.75,-51.75,3,7.5,9.168264352523744,5.266710328171402,1.7407952557183752,1.4240388274029103
A838,2022-09-14,-30.75,-51.75,3,8.5,10.616433403673353,5.695904111190611,1.8638715112523563,1.4923004028983295
A838,2022-09-15,-30.75,-51.75,3,8.6,7.442388953063322,4.450247992832004,1.6723537575997443,1.9324765752047939
A838,2022-09-16,-30.75,-51.75,3,10.8,11.86304432161026,6.1465617114737725,1.930029320207677,1.7570798939250323
A838,2022-09-17,-30.75,-51.75,3,11.3,11.829769490656135,6.970911291840102,1.6970190833591063,1.621021919074967
A838,2022-09-18,-30.75,-51.75,3,8.2,13.093819985996443,6.982742487375727,1.8751686761568374,1.1743237008703933
A838,2022-09-19,-30.75,-51.75,3,10.6,12.935102662079847,5.558468321332905,2.327098386517034,1.9070001639333172
A838,2022-09-20,-30.75,-51.75,3,7.8,9.102999926257803,5.054723270122396,1.800889868702423,1.5431111819917946
A838,2022-09-21,-30.75,-51.75,3,8.5,9.134388395764969,5.372190962344875,1.7003096985550854,1.5822222366216645
A838,2022-09-22,-30.75,-51.75,3,9.4,15.009847553328102,8.902013038666475,1.6861183518976943,1.055940938209199
A838,2022-09-23,-30.75,-51.75,3,9.2,12.77785318621603,7.073751033412859,1.806375871282414,1.3005829518940948
A838,2022-09-24,-30.75,-51.75,3,6.0,7.887112545079591,3.7342428863683126,2.1121048590254117,1.6067514038529023
A838,2022-09-25,-30.75,-51.75,3,9.0,11.749808880236102,6.037084021683984,1.9462722132130623,1.4907859436234152
A838,2022-09-26,-30.75,-51.75,3,6.8,6.581632586198185,3.4430883721055245,1.9115491311579003,1.9749710913872507
A838,2022-09-27,-30.75,-51.75,3,8.8,8.266302445402738,4.955812672803883,1.6680013937503932,1.7756926221791929
A838,2022-09-28,-30.75,-51.75,3,9.5,9.150770975453346,6.111322588585107,1.4973470705908083,1.5544916607322212
A838,2022-09-29,-30.75,-51.75,3,7.2,10.634555478973299,5.326902117091254,1.9963865010495596,1.3516298669913516
A838,2022-09-30,-30.75,-51.75,3,8.6,10.696536530562927,5.636210573104784,1.8978241483037055,1.5258478881250477
A838,2022-10-01,-30.75,-51.75,3,5.7,7.975493067731957,4.259561746027334,1.8723740946284613,1.3381658348575616
A838,2022-10-02,-30.75,-51.75,3,5.0,6.987664026371939,3.781456407344823,1.8478763930213802,1.3222418722818985
A838,2022-10-03,-30.75,-51.75,3,7.8,6.9874100957246315,4.733548427242395,1.476146320910307,1.6478124434324242
A838,2022-10-04,-30.75,-51.75,3,5.9,6.275777933228381,3.723088158665365,1.6856377463482068,1.5847059614390127
A838,2022-10-05,-30.75,-51.75,3,9.8,10.030754144351544,6.692145149975425,1.4988847252346849,1.4644033834257149
A838,2022-10-06,-30.75,-51.75,3,7.2,8.595970275003216,4.976131515053282,1.7274403317114044,1.4469070960482655
A838,2022-10-07,-30.75,-51.75,3,9.6,17.299240600445636,7.722913442864822,2.239988927550179,1.2430542011149188
A838,2022-10-08,-30.75,-51.75,3,10.5,11.194771398435353,5.537988870227818,2.021450685576194,1.8959951430108342
A838,2022-10-09,-30.75,-51.75,3,11.0,13.53603832345936,7.125970096426408,1.8995362231799888,1.5436494752505872
A838,2022-10-10,-30.75,-51.75,3,8.2,10.753006839685055,5.501489225259737,1.954562919129844,1.490505509371939
A838,2022-10-11,-30.75,-51.75,3,6.0,9.237697112753963,5.39870003872779,1.7110965688938031,1.111378657261704
A838,2022-10-12,-30.75,-51.75,3,6.5,5.8401302731607805,3.247937796776015,1.798104101303246,2.001269853890695
A838,2022-10-13,-30.75,-51.75,3,11.3,8.311380695698688,4.3495296018421215,1.9108688654926351,2.597982088733044
A838,2022-10-14,-30.75,-51.75,3,11.5,11.766985932137077,7.425106414443297,1.5847565375289394,1.5487993515662255
A838,2022-10-15,-30.75,-51.75,3,11.0,12.236209704762643,7.658180284514706,1.59779598418504,1.4363725573610029
A838,2022-10-16,-30.75,-51.75,3,7.7,11.110882802118763,5.716911649138315,1.9435113718774117,1.3468810561661535
A838,2022-10-17,-30.75,-51.75,3,10.7,14.671892740919015,8.053642173235081,1.821771122347423,1.3285914335205555
A838,2022-10-18,-30.75,-51.75,3,11.7,12.940516510098346,8.160758623207684,1.5857001913152924,1.4336902413370454
A838,2022-10-19,-30.75,-51.75,3,8.4,8.872828050226676,4.816073738821246,1.8423364199565468,1.7441593413094074
A838,2022-10-20,-30.75,-51.75,3,5.4,5.568293565533515,3.6281820240612266,1.5347337946679458,1.4883487003101017
A838,2022-10-21,-30.75,-51.75,3,10.1,10.571448722595782,6.253285474454098,1.6905431178189818,1.615150954048154
A838,2022-10-22,-30.75,-51.75,3,4.7,6.525710309742684,3.7262751498301085,1.7512690414287333,1.2613131910600555
A838,2022-10-23,-30.75,-51.75,3,7.8,7.910286536858949,5.240498122692416,1.5094531763318089,1.4884081278885348
A838,2022-10-24,-30.75,-51.75,3,7.5,9.506167122324214,4.78019144087264,1.9886582451578199,1.5689748188476003
A838,2022-10-25,-30.75,-51.75,3,8.7,11.857441549345028,5.337182984050939,2.2216666703724655,1.6300733975204036
A838,2022-10-26,-30.75,-51.75,3,12.9,10.107123327784509,5.415124452075059,1.8664618730805884,2.3822167180399263
A838,2022-10-27,-30.75,-51.75,3,9.0,13.412627615132315,6.983854983386421,1.9205192042273231,1.288686552256554
A838,2022-10-28,-30.75,-51.75,3,5.3,4.903028202627289,2.3443814135426924,2.0913952713940516,2.2607242871760143
A838,2022-10-29,-30.75,-51.75,3,8.5,8.157320698204026,4.045158060906259,2.016564142953785,2.1012775946005178
A838,2022-10-30,-30.75,-51.75,3,12.0,14.383802914711982,5.502212970782488,2.6141850544666236,2.1809406621884064
A838,2022-10-31,-30.75,-51.75,3,12.7,17.900318758140102,7.713998565929597,2.320498066618836,1.6463575785575157
A838,2022-11-01,-30.75,-51.75,3,8.6,8.19945761661997,5.705219310168805,1.4371853509654768,1.5073916588397624
A838,2022-11-02,-30.75,-51.75,3,8.5,6.130855265224129,3.0004649789928073,2.0433017242821236,2.8328942545609284
A838,2022-11-03,-30.75,-51.75,3,7.8,7.541580202808211,4.044023088976456,1.8648707084204579,1.9287723705786715
A838,2022-11-04,-30.75,-51.75,3,8.3,8.410643676338982,4.740517110078583,1.7742038433860983,1.750863841911629
A838,2022-11-05,-30.75,-51.75,3,9.7,11.984510148530385,6.508609764698059,1.8413318023048442,1.4903336274071413
A838,2022-11-06,-30.75,-51.75,3,11.6,11.691062757695525,6.526070767146474,1.7914397766801178,1.777486088320814
A838,2022-11-07,-30.75,-51.75,3,10.0,9.096338832354075,5.294551164709024,1.718056649067058,1.8887342267377212
A838,2022-11-08,-30.75,-51.75,3,9.4,8.672862349324644,5.668344461303087,1.5300521004912346,1.6583325279845553
A838,2022-11-09,-30.75,-51.75,3,6.4,6.774221005002569,4.635216473804287,1.461468098261811,1.3807337879836479
A838,2022-11-10,-30.75,-51.75,3,7.1,6.91212457157755,4.524622533465474,1.5276687768876607,1.5691916723408983
A838,2022-11-11,-30.75,-51.75,3,7.0,9.281738159416944,5.607750075392536,1.6551625936659158,1.248272463267723
A838,2022-11-12,-30.75,-51.75,3,6.0,7.7377282296715375,4.2684102530884545,1.812789251940537,1.4056755663677443
A838,2022-11-13,-30.75,-51.75,3,7.8,17.323641404545658,6.454129729831401,2.6841173217319567,1.2085285431973734
A838,2022-11-14,-30.75,-51.75,3,12.3,12.916746526835604,7.509120085617602,1.7201411589588718,1.6380081633743593
A838,2022-11-15,-30.75,-51.75,3,11.4,12.44358640981782,7.915427478017707,1.5720675155417023,1.4402254371806775
A838,2022-11-16,-30.75,-51.75,3,6.1,7.5645900965322195,3.2758079796329875,2.3092287898327104,1.8621360097802273
A838,2022-11-17,-30.75,-51.75,3,6.7,8.462075833326407,3.9267756646212284,2.1549679829093695,1.7062344712901427
A838,2022-11-18,-30.75,-51.75,3,7.5,11.008808670406827,5.2795965693423055,2.0851609636867057,1.4205630868750823
A838,2022-11-19,-30.75,-51.75,3,9.5,13.001986567671878,6.653823078305894,1.9540625614263052,1.4277506161794071
A838,2022-11-20,-30.75,-51.75,3,9.4,13.578499236907001,6.413850100232069,2.1170590245655565,1.4655783738475405
A838,2022-11-21,-30.75,-51.75,3,6.7,9.727319347829814,4.539601680625772,2.1427693511843375,1.4759004140373
A838,2022-11-22,-30.75,-51.75,3,9.6,8.674388920656941,4.2027561285571196,2.063976270646713,2.284215335448419
A838,2022-11-23,-30.75,-51.75,3,5.8,7.460576946195772,4.028319365790285,1.852032142623364,1.439806398980023
A838,2022-11-24,-30.75,-51.75,3,5.9,6.199112053332315,3.5249162769914153,1.7586551186467834,1.6737986199875832
A838,2022-11-25,-30.75,-51.75,3,6.2,7.6928340008152905,3.9742081027776943,1.9356897781569455,1.560059221777197
A838,2022-11-26,-30.75,-51.75,3,10.3,10.876678431934694,6.216333094539515,1.7496936323262455,1.6569253679548825
A838,2022-11-27,-30.75,-51.75,3,10.0,11.479519472897712,6.987367723621808,1.642896141574106,1.4311541048846697
A838,2022-11-28,-30.75,-51.75,3,10.8,10.972505822591573,6.7665763983339104,1.621574216658998,1.5960804052488367
A838,2022-11-29,-30.75,-51.75,3,10.4,9.731963836883503,6.9541176699481415,1.3994534315891258,1.495516828100718
A838,2022-11-30,-30.75,-51.75,3,9.7,11.120766029782368,7.660600486265616,1.4516833307937602,1.2662192758114381
A838,2022-12-01,-30.75,-51.75,3,10.9,8.814994360554786,5.188696132031495,1.698884293134258,2.1007204358549316
A838,2022-12-02,-30.75,-51.75,3,7.6,7.65814281389547,4.140635440387024,1.8495090727377983,1.835467070071165
A838,2022-12-03,-30.75,-51.75,3,6.6,6.4451075008190815,3.4379740361421205,1.8746818425805736,1.9197352657747546
A838,2022-12-04,-30.75,-51.75,3,8.1,8.160251681542263,4.463484286096207,1.828224579385553,1.8147257794166702
A838,2022-12-05,-30.75,-51.75,3,8.1,9.21786774591276,5.550697678793226,1.660668312224998,1.4592760169494614
A838,2022-12-06,-30.75,-51.75,3,7.8,8.493359191535202,4.595365948078042,1.8482443590999427,1.697362100892587
A838,2022-12-07,-30.75,-51.75,3,6.5,8.086069756279297,4.024126282229513,2.009397615573664,1.6152574606577113
A838,2022-12-08,-30.75,-51.75,3,9.4,8.013607084874664,4.204786525672893,1.9058297100094148,2.2355474986915573
A838,2022-12-09,-30.75,-51.75,3,6.9,8.411400473265552,4.29557140716989,1.9581563605777303,1.6063055053590698
A838,2022-12-10,-30.75,-51.75,3,6.5,7.315911155234418,4.392875505484224,1.6654037079131814,1.4796686115700672
A838,2022-12-11,-30.75,-51.75,3,6.7,7.4665499543056955,3.9896102530720885,1.871498587752096,1.6793620366402586
A838,2022-12-12,-30.75,-51.75,3,14.5,13.254892681785968,7.641532557255141,1.734585645284113,1.897525122265322
A838,2022-12-13,-30.75,-51.75,3,9.7,10.087737275475622,5.937871940646416,1.698880908229462,1.633581878652645
A838,2022-12-14,-30.75,-51.75,3,6.8,8.950491829187754,4.557773631745535,1.9637859517300986,1.4919565010067728
A838,2022-12-15,-30.75,-51.75,3,9.5,9.258365972214438,5.037378493967998,1.8379333582538724,1.885901567923824
A838,2022-12-16,-30.75,-51.75,3,11.3,10.993951276245388,6.723162009773139,1.6352352152549658,1.6807567605203817
A838,2022-12-17,-30.75,-51.75,3,11.2,10.71298185661262,6.3862137486386015,1.677516957351512,1.753777815906583
A838,2022-12-18,-30.75,-51.75,3,10.6,10.14193545237421,7.220695779259866,1.4045648456074098,1.4680025753815262
A838,2022-12-19,-30.75,-51.75,3,9.4,11.81479773724914,7.074816209118641,1.6699794578438938,1.3286564233123765
A838,2022-12-20,-30.75,-51.75,3,8.6,10.527669625394273,6.96891591346737,1.5106610204679958,1.2340513369347124
A838,2022-12-21,-30.75,-51.75,3,7.5,10.591712870218148,6.126701590591898,1.7287789708058698,1.2241497140185391
A838,2022-12-22,-30.75,-51.75,3,8.1,11.608033851650253,6.003446871353236,1.933561518973464,1.3492248992242983
A838,2022-12-23,-30.75,-51.75,3,10.4,13.817505226267881,6.836595780182733,2.021108994965117,1.5212249391936439
A838,2022-12-24,-30.75,-51.75,3,8.1,10.449601554311302,4.933907799237523,2.1179158548374506,1.6417007227520057
A838,2022-12-25,-30.75,-51.75,3,8.2,9.858319968234344,5.947509145311911,1.6575544025863511,1.3787284390245287
A838,2022-12-26,-30.75,-51.75,3,5.1,6.77847066636311,4.158352535426124,1.6300856189116952,1.2264472423998996
A838,2022-12-27,-30.75,-51.75,3,6.9,9.13813921176748,4.547598684664698,2.0094427510903485,1.517284280881691
A838,2022-12-28,-30.75,-51.75,3,10.6,8.874160340314093,4.576248065154062,1.9391781682218179,2.3163079992786937
A838,2022-12-29,-30.75,-51.75,3,7.4,8.756539249381492,4.958660898705078,1.7659080603128565,1.4923383855372045
A838,2022-12-30,-30.75,-51.75,3,6.6,9.805289271089086,4.472460267143827,2.1923703477305287,1.475697849902834
A838,2022-12-31,-30.75,-51.75,3,7.5,10.505878083436539,4.486552414500156,2.3416372111206,1.6716621822494793
A878,2022-04-07,-31.25,-51.0,3,3.3,12.987816914513873,5.71680959761458,2.2718645238654136,0.5772450426505322
A878,2022-04-08,-31.25,-51.0,3,2.7,8.467952344921287,5.674486859535796,1.4922851271901634,0.4758139487912877
A878,2022-04-09,-31.25,-51.0,3,0.2,8.62481051571254,5.355407350886064,1.6104863646433067,0.037345431803037274
A878,2022-04-10,-31.25,-51.0,3,0.3,15.195174333019894,9.691376351677865,1.5679067432345828,0.030955355474154202
A878,2022-04-11,-31.25,-51.0,3,1.8,24.663819561715414,11.460841712751686,2.1520076954098135,0.157056527357608
A878,2022-04-12,-31.25,-51.0,3,2.6,12.17327353375689,6.909894568592173,1.7617162480435764,0.37627202183632247
A878,2022-06-28,-31.25,-51.0,3,3.4,17.744259415451243,8.381066864992746,2.117183850372085,0.40567627663270556
A878,2022-06-29,-31.25,-51.0,3,20.5,27.272893570725724,14.433845922362007,1.8895098172325986,1.4202728857067712
A878,2022-06-30,-31.25,-51.0,3,16.8,8.277472729678099,5.853177653406878,1.4141844344772527,2.8702357923856043
A878,2022-07-01,-31.25,-51.0,3,16.8,16.248242243791225,11.042387050072836,1.4714429199150423,1.5214101737077932
A878,2022-07-02,-31.25,-51.0,3,15.3,5.768165946851517,10.753090982759993,0.5364193380395823,1.4228466981754258
A878,2022-07-03,-31.25,-51.0,3,13.9,10.733962310481704,5.968341250994894,1.7984833405248744,2.3289553018911135
A878,2022-07-04,-31.25,-51.0,3,15.6,7.730201732188487,7.710436029530424,1.0025634999865587,2.023231882120947
A878,2022-07-05,-31.25,-51.0,3,12.6,13.15499506250537,6.233918491777655,2.110228916187531,2.021200632735094
A878,2022-07-06,-31.25,-51.0,3,15.6,12.017436676415379,7.025191488113556,1.7106205142946742,2.220580040614523
A878,2022-07-07,-31.25,-51.0,3,15.6,11.94738857620633,8.833018956538478,1.352582693979446,1.7661005910614955
A878,2022-07-08,-31.25,-51.0,3,12.9,11.236682584263086,6.030530606647217,1.8632991551153613,2.1391152522766137
A878,2022-07-09,-31.25,-51.0,3,15.8,20.37908966876881,11.715023110629856,1.7395688831614378,1.3486955894831791
A878,2022-07-10,-31.25,-51.0,3,15.5,12.010274109367202,8.830304086613154,1.360120103629831,1.7553189389590993
A878,2022-07-11,-31.25,-51.0,3,20.8,17.00845074347998,10.365929867675453,1.6408031851072231,2.0065734830853508
A878,2022-07-12,-31.25,-51.0,3,20.2,32.2008300891848,15.846028995068052,2.0321072300957574,1.2747673253839864
A878,2022-07-13,-31.25,-51.0,3,20.2,15.432768176120089,9.127582575346054,1.690783736956221,2.2130722820915327
A878,2022-07-14,-31.25,-51.0,3,17.1,13.991864619110082,10.65490594098956,1.3131851840458957,1.604894505376728
A878,2022-07-15,-31.25,-51.0,3,14.6,16.726829806298543,9.587425214615351,1.7446633931287072,1.5228280454009
A878,2022-07-16,-31.25,-51.0,3,21.6,29.04873421073359,13.659974730100732,2.1265584149817367,1.5812620760126925
A878,2022-07-17,-31.25,-51.0,3,20.2,24.924111813880163,13.509358522752965,1.844951540215773,1.4952597464919157
A878,2022-07-18,-31.25,-51.0,3,10.3,12.365137463566725,5.29230158270192,2.33643855519924,1.9462231770135558
A878,2022-07-19,-31.25,-51.0,3,14.4,14.564293110741286,6.6446967186331465,2.19186724804157,2.1671417989054835
A878,2022-07-20,-31.25,-51.0,3,15.0,10.972708105303665,6.751046126737169,1.625334488805642,2.2218778717261722
A878,2022-07-21,-31.25,-51.0,3,12.0,15.823123946234332,8.102601649261722,1.952844855414566,1.4810057953538163
A878,2022-07-22,-31.25,-51.0,3,8.9,6.59966645815795,3.6257539794676057,1.8202190483776355,2.454661858030105
A878,2022-07-23,-31.25,-51.0,3,11.7,11.944173239643872,6.4292415684462405,1.8577888406408765,1.81981029573097
A878,2022-07-24,-31.25,-51.0,3,12.2,12.560655008448544,6.472993480428228,1.9404708264309236,1.8847539452786373
A878,2022-07-25,-31.25,-51.0,3,10.7,9.31927740456719,4.822745755282291,1.9323592570393964,2.218653137225911
A878,2022-07-26,-31.25,-51.0,3,12.7,11.51847430969661,7.186862254420593,1.602712547135806,1.7671133173852485
A878,2022-07-27,-31.25,-51.0,3,11.3,14.406221580721779,7.168266080548092,2.0097219353805387,1.5763923762071055
A878,2022-07-28,-31.25,-51.0,3,15.4,29.44166390004721,13.027501359070888,2.259962450861488,1.1821146339222732
A878,2022-07-29,-31.25,-51.0,3,22.3,22.470817316641195,15.292867427987517,1.4693658610756863,1.458196123454828
A878,2022-07-30,-31.25,-51.0,3,16.4,10.108429288632749,8.565089318127665,1.1801895944317438,1.914749442868046
A878,2022-07-31,-31.25,-51.0,3,15.4,9.15171497228847,4.35439915270529,2.101717057014104,3.5366532694717083
A878,2022-08-01,-31.25,-51.0,3,8.9,6.069383400818996,4.075797760831331,1.4891277136334258,2.183621593183438
A878,2022-08-02,-31.25,-51.0,3,15.0,5.955559393773385,3.5451259294871504,1.6799288691657097,4.2311614025428845
A878,2022-08-03,-31.25,-51.0,3,12.1,16.371678136297884,6.986694480650724,2.3432652138487478,1.7318633344438206
A878,2022-08-04,-31.25,-51.0,3,22.5,13.329433900344197,8.071317018926658,1.651457112772009,2.7876491466311033
A878,2022-08-05,-31.25,-51.0,3,18.5,28.2770004457405,12.374660222971311,2.2850728776576332,1.4949905425005614
A878,2022-08-06,-31.25,-51.0,3,16.6,6.29711133496283,5.825116985674575,1.0810274455344,2.849728175558288
A878,2022-08-07,-31.25,-51.0,3,17.1,17.008608591337733,8.673270278585758,1.961037537747655,1.971574671461557
A878,2022-08-08,-31.25,-51.0,3,17.7,15.700686441167626,8.105909036734165,1.936943329861664,2.183592231270739
A878,2022-08-09,-31.25,-51.0,3,15.7,16.385517643311125,7.847411283903568,2.088015658988172,2.0006597630741596
A878,2022-08-10,-31.25,-51.0,3,15.0,15.339389353848258,8.19759200726001,1.8712067324481725,1.8298056291061562
A878,2022-08-11,-31.25,-51.0,3,7.8,6.498008456942732,4.278128215900133,1.518890535536586,1.823227263505204
A878,2022-08-12,-31.25,-51.0,3,13.1,15.03715109234686,8.659486858336205,1.7364944757518843,1.5127917178359198
A878,2022-08-13,-31.25,-51.0,3,12.4,19.14251014137069,9.613008022203793,1.9913132390148829,1.2899188236771373
A878,2022-08-14,-31.25,-51.0,3,11.2,13.294657700892856,7.844500413014881,1.6947743005833196,1.427751852931001
A878,2022-08-15,-31.25,-51.0,3,18.3,21.242580772252587,9.145877181102858,2.3226400652026955,2.0009015688305243
A878,2022-08-16,-31.25,-51.0,3,16.4,15.153782760647276,10.256192899518023,1.4775251313145066,1.5990338872010388
A878,2022-08-17,-31.25,-51.0,3,13.0,13.767212936217161,7.966353432976023,1.7281699904537235,1.631863324841657
A878,2022-08-18,-31.25,-51.0,3,22.1,27.288173810362444,13.597238505954108,2.0068908696727794,1.6253300249401825
A878,2022-08-19,-31.25,-51.0,3,21.7,21.99127732218415,12.0606427941871,1.823391812315621,1.7992407511197335
A878,2022-08-20,-31.25,-51.0,3,14.5,10.306400155054607,4.415333252286436,2.334229279232217,3.2840103275310697
A878,2022-08-21,-31.25,-51.0,3,14.7,6.552878817114823,4.478509517118387,1.463182961221248,3.2823420255805194
A878,2022-08-22,-31.25,-51.0,3,8.7,6.745993844338959,4.177246421404837,1.6149379672148323,2.0827117010430354
A878,2022-08-23,-31.25,-51.0,3,13.6,17.53228167107224,8.099841397654078,2.1645216011451827,1.6790452222853287
A878,2022-08-24,-31.25,-51.0,3,14.3,15.834953972576573,8.428260094444735,1.8787927514260938,1.696672841103405
A878,2022-08-25,-31.25,-51.0,3,9.3,10.521581852802003,4.690834580149111,2.2430085037165277,1.9825896311407287
A878,2022-08-26,-31.25,-51.0,3,11.1,8.264009281357009,5.275652281555426,1.56644313163879,2.104005231506155
A878,2022-08-27,-31.25,-51.0,3,12.2,10.507740535336332,8.21421818047917,1.2792137126705065,1.4852296021297455
A878,2022-08-28,-31.25,-51.0,3,19.9,26.660906597121944,12.710395341001124,2.097567060807254,1.5656476030927762
A878,2022-08-29,-31.25,-51.0,3,17.3,18.5244404899894,10.896122724776772,1.700094699545421,1.587720736722376
A878,2022-08-30,-31.25,-51.0,3,14.8,13.739820550452594,6.951358714427046,1.9765661815058662,2.129080170943223
A878,2022-08-31,-31.25,-51.0,3,15.6,13.686693946688926,9.076744858964076,1.5078857188733386,1.7186778126294517
A878,2022-09-01,-31.25,-51.0,3,14.3,13.356321769009336,8.421694203694381,1.5859423823712644,1.6979956353351038
A878,2022-09-02,-31.25,-51.0,3,19.5,13.854028028537575,11.075329345858789,1.2508908399837138,1.7606699892217026
A878,2022-09-03,-31.25,-51.0,3,19.7,18.302899095574595,11.217439433575667,1.6316467946143722,1.7561940152789783
A878,2022-09-04,-31.25,-51.0,3,17.2,13.417645585985321,8.023715676990388,1.6722483854285997,2.1436452502080106
A878,2022-09-05,-31.25,-51.0,3,10.4,12.30664770379489,6.460152255881355,1.90500892491982,1.6098691777011584
A878,2022-09-06,-31.25,-51.0,3,15.5,12.820522400246125,9.043664401377418,1.4176247405082238,1.7139070306102064
A878,2022-09-07,-31.25,-51.0,3,12.4,10.763218441781191,7.53262540710446,1.4288800863016193,1.6461723940639388
A878,2022-09-08,-31.25,-51.0,3,9.4,13.929261536535057,9.472260246282604,1.47053197171199,0.9923713829219418
A878,2022-09-09,-31.25,-51.0,3,20.7,21.685429870669125,15.336492185216008,1.4139758693694855,1.349721940976456
A878,2022-09-10,-31.25,-51.0,3,19.3,19.593282618605908,12.665952768588957,1.5469252867574594,1.5237700907793694
A878,2022-09-11,-31.25,-51.0,3,10.9,12.981826199257283,8.126445959853479,1.5974789303208936,1.3412997580797952
A878,2022-09-12,-31.25,-51.0,3,13.4,13.71375859507717,8.129602124349024,1.6868917304086757,1.6482971484995033
A878,2022-09-13,-31.25,-51.0,3,15.5,13.464551081971777,8.108610135617871,1.660525152495297,1.9115483098533395
A878,2022-09-14,-31.25,-51.0,3,13.1,15.446042900358435,8.424470411443018,1.8334734583883119,1.5549938880675724
A878,2022-09-15,-31.25,-51.0,3,8.8,11.086017230760472,5.891864852374654,1.8815803669176778,1.4935848361242117
A878,2022-09-16,-31.25,-51.0,3,10.1,15.053698524268707,7.202334328871013,2.0901138210045325,1.4023231273107541
A878,2022-09-17,-31.25,-51.0,3,11.5,16.494890688811996,10.277110348519269,1.6050125112443292,1.1189915851839545
A878,2022-09-18,-31.25,-51.0,3,17.7,23.538687942502598,11.117670517725898,2.117232014114176,1.5920601327210862
A878,2022-09-19,-31.25,-51.0,3,24.5,22.606310138480676,12.271674413152903,1.8421536766206092,1.9964675703700756
A878,2022-09-20,-31.25,-51.0,3,13.3,8.931504703579959,8.347983248134343,1.0698996917100936,1.5931991721440462
A878,2022-09-21,-31.25,-51.0,3,11.7,14.061001796316793,8.541245057261136,1.646247321327371,1.3698237108948796
A878,2022-09-22,-31.25,-51.0,3,26.7,26.04434996569113,16.69758249650207,1.5597677071604281,1.5990338724538902
A878,2022-09-23,-31.25,-51.0,3,25.2,25.264794821796457,15.050330166929621,1.6786870813845185,1.674381872058358
A878,2022-09-24,-31.25,-51.0,3,17.5,14.123713746326855,9.06934613191022,1.5573023171574623,1.9295768124260666
A878,2022-09-25,-31.25,-51.0,3,11.2,22.135841991547288,8.96924952641248,2.4679703609942027,1.2487109391949067
A878,2022-09-26,-31.25,-51.0,3,12.5,15.375229257926248,8.741313372679189,1.758915234177651,1.4299910627925223
A878,2022-09-27,-31.25,-51.0,3,12.0,11.30805791450126,7.338274021964598,1.540969699503518,1.635261910918307
A878,2022-09-28,-31.25,-51.0,3,11.5,16.14795318923819,8.086815814576077,1.996824653794182,1.4220677536975468
A878,2022-09-29,-31.25,-51.0,3,10.6,16.7738580215565,6.823486236746423,2.458253367790863,1.5534581051715135
A878,2022-09-30,-31.25,-51.0,3,16.1,16.791422649398598,7.755694959736099,2.1650442335047635,2.0758939184152534
A878,2022-10-01,-31.25,-51.0,3,14.3,8.362777693318803,6.9409719131633025,1.2048424626901453,2.0602302067928795
A878,2022-10-02,-31.25,-51.0,3,9.6,8.519527070677237,5.678522879528058,1.5003069022388609,1.690580491382621
A878,2022-10-03,-31.25,-51.0,3,15.1,9.104449013595197,7.778873463282313,1.1704071362736315,1.941155113433163
A878,2022-10-04,-31.25,-51.0,3,12.0,9.216992507826946,7.2615927921414105,1.269279725765082,1.6525300087036765
A878,2022-10-05,-31.25,-51.0,3,17.0,8.049281114877072,8.888842363198304,0.9055488651933807,1.9125100103455106
A878,2022-10-06,-31.25,-51.0,3,19.4,21.03882061375312,10.557755132421821,1.9927361782757194,1.8375118343505163
A878,2022-10-07,-31.25,-51.0,3,20.2,14.135210838168685,12.48859912796554,1.1318491924779548,1.6174752502677767
A878,2022-10-08,-31.25,-51.0,3,13.0,13.26197112110039,6.875340030738779,1.928918578835052,1.890815573030372
A878,2022-10-09,-31.25,-51.0,3,20.7,21.935348394136216,12.424429140921259,1.7655015087888162,1.6660725225452986
A878,2022-10-10,-31.25,-51.0,3,16.2,16.798199116479346,8.049120919500766,2.0869607109245947,2.0126421458959496
A878,2022-10-11,-31.25,-51.0,3,16.8,16.13602338284358,10.065372719339331,1.603122291918735,1.6690887131999534
A878,2022-10-12,-31.25,-51.0,3,12.8,12.663892269082272,7.999880041624352,1.5830102705528701,1.6000239920348853
A878,2022-10-13,-31.25,-51.0,3,14.4,18.259533793161786,9.957081382150294,1.8338238980244757,1.4462069202140266
A878,2022-10-14,-31.25,-51.0,3,15.8,23.504733365795527,10.98116468506279,2.1404590532885837,1.4388273423758107
A878,2022-10-15,-31.25,-51.0,3,17.6,19.79135314072911,9.878759879481693,2.0034248612354673,1.7816001415881582
A878,2022-10-16,-31.25,-51.0,3,16.6,19.359310722773387,9.641237750388603,2.007969435458957,1.7217706304702336
A878,2022-10-17,-31.25,-51.0,3,16.6,15.299738723126273,12.3139986884966,1.2424671392420132,1.348059263276296
A878,2022-10-18,-31.25,-51.0,3,16.7,16.640122864504676,10.93597839684321,1.5215943430638112,1.5270695857282086
A878,2022-10-19,-31.25,-51.0,3,14.8,12.546819170071377,7.770806336460533,1.6146096848665301,1.904564257451453
A878,2022-10-20,-31.25,-51.0,3,10.4,9.531725387558614,5.704532609616707,1.6709038303138144,1.8231116748228715
A878,2022-10-21,-31.25,-51.0,3,13.4,11.192623663758676,7.082620703652781,1.5802940933976892,1.891955048939597
A878,2022-10-22,-31.25,-51.0,3,9.8,9.783309207529204,6.016551493093669,1.6260658981742868,1.6288400442095958
A878,2022-10-23,-31.25,-51.0,3,13.2,10.60479556723679,7.853076585830398,1.3504001204281417,1.6808698929305308
A878,2022-10-24,-31.25,-51.0,3,10.1,10.908916898040028,6.0831659064216534,1.7932959688842454,1.6603196683059396
A878,2022-10-25,-31.25,-51.0,3,17.2,17.65592134725479,8.970121047929279,1.9683035772778783,1.9174769111918015
A878,2022-10-26,-31.25,-51.0,3,20.1,15.27393915372614,11.002912752520281,1.3881723410219313,1.8267890014301877
A878,2022-10-27,-31.25,-51.0,3,16.3,8.550935445634831,8.130840694728237,1.0516668283980732,2.0047127489004146
A878,2022-10-28,-31.25,-51.0,3,8.5,7.9972757943010375,5.222121662083499,1.5314227265839533,1.6276909176046863
A878,2022-10-29,-31.25,-51.0,3,13.8,9.694428534823889,6.394774187017483,1.515992316742831,2.1580120886858567
A878,2022-10-30,-31.25,-51.0,3,13.6,12.263647908781325,8.93838443927956,1.3720206366252226,1.5215277539680503
A878,2022-10-31,-31.25,-51.0,3,18.5,27.205396136444165,14.056299699300215,1.9354593113718663,1.3161358533726348
A878,2022-11-01,-31.25,-51.0,3,18.5,23.061082352111093,12.359532237117094,1.8658539748661374,1.4968204010538826
A878,2022-11-02,-31.25,-51.0,3,12.5,16.93285195167577,8.536923758663752,1.9834840312930468,1.4642276718606388
A878,2022-11-03,-31.25,-51.0,3,11.0,14.676419633308893,7.033797382220401,2.0865570666574844,1.563877860315556
A878,2022-11-04,-31.25,-51.0,3,11.2,14.874108712463514,7.628887800997275,1.949708673198617,1.4681039087422278
A878,2022-11-05,-31.25,-51.0,3,16.7,13.585605771048586,8.658354263056264,1.5690748331950417,1.9287730084291053
A878,2022-11-06,-31.25,-51.0,3,15.8,13.735017248724143,8.579173137507889,1.6009721483152097,1.8416693248586944
A878,2022-11-07,-31.25,-51.0,3,17.3,17.27948920779007,8.508070136177249,2.030952840211764,2.0333635857605943
A878,2022-11-08,-31.25,-51.0,3,17.0,15.78572642121176,8.752643190569088,1.8035382086888643,1.9422704239009059
A878,2022-11-09,-31.25,-51.0,3,16.5,13.731133403302456,7.540820635015016,1.8209070428679033,2.1880907660611855
A878,2022-11-10,-31.25,-51.0,3,11.1,9.050514823857595,6.057109201273142,1.4941970704367145,1.8325573522212368
A878,2022-11-11,-31.25,-51.0,3,10.3,10.258718610866001,7.221393181303116,1.4206010326964076,1.4263175735490619
A878,2022-11-12,-31.25,-51.0,3,11.0,12.774990626654223,7.043109805260389,1.813828121366613,1.5618100958449166
A878,2022-11-13,-31.25,-51.0,3,17.9,26.619602716018576,11.073417701975739,2.403919316731731,1.6164837705712347
A878,2022-11-14,-31.25,-51.0,3,20.1,18.774811931202926,12.004090404217088,1.5640345331460728,1.6744292422971745
A878,2022-11-15,-31.25,-51.0,3,20.6,17.086693653157585,11.043678276267658,1.5471922692529065,1.8653205467120884
A878,2022-11-16,-31.25,-51.0,3,11.8,11.780450791744276,5.97725837908874,1.9708786277263555,1.9741492255516255
A878,2022-11-17,-31.25,-51.0,3,11.8,11.090690492792712,4.686231658625845,2.366654339927545,2.518014656462831
A878,2022-11-18,-31.25,-51.0,3,11.4,14.902580111858928,8.282322102579132,1.7993239006266413,1.3764255795424833
A878,2022-11-19,-31.25,-51.0,3,17.0,18.352683923083887,11.533020751998647,1.5913163010569809,1.4740283890544408
A878,2022-11-20,-31.25,-51.0,3,19.3,26.92265354945583,11.716148320222826,2.2979099285543865,1.6472990502080755
A878,2022-11-21,-31.25,-51.0,3,18.0,14.907809370572153,10.590882738906839,1.4076078206216545,1.699575044285488
A878,2022-11-22,-31.25,-51.0,3,18.1,11.801620091066582,6.763679863652808,1.7448519635719384,2.676058057872786
A878,2022-11-23,-31.25,-51.0,3,12.3,10.766664710181214,5.129765801177278,2.0988608695762037,2.397770283621361
A878,2022-11-24,-31.25,-51.0,3,12.0,8.20464241328713,3.5506501142453186,2.3107437086999507,3.379662769884204
A878,2022-11-25,-31.25,-51.0,3,11.2,10.509318757640997,4.988598526986214,2.106667574227514,2.245119533955824
A878,2022-11-26,-31.25,-51.0,3,13.1,13.314262311981139,7.786270632723794,1.7099665475310537,1.682448583914345
A878,2022-11-27,-31.25,-51.0,3,13.6,19.871485151794143,8.975766046143384,2.213904089036759,1.5151910076626283
A878,2022-11-28,-31.25,-51.0,3,15.0,19.126153767540785,8.613346304642414,2.2205253441664348,1.7414834455123802
A878,2022-11-29,-31.25,-51.0,3,12.4,14.206816087366365,8.56473584997054,1.658757063408468,1.4477971320087648
A878,2022-11-30,-31.25,-51.0,3,15.3,15.161733985945906,10.608331283368459,1.4292289315772204,1.4422626510530503
A878,2022-12-01,-31.25,-51.0,3,17.1,12.256179701899923,11.27992056522847,1.0865484052858378,1.5159681223919725
A878,2022-12-02,-31.25,-51.0,3,16.7,10.866650434713826,8.866463579508908,1.2255901507143734,1.8835017874087938
A878,2022-12-03,-31.25,-51.0,3,7.1,8.179633146860695,4.2336910701322,1.932033540322837,1.6770236378579926
A878,2022-12-04,-31.25,-51.0,3,8.9,7.189938749133119,5.430496962439477,1.3239927761424009,1.6388923631773766
A878,2022-12-05,-31.25,-51.0,3,8.9,12.404706220312505,7.413094715246507,1.6733505636721129,1.2005782121865212
A878,2022-12-06,-31.25,-51.0,3,12.3,10.223008948649632,6.042467957300662,1.6918598527771975,2.035592093647568
A878,2022-12-07,-31.25,-51.0,3,12.2,11.129690628148786,5.589865881481517,1.9910478827443736,2.182521058406245
A878,2022-12-08,-31.25,-51.0,3,14.3,14.385604477496322,7.1053763936738585,2.024608364210555,2.012560518642157
A878,2022-12-09,-31.25,-51.0,3,10.8,9.804064115066254,6.762205351370628,1.4498323558126007,1.5971121015736314
A878,2022-12-10,-31.25,-51.0,3,10.2,10.26919369319429,6.9558913072500435,1.4763303852219243,1.466382890337671
A878,2022-12-11,-31.25,-51.0,3,12.6,9.450088344761932,6.908917420080173,1.3678102906970728,1.8237300048455038
A878,2022-12-12,-31.25,-51.0,3,18.5,13.158278691853425,11.436244722041707,1.150576873061552,1.6176638791529117
A878,2022-12-13,-31.25,-51.0,3,14.4,14.515291440361093,9.924850256721033,1.4625199438683165,1.4509035025740997
A878,2022-12-14,-31.25,-51.0,3,13.9,16.16580761639682,7.621069914276081,2.1211992276982534,1.8238908914825707
A878,2022-12-15,-31.25,-51.0,3,14.4,12.588347801337733,8.65057273015732,1.45520397250146,1.6646296666345837
A878,2022-12-16,-31.25,-51.0,3,14.7,16.135689721265535,9.482968464715771,1.7015441716697899,1.5501475149575534
A878,2022-12-17,-31.25,-51.0,3,16.2,14.955239145041777,9.6160720056297,1.5552336896277688,1.6846795646409218
A878,2022-12-18,-31.25,-51.0,3,20.2,18.150720263113456,11.036803798672048,1.644563099445272,1.830240019527254
A878,2022-12-19,-31.25,-51.0,3,19.9,21.669118928826794,12.49523214152796,1.7341909844803427,1.592607466160013
A878,2022-12-20,-31.25,-51.0,3,18.0,16.74038387397641,11.954688307977898,1.4003195602184628,1.5056854295387856
A878,2022-12-21,-31.25,-51.0,3,12.0,14.32519838473102,8.082098331954882,1.7724602938932656,1.4847629300121945
A878,2022-12-22,-31.25,-51.0,3,12.6,18.65361073898752,8.206216746084229,2.273107244929704,1.5354213019065526
A878,2022-12-23,-31.25,-51.0,3,16.1,19.604424500094215,10.305928805094828,1.902247227867768,1.5622075704657326
A878,2022-12-24,-31.25,-51.0,3,19.0,17.511661087907846,10.77534322104192,1.6251603989477896,1.763284900558629
A878,2022-12-25,-31.25,-51.0,3,12.2,13.560440393060288,7.380349179414222,1.8373711139418718,1.6530383188412114
A878,2022-12-26,-31.25,-51.0,3,12.1,17.03462909741205,8.289421790051268,2.054983993920606,1.4596916777141298
A878,2022-12-27,-31.25,-51.0,3,10.9,11.879680855683404,4.5441657021763175,2.614271053098684,2.398680135009098
A878,2022-12-28,-31.25,-51.0,3,18.9,10.207024707468813,8.61632959094611,1.1846140052713603,2.193509405659202
A878,2022-12-29,-31.25,-51.0,3,13.4,14.43153384271374,9.511392254398089,1.5172893154564797,1.4088368602192607
A878,2022-12-30,-31.25,-51.0,3,13.9,18.47486380278367,8.066890866550251,2.2902087196184313,1.723092605310556
A878,2022-12-31,-31.25,-51.0,3,13.4,15.696439580124105,8.54472775349143,1.8369736325081207,1.5682184835584347
A884,2021-01-01,-29.75,-51.0,3,7.2,8.11479118688078,3.683703615081345,2.202889275255003,1.9545546418345623
A884,2021-01-02,-29.75,-51.0,3,7.6,8.282935726911996,4.755865590769018,1.7416252770029725,1.5980266588591896
A884,2021-01-03,-29.75,-51.0,3,8.0,8.340358703894267,5.245820265754598,1.5899055402910431,1.5250236559237549
A884,2021-01-04,-29.75,-51.0,3,7.6,7.454982562901606,4.256492179545104,1.7514380970149765,1.7855078030032279
A884,2021-01-05,-29.75,-51.0,3,7.0,7.340081340441369,3.365676610642201,2.1808635200518616,2.0798195459023434
A884,2021-01-06,-29.75,-51.0,3,7.5,8.50093014346854,3.5410555217179125,2.4006768861236005,2.1180125400466583
A884,2021-01-07,-29.75,-51.0,3,8.3,10.817169072652566,3.8891025611087424,2.781404939233257,2.1341684539257195
A884,2021-01-08,-29.75,-51.0,3,7.4,8.258383011391563,2.791413541852228,2.958495001751606,2.650986637791321
A884,2021-01-09,-29.75,-51.0,3,7.7,8.700163596144645,4.171671736065931,2.085534084795771,1.845782814939662
A884,2021-01-10,-29.75,-51.0,3,7.7,10.53853299329417,3.6756307501315972,2.867135931136952,2.0948785456004577
A884,2021-01-11,-29.75,-51.0,3,7.7,10.726182816503291,3.3679785062804126,3.1847539396411593,2.28623786809847
A884,2021-01-12,-29.75,-51.0,3,18.6,7.094927643342571,4.198770215814223,1.6897632589228813,4.429868519583442
A884,2021-01-13,-29.75,-51.0,3,9.1,8.67904392716615,4.717710409022736,1.8396728867815344,1.9289017788366214
A884,2021-01-14,-29.75,-51.0,3,11.8,9.530668719410663,6.11489801533031,1.5585981475924653,1.9297132953676248
A884,2021-01-15,-29.75,-51.0,3,12.5,8.983255992075106,4.505216943979763,1.993967461229423,2.774561171067137
A884,2021-01-16,-29.75,-51.0,3,18.1,11.415945767731642,4.1437508586416785,2.7549787999256763,4.368023227615857
A884,2021-01-17,-29.75,-51.0,3,13.5,12.944610051989306,3.8330631653318132,3.377092808975075,3.5219873552048178
A884,2021-01-18,-29.75,-51.0,3,6.0,6.15733132979209,3.175240991827809,1.939169765582945,1.8896203517913566
A884,2021-01-19,-29.75,-51.0,3,8.3,7.99112717869321,4.521322341027981,1.767431422922243,1.8357461322062893
A884,2021-01-20,-29.75,-51.0,3,8.2,10.206154507249792,4.167771854979761,2.4488275420007017,1.96747813587791
A884,2021-01-21,-29.75,-51.0,3,7.9,10.79416059554639,4.589525549846224,2.3519120829184748,1.721310822698154
A884,2021-01-22,-29.75,-51.0,3,8.3,8.974538604214855,4.574899906262271,1.9616907010206313,1.8142473431251889
A884,2021-01-23,-29.75,-51.0,3,7.0,7.615958977636605,3.874441805619204,1.9656919266643729,1.806711870042213
A884,2021-01-24,-29.75,-51.0,3,12.3,7.9389015239483,2.129842929267715,3.727458684795063,5.775073753550926
A884,2021-01-25,-29.75,-51.0,3,9.6,9.84503857071869,2.5534628929074055,3.8555635948596083,3.759600355527124
A884,2021-01-26,-29.75,-51.0,3,12.2,13.66732418042848,3.8002383250734217,3.5964386997135036,3.210324973438157
A884,2021-01-27,-29.75,-51.0,3,13.7,14.29793850487583,3.8548393709888575,3.709088013493042,3.553974285700425
A884,2021-01-28,-29.75,-51.0,3,8.0,7.637271236486531,2.980072198876719,2.5627806062434506,2.6844987188617266
A884,2021-01-29,-29.75,-51.0,3,9.6,13.137233253804759,4.807095438413034,2.732883801063403,1.9970479311243394
A884,2021-01-30,-29.75,-51.0,3,9.1,10.439128350611114,3.3915437053756357,3.077987269945829,2.6831439575955915
A884,2021-01-31,-29.75,-51.0,3,7.4,8.950148685856526,3.279742590785765,2.7289180288115955,2.2562746298413314
A884,2021-02-01,-29.75,-51.0,3,6.6,6.644388760519708,1.9337816803329617,3.435955996529901,3.413001616016758
A884,2021-02-02,-29.75,-51.0,3,9.3,7.988449977202672,2.368574923435718,3.3726819861856376,3.9264115768438344
A884,2021-02-03,-29.75,-51.0,3,7.2,9.514126326918547,2.4940450595136108,3.8147371438325153,2.886876471030618
A884,2021-02-04,-29.75,-51.0,3,16.0,11.77578212134613,7.229568979790582,1.6288359865247783,2.213133320219523
A884,2021-02-05,-29.75,-51.0,3,8.8,11.280433147202498,5.566268198179471,2.026570180519136,1.5809514897033112
A884,2021-02-06,-29.75,-51.0,3,5.5,5.037881895744041,2.884675928381096,1.746429068921909,1.9066266494228505
A884,2021-02-07,-29.75,-51.0,3,5.7,5.856393081551773,3.3122895534936,1.7680800506630854,1.7208640452305837
A884,2021-02-08,-29.75,-51.0,3,6.6,8.6555464158054,3.934309319765724,2.200016753212686,1.677549847654838
A884,2021-02-09,-29.75,-51.0,3,9.9,7.255841720521043,3.014298018128845,2.407141456114276,3.284346783383258
A884,2021-02-10,-29.75,-51.0,3,8.6,8.283427917667757,4.467229854393837,1.8542649891902068,1.925130400787703
A884,2021-02-11,-29.75,-51.0,3,9.8,9.238593819178996,3.9491814430054233,2.3393692977925578,2.4815269041024264
A884,2021-02-12,-29.75,-51.0,3,7.1,6.705328875448622,2.8945336554606733,2.316548941415383,2.452899446031839
A884,2021-02-13,-29.75,-51.0,3,6.1,6.258874834599272,1.9530167988965965,3.2047214535662842,3.123373031633082
A884,2021-02-14,-29.75,-51.0,3,9.2,11.325013175751183,3.7537138555418035,3.0170155775276997,2.4509060503952798
A884,2021-02-15,-29.75,-51.0,3,5.9,9.061449280806965,2.6147252092230864,3.465545537574633,2.2564512627134032
A884,2021-02-16,-29.75,-51.0,3,11.6,9.220772245900134,4.2247700593426964,2.1825500835268494,2.745711562300923
A884,2021-02-17,-29.75,-51.0,3,10.4,10.612276512496713,4.622969847379097,2.295553910764341,2.2496361307431147
A884,2021-02-18,-29.75,-51.0,3,9.3,8.31890594616262,4.772252508397603,1.743182266974362,1.9487652808888556
A884,2021-02-19,-29.75,-51.0,3,7.5,5.948650463647987,2.694711314495737,2.2075279202073497,2.783229490912454
A884,2021-02-20,-29.75,-51.0,3,10.6,6.091939999041452,3.3521138059924445,1.8173428324990417,3.162183808035034
A884,2021-02-21,-29.75,-51.0,3,6.8,8.668656335947775,4.186816748842464,2.0704647124439854,1.6241455998474275
A884,2021-02-22,-29.75,-51.0,3,5.6,8.80693826863511,3.9038815472151738,2.2559440295819226,1.434469753313788
A884,2021-02-23,-29.75,-51.0,3,8.2,7.33232931777952,2.1150791806062075,3.4666925876874193,3.8769234150608862
A884,2021-02-24,-29.75,-51.0,3,6.4,7.999772591914036,3.181321030760411,2.514607144190632,2.011742901177832
A884,2021-02-25,-29.75,-51.0,3,7.3,8.630828264077081,4.576293117432861,1.8859867675868347,1.5951775405713176
A884,2021-02-26,-29.75,-51.0,3,8.3,8.423152185378715,5.052784960589023,1.667031597639333,1.6426584675062912
A884,2021-02-27,-29.75,-51.0,3,10.4,9.861203552445945,6.404904988029354,1.5396330735391621,1.623755546637679
A884,2021-02-28,-29.75,-51.0,3,10.1,10.867429401806728,6.179190100264105,1.75871420452694,1.634518413597328
A884,2021-03-01,-29.75,-51.0,3,8.6,7.986661848937984,4.918803718344489,1.6237000511226003,1.7483925955261501
A884,2021-03-02,-29.75,-51.0,3,5.8,7.540139763895215,3.406130056732939,2.213696963505703,1.7028122541988873
A884,2021-03-03,-29.75,-51.0,3,5.2,5.781508536702542,2.396975183514747,2.412001833170824,2.1694008497722974
A884,2021-03-04,-29.75,-51.0,3,9.1,5.993843537846759,1.6240209444253977,3.6907427569953346,5.603376010165751
A884,2021-03-05,-29.75,-51.0,3,7.0,9.519406667094906,3.4041815222934035,2.796386328036251,2.056294575996666
A884,2021-03-06,-29.75,-51.0,3,6.2,5.776352520679397,2.997129185307473,1.9272951426305656,2.0686462333334315
A884,2021-03-07,-29.75,-51.0,3,4.7,5.1685211688370964,2.3774419713249797,2.1739841523688637,1.9769147077775482
A884,2021-03-08,-29.75,-51.0,3,5.8,5.633310475039399,2.180679297586172,2.5832824117122577,2.6597216777451456
A884,2021-03-09,-29.75,-51.0,3,7.1,5.966767660818356,2.8172531306751853,2.117938070899705,2.5201853261578973
A884,2021-03-10,-29.75,-51.0,3,5.6,7.11244083093961,3.1992000841579005,2.2231934995749913,1.7504375633554794
A884,2021-03-11,-29.75,-51.0,3,3.7,5.339739071484048,1.7422095025949378,3.0649236291793622,2.123739994810628
A884,2021-03-12,-29.75,-51.0,3,6.0,4.528226804608599,2.463288104668283,1.8382854997866318,2.4357686738425532
A884,2021-03-13,-29.75,-51.0,3,5.7,5.46920161140167,3.016896369763612,1.8128569699032144,1.8893588978154465
A884,2021-03-14,-29.75,-51.0,3,6.9,4.9654180158042935,3.89618108236465,1.2744320427711506,1.77096491516567
A884,2021-03-15,-29.75,-51.0,3,6.5,6.186373540350036,4.178360509676851,1.4805743846235238,1.5556340782338818
A884,2021-03-16,-29.75,-51.0,3,5.2,6.764594153931264,3.2803323831426474,2.062167293989458,1.5852052147893194
A884,2021-03-17,-29.75,-51.0,3,10.0,10.105729533338648,3.1835771491489657,3.17433159615438,3.1411206738536874
A884,2021-03-18,-29.75,-51.0,3,8.5,6.342074715877761,2.86632876340832,2.2126124528494318,2.96546582810436
A884,2021-03-19,-29.75,-51.0,3,6.8,6.8652653157639,4.583451282775518,1.4978375229084198,1.4835981840920205
A884,2021-03-20,-29.75,-51.0,3,5.5,6.152757635654165,3.5204839052520804,1.7477022481128495,1.5622852278332398
A884,2021-03-21,-29.75,-51.0,3,7.6,9.559265997150787,3.237778185434006,2.952415344619854,2.3472886543589033
A884,2021-03-22,-29.75,-51.0,3,6.2,5.634852637618122,4.251703006067708,1.3253166153836446,1.4582392023036017
A884,2021-03-23,-29.75,-51.0,3,5.3,6.927090697536794,3.0928039514646173,2.2397445186451037,1.7136553377365387
A884,2021-03-24,-29.75,-51.0,3,5.2,5.679449662793927,3.6387349170996846,1.560830836042552,1.4290681015435849
A884,2021-03-25,-29.75,-51.0,3,4.9,5.94863393662036,2.7768618310433206,2.1422145927892076,1.7645818546754901
A884,2021-03-26,-29.75,-51.0,3,11.9,9.761900945083708,2.8896797936837366,3.3781946935509173,4.118103336574186
A884,2021-03-27,-29.75,-51.0,3,4.2,7.927147631756574,2.792343371908478,2.8388871195087373,1.5041130121219417
A884,2021-03-28,-29.75,-51.0,3,5.4,8.18518137906784,3.3036529387644173,2.4776153944697166,1.6345542646557865
A884,2021-03-29,-29.75,-51.0,3,8.5,10.665391901854498,5.003675880538815,2.1315113441572495,1.6987511187644488
A884,2021-03-30,-29.75,-51.0,3,7.0,8.538816667683284,4.882531094691421,1.7488504429530811,1.4336826257206672
A884,2021-03-31,-29.75,-51.0,3,7.4,6.226116332067918,3.6672308149868367,1.6977705102781393,2.017871351254601
A884,2021-04-01,-29.75,-51.0,3,8.1,6.258091723572911,3.148794494795839,1.9874563849485745,2.572413034063433
A884,2021-04-02,-29.75,-51.0,3,6.0,6.440512146978416,4.044946567220809,1.5922366439078934,1.483332325974942
A884,2021-04-03,-29.75,-51.0,3,5.7,4.765363013525344,2.9350455714895,1.623607844394382,1.9420482105520833
A884,2021-04-04,-29.75,-51.0,3,6.1,4.959838996152862,3.789298212478149,1.3089070107546894,1.609796763926554
A884,2021-04-05,-29.75,-51.0,3,6.5,6.255825170558394,3.667629783924041,1.7056861076815697,1.7722617556686902
A884,2021-04-06,-29.75,-51.0,3,4.5,5.516479482709895,3.038689044301205,1.8154142797386814,1.4809017752044604
A884,2021-04-07,-29.75,-51.0,3,7.3,5.418919152194042,4.143279249678742,1.3078817105108735,1.761889450383056
A884,2021-04-08,-29.75,-51.0,3,6.1,5.540500152576264,3.6612582105756863,1.5132776313269343,1.6660939079303156
A884,2021-04-09,-29.75,-51.0,3,5.6,7.387875447176683,3.1632454943552784,2.335536543199109,1.770333668377317
A884,2021-04-10,-29.75,-51.0,3,6.7,8.27105064087922,2.9495175393830224,2.8042045963250493,2.2715579448296825
A884,2021-04-11,-29.75,-51.0,3,12.7,12.853063702986493,5.930511631275571,2.167277378768411,2.1414678512768393
A884,2021-04-12,-29.75,-51.0,3,10.3,8.033972974435473,5.159697145172149,1.5570628950485477,1.9962411959852246
A884,2021-04-13,-29.75,-51.0,3,6.9,5.0398063298357245,3.526763427645877,1.4290174073852773,1.9564680596128805
A884,2021-04-14,-29.75,-51.0,3,5.6,5.553245676466658,3.7563672015019933,1.4783553839587829,1.4908020700853806
A884,2021-04-15,-29.75,-51.0,3,6.1,4.173435968296727,2.37639893849355,1.7562017473978324,2.56690907456259
A884,2021-04-16,-29.75,-51.0,3,6.0,4.734993714738225,1.8228977404261897,2.597509234736993,3.291462744694177
A884,2021-04-17,-29.75,-51.0,3,6.9,7.125763785464389,2.8050420920152415,2.5403411256281676,2.459856135364727
A884,2021-04-18,-29.75,-51.0,3,7.1,6.4100860097616446,4.284171832587009,1.4962252356462782,1.6572631251610292
A884,2021-04-19,-29.75,-51.0,3,6.5,6.329350842983861,3.8172727890351545,1.6580818801224981,1.7027863501583616
A884,2021-04-20,-29.75,-51.0,3,7.3,6.7487037324307355,4.134544969559029,1.6322724222662213,1.7656114648037275
A884,2021-04-21,-29.75,-51.0,3,9.2,7.063588870476967,4.748076062208857,1.4876739079009,1.9376269207701062
A884,2021-04-22,-29.75,-51.0,3,7.3,7.830146027627488,4.224764234508246,1.8533924245216256,1.7279070723930479
A884,2021-04-23,-29.75,-51.0,3,5.0,5.580951490125586,3.3973349180942534,1.642743981584318,1.4717418566447276
A884,2021-04-24,-29.75,-51.0,3,4.5,4.904462328881437,2.234330073537271,2.1950482549415615,2.014026509913033
A884,2021-04-25,-29.75,-51.0,3,7.0,7.708102862960675,3.765990387712856,2.0467664729335446,1.8587408037042834
A884,2021-04-26,-29.75,-51.0,3,6.8,6.773083561872161,3.5756512347359912,1.8942237699455755,1.9017514722746942
A884,2021-04-27,-29.75,-51.0,3,6.9,6.159938343348477,3.0887618084970523,1.9943066915690129,2.2339048550193783
A884,2021-04-28,-29.75,-51.0,3,5.4,3.509923814656019,2.1228967125936653,1.653365325705245,2.5436941740809
A884,2021-04-29,-29.75,-51.0,3,5.1,3.148627922192118,2.179217802231752,1.4448431537993065,2.340289251848555
A884,2021-04-30,-29.75,-51.0,3,4.0,3.988075082048306,2.6876862334580474,1.4838320903690996,1.488268961683632
A884,2021-05-01,-29.75,-51.0,3,4.9,4.730392910905702,2.233513165389055,2.1179158395879507,2.1938531977027638
A884,2021-05-02,-29.75,-51.0,3,4.1,4.894196788606809,2.55627877620454,1.914578657916769,1.6038939250935358
A884,2021-05-03,-29.75,-51.0,3,4.0,4.951949277400785,2.643607900458783,1.8731784227688997,1.5130836911577632
A884,2021-05-04,-29.75,-51.0,3,6.6,10.384625025132387,4.116525474649119,2.52266749934726,1.6032938556180232
A884,2021-05-05,-29.75,-51.0,3,5.4,9.191542243531497,4.156343898718614,2.211448924225259,1.2992187681257081
A884,2021-05-06,-29.75,-51.0,3,4.1,5.624668831829716,3.1569758356078905,1.781663568149124,1.2987112393308913
A884,2021-05-07,-29.75,-51.0,3,5.0,4.841297092726572,2.4222300758523043,1.9986941541971714,2.064213490636583
A884,2021-05-08,-29.75,-51.0,3,5.9,4.1979762031096834,2.73022155851944,1.537595434337639,2.1609967812280724
A884,2021-05-09,-29.75,-51.0,3,4.1,5.116864695408689,2.668343932502624,1.917618127513874,1.5365335592832043
A884,2021-05-10,-29.75,-51.0,3,5.8,6.390854657214933,2.654417617404559,2.4076296869457163,2.185036733470423
A884,2021-05-11,-29.75,-51.0,3,6.2,5.937984599516918,3.590569376963383,1.653772417715764,1.7267456353241293
A884,2021-05-12,-29.75,-51.0,3,4.0,4.240722328392013,1.6801149945680367,2.5240667109707675,2.3807894179460103
A884,2021-05-13,-29.75,-51.0,3,3.5,5.109421557110365,2.286694112919656,2.2344140951089626,1.5305938735860007
A884,2021-05-14,-29.75,-51.0,3,4.4,4.175559058779024,2.2307233237683985,1.8718408573077463,1.9724543842429576
A884,2021-05-15,-29.75,-51.0,3,3.5,4.343786846021905,2.226712522189588,1.9507623021540919,1.5718239176013404
A884,2021-05-16,-29.75,-51.0,3,3.1,3.8414094912545647,1.797481667688089,2.137106352909493,1.7246351135181273
A884,2021-05-17,-29.75,-51.0,3,7.1,7.557882244164919,3.868294185120963,1.953802343481428,1.8354343439828065
A884,2021-05-18,-29.75,-51.0,3,5.0,5.359385456247692,2.3744911281301655,2.257066953317292,2.105714332121905
A884,2021-05-19,-29.75,-51.0,3,4.4,5.088936339025009,1.9275672353640916,2.6400824031768613,2.28267005128301
A884,2021-05-20,-29.75,-51.0,3,5.2,2.7390569565170386,1.7257059571787663,1.587209538868909,3.0132595755195224
A884,2021-05-21,-29.75,-51.0,3,7.8,5.731392634355367,4.115709267733774,1.3925649897790848,1.8951775970062388
A884,2021-05-22,-29.75,-51.0,3,11.9,8.922234280664044,4.988207150560891,1.7886655488356769,2.385626667220892
A884,2021-05-23,-29.75,-51.0,3,14.0,21.916636278131158,9.749122231957855,2.248062518519657,1.4360267177805675
A884,2021-05-24,-29.75,-51.0,3,12.0,14.51351885872816,7.9271683811746625,1.8308579004319725,1.5137813936811846
A884,2021-05-25,-29.75,-51.0,3,6.1,5.622323278091182,3.705770879804981,1.5171804896872256,1.6460812602426778
A884,2021-05-26,-29.75,-51.0,3,4.2,2.7273592871974635,1.790403867471192,1.5233207081090867,2.345839436736795
A884,2021-05-27,-29.75,-51.0,3,4.6,4.858933443698587,2.496729699051494,1.946119135581434,1.8424100941914285
A884,2021-05-28,-29.75,-51.0,3,12.6,8.774805940018018,3.96347893240558,2.2139151209496317,3.1790253499222207
A884,2021-05-29,-29.75,-51.0,3,7.6,9.804851507263882,4.224822469595581,2.320772429569673,1.798892155751933
A884,2021-05-30,-29.75,-51.0,3,6.0,3.2919010892363803,2.9598102519425606,1.1122000429168946,2.027156976046733
A884,2021-05-31,-29.75,-51.0,3,4.8,4.158737297703881,1.9626357036972584,2.1189552854202924,2.4456907570557536
A884,2021-06-01,-29.75,-51.0,3,3.3,3.947156635419197,1.9665100124390495,2.0071886796668603,1.6780997702152716
A884,2021-06-02,-29.75,-51.0,3,9.9,10.003664300175956,4.757310754920805,2.102798159617489,2.08100763435724
A884,2021-06-03,-29.75,-51.0,3,3.2,4.734925826096082,1.985191624511364,2.38512281012748,1.6119350698891093
A884,2021-06-04,-29.75,-51.0,3,4.4,6.379767147393255,2.6892727671577354,2.372301993797366,1.636130054836466
A884,2021-06-05,-29.75,-51.0,3,8.6,11.209407831909818,4.759937357289431,2.354948603418821,1.8067464662806636
A884,2021-06-06,-29.75,-51.0,3,12.0,4.394962687981938,3.3796467485078514,1.3004207288594165,3.5506669462712703
A884,2021-06-07,-29.75,-51.0,3,6.4,7.8911590763055734,4.5423843388635445,1.7372283998055207,1.4089516699947964
A884,2021-06-08,-29.75,-51.0,3,5.8,6.118780991934942,3.8254373506465624,1.5994984183705863,1.5161665107441122
A884,2021-06-09,-29.75,-51.0,3,8.1,6.475022226466278,3.364729684934462,1.9243811042111687,2.407325627454608
A884,2021-06-10,-29.75,-51.0,3,6.4,7.157698642012237,2.494703539855434,2.8691580092226188,2.5654350898828144
A884,2021-06-11,-29.75,-51.0,3,8.5,9.572975592554824,5.029430760295913,1.9033914669085903,1.6900520963728094
A884,2021-06-12,-29.75,-51.0,3,5.7,7.357223911556629,3.3988656255626477,2.1646115857665644,1.6770301117910253
A884,2021-06-13,-29.75,-51.0,3,4.0,4.486675146447222,2.1715611859424286,2.0661057931462636,1.8419927681034016
A884,2021-06-14,-29.75,-51.0,3,5.0,4.009932796608184,2.2774067812440513,1.760745084994314,2.195479543302629
A884,2021-06-15,-29.75,-51.0,3,3.5,5.353478279710864,2.713606396348178,1.972827852600613,1.2897964880647788
A884,2021-06-16,-29.75,-51.0,3,4.6,6.616684668440726,2.8763566192269745,2.3003700668448306,1.599245367994827
A884,2021-06-17,-29.75,-51.0,3,3.7,4.053953309966763,1.3038641272599834,3.109183867559865,2.8377189943674557
A884,2021-06-18,-29.75,-51.0,3,5.4,4.600467441529225,2.177809830286396,2.1124284487797698,2.4795553426673007
A884,2021-06-19,-29.75,-51.0,3,2.8,2.944560567132852,2.0027753195289053,1.4702400905486863,1.3980599684335129
A884,2021-06-20,-29.75,-51.0,3,3.8,5.613043163977693,2.184488918802923,2.5694994905506694,1.7395373202819266
A884,2021-06-21,-29.75,-51.0,3,5.4,4.647442768136462,3.651590242342201,1.272717490107954,1.4788077636378871
A884,2021-06-22,-29.75,-51.0,3,5.0,5.0498805750070614,3.157621757489919,1.5992670949358265,1.5834702139798524
A884,2021-06-23,-29.75,-51.0,3,6.0,6.277467946124996,3.2405381767700128,1.9371683355330889,1.8515443030455097
A884,2021-06-24,-29.75,-51.0,3,13.7,15.30493727819888,5.691260021277818,2.689200145658179,2.4071998026412498
A884,2021-06-25,-29.75,-51.0,3,7.8,9.132705196990603,4.756177407529733,1.9201775742284506,1.639972467732479
A884,2021-06-26,-29.75,-51.0,3,12.4,5.394141605063685,2.631875173960984,2.0495431008399527,4.711469648212056
A884,2021-06-27,-29.75,-51.0,3,9.7,9.806319095088602,5.219806445382991,1.8786748508198923,1.8583064528340543
A884,2021-06-28,-29.75,-51.0,3,9.8,11.447351430605691,6.49357972499599,1.762872239258256,1.5091829799634982
A884,2021-06-29,-29.75,-51.0,3,12.3,23.328764331194705,8.949873169214872,2.6066027853265346,1.374321151534153
A884,2021-06-30,-29.75,-51.0,3,9.2,12.072139655893816,6.275800114452912,1.9236016819739319,1.4659485375916887
A884,2021-07-01,-29.75,-51.0,3,3.3,3.41683678608723,2.0971888652155672,1.6292461030857217,1.5735349613640053
A884,2021-07-02,-29.75,-51.0,3,6.2,3.3494064699724593,2.623416178598845,1.276734700843906,2.3633307023788324
A884,2021-07-03,-29.75,-51.0,3,4.0,4.273013527710452,1.7862031271292806,2.3922326989640204,2.2393869651480522
A884,2021-07-04,-29.75,-51.0,3,3.3,5.839390984330693,2.3245619084271314,2.5120393495055597,1.4196223331530367
A884,2021-07-05,-29.75,-51.0,3,2.3,4.857182181188965,1.9599636431985643,2.478200143173208,1.1734911552984284
A884,2021-07-06,-29.75,-51.0,3,2.8,6.063906711177827,3.05032203548872,1.9879562356458778,0.917935866253999
A884,2021-07-07,-29.75,-51.0,3,7.6,5.27505955463348,2.9565777315101083,1.7841775301267588,2.5705395528762933
A884,2021-07-08,-29.75,-51.0,3,4.3,5.306703958663618,2.524244345423712,2.1022940858654677,1.7034800960515633
A884,2021-07-09,-29.75,-51.0,3,2.8,3.2183382735414647,1.9864285784989033,1.6201630949014467,1.4095648996934453
A884,2021-07-10,-29.75,-51.0,3,6.8,7.707818125867844,3.6173236777648707,2.1308068650993577,1.8798428356849979
A884,2021-07-11,-29.75,-51.0,3,5.2,4.309871367016199,2.2250605303429762,1.9369681445708198,2.3370150740116986
A884,2021-07-12,-29.75,-51.0,3,3.0,4.328123436876941,1.8408661697504165,2.3511342149678076,1.6296676256518627
A884,2021-07-13,-29.75,-51.0,3,4.0,6.370194393808196,2.63621927886223,2.41641294595096,1.517324462374149
A884,2021-07-14,-29.75,-51.0,3,5.3,5.327654428483755,2.7354612430617236,1.9476256305940798,1.9375160271208454
A884,2021-07-15,-29.75,-51.0,3,7.1,11.051303046024517,3.9505507509961486,2.7974081951074496,1.7972177672213687
A884,2021-07-16,-29.75,-51.0,3,4.9,5.070395750760875,2.843068167046782,1.7834239113681594,1.7234901564424474
A884,2021-07-17,-29.75,-51.0,3,10.3,12.845561626499121,5.076983450836401,2.5301562927850187,2.028763753071352
A884,2021-07-18,-29.75,-51.0,3,13.7,21.082180800167514,9.325976585545448,2.2605869322943923,1.4690150542768845
A884,2021-07-19,-29.75,-51.0,3,14.5,17.59846200445498,8.621901572887634,2.0411346447974967,1.681763573548159
A884,2021-07-20,-29.75,-51.0,3,6.1,4.8290440574974065,2.7392449290691685,1.7629106496651905,2.226891044048719
A884,2021-07-21,-29.75,-51.0,3,4.9,3.6093185843172755,2.1577716698731066,1.6727064474479503,2.2708612168812827
A884,2021-07-22,-29.75,-51.0,3,3.5,3.5361908644035416,1.9214795299832657,1.840347924203147,1.8215130296134259
A884,2021-07-23,-29.75,-51.0,3,3.2,4.2138593489408205,2.2009909301270754,1.9145282660013194,1.4538905890971783
A884,2021-07-24,-29.75,-51.0,3,4.7,5.156702669344275,2.991231062824821,1.7239399300950204,1.571259425061424
A884,2021-07-25,-29.75,-51.0,3,5.4,10.626503540576396,3.5508877425924315,2.9926329163022767,1.5207464700243014
A884,2021-07-26,-29.75,-51.0,3,7.9,8.85059243714818,3.406880697647296,2.597858047468516,2.3188367016947606
A884,2021-07-27,-29.75,-51.0,3,11.0,12.360701853407663,6.627059777211378,1.865186412821066,1.6598612914019504
A884,2021-07-28,-29.75,-51.0,3,16.7,17.055057757120256,8.430154200743631,2.0231015175992644,1.9809839301073375
A884,2021-07-29,-29.75,-51.0,3,9.3,12.65490174231591,6.020360876121087,2.1020171386253264,1.5447578959738344
A884,2021-07-30,-29.75,-51.0,3,4.0,4.335452821420565,2.277306325592294,1.9037635704511462,1.7564611115545288
A884,2021-07-31,-29.75,-51.0,3,3.6,4.414901016379144,2.1599545481658295,2.043978666184503,1.6667017382643607
A884,2021-08-01,-29.75,-51.0,3,5.0,5.30722547090228,2.4508637958956387,2.165451005392496,2.040097050016935
A884,2021-08-02,-29.75,-51.0,3,6.2,6.8775335074917745,2.4086129359221395,2.8553917505465463,2.574095616415979
A884,2021-08-03,-29.75,-51.0,3,4.9,6.099964405767726,2.5470510955152452,2.3949124603382796,1.9237933658369641
A884,2021-08-04,-29.75,-51.0,3,5.4,6.753532836549719,3.4344055056518785,1.9664343145955454,1.5723245234476282
A884,2021-08-05,-29.75,-51.0,3,7.5,8.379476054905375,4.170513108984409,2.009219449964976,1.7983398694618606
A884,2021-08-06,-29.75,-51.0,3,3.5,6.3995383803417925,3.182924407456227,2.0105844692228376,1.099617694910065
A884,2021-08-07,-29.75,-51.0,3,6.2,5.405851674203666,2.9704265602510547,1.8198907007304614,2.087242311580997
A884,2021-08-08,-29.75,-51.0,3,3.9,5.388669300701981,2.860830848246409,1.8836029064790913,1.3632403336221595
A884,2021-08-09,-29.75,-51.0,3,5.1,8.291078477557301,3.1932324639454337,2.596453146199437,1.5971276935155039
A884,2021-08-10,-29.75,-51.0,3,4.6,4.914075081376851,2.9175435871814233,1.684319337324531,1.5766688183205386
A884,2021-08-11,-29.75,-51.0,3,4.8,5.471037384619848,2.5014834736050813,2.187117141627609,1.91886136792355
A884,2021-08-12,-29.75,-51.0,3,6.0,6.572715248814225,3.980881361275535,1.6510703666657947,1.5072039218163258
A884,2021-08-13,-29.75,-51.0,3,9.0,9.439689196810498,5.209510791820258,1.8120106808555378,1.7276094358286769
A884,2021-08-14,-29.75,-51.0,3,4.6,6.527218761354269,2.9904887306436923,2.18265954138851,1.5382101102283257
A884,2021-08-15,-29.75,-51.0,3,4.7,5.932144711817105,3.0461158504385115,1.9474455349303696,1.5429485386523956
A884,2021-08-16,-29.75,-51.0,3,4.1,3.992525431383345,1.94541509944921,2.0522743102557994,2.1075193675431017
A884,2021-08-17,-29.75,-51.0,3,3.1,3.848263598499919,2.0458670486850985,1.880993978065799,1.5152499777502182
A884,2021-08-18,-29.75,-51.0,3,10.0,13.589104594044686,5.213011640296921,2.606766593229913,1.9182769366366546
A884,2021-08-19,-29.75,-51.0,3,9.6,12.861005926385559,5.132599545355815,2.505748950942943,1.8703972353904896
A884,2021-08-20,-29.75,-51.0,3,11.3,10.550721391839584,5.278533350948738,1.998797902819587,2.1407461597204827
A884,2021-08-21,-29.75,-51.0,3,8.6,8.557147295673124,4.581966923916027,1.867570726232931,1.8769231953883068
A884,2021-08-22,-29.75,-51.0,3,11.0,9.096908271039409,5.80985248738132,1.565772675088979,1.8933355061753108
A884,2021-08-23,-29.75,-51.0,3,9.7,13.300088938971541,5.931103839964076,2.2424306331234454,1.6354459914596184
A884,2021-08-24,-29.75,-51.0,3,9.5,8.414161914852873,5.337046943538954,1.5765575989619285,1.780010575230321
A884,2021-08-25,-29.75,-51.0,3,6.6,9.323482487575706,3.363403396252014,2.7720381379067605,1.9622980720524532
A884,2021-08-26,-29.75,-51.0,3,10.5,9.100762152866444,5.377177298505518,1.692479464159723,1.9526973757994313
A884,2021-08-27,-29.75,-51.0,3,5.5,7.145616369556922,3.0872536780608653,2.314554330386337,1.7815186484625405
A884,2021-08-28,-29.75,-51.0,3,5.9,7.883175634162201,4.936401638887628,1.596947779139503,1.1952025851222086
A884,2021-08-29,-29.75,-51.0,3,5.5,5.562461949522123,3.3933536679262817,1.6392225785652956,1.6208154345907346
A884,2021-08-30,-29.75,-51.0,3,6.3,6.480477067306453,3.254241982602802,1.9913937260815648,1.9359347072774056
A884,2021-08-31,-29.75,-51.0,3,5.9,4.0241342861126554,2.9037281384522777,1.3858509110489827,2.031870656853149
A884,2021-09-01,-29.75,-51.0,3,5.6,5.9331235552184864,3.368537524326633,1.7613351528285295,1.6624425168365708
A884,2021-09-02,-29.75,-51.0,3,6.2,6.4685128783679415,3.001221986314348,2.1552930465872007,2.0658251966272956
A884,2021-09-03,-29.75,-51.0,3,8.1,11.721349872204774,4.538942716730433,2.5823965191277174,1.7845565598665953
A884,2021-09-04,-29.75,-51.0,3,7.2,8.085894863175183,4.2484637421199185,1.9032514701750627,1.6947302453397683
A884,2021-09-05,-29.75,-51.0,3,11.2,5.818263956593056,2.9919235658788548,1.9446566158798195,3.743411137814306
A884,2021-09-06,-29.75,-51.0,3,7.9,9.136177937418289,5.3217794312192055,1.7167524613708418,1.4844658825309736
A884,2021-09-07,-29.75,-51.0,3,7.0,7.982549912867879,4.947231839404797,1.613538676171736,1.4149326789670267
A884,2021-09-08,-29.75,-51.0,3,8.6,9.34280343555498,4.766741977715843,1.959997725748924,1.8041672992170221
A884,2021-09-09,-29.75,-51.0,3,11.3,15.627500553519518,7.271835845842292,2.149044737094089,1.553940468342782
A884,2021-09-10,-29.75,-51.0,3,11.0,13.379422415197288,6.468946193505575,2.068253779669617,1.700431518667341
A884,2021-09-11,-29.75,-51.0,3,5.4,5.486287307941038,3.0897028602836887,1.7756682619756197,1.747740881304096
A884,2021-09-12,-29.75,-51.0,3,5.6,4.5101478323744875,2.5277828400493405,1.7842307341110253,2.215380178738254
A884,2021-09-13,-29.75,-51.0,3,7.7,8.027662112795333,3.625518520145632,2.2142107585959523,2.1238341377141006
A884,2021-09-14,-29.75,-51.0,3,11.7,7.74129422815784,3.0172683344231115,2.5656631661956384,3.877679643708914
A884,2021-09-15,-29.75,-51.0,3,7.3,6.499667613676575,3.6582649783777588,1.7767077158415199,1.9954814763683828
A884,2021-09-16,-29.75,-51.0,3,6.5,5.928391970355362,3.944415801691385,1.5029835261823152,1.6478992902352656
A884,2021-09-17,-29.75,-51.0,3,4.4,6.8875184339099995,2.67785524896982,2.572027907990789,1.643105990024179
A884,2021-09-18,-29.75,-51.0,3,4.1,4.643707513542705,2.32000420881198,2.0015944350034776,1.7672381732874156
A884,2021-09-19,-29.75,-51.0,3,4.6,5.3441927825444155,2.4259066154366615,2.2029672323484983,1.8961982999382698
A884,2021-09-20,-29.75,-51.0,3,9.5,14.693239856887544,4.394656748277745,3.3434328773563005,2.1617160438578114
A884,2021-09-21,-29.75,-51.0,3,8.6,10.094901624797222,5.079550529467367,1.9873611978530228,1.6930631854353817
A884,2021-09-22,-29.75,-51.0,3,9.3,9.89782102186218,5.190522101262319,1.9069027794824456,1.7917272710847854
A884,2021-09-23,-29.75,-51.0,3,7.8,7.260739913873553,4.489077179019127,1.6174237208058073,1.737550879377912
A884,2021-09-24,-29.75,-51.0,3,4.7,5.74558018700531,2.067935608529632,2.77841348797635,2.272798041009531
A884,2021-09-25,-29.75,-51.0,3,4.8,5.320731546760374,2.747187303776973,1.936792420176506,1.7472416217855677
A884,2021-09-26,-29.75,-51.0,3,7.9,6.6559145345740385,3.4201842988722513,1.9460689696659665,2.309817047755261
A884,2021-09-27,-29.75,-51.0,3,5.4,5.367404812328223,2.7310466414894177,1.965328870912665,1.977263924374074
A884,2021-09-28,-29.75,-51.0,3,3.9,8.269300213167185,3.9825793607752136,2.0763679676071933,0.9792648549358375
A884,2021-09-29,-29.75,-51.0,3,6.3,8.041619318387244,4.545290010266686,1.7692202918236715,1.386050171885591
A884,2021-09-30,-29.75,-51.0,3,9.2,11.682163156869622,5.0031126403501425,2.3349790413777387,1.8388552609833182
A884,2021-10-01,-29.75,-51.0,3,8.1,8.097582883697559,4.640009746361757,1.7451650591999064,1.745685988343285
A884,2021-10-02,-29.75,-51.0,3,6.9,7.023113445365994,3.82166866798867,1.8377086177547235,1.805494039239002
A884,2021-10-03,-29.75,-51.0,3,11.1,9.031394124156993,4.236213309509328,2.1319498014615044,2.6202646535959473
A884,2021-10-04,-29.75,-51.0,3,7.2,5.270597942815962,2.7198784923151407,1.937806397494495,2.6471770780728563
A884,2021-10-05,-29.75,-51.0,3,9.0,6.362456142916752,3.4484074116006944,1.8450418942706668,2.6099004339578156
A884,2021-10-06,-29.75,-51.0,3,7.3,7.346438216675963,3.3676609474818924,2.1814661069633896,2.1676766497109643
A884,2021-10-07,-29.75,-51.0,3,7.3,8.048941498296678,3.570520622430397,2.254276714642777,2.0445197695094124
A884,2021-10-08,-29.75,-51.0,3,7.4,8.98385128546502,4.968597244841044,1.8081262865073362,1.4893539635726183
A884,2021-10-09,-29.75,-51.0,3,9.2,9.855434891366038,4.562340680738999,2.1601707502846264,2.016508771219119
A884,2021-10-10,-29.75,-51.0,3,11.0,11.57574950909894,5.717771282997833,2.024521257700564,1.92382651483616
A884,2021-10-11,-29.75,-51.0,3,9.6,7.883868186344957,4.764551297431156,1.654692686506619,2.014880185081838
A884,2021-10-12,-29.75,-51.0,3,5.8,5.745755622458485,2.57927486215881,2.2276631726055682,2.2486940361003236
A884,2021-10-13,-29.75,-51.0,3,5.8,6.102497282622913,3.3792202413962964,1.805889183506239,1.716372294693475
A884,2021-10-14,-29.75,-51.0,3,8.5,15.726698135650675,5.141219613523307,3.0589430753519355,1.653304203858917
A884,2021-10-15,-29.75,-51.0,3,7.9,13.851412420760996,5.819514516977336,2.3801663146216256,1.3575015539446185
A884,2021-10-16,-29.75,-51.0,3,6.2,6.010474495267002,4.075407516679088,1.4748155787288566,1.5213202543857922
A884,2021-10-17,-29.75,-51.0,3,6.4,6.026522772655211,2.772163832589812,2.173941778551057,2.3086658604953336
A884,2021-10-18,-29.75,-51.0,3,7.3,8.169378297903165,4.44385006767998,1.8383559691446087,1.6427196887430413
A884,2021-10-19,-29.75,-51.0,3,8.1,9.545596533871812,4.411455585481531,2.1638201606941636,1.8361286525603424
A884,2021-10-20,-29.75,-51.0,3,7.1,9.30072085367426,5.0774926463587144,1.831754667403448,1.3983279729792837
A884,2021-10-21,-29.75,-51.0,3,6.3,6.613803670321327,4.029679334162325,1.641272945529841,1.563399833478219
A884,2021-10-22,-29.75,-51.0,3,7.0,5.821807137217954,3.4736121839364436,1.676009533862366,2.015193300038263
A884,2021-10-23,-29.75,-51.0,3,9.9,11.93659961666647,4.158158839297009,2.87064541735604,2.3808614299288586
A884,2021-10-24,-29.75,-51.0,3,9.5,11.571301899633177,5.351541198584528,2.16223728272778,1.775189547734909
A884,2021-10-25,-29.75,-51.0,3,7.7,7.786776478181868,3.7621461664706435,2.0697697892707936,2.0467041043287133
A884,2021-10-26,-29.75,-51.0,3,4.5,4.779263288209327,2.1263444190301195,2.247643065458451,2.1163081388538956
A884,2021-10-27,-29.75,-51.0,3,8.6,5.347278556961432,3.3854817331385525,1.579473462999362,2.540258869459994
A884,2021-10-28,-29.75,-51.0,3,7.7,10.56484032609842,5.923274356225162,1.7836148877681357,1.299956668714418
A884,2021-10-29,-29.75,-51.0,3,8.8,7.880832346882946,5.252112184490703,1.5005072378603714,1.6755163810068798
A884,2021-10-30,-29.75,-51.0,3,10.5,7.850183689649069,4.993822703262897,1.5719788538988106,2.1025976739501466
A884,2021-10-31,-29.75,-51.0,3,7.2,6.34337953175795,3.6899909210429067,1.7190772734923458,1.9512243130303029
A884,2021-11-01,-29.75,-51.0,3,6.5,4.872623030172974,3.682886079478075,1.323044733130465,1.7649201902332954
A884,2021-11-02,-29.75,-51.0,3,6.9,5.014174001612889,3.181737432483843,1.5759232520008866,2.168626464759373
A884,2021-11-03,-29.75,-51.0,3,5.8,7.953707593092047,2.895528098070706,2.7468935971961774,2.003088833385712
A884,2021-11-04,-29.75,-51.0,3,9.0,9.80126376389849,2.4895174364194133,3.937013503305809,3.6151584513279764
A884,2021-11-05,-29.75,-51.0,3,7.4,5.766228767474105,3.705055912447179,1.5563135628000622,1.997270803698161
A884,2021-11-06,-29.75,-51.0,3,7.2,8.372445699261272,4.575097031820151,1.8300039629827014,1.5737371141909007
A884,2021-11-07,-29.75,-51.0,3,6.6,7.2297627871154715,3.8675031507276914,1.8693618351041688,1.7065273750994034
A884,2021-11-08,-29.75,-51.0,3,6.6,6.4471854824083765,3.889664913847015,1.6575169391730158,1.6968042610828313
A884,2021-11-09,-29.75,-51.0,3,6.4,7.9486465975145775,4.099002009054175,1.9391663092521123,1.561355663125613
A884,2021-11-10,-29.75,-51.0,3,11.3,9.460641999863642,5.5150951954070875,1.7154086492908343,2.0489220221276545
A884,2021-11-11,-29.75,-51.0,3,9.3,10.063272387498417,5.954137682590101,1.690130951610915,1.5619390238813593
A884,2021-11-12,-29.75,-51.0,3,8.0,9.747178104487151,6.153084417313473,1.5841125268914988,1.3001609367636333
A884,2021-11-13,-29.75,-51.0,3,6.4,9.115255476357856,5.222415867896371,1.7454097312302996,1.225486472523677
A884,2021-11-14,-29.75,-51.0,3,6.1,6.860169961948779,3.8575696645564785,1.778365799840331,1.5813065039491239
A884,2021-11-15,-29.75,-51.0,3,5.8,6.466612272005139,3.6788253235065045,1.757792692870079,1.576590212897545
A884,2021-11-16,-29.75,-51.0,3,8.4,9.306251486019463,2.8455613208305937,3.270444891801893,2.95196590511292
A884,2021-11-17,-29.75,-51.0,3,6.9,5.804403179802788,3.771769874331674,1.5389070312332562,1.8293799011856795
A884,2021-11-18,-29.75,-51.0,3,5.7,8.866623006515747,3.827681120249869,2.3164476684350706,1.4891522624089197
A884,2021-11-19,-29.75,-51.0,3,5.7,7.1614796883115215,2.9284484379706908,2.445486010767589,1.9464232069422724
A884,2021-11-20,-29.75,-51.0,3,6.0,5.856834407464059,2.8926241322158157,2.0247478205810276,2.074241147744233
A884,2021-11-21,-29.75,-51.0,3,5.1,5.688913287008061,2.7944844812182073,2.035764852244976,1.8250235541750952
A884,2021-11-22,-29.75,-51.0,3,6.4,7.032797272923889,2.715759536257902,2.5896244417186205,2.3566151253651437
A884,2021-11-23,-29.75,-51.0,3,6.6,9.308487344419083,4.4503353128318714,2.09163730148141,1.4830343190028612
A884,2021-11-24,-29.75,-51.0,3,6.6,8.457236151047772,4.0851168432049905,2.0702556317612255,1.6156208630796347
A884,2021-11-25,-29.75,-51.0,3,22.5,8.489441131024844,2.7108660776217794,3.1316342777333213,8.29993048558823
A884,2021-11-26,-29.75,-51.0,3,11.2,13.437619137416343,6.002216936400794,2.2387759855734504,1.865977207867471
A884,2021-11-27,-29.75,-51.0,3,6.7,6.971759616469296,4.259604444049569,1.6367152650074015,1.5729160038227326
A884,2021-11-28,-29.75,-51.0,3,5.4,6.199173343294757,2.9087657603580013,2.131204041170982,1.8564574960258697
A884,2021-11-29,-29.75,-51.0,3,13.5,14.37265668591757,8.43749191721997,1.703427609404235,1.6000015327360517
A884,2021-11-30,-29.75,-51.0,3,12.0,11.460693187595513,6.596493177879765,1.7373918047891004,1.8191483984611687
A884,2021-12-01,-29.75,-51.0,3,6.3,6.517779929858081,4.225812785779748,1.542373091347306,1.4908374600029808
A884,2021-12-02,-29.75,-51.0,3,8.3,7.12036312997549,4.252448461205674,1.6744149152972196,1.9518167182317234
A884,2021-12-03,-29.75,-51.0,3,7.7,9.034293248211487,5.71813382585614,1.5799373577722866,1.3465931778620324
A884,2021-12-04,-29.75,-51.0,3,6.7,6.899550302117671,5.053129863458371,1.3654013430392242,1.3259109069115649
A884,2021-12-05,-29.75,-51.0,3,6.9,7.105809951346533,3.758754923951148,1.8904690768923582,1.8357142563439122
A884,2021-12-06,-29.75,-51.0,3,8.9,10.031490267961551,5.729323555198476,1.7509030815443343,1.5534120065403927
A884,2021-12-07,-29.75,-51.0,3,9.6,9.27355752300904,5.652156937347049,1.6407112586937065,1.6984666396234123
A884,2021-12-08,-29.75,-51.0,3,8.8,8.998429406103819,5.1402582627739415,1.7505792405939957,1.7119762374062268
A884,2021-12-09,-29.75,-51.0,3,7.9,8.486133985442905,5.084570131422583,1.668997332340584,1.5537203334413845
A884,2021-12-10,-29.75,-51.0,3,7.1,7.113212043039271,4.364797514325482,1.629677440864864,1.6266504864652822
A884,2021-12-11,-29.75,-51.0,3,6.9,5.86564444769672,3.5780261064589385,1.6393520542257214,1.9284375783464354
A884,2021-12-12,-29.75,-51.0,3,6.3,7.1235076282772765,3.9378708380541276,1.8089744232945206,1.59984932444181
A884,2021-12-13,-29.75,-51.0,3,5.7,6.6470464539059275,3.4818212721132173,1.9090716996716044,1.6370742650269658
A884,2021-12-14,-29.75,-51.0,3,6.6,10.212257466333488,5.381236996874512,1.897752779196473,1.2264837998834395
A884,2021-12-15,-29.75,-51.0,3,5.6,10.132557147300849,4.647288182995165,2.180316078606178,1.2050038171703856
A884,2021-12-16,-29.75,-51.0,3,6.8,7.459289446394793,4.260834144083691,1.7506641174363156,1.59593163452326
A884,2021-12-17,-29.75,-51.0,3,9.1,10.52626283546204,5.478224825939817,1.9214733184405601,1.6611220402840712
A884,2021-12-18,-29.75,-51.0,3,8.9,9.906075204108967,6.247451766872106,1.5856185167586518,1.4245808262487696
A884,2021-12-19,-29.75,-51.0,3,6.8,7.736905797795501,4.710492065836261,1.6424835642774733,1.443585915220682
A884,2021-12-20,-29.75,-51.0,3,6.9,6.7695984686562385,3.685698743526705,1.8367205080300912,1.872100917666877
A884,2021-12-21,-29.75,-51.0,3,6.3,8.502562749876608,3.8180759240880753,2.2269234344540685,1.6500457626454135
A884,2021-12-22,-29.75,-51.0,3,7.1,8.51949057727798,4.717156555079059,1.806064835415494,1.5051440241802625
A884,2021-12-23,-29.75,-51.0,3,8.3,9.010588376952644,4.546191490763043,1.9820081039833821,1.825704002320173
A884,2021-12-24,-29.75,-51.0,3,7.9,8.378235320245208,5.05838083637036,1.6563077378446278,1.5617645755728908
A884,2021-12-25,-29.75,-51.0,3,7.4,6.021758800910661,3.5155078403501254,1.7129129202314413,2.1049590375150466
A884,2021-12-26,-29.75,-51.0,3,6.0,5.762546779566854,3.379669973611084,1.7050619807737417,1.775321273038138
A884,2021-12-27,-29.75,-51.0,3,7.6,6.124772674714378,2.2393799184225793,2.735030632510392,3.3937966208759454
A884,2021-12-28,-29.75,-51.0,3,10.8,9.380831690183157,5.313558418294217,1.7654518783280142,2.032536230864865
A884,2021-12-29,-29.75,-51.0,3,8.2,10.996070711596655,6.291857987103852,1.7476667041968879,1.3032716276825038
A884,2021-12-30,-29.75,-51.0,3,8.1,9.921048053557781,4.467997007612897,2.2204688223052926,1.8128928882894577
A884,2021-12-31,-29.75,-51.0,3,8.3,9.286138786777196,3.9352065514854546,2.3597589263190977,2.109165018762975
A884,2022-01-01,-29.75,-51.0,3,7.3,9.284838307785392,4.281970070825955,2.1683566569147987,1.704822751970308
A884,2022-01-02,-29.75,-51.0,3,13.6,8.14185054211285,4.439652896734917,1.8338934893087397,3.063302541061698
A884,2022-01-03,-29.75,-51.0,3,9.5,8.858658410991302,3.651142421174881,2.4262702981990834,2.6019253439429098
A884,2022-01-04,-29.75,-51.0,3,5.3,6.989300055209557,2.359467442328616,2.962236278332218,2.246269605131445
A884,2022-01-05,-29.75,-51.0,3,7.9,10.475916941678816,5.867707602812303,1.7853508816045756,1.3463520227581978
A884,2022-01-06,-29.75,-51.0,3,7.7,9.450029992420314,5.029041191286719,1.8790917856853844,1.5311069659443166
A884,2022-01-07,-29.75,-51.0,3,9.5,11.04657903115171,5.830903857947223,1.8944882817945607,1.6292499810388723
A884,2022-01-08,-29.75,-51.0,3,11.7,9.978528391157427,6.288602238303952,1.5867641191198405,1.8605088311572895
A884,2022-01-09,-29.75,-51.0,3,10.3,9.896925172834159,6.426361082643845,1.5400512118068697,1.6027733063145149
A884,2022-01-10,-29.75,-51.0,3,7.8,7.551022545283359,4.324269303838934,1.7461961813016196,1.8037729502821287
A884,2022-01-11,-29.75,-51.0,3,6.1,6.789609184859942,3.338366445900602,2.0338118342871994,1.8272409871272783
A884,2022-01-12,-29.75,-51.0,3,6.7,7.473925268938338,3.9210957151524135,1.9060808028879819,1.7087060573678372
A884,2022-01-13,-29.75,-51.0,3,6.7,8.635295942733226,4.928927293927124,1.7519625321665175,1.3593221405913198
A884,2022-01-14,-29.75,-51.0,3,7.0,7.540748984026844,2.8676617105815296,2.6295810821066703,2.441013169081397
A884,2022-01-15,-29.75,-51.0,3,9.4,11.964879162101814,3.0908990318133083,3.8710029149941185,3.0411863678657247
A884,2022-01-16,-29.75,-51.0,3,13.1,17.037279352759306,4.433554533908933,3.842803606554049,2.9547397916971416
A884,2022-01-17,-29.75,-51.0,3,11.6,11.99491798376385,3.6375412549929163,3.29753455505131,3.188967268502523
A884,2022-01-18,-29.75,-51.0,3,13.0,6.092238284603852,3.1641884325421183,1.9253715176846562,4.108478454159496
A884,2022-01-19,-29.75,-51.0,3,6.7,8.198095661376655,3.025933705246582,2.7092780146379964,2.214192593969609
A884,2022-01-20,-29.75,-51.0,3,6.0,9.342655158202612,4.064006736740654,2.2988778718648115,1.476375505423502
A884,2022-01-21,-29.75,-51.0,3,6.4,9.000346337430326,3.9703272674114958,2.266902885136271,1.6119577981722801
A884,2022-01-22,-29.75,-51.0,3,6.4,9.928257656321165,3.2609720027729168,3.044570038589361,1.9626050130322676
A884,2022-01-23,-29.75,-51.0,3,11.6,13.475554932211384,4.2555606876679075,3.1665756691619715,2.7258452766554067
A884,2022-01-24,-29.75,-51.0,3,5.7,9.389640648756972,3.449023941297768,2.7224051814566184,1.6526414710404285
A884,2022-01-25,-29.75,-51.0,3,6.2,7.810055539032436,3.178713223534156,2.4569865193277995,1.9504747877528623
A884,2022-01-26,-29.75,-51.0,3,13.6,11.464325318383262,3.6246842067779537,3.1628480343047882,3.7520509992480924
A884,2022-01-27,-29.75,-51.0,3,9.5,9.335413866606457,4.893384363103672,1.907762230368797,1.941396648019397
A884,2022-01-28,-29.75,-51.0,3,8.7,8.627262287126737,5.136420495699079,1.679625391719909,1.6937865595865527
A884,2022-01-29,-29.75,-51.0,3,9.0,8.985737110061574,4.837373039979509,1.8575654669997577,1.8605139454033348
A884,2022-01-30,-29.75,-51.0,3,6.9,7.82719320895362,4.204021310898735,1.8618348077023243,1.6412856857105034
A884,2022-01-31,-29.75,-51.0,3,7.7,10.133561693756612,3.533286152767442,2.8680274553532867,2.1792743828486647
A884,2022-02-01,-29.75,-51.0,3,6.7,7.9155670084797105,3.8237210763373364,2.0701214472635825,1.7522198576308794
A884,2022-02-02,-29.75,-51.0,3,6.4,8.669922333763584,4.343765399438375,1.9959462670070895,1.473376071559363
A884,2022-02-03,-29.75,-51.0,3,7.3,9.154860403691657,3.406430075260432,2.6875233606524978,2.1430059736194327
A884,2022-02-04,-29.75,-51.0,3,5.4,9.050651362823377,2.771569504247005,3.2655328863139252,1.9483545304295378
A884,2022-02-05,-29.75,-51.0,3,16.0,11.676468130395493,4.392977259480723,2.6579851068420335,3.6421768324590182
A884,2022-02-06,-29.75,-51.0,3,10.2,9.70339727243738,5.636244913328231,1.7216067473383576,1.8097155387764807
A884,2022-02-07,-29.75,-51.0,3,9.4,8.38747090054812,5.087062326212388,1.6487847725650093,1.847824814640878
A884,2022-02-08,-29.75,-51.0,3,7.2,7.030247841457847,3.1989748195720034,2.19765651121894,2.250721060993941
A884,2022-02-09,-29.75,-51.0,3,7.2,6.5326410814305955,4.325317883321251,1.510326236742263,1.6646175366124507
A884,2022-02-10,-29.75,-51.0,3,6.6,7.604618599060027,4.376363944126164,1.7376568073747014,1.508101264945832
A884,2022-02-11,-29.75,-51.0,3,6.6,7.09390538912191,3.461154825872627,2.0495775964987044,1.9068780022968221
A884,2022-02-12,-29.75,-51.0,3,6.4,6.867005315128431,2.796020396935628,2.4559925680994694,2.288967565120143
A884,2022-02-13,-29.75,-51.0,3,8.4,7.0887620591922555,3.23821747290535,2.1890938822067967,2.594019725445884
A884,2022-02-14,-29.75,-51.0,3,7.2,8.107989132549708,3.4145633998530225,2.37453172868271,2.10861511615509
A884,2022-02-15,-29.75,-51.0,3,6.5,6.042045795718056,3.160807429925704,1.9115513771935408,2.0564365732817786
A884,2022-02-16,-29.75,-51.0,3,6.8,8.439349377524254,4.601655016913827,1.8339813276972332,1.4777292028641746
A884,2022-02-17,-29.75,-51.0,3,6.1,7.742409616583918,4.238364281368409,1.8267447304185433,1.4392344770399343
A884,2022-02-18,-29.75,-51.0,3,9.4,7.024928807514264,4.51874442186022,1.5546196358284696,2.080223868056323
A884,2022-02-19,-29.75,-51.0,3,6.2,7.43412641801319,3.707824164989913,2.004983539459028,1.6721397035333436
A884,2022-02-20,-29.75,-51.0,3,6.7,7.9881512387906195,2.902223532322113,2.7524245289263365,2.3085747618617196
A884,2022-02-21,-29.75,-51.0,3,7.8,9.680120697911658,3.258784987518831,2.9704692807247444,2.3935301131783944
A884,2022-02-22,-29.75,-51.0,3,5.9,7.563666475999238,3.6080785395642856,2.096314255097294,1.6352193931766488
A884,2022-02-23,-29.75,-51.0,3,6.0,6.716098594915147,3.0526666030039116,2.200076021504056,1.9654946904767876
A884,2022-02-24,-29.75,-51.0,3,5.9,7.626984664514462,4.782870923100504,1.5946457236964815,1.2335687278333063
A884,2022-02-25,-29.75,-51.0,3,8.5,6.9778204845227805,2.6401975715799937,2.642916030085957,3.219456032948807
A884,2022-02-26,-29.75,-51.0,3,6.3,5.665787323545837,3.478550328786267,1.6287783093604797,1.811099281176188
A884,2022-02-27,-29.75,-51.0,3,7.0,10.631825205885463,3.0063666438658143,3.536436657710603,2.3283919858154323
A884,2022-02-28,-29.75,-51.0,3,20.4,11.228714496346663,3.914247488042306,2.868677703862475,5.211729728976072
A884,2022-03-01,-29.75,-51.0,3,5.1,9.209414035593307,2.8455516992370242,3.236424781198887,1.792271073959914
A884,2022-03-02,-29.75,-51.0,3,5.8,5.607100715897693,2.930337902551015,1.913465580544965,1.97929392202544
A884,2022-03-03,-29.75,-51.0,3,7.1,8.500030466126379,4.138134549196323,2.0540730044114177,1.7157489481290327
A884,2022-03-04,-29.75,-51.0,3,5.5,7.143120974743797,3.094770916953168,2.3081259215710443,1.7771913164463893
A884,2022-03-05,-29.75,-51.0,3,9.9,7.674202199813969,2.5769258253841762,2.9780454385682114,3.8417869472529644
A884,2022-03-06,-29.75,-51.0,3,10.3,11.869016292535632,3.122341535784705,3.801319028205772,3.298806322739902
A884,2022-03-07,-29.75,-51.0,3,16.0,12.680675227617034,4.599919342826109,2.7567168644801177,3.4783218590458773
A884,2022-03-08,-29.75,-51.0,3,7.9,8.64803258581269,3.8194088404934203,2.264233274564938,2.068382917336343
A884,2022-03-09,-29.75,-51.0,3,5.9,6.727524425711545,3.7211001460008695,1.8079396312248492,1.5855525969492739
A884,2022-03-10,-29.75,-51.0,3,9.0,11.36676730410259,3.745920851053052,3.034438728439008,2.402613498218982
A884,2022-03-11,-29.75,-51.0,3,7.5,7.958367980872609,3.9773272906180415,2.0009336419573227,1.885688416362277
A884,2022-03-12,-29.75,-51.0,3,6.9,8.263104872072002,3.7922910962821916,2.178921570702422,1.8194805791054596
A884,2022-03-13,-29.75,-51.0,3,5.1,6.673979887499554,3.1291706987921275,2.132827042665246,1.6298247973396338
A884,2022-03-14,-29.75,-51.0,3,4.4,7.659627165148308,2.667044830955075,2.871952910669813,1.6497660440242206
A884,2022-03-15,-29.75,-51.0,3,5.5,6.00758446952315,3.2513978164679793,1.847692841243659,1.691580148126782
A884,2022-03-16,-29.75,-51.0,3,5.9,6.110510117110642,3.7517974149822724,1.6286887166959452,1.5725795791742871
A884,2022-03-17,-29.75,-51.0,3,5.7,6.334660444743926,2.4318202241578804,2.604904911068238,2.343923265122883
A884,2022-03-18,-29.75,-51.0,3,7.4,7.6835301889975,2.8955903723800738,2.653528020498945,2.555610099614145
A884,2022-03-19,-29.75,-51.0,3,7.3,6.084512666476955,4.4653887992783545,1.3625941524868483,1.6347960565448956
A884,2022-03-20,-29.75,-51.0,3,8.8,4.707129425312919,4.640265257224275,1.014409557295145,1.8964433092051305
A884,2022-03-21,-29.75,-51.0,3,9.7,9.04442452410824,5.693584396674035,1.588529104686958,1.7036719444549469
A884,2022-03-22,-29.75,-51.0,3,7.2,6.670594559901914,4.39614659854897,1.5173730926315485,1.6377979757036523
A884,2022-03-23,-29.75,-51.0,3,6.3,7.58837539724443,3.521192737794072,2.1550582323415597,1.7891664754332
A884,2022-03-24,-29.75,-51.0,3,7.2,10.421575222697763,4.853112494250082,2.1474002993017653,1.4835839903835912
A884,2022-03-25,-29.75,-51.0,3,7.5,8.254176783207578,4.295064161832305,1.9217819506766782,1.7461904449875427
A884,2022-03-26,-29.75,-51.0,3,8.2,9.068126706336333,6.361395623324362,1.425493279035753,1.2890253154408926
A884,2022-03-27,-29.75,-51.0,3,6.5,5.545186631064337,3.9020639806189044,1.4210906480792296,1.6657850902201348
A884,2022-03-28,-29.75,-51.0,3,5.0,5.078632083461729,2.9117867021500543,1.7441634992397221,1.7171587452844728
A884,2022-03-29,-29.75,-51.0,3,6.0,7.015767994433495,3.1065530217159663,2.258377032482837,1.9314011246734752
A884,2022-03-30,-29.75,-51.0,3,15.8,11.220064058347266,4.225158670052762,2.6555367347203447,3.739504533164123
A884,2022-03-31,-29.75,-51.0,3,5.0,7.600373674019725,3.2782825737182404,2.31840102343568,1.5251888412806895
A884,2022-04-01,-29.75,-51.0,3,5.8,5.439494184400849,3.4055275609247975,1.5972544890882376,1.7031135106787874
A884,2022-04-02,-29.75,-51.0,3,6.2,6.232203963581089,3.995450658699918,1.5598250350084386,1.5517648770107504
A884,2022-04-03,-29.75,-51.0,3,6.0,7.17186021440671,3.5974320362588954,1.9936054780523378,1.6678563874245211
A884,2022-04-04,-29.75,-51.0,3,5.9,8.147403979696458,2.1950795944803754,3.7116667660632743,2.687829641729535
A884,2022-04-05,-29.75,-51.0,3,4.9,5.138604939680319,3.1474260267383394,1.6326372394541797,1.5568276929697515
A884,2022-04-06,-29.75,-51.0,3,5.6,6.437151118843324,3.6483259693577708,1.7644122737137111,1.5349505628154685
A884,2022-04-07,-29.75,-51.0,3,3.2,5.26073562449554,2.247885465264775,2.340304123936264,1.4235600743221484
A884,2022-04-08,-29.75,-51.0,3,4.3,6.19095273817339,3.3916196667489786,1.8253676256417333,1.2678308367405313
A884,2022-04-09,-29.75,-51.0,3,4.6,4.524585535301893,1.962436101786349,2.305596361167272,2.3440253651126537
A884,2022-04-10,-29.75,-51.0,3,6.6,5.729184856774854,4.025948202035323,1.423064721468214,1.6393653541452324
A884,2022-04-11,-29.75,-51.0,3,5.3,8.59658328342165,3.1605072342680165,2.7200011410233795,1.6769460112397105
A884,2022-04-12,-29.75,-51.0,3,3.4,5.761274613130471,1.8826673401526832,3.0601660156611814,1.8059483624569925
A884,2022-04-13,-29.75,-51.0,3,5.4,5.358943759460981,3.426089306188063,1.5641576387929745,1.5761410510364515
A884,2022-04-14,-29.75,-51.0,3,8.0,7.9687932784745925,3.7168168165683757,2.143983325449958,2.152379413572003
A884,2022-04-15,-29.75,-51.0,3,6.2,5.924013793216593,3.0763164456016434,1.9256841413978847,2.0153973460254506
A884,2022-04-16,-29.75,-51.0,3,4.4,3.9340504950335826,1.9712385300018063,1.9957252433727428,2.2320992274821094
A884,2022-04-17,-29.75,-51.0,3,6.3,4.311860071993583,3.4365804900707015,1.254694916778997,1.8332176470775425
A884,2022-04-18,-29.75,-51.0,3,4.3,4.981068749702618,2.614682375419143,1.9050377959977391,1.6445592169912011
A884,2022-04-19,-29.75,-51.0,3,4.8,4.8969572147982054,2.647700575758332,1.8495132189921666,1.8128938158444234
A884,2022-04-20,-29.75,-51.0,3,3.8,4.5080633174888,2.3348826888764553,1.9307451029405156,1.6274907592160694
A884,2022-04-21,-29.75,-51.0,3,5.9,5.758202575109313,2.13490195948213,2.697174242374155,2.7635929480486228
A884,2022-04-22,-29.75,-51.0,3,3.8,9.113631177820237,3.1162793703150373,2.924523155604917,1.219402867470076
A884,2022-04-23,-29.75,-51.0,3,9.9,11.234744921892108,5.345399901822971,2.101759480719237,1.8520597489111617
A884,2022-04-24,-29.75,-51.0,3,5.1,4.292421653999454,2.3905396454527805,1.7955868927605454,2.133409504293761
A884,2022-04-25,-29.75,-51.0,3,5.3,7.5731387472712575,3.48661765931876,2.1720588510846213,1.520097847790845
A884,2022-04-26,-29.75,-51.0,3,12.4,7.025223322300644,3.100044362874402,2.2661686414663964,3.9999427584005787
A884,2022-04-27,-29.75,-51.0,3,9.7,12.166176663723155,5.623927219503923,2.1632884261962966,1.7247733872444424
A884,2022-04-28,-29.75,-51.0,3,10.5,9.74477947240136,4.991766447952084,1.952170554052913,2.103463795728608
A884,2022-04-29,-29.75,-51.0,3,4.1,5.784594634224858,2.635472359693334,2.1948986157828494,1.5556983494515115
A884,2022-04-30,-29.75,-51.0,3,5.4,5.52718399658697,2.654956934589529,2.0818356503554747,2.0339312964542944
A884,2022-05-01,-29.75,-51.0,3,4.1,4.954997262504871,2.517349886943424,1.9683387232758685,1.6286969170496342
A884,2022-05-02,-29.75,-51.0,3,7.0,7.735385637154869,4.4858883588267835,1.7243821108329906,1.5604489991879211
A884,2022-05-03,-29.75,-51.0,3,6.6,9.630812252217478,3.6270714299451354,2.6552585021362973,1.819649854565956
A884,2022-05-04,-29.75,-51.0,3,7.3,8.829184588451856,5.14249961353837,1.716905250747663,1.4195431305005253
A884,2022-05-05,-29.75,-51.0,3,5.9,5.309196158277286,2.3597671881211784,2.249881337872323,2.500246647084502
A884,2022-05-06,-29.75,-51.0,3,3.9,4.169233195737811,2.0976684994957044,1.987555801472028,1.859207020049922
A884,2022-05-07,-29.75,-51.0,3,3.4,3.41228507083086,2.2744031200948287,1.5002991513169348,1.4948977030326271
A884,2022-05-08,-29.75,-51.0,3,3.8,4.645849546955385,2.022504962260546,2.2970769583490847,1.8788581837409954
A884,2022-05-09,-29.75,-51.0,3,3.8,4.782777636769804,2.2023745677094446,2.1716458711853357,1.7254104073459893
A884,2022-05-10,-29.75,-51.0,3,4.8,5.065429490539203,2.166382614535837,2.3381970740309455,2.2156750925682784
A884,2022-05-11,-29.75,-51.0,3,6.7,6.461278771232925,3.320649520550243,1.945787633186374,2.0176775533028213
A884,2022-05-12,-29.75,-51.0,3,5.0,4.892359006310054,2.0229961778027605,2.4183728372753515,2.471581535774653
A884,2022-05-13,-29.75,-51.0,3,5.2,4.951473682446015,2.699972709961707,1.833897677623653,1.925945392267965
A884,2022-05-14,-29.75,-51.0,3,3.9,3.619380444678741,2.2791157491561,1.5880634610238238,1.7111899654258778
A884,2022-05-15,-29.75,-51.0,3,8.3,6.584802616240983,4.130372620851862,1.59423936305362,2.0095039266186547
A884,2022-05-16,-29.75,-51.0,3,11.3,13.683774125962033,7.307677038395115,1.8725203719412338,1.5463190204806403
A884,2022-05-17,-29.75,-51.0,3,14.2,20.188464696505516,9.711364476542041,2.078849449556865,1.4622044136331542
A884,2022-05-18,-29.75,-51.0,3,16.8,15.353161730695593,9.374282822210459,1.6377958742955137,1.7921370966316286
A884,2022-05-19,-29.75,-51.0,3,6.8,8.865836368877938,4.296158263646149,2.063666146543099,1.5828094736502656
A884,2022-05-20,-29.75,-51.0,3,7.1,4.402675730780582,2.8721209610851073,1.532900525581353,2.4720407309438563
A884,2022-05-21,-29.75,-51.0,3,5.4,4.193186443460191,1.8398900346390905,2.2790418799581786,2.934958012889751
A884,2022-05-22,-29.75,-51.0,3,3.8,5.0254357247138985,1.8106873843793956,2.7754297997919406,2.0986505085207914
A884,2022-05-23,-29.75,-51.0,3,2.8,4.346552240400596,2.1604617002148454,2.0118626680437597,1.2960192720479868
A884,2022-05-24,-29.75,-51.0,3,3.3,4.4969902061747415,2.685738862067641,1.6743959249681826,1.2287121605931055
A884,2022-05-25,-29.75,-51.0,3,6.6,7.564681329381377,3.5036044687547374,2.1591139630182172,1.883774284129108
A884,2022-05-26,-29.75,-51.0,3,4.2,6.5145022170783635,2.9893714208443027,2.179221414794432,1.4049776386815707
A884,2022-05-27,-29.75,-51.0,3,7.7,8.43212536611033,2.6452568984021974,3.1876394958854655,2.9108703977488903
A884,2022-05-28,-29.75,-51.0,3,4.1,5.375131639150438,1.9664829580382148,2.733373110190962,2.08494051943893
A884,2022-05-29,-29.75,-51.0,3,7.0,6.3080468949722714,3.831512430754064,1.6463595013655772,1.826954793050837
A884,2022-05-30,-29.75,-51.0,3,6.9,7.268858530359084,3.3636742644954385,2.1609876458859296,2.0513282373479234
A884,2022-05-31,-29.75,-51.0,3,5.5,6.069277773879665,2.2517590729685675,2.695349536608434,2.4425348457680114
A884,2022-06-01,-29.75,-51.0,3,2.6,4.846973260417232,2.9145490331128476,1.6630268372052341,0.8920762596411366
A884,2022-06-02,-29.75,-51.0,3,3.3,4.655113302450067,2.0346072793024486,2.2879665033175547,1.6219346276650415
A884,2022-06-03,-29.75,-51.0,3,4.5,5.226571944976623,2.031704287209081,2.57250623423957,2.2148892574231738
A884,2022-06-04,-29.75,-51.0,3,3.7,5.547897441057577,2.5508295278449475,2.1749385368549827,1.4505085344240634
A884,2022-06-05,-29.75,-51.0,3,4.3,5.827054448594874,2.6958054919668952,2.161526291848073,1.5950705690055789
A884,2022-06-06,-29.75,-51.0,3,8.1,5.467316759680486,2.3763797800434783,2.3006914995634475,3.4085460867924917
A884,2022-06-07,-29.75,-51.0,3,3.8,4.853048962241004,2.49890584415588,1.9420695555979794,1.5206655380341567
A884,2022-06-08,-29.75,-51.0,3,3.4,3.7317677488836667,1.877188528923435,1.987955760108885,1.811219250284837
A884,2022-06-09,-29.75,-51.0,3,3.0,4.376782158821704,1.9034137234389212,2.2994381646645463,1.5761155670244211
A884,2022-06-10,-29.75,-51.0,3,11.1,9.986956225327232,5.289100434566605,1.8882145175497265,2.098655553495752
A884,2022-06-11,-29.75,-51.0,3,10.1,12.39589186563973,6.157905637705644,2.013004517272577,1.6401680367033245
A884,2022-06-12,-29.75,-51.0,3,9.5,12.353586295269558,5.560257663062587,2.2217650770639303,1.708553915245612
A884,2022-06-13,-29.75,-51.0,3,5.1,5.783016829284014,2.8381381826892915,2.0376093259153043,1.7969526752102922
A884,2022-06-14,-29.75,-51.0,3,3.6,3.6190929178473588,1.8771955719810067,1.9279253434569557,1.9177543638678605
A884,2022-06-15,-29.75,-51.0,3,4.0,4.392247074264043,2.221914717063838,1.9767847255938802,1.8002491136499708
A884,2022-06-16,-29.75,-51.0,3,3.5,4.756927011394249,2.0895828338767073,2.2764960231650355,1.6749754751318522
A884,2022-06-17,-29.75,-51.0,3,10.9,9.520917621955876,4.918220684403233,1.9358459558654648,2.2162486597167783
A884,2022-06-18,-29.75,-51.0,3,9.2,8.941111197720364,4.9657564302806545,1.8005537168916337,1.8526885337950485
A884,2022-06-19,-29.75,-51.0,3,3.2,3.978989311586793,2.0075886521931094,1.981974398610047,1.5939520262302185
A884,2022-06-20,-29.75,-51.0,3,3.8,4.91276887206693,2.5376390102739053,1.935960494056505,1.4974549116778588
A884,2022-06-21,-29.75,-51.0,3,10.3,4.08872732271959,2.465531664326777,1.6583552269388653,4.1775979392308695
A884,2022-06-22,-29.75,-51.0,3,7.3,4.3570068659452215,2.572370668415637,1.6937710103142987,2.837849183102443
A884,2022-06-23,-29.75,-51.0,3,4.5,4.64014542602011,2.346452471134543,1.977515199264417,1.9177886854124881
A884,2022-06-24,-29.75,-51.0,3,3.7,3.359329071943272,2.1184603675995732,1.5857408159821875,1.7465514373499793
A884,2022-06-25,-29.75,-51.0,3,5.3,4.961594365170583,3.8695656147603406,1.2822096480919545,1.3696627806964459
A884,2022-06-26,-29.75,-51.0,3,5.5,6.032496457767583,2.9536400938969076,2.042393882122775,1.8621090671692275
A884,2022-06-27,-29.75,-51.0,3,11.4,5.450663401534759,2.1670822833527,2.5152083256857325,5.260529370561335
A884,2022-06-28,-29.75,-51.0,3,10.9,7.575961227952836,2.660648530238453,2.8474115020648227,4.096745540089476
A884,2022-06-29,-29.75,-51.0,3,9.3,10.865582968744327,5.859296239899748,1.8544177532369037,1.5872213349907571
A884,2022-06-30,-29.75,-51.0,3,6.3,6.47342359084879,2.607272444954357,2.482833584720416,2.416318253273408
A884,2022-07-01,-29.75,-51.0,3,5.9,4.676965686010708,2.839697524891511,1.6469943171815065,2.077686073352269
A884,2022-07-02,-29.75,-51.0,3,13.8,10.863559705219588,6.26696466197187,1.7334643310085973,2.2020229480052467
A884,2022-07-03,-29.75,-51.0,3,5.4,5.816658552121171,4.209231193390731,1.381881461216575,1.2828946075661027
A884,2022-07-04,-29.75,-51.0,3,5.8,5.41949137436642,2.104469935627015,2.5752286989795907,2.7560384217472427
A884,2022-07-05,-29.75,-51.0,3,5.1,5.267928995580506,2.6085928202619866,2.019452386229997,1.9550770669865585
A884,2022-07-06,-29.75,-51.0,3,4.3,4.112279127953941,2.342833636771805,1.755258701859966,1.835384268225284
A884,2022-07-07,-29.75,-51.0,3,9.9,10.9747800193958,4.3166374448853215,2.5424372928052015,2.2934518190148836
A884,2022-07-08,-29.75,-51.0,3,7.8,4.774868529123484,4.266682575043455,1.1191056388990581,1.8281181838141682
A884,2022-07-09,-29.75,-51.0,3,3.5,6.650475099126356,2.8855572720323943,2.3047454866290713,1.2129372838733619
A884,2022-07-10,-29.75,-51.0,3,3.9,8.722448080816797,4.374752747891023,1.9938150984696696,0.8914789531545774
A884,2022-07-11,-29.75,-51.0,3,12.5,16.117505581260932,6.333897033504444,2.5446428156321597,1.973508557824463
A884,2022-07-12,-29.75,-51.0,3,16.2,12.317909790445052,6.014809269255966,2.0479302400172004,2.6933522369203815
A884,2022-07-13,-29.75,-51.0,3,5.2,6.230091007224632,3.830950695142631,1.6262519418806245,1.3573654201797023
A884,2022-07-14,-29.75,-51.0,3,6.5,7.368663046490533,3.3844195948515914,2.1772309372336123,1.9205656443686405
A884,2022-07-15,-29.75,-51.0,3,5.4,7.201156833990004,2.834997794653829,2.540092569937717,1.9047633864771223
A884,2022-07-16,-29.75,-51.0,3,18.4,18.612134766586415,6.997310202067454,2.6598984794310243,2.629581863408522
A884,2022-07-17,-29.75,-51.0,3,12.8,14.844554960748848,7.872603792920721,1.885596601990502,1.6258915521075938
A884,2022-07-18,-29.75,-51.0,3,5.8,4.140272377529311,2.3297873777360625,1.7771031026670603,2.489497563351067
A884,2022-07-19,-29.75,-51.0,3,3.6,3.5297906106881265,1.778721242380854,1.9844540710400642,2.0239259048715965
A884,2022-07-20,-29.75,-51.0,3,3.6,3.3061800825626477,2.1728132680132988,1.52161261680146,1.656838188995248
A884,2022-07-21,-29.75,-51.0,3,6.0,9.890839163457132,3.5873258662246386,2.7571621682271132,1.672555051798096
A884,2022-07-22,-29.75,-51.0,3,4.8,5.681043083932985,2.339524360992337,2.428289774902495,2.0516990889396096
A884,2022-07-23,-29.75,-51.0,3,6.0,6.606780359602667,2.390515519197486,2.7637471108410177,2.509918865540034
A884,2022-07-24,-29.75,-51.0,3,2.7,5.527631524161851,2.289588757318172,2.414246447749178,1.1792510735257753
A884,2022-07-25,-29.75,-51.0,3,5.7,4.9119185863153385,3.340083326041459,1.4705976189332854,1.706544251623634
A884,2022-07-26,-29.75,-51.0,3,3.5,4.295982232160042,1.9528446275817295,2.1998586940733196,1.7922572797479353
A884,2022-07-27,-29.75,-51.0,3,3.7,5.760823087986732,1.9643132891287969,2.932741492851044,1.8836099213282862
A884,2022-07-28,-29.75,-51.0,3,8.5,14.89140526270522,5.765668306993291,2.582771756856555,1.4742436691493657
A884,2022-07-29,-29.75,-51.0,3,11.3,16.181875498909648,7.758554093171131,2.085681855740684,1.4564569460108494
A884,2022-07-30,-29.75,-51.0,3,5.0,6.425034630922125,2.6661200145311406,2.409881999273773,1.8753844435916331
A884,2022-07-31,-29.75,-51.0,3,3.4,4.213141391697772,1.972934846042576,2.135469095773096,1.7233209737361128
A884,2022-08-01,-29.75,-51.0,3,3.0,3.8131922479506253,1.895386392874946,2.011828438932036,1.5827907234522045
A884,2022-08-02,-29.75,-51.0,3,5.8,7.147371590915212,2.8940020195966816,2.4697189367930346,2.00414511141506
A884,2022-08-03,-29.75,-51.0,3,5.3,6.585549733699217,2.576329929377954,2.5561748356078273,2.0571899350172385
A884,2022-08-04,-29.75,-51.0,3,11.3,16.710655511413357,5.675326846404887,2.944439318415458,1.9910747531938429
A884,2022-08-05,-29.75,-51.0,3,8.8,10.747863382895936,5.522224347947465,1.9462924187226782,1.593560754783684
A884,2022-08-06,-29.75,-51.0,3,6.5,7.125987968823887,4.540613835515331,1.569388683328789,1.4315245108841745
A884,2022-08-07,-29.75,-51.0,3,6.9,7.649053082875365,3.74060315565677,2.0448715794157413,1.8446223009691356
A884,2022-08-08,-29.75,-51.0,3,8.5,9.57854272137939,4.81164013665633,1.9907022240519512,1.7665494007427491
A884,2022-08-09,-29.75,-51.0,3,8.9,7.935704541131151,5.674746854370396,1.3984244134202186,1.5683518980491054
A884,2022-08-10,-29.75,-51.0,3,7.4,7.208162347831576,4.213874758125701,1.7105782116404693,1.7561034498546568
A884,2022-08-11,-29.75,-51.0,3,6.3,5.656925053405099,3.130531530541192,1.8070174340097307,2.012437804423227
A884,2022-08-12,-29.75,-51.0,3,4.1,3.8727081549269315,2.7999037981869432,1.383157577569156,1.464336025635925
A884,2022-08-13,-29.75,-51.0,3,2.9,4.469267871004639,2.4415236624141206,1.8305240861706553,1.1877828769976158
A884,2022-08-14,-29.75,-51.0,3,3.4,4.81358354398281,2.350837046899825,2.047604086523454,1.4462933551620527
A884,2022-08-15,-29.75,-51.0,3,10.5,9.409773889875451,2.9363373964914254,3.204595596241431,3.575883347923932
A884,2022-08-16,-29.75,-51.0,3,21.2,8.267306960551164,4.392019813757505,1.8823473734464402,4.826936329748194
A884,2022-08-17,-29.75,-51.0,3,3.8,6.455850951795967,2.4525486420323337,2.6323029199723638,1.5494086171726587
A884,2022-08-18,-29.75,-51.0,3,9.4,9.359147071224006,5.953787756686819,1.571965184804003,1.5788268551297735
A884,2022-08-19,-29.75,-51.0,3,6.5,10.023311850894599,3.7808667073445736,2.6510619460410174,1.71918253224144
A884,2022-08-20,-29.75,-51.0,3,6.3,6.00600388398125,2.776378044036077,2.163251469619822,2.2691434307849385
A884,2022-08-21,-29.75,-51.0,3,4.6,4.909547467252672,2.347898563004693,2.0910390016891283,1.9591987799137323
A884,2022-08-22,-29.75,-51.0,3,5.3,6.370492187326866,2.773115266378253,2.2972331026278843,1.9112079704216232
A884,2022-08-23,-29.75,-51.0,3,5.5,4.237870251063854,2.2798225885277055,1.858859664076161,2.4124684208659692
A884,2022-08-24,-29.75,-51.0,3,4.3,5.360680689657663,2.7083836442392495,1.9792914866621156,1.5876628147368004
A884,2022-08-25,-29.75,-51.0,3,4.5,4.657541215824466,2.587073722103317,1.8003125214529403,1.7394169951760998
A884,2022-08-26,-29.75,-51.0,3,4.6,5.196694003833546,2.2446808186113416,2.315114897737866,2.0492891291536774
A884,2022-08-27,-29.75,-51.0,3,8.3,7.960175962865639,3.622042014212537,2.1977039282345956,2.291525047868472
A884,2022-08-28,-29.75,-51.0,3,8.6,10.190607169520714,4.865974034334676,2.094258435744833,1.76737482348195
A884,2022-08-29,-29.75,-51.0,3,5.0,5.456987590052141,2.7717811799890555,1.968765654896931,1.8038942020739686
A884,2022-08-30,-29.75,-51.0,3,6.9,7.018097984630929,3.904127747793884,1.797609719250776,1.767360200725758
A884,2022-08-31,-29.75,-51.0,3,5.0,4.406600360487638,3.0055361720223255,1.466161146722311,1.663596680866318
A884,2022-09-01,-29.75,-51.0,3,4.0,3.651296456624541,2.1702826949540257,1.6824059211797238,1.8430778669065202
A884,2022-09-02,-29.75,-51.0,3,9.2,11.419062490991745,4.954006798080547,2.305015506925851,1.8570826353255272
A884,2022-09-03,-29.75,-51.0,3,6.6,7.409872294237594,3.7599441122442787,1.9707400091685683,1.755345239974994
A884,2022-09-04,-29.75,-51.0,3,6.7,5.624674126478328,3.534200720482024,1.5914982117119787,1.8957610305410717
A884,2022-09-05,-29.75,-51.0,3,6.3,6.496177597832747,3.505270654889581,1.853259915542066,1.7972934532778482
A884,2022-09-06,-29.75,-51.0,3,4.7,7.488537354653625,3.2177202372646514,2.3272804353617604,1.460661478760322
A884,2022-09-07,-29.75,-51.0,3,5.9,5.9022655973716,2.049521211834001,2.879826548411273,2.878721120783338
A884,2022-09-08,-29.75,-51.0,3,5.8,5.305257555587021,3.274842737354155,1.6200037623404473,1.7710774120060482
A884,2022-09-09,-29.75,-51.0,3,12.8,14.429207616874344,6.630409447935281,2.1762166771416536,1.9304991796526139
A884,2022-09-10,-29.75,-51.0,3,8.6,9.912079845784312,4.936802131377594,2.007793624699799,1.7420183696121128
A884,2022-09-11,-29.75,-51.0,3,7.5,7.26301983007236,4.707230118180218,1.5429498128891546,1.593293680509388
A884,2022-09-12,-29.75,-51.0,3,4.0,5.117961503817793,2.7256111769923925,1.8777298636797004,1.4675607561948167
A884,2022-09-13,-29.75,-51.0,3,7.4,8.981758153059817,4.265139262390251,2.105853431858705,1.7349961032346042
A884,2022-09-14,-29.75,-51.0,3,6.6,8.262712266243993,4.088404192522261,2.021011592091748,1.6143217962821477
A884,2022-09-15,-29.75,-51.0,3,7.6,6.4074996045851575,3.6309438438668007,1.7646925648294916,2.093119675435774
A884,2022-09-16,-29.75,-51.0,3,8.6,8.436733267921918,5.059672981672661,1.6674463544347178,1.6997145924551338
A884,2022-09-17,-29.75,-51.0,3,8.6,8.650952989644548,5.280624260724894,1.638244374625699,1.6285953280113592
A884,2022-09-18,-29.75,-51.0,3,8.3,7.395569227319286,4.765792245280194,1.5518026902334012,1.741578225156565
A884,2022-09-19,-29.75,-51.0,3,6.4,8.622242195547312,3.826558748125505,2.253262725881588,1.6725210355479667
A884,2022-09-20,-29.75,-51.0,3,5.8,7.1561850375514835,2.8449116695158283,2.515433120202774,2.0387276210185794
A884,2022-09-21,-29.75,-51.0,3,5.9,10.553665153562877,5.34390597630378,1.9748972381551015,1.1040613413039226
A884,2022-09-22,-29.75,-51.0,3,15.6,15.181903699558621,8.389352125526772,1.809663424826782,1.859499966932246
A884,2022-09-23,-29.75,-51.0,3,11.8,13.69257824803619,6.82060385333123,2.0075316705790853,1.7300520971082054
A884,2022-09-24,-29.75,-51.0,3,7.8,6.246005887866145,3.456903839221702,1.8068208369002219,2.256354345614692
A884,2022-09-25,-29.75,-51.0,3,4.7,5.474480790306863,3.012727321473261,1.8171179154805734,1.5600482547825278
A884,2022-09-26,-29.75,-51.0,3,6.2,6.45157074951417,2.8229940386028383,2.2853646381439736,2.1962497671686605
A884,2022-09-27,-29.75,-51.0,3,6.9,8.365917744960067,3.665938942489077,2.282066852777375,1.8821917408463655
A884,2022-09-28,-29.75,-51.0,3,8.1,8.915122145318042,5.108594551635465,1.7451222748659816,1.5855632930209476
A884,2022-09-29,-29.75,-51.0,3,9.1,8.902504024227008,4.657515433120117,1.911427702615927,1.9538314216392876
A884,2022-09-30,-29.75,-51.0,3,5.3,6.633490757034883,3.489846405882953,1.9007973376285505,1.5186914791051003
A884,2022-10-01,-29.75,-51.0,3,8.5,8.781393656324548,3.714896043933113,2.3638329451144817,2.2880855613393427
A884,2022-10-02,-29.75,-51.0,3,4.6,5.698190807195247,2.3844399308398794,2.389739717698887,1.9291742016666051
A884,2022-10-03,-29.75,-51.0,3,5.9,7.242005275588673,4.0802006517351534,1.774914003925009,1.4460073176771235
A884,2022-10-04,-29.75,-51.0,3,5.9,6.297861477102255,3.37008312400741,1.8687555307577652,1.7506986572438703
A884,2022-10-05,-29.75,-51.0,3,7.0,7.998995761177158,5.099055249021827,1.5687211396094676,1.3728033249576652
A884,2022-10-06,-29.75,-51.0,3,4.2,6.05972743581977,2.8627509921329497,2.1167497461261378,1.467120267023541
A884,2022-10-07,-29.75,-51.0,3,11.3,18.329309856640727,7.493111018000303,2.44615484978258,1.5080518589481204
A884,2022-10-08,-29.75,-51.0,3,7.4,7.426128849947182,3.597245363792156,2.0643931950526393,2.057129623262352
A884,2022-10-09,-29.75,-51.0,3,8.7,8.414885024491097,4.42630586272582,1.9011078957180376,1.965521649387858
A884,2022-10-10,-29.75,-51.0,3,7.5,8.499581675050132,4.9854607574804,1.7048738498837832,1.504374493119152
A884,2022-10-11,-29.75,-51.0,3,5.7,7.980812368345023,4.0678401049975665,1.9619287293372603,1.401235017324608
A884,2022-10-12,-29.75,-51.0,3,4.8,8.933220597351843,3.658060982567911,2.4420644270071294,1.3121705796797467
A884,2022-10-13,-29.75,-51.0,3,6.7,6.568148886484048,2.96994232735678,2.211540886159105,2.2559360625574625
A884,2022-10-14,-29.75,-51.0,3,7.8,9.398865030590441,5.075516040017182,1.851804812847882,1.5367895478020388
A884,2022-10-15,-29.75,-51.0,3,9.4,10.71016378892645,6.012137432082026,1.7814236467341498,1.5635038463757713
A884,2022-10-16,-29.75,-51.0,3,8.8,8.242642752405873,4.083730875961118,2.0184098812500575,2.1548922461568663
A884,2022-10-17,-29.75,-51.0,3,7.6,8.770720908502208,4.646751374314884,1.8874951986849868,1.635551245975699
A884,2022-10-18,-29.75,-51.0,3,6.8,10.905187733668964,6.004921228845354,1.8160417627602834,1.1324045296939769
A884,2022-10-19,-29.75,-51.0,3,6.0,8.957986994156256,3.8544982456950247,2.3240345236013966,1.556622838446281
A884,2022-10-20,-29.75,-51.0,3,5.9,5.6174169754809515,2.4237359728343946,2.317668689346457,2.4342585438876623
A884,2022-10-21,-29.75,-51.0,3,10.4,12.922892254430506,4.494896255531872,2.875014576482448,2.313735269685193
A884,2022-10-22,-29.75,-51.0,3,5.1,5.174127449571892,2.7085265291913343,1.9103107884701778,1.8829426055216343
A884,2022-10-23,-29.75,-51.0,3,9.8,8.228598649440173,4.700462744877083,1.7505933130537665,2.084901111210971
A884,2022-10-24,-29.75,-51.0,3,8.0,7.933333271388599,4.005807395925171,1.9804579919290746,1.9971005116566123
A884,2022-10-25,-29.75,-51.0,3,5.9,6.775895630297115,4.298932293294267,1.5761810533435394,1.3724338039013024
A884,2022-10-26,-29.75,-51.0,3,13.5,6.404556549435889,4.46272294863688,1.4351230455370605,3.0250589506398824
A884,2022-10-27,-29.75,-51.0,3,10.8,11.465724645133603,5.240875590662699,2.1877498228657215,2.0607243604945715
A884,2022-10-28,-29.75,-51.0,3,7.0,5.640596251528263,2.397596932747497,2.3526040488650817,2.9195899879544953
A884,2022-10-29,-29.75,-51.0,3,15.2,10.97867187500531,4.856319339415886,2.2606980941096464,3.129942439458325
A884,2022-10-30,-29.75,-51.0,3,8.8,15.693297254805316,4.3127999826050365,3.638772333078656,2.040437774877885
A884,2022-10-31,-29.75,-51.0,3,10.9,10.127186141765709,5.972402928493479,1.6956635818140056,1.825061056747806
A884,2022-11-01,-29.75,-51.0,3,7.5,6.737223713363159,4.31102183967821,1.562790438998576,1.7397267466777266
A884,2022-11-02,-29.75,-51.0,3,5.9,4.799722254828777,2.1869488925026355,2.1947116694328477,2.697822532673973
A884,2022-11-03,-29.75,-51.0,3,7.3,6.379594480908542,3.0988634254660994,2.0586884947822406,2.355702397211006
A884,2022-11-04,-29.75,-51.0,3,7.0,8.140998578244057,3.649396422831987,2.23077945912122,1.9181254073154086
A884,2022-11-05,-29.75,-51.0,3,9.0,10.05762117724269,5.488540210269475,1.8324765405606607,1.6397802794922258
A884,2022-11-06,-29.75,-51.0,3,9.3,10.179216049352922,5.5913029481551,1.820544539213645,1.6632974614742737
A884,2022-11-07,-29.75,-51.0,3,8.8,7.288708034511787,4.5405184055699435,1.6052589998469304,1.9381046862853517
A884,2022-11-08,-29.75,-51.0,3,6.5,6.116496875691204,3.8590455137547295,1.5849766098612414,1.6843543246204695
A884,2022-11-09,-29.75,-51.0,3,6.5,6.856216868135933,3.9329560347358496,1.7432732040688623,1.6527009055255206
A884,2022-11-10,-29.75,-51.0,3,6.8,6.830303962478124,4.012450440995417,1.7022774643376397,1.694724981653117
A884,2022-11-11,-29.75,-51.0,3,5.1,6.053874438508153,2.8058019739267683,2.1576271222147767,1.8176621327493263
A884,2022-11-12,-29.75,-51.0,3,5.5,7.008889655031241,3.3900479486126684,2.0674898294283817,1.6223959316713503
A884,2022-11-13,-29.75,-51.0,3,6.9,11.351722624811892,3.1857202075348274,3.5633143795751216,2.165915256361875
A884,2022-11-14,-29.75,-51.0,3,12.0,15.076002707725584,5.625178020217504,2.680093439450411,2.133265819654185
A884,2022-11-15,-29.75,-51.0,3,12.4,13.893772295615776,7.204284765861052,1.928542908444458,1.7211979263729116
A884,2022-11-16,-29.75,-51.0,3,6.4,6.882628956693821,3.063224627076807,2.24685741158389,2.089301562617506
A884,2022-11-17,-29.75,-51.0,3,6.9,7.973549580484987,4.147322447760432,1.922577682569806,1.6637240260221442
A884,2022-11-18,-29.75,-51.0,3,6.9,7.941586016576425,4.5384839347254236,1.749832351683071,1.5203314805646542
A884,2022-11-19,-29.75,-51.0,3,6.2,7.649068092245199,4.80174527771291,1.5929766470012503,1.2911971879843416
A884,2022-11-20,-29.75,-51.0,3,6.7,7.69002218264127,4.512055525915791,1.7043279140676049,1.484910804292492
A884,2022-11-21,-29.75,-51.0,3,6.4,10.396001969829095,3.4142724738186216,3.044865941294341,1.8744842566246782
A884,2022-11-22,-29.75,-51.0,3,9.3,10.56001471338753,4.116944432548307,2.5650126899699472,2.258956892027684
A884,2022-11-23,-29.75,-51.0,3,6.3,7.367491281437074,3.692244957483323,1.9953961251961034,1.7062789908430542
A884,2022-11-24,-29.75,-51.0,3,6.4,6.571318957493749,3.6455468789919006,1.802560541838625,1.7555665068747617
A884,2022-11-25,-29.75,-51.0,3,7.5,8.921949080256324,4.738257193297919,1.8829600665991866,1.5828604683191236
A884,2022-11-26,-29.75,-51.0,3,10.6,10.382306305219936,5.970725094896283,1.738868586345506,1.775328763513292
A884,2022-11-27,-29.75,-51.0,3,9.5,10.535018662715412,6.717100032755383,1.5683879369582507,1.4143008074428005
A884,2022-11-28,-29.75,-51.0,3,10.5,9.166450317935992,6.296071238285367,1.4559000321019757,1.6677066701773064
A884,2022-11-29,-29.75,-51.0,3,8.7,8.620935185506935,5.823890423650998,1.4802708427509301,1.4938467874788701
A884,2022-11-30,-29.75,-51.0,3,8.4,8.792635716192283,5.84945767931162,1.503154001317097,1.4360305622364182
A884,2022-12-01,-29.75,-51.0,3,7.5,6.694106373449746,2.2889365375272708,2.9245486992318988,3.276630818302294
A884,2022-12-02,-29.75,-51.0,3,8.1,9.381287896576314,3.378848897200526,2.776474527863315,2.3972661241853945
A884,2022-12-03,-29.75,-51.0,3,8.9,6.873903471444681,2.6924269670944785,2.5530510411068366,3.3055678422372954
A884,2022-12-04,-29.75,-51.0,3,12.0,7.717896223062049,3.6367235259550736,2.122211426846142,3.299673432516036
A884,2022-12-05,-29.75,-51.0,3,7.0,9.836183782987746,4.8055165743389985,2.046852535170107,1.4566592148239244
A884,2022-12-06,-29.75,-51.0,3,7.4,7.247814696622408,4.394964100448211,1.6491180658070117,1.6837452663709647
A884,2022-12-07,-29.75,-51.0,3,8.1,7.004793487965382,4.193207810808385,1.670509501081695,1.9316953429118138
A884,2022-12-08,-29.75,-51.0,3,6.5,5.605941170247613,2.594691056463358,2.1605428346790077,2.505115198130638
A884,2022-12-09,-29.75,-51.0,3,5.8,8.666775343858673,4.224735016801879,2.0514364355138692,1.3728671684574896
A884,2022-12-10,-29.75,-51.0,3,6.3,7.268657376623193,3.8813989228344363,1.872690110223242,1.6231261267520918
A884,2022-12-11,-29.75,-51.0,3,4.9,6.768062150055439,3.338374588349694,2.0273525246911226,1.4677801637659502
A884,2022-12-12,-29.75,-51.0,3,11.1,12.668810503333972,5.100897220613713,2.4836435543411572,2.176087758667779
A884,2022-12-13,-29.75,-51.0,3,6.8,8.173262706602767,4.345012969629017,1.88106750514501,1.565012589727803
A884,2022-12-14,-29.75,-51.0,3,6.5,7.7381981604955286,4.488561604270475,1.7239817212563837,1.4481253847147417
A884,2022-12-15,-29.75,-51.0,3,8.4,9.71312171883545,3.8501045530870646,2.522820246802737,2.181758932563213
A884,2022-12-16,-29.75,-51.0,3,10.2,8.87421605895849,5.2370184586410975,1.6945168570708404,1.9476731045639082
A884,2022-12-17,-29.75,-51.0,3,7.9,10.302368634904195,5.869972864466953,1.7550964668453786,1.345832456538518
A884,2022-12-18,-29.75,-51.0,3,8.8,7.825863631975191,4.433549280930897,1.7651464179353886,1.9848657232365972
A884,2022-12-19,-29.75,-51.0,3,9.8,7.673239861031095,4.957125761539836,1.5479211603958885,1.9769520628332453
A884,2022-12-20,-29.75,-51.0,3,6.3,8.849353127609536,5.759276010829291,1.5365391606462178,1.0938874935241816
A884,2022-12-21,-29.75,-51.0,3,8.5,8.427720781633212,5.288616832812059,1.5935585897139066,1.6072255314969355
A884,2022-12-22,-29.75,-51.0,3,6.6,8.492256790554848,5.3222671631495855,1.5956088881358113,1.2400730361108523
A884,2022-12-23,-29.75,-51.0,3,6.6,7.8210430072892505,4.383279962108847,1.7842900920995373,1.505721755638137
A884,2022-12-24,-29.75,-51.0,3,6.1,7.633372307475919,3.661051821436076,2.0850216494563765,1.6661878327652917
A884,2022-12-25,-29.75,-51.0,3,11.0,6.888264138467304,3.604109036585883,1.911225234459735,3.052071923556489
A884,2022-12-26,-29.75,-51.0,3,5.8,6.327831373624374,3.913305472131739,1.6170041972668552,1.482122988175646
A884,2022-12-27,-29.75,-51.0,3,8.5,7.282382992511552,4.352949072994752,1.6729768417670463,1.9526991603768409
A884,2022-12-28,-29.75,-51.0,3,6.8,8.271272780542223,5.011653057771303,1.6504080959308227,1.3568377382898846
A884,2022-12-29,-29.75,-51.0,3,7.0,7.643711797116902,3.4025135655198078,2.2464897346997525,2.05730259856601
A884,2022-12-30,-29.75,-51.0,3,7.0,5.639938724350754,2.9984161418636295,1.8809726393899808,2.3345658737179935
A884,2022-12-31,-29.75,-51.0,3,6.3,8.286529116201264,3.1399098260054457,2.6390978006980803,2.0064270469877736
A806,2021-01-01,-27.5,-48.5,4,9.7,9.519243695023864,5.295584339427017,1.7975813592752348,1.8317147604997903
A806,2021-01-02,-27.5,-48.5,4,6.9,5.7934074066427,3.485208046290579,1.6622845264026098,1.9797957276449814
A806,2021-01-03,-27.5,-48.5,4,7.4,6.18313778296186,4.839721505150688,1.277581318755932,1.5290135996719083
A806,2021-01-04,-27.5,-48.5,4,7.9,6.09936172930326,4.1454936934063324,1.4713233646946988,1.9056837578996793
A806,2021-01-05,-27.5,-48.5,4,8.1,9.687440961087248,4.874021688865886,1.9875662398501501,1.6618719646864666
A806,2021-01-06,-27.5,-48.5,4,9.7,9.684583798553714,5.392953309608374,1.7957848404322623,1.7986434228380876
A806,2021-01-07,-27.5,-48.5,4,8.6,7.917898962634442,3.2667808543739763,2.423761897598048,2.632561038946105
A806,2021-01-08,-27.5,-48.5,4,7.9,12.460454114351412,5.451522479857873,2.2856833408263353,1.4491364621880751
A806,2021-01-09,-27.5,-48.5,4,8.6,7.049113786834897,4.483982100147835,1.5720655500838174,1.9179380755593252
A806,2021-01-10,-27.5,-48.5,4,8.2,7.892240949928292,5.6501340252778025,1.3968236708403126,1.4512930070887702
A806,2021-01-11,-27.5,-48.5,4,10.6,7.7743226468509095,5.37817153558739,1.4455326676377231,1.9709300697941192
A806,2021-01-12,-27.5,-48.5,4,11.1,7.8728164634984825,4.8486136563096505,1.6237252587145903,2.2893141806741455
A806,2021-01-13,-27.5,-48.5,4,13.3,12.956430261731906,8.202948334088644,1.5794845626284661,1.6213682517942671
A806,2021-01-14,-27.5,-48.5,4,12.5,14.956135672246816,8.791134570077629,1.701274795991975,1.4218870044995364
A806,2021-01-15,-27.5,-48.5,4,7.8,9.957695484627456,5.8956491752902975,1.6889905061450923,1.3230095224612706
A806,2021-01-16,-27.5,-48.5,4,10.1,10.372043333545166,6.269276497803416,1.654424292369183,1.6110311937172919
A806,2021-01-17,-27.5,-48.5,4,9.9,9.608788971455702,5.436609315155368,1.7674231151151056,1.820987940480155
A806,2021-01-18,-27.5,-48.5,4,12.3,15.02061282207086,7.7912572243408755,1.9278804934259595,1.5786925839867334
A806,2021-01-19,-27.5,-48.5,4,7.4,10.958669288541964,5.501610767972398,1.9919019630283203,1.3450606217144743
A806,2021-01-20,-27.5,-48.5,4,7.3,5.8960404390408625,5.22584129756444,1.1282471287041909,1.3969042656159965
A806,2021-01-21,-27.5,-48.5,4,6.2,7.653541328208065,3.6942766325610004,2.071729350409356,1.6782717204645137
A806,2021-01-22,-27.5,-48.5,4,7.4,7.567835738441915,3.757163219522275,2.014241941664746,1.96957107467397
A806,2021-01-23,-27.5,-48.5,4,5.8,6.419870836092482,3.911781741687279,1.641162840880632,1.4827003097310512
A806,2021-01-24,-27.5,-48.5,4,7.2,6.242731341397746,3.6689921143650928,1.7014839898280976,1.9623917892355396
A806,2021-01-25,-27.5,-48.5,4,6.9,9.381918508317657,4.061903011262783,2.3097347431249875,1.6987111658914025
A806,2021-01-26,-27.5,-48.5,4,9.3,10.543708426644452,6.280391638932425,1.6788297661699212,1.4807993728207793
A806,2021-01-27,-27.5,-48.5,4,10.1,11.782861977413678,5.92877950068675,1.987400944165461,1.7035546690225338
A806,2021-01-28,-27.5,-48.5,4,6.9,8.463958107602258,3.6605100443229963,2.3122346353696863,1.8849832172161518
A806,2021-01-29,-27.5,-48.5,4,9.5,10.961771427773254,5.247085057334978,2.0891163966266624,1.8105290644602396
A806,2021-01-30,-27.5,-48.5,4,6.0,10.624014857519114,5.398828225553781,1.9678371701535964,1.111352269294427
A806,2021-01-31,-27.5,-48.5,4,7.8,9.992103917827405,4.528792518242738,2.206350562004669,1.7223133911700057
A806,2021-02-01,-27.5,-48.5,4,7.8,6.808331605505441,3.636651688010179,1.872142891207343,2.1448300989935682
A806,2021-02-02,-27.5,-48.5,4,6.4,6.877609144026856,3.0139833304519263,2.2819001931890597,2.123435765333302
A806,2021-02-03,-27.5,-48.5,4,9.8,7.3775866843392786,4.960398981971354,1.4872970321849575,1.9756475306962709
A806,2021-02-04,-27.5,-48.5,4,10.5,12.894073540080816,5.778105589471443,2.2315399641667524,1.8172045902263436
A806,2021-02-05,-27.5,-48.5,4,10.3,10.393978982384837,5.831833599245588,1.7822831885548678,1.7661683627825766
A806,2021-02-06,-27.5,-48.5,4,10.7,10.93129342158627,6.139516287640934,1.780481215367301,1.7428083091072635
A806,2021-02-07,-27.5,-48.5,4,9.6,8.918696972720676,5.309242007487055,1.679843744199943,1.80816771706058
A806,2021-02-08,-27.5,-48.5,4,8.1,7.012196695784371,4.742718655972622,1.47851837826259,1.7078811937957716
A806,2021-02-09,-27.5,-48.5,4,7.4,5.573805451555465,3.9682197430698682,1.404611088206394,1.8648160835657908
A806,2021-02-10,-27.5,-48.5,4,7.0,5.436816999337542,3.0345615332237625,1.7916318189012785,2.3067582988055473
A806,2021-02-11,-27.5,-48.5,4,7.9,6.986942621832603,3.192069750783946,2.188843968749952,2.4748832628296498
A806,2021-02-12,-27.5,-48.5,4,7.0,8.79167710709627,3.685218582696184,2.3856596046642347,1.8994802731290505
A806,2021-02-13,-27.5,-48.5,4,8.4,9.235633917132976,3.2796472343603846,2.8160449149446896,2.5612510735893874
A806,2021-02-14,-27.5,-48.5,4,14.0,7.539131526558782,3.1119389805774462,2.4226476076853642,4.498802864509311
A806,2021-02-15,-27.5,-48.5,4,8.1,7.03857455596168,3.4336040237165104,2.0499086404096105,2.359037310083477
A806,2021-02-16,-27.5,-48.5,4,8.0,6.40127891493236,2.7000837340936426,2.370770518745088,2.962871076546602
A806,2021-02-17,-27.5,-48.5,4,8.9,8.683928380480056,4.3500130103010655,1.9962994041434003,2.045970892253499
A806,2021-02-18,-27.5,-48.5,4,8.0,8.650931216643295,5.186847185550593,1.6678592808253292,1.5423627714127048
A806,2021-02-19,-27.5,-48.5,4,8.4,7.081634285687744,3.9217920164254463,1.8057138818244536,2.141877989658477
A806,2021-02-20,-27.5,-48.5,4,8.3,6.022249531122117,3.83392845155897,1.570777756343711,2.1648812973087734
A806,2021-02-21,-27.5,-48.5,4,7.3,5.950063709328177,4.106014833243065,1.4491091608231288,1.777879597730099
A806,2021-02-22,-27.5,-48.5,4,10.3,6.35559981366673,4.883039919420863,1.3015662207448255,2.1093417563585266
A806,2021-02-23,-27.5,-48.5,4,9.1,11.59302169560161,5.286732056009825,2.1928521386709874,1.7212901852393572
A806,2021-02-24,-27.5,-48.5,4,7.9,6.606759489941531,3.7667430220181344,1.753971388895487,2.0973026176251763
A806,2021-02-25,-27.5,-48.5,4,8.7,5.617065858951294,4.140454177942819,1.3566303640974307,2.101218761542384
A806,2021-02-26,-27.5,-48.5,4,8.8,9.485797727911471,5.9655605422896905,1.5900932796954985,1.4751338013615065
A806,2021-02-27,-27.5,-48.5,4,11.9,10.274994235883264,6.463802208385099,1.5896207688029402,1.8410216798655832
A806,2021-02-28,-27.5,-48.5,4,12.0,13.16236773671169,6.301397237052651,2.0888014580823535,1.904339553367493
A806,2021-03-01,-27.5,-48.5,4,6.9,9.047635525950499,2.8388779397310757,3.1870463323997553,2.4305377499441314
A806,2021-03-02,-27.5,-48.5,4,7.0,6.657527341451351,3.598901010305708,1.8498778717133508,1.9450382158206085
A806,2021-03-03,-27.5,-48.5,4,9.0,7.191948375531318,3.362434261865529,2.13891122187802,2.676632254813709
A806,2021-03-04,-27.5,-48.5,4,8.6,10.1262480686069,4.838716697517987,2.0927548979672945,1.7773307547456452
A806,2021-03-05,-27.5,-48.5,4,8.2,10.627530274278321,3.957999266746523,2.68507636258714,2.0717537946237172
A806,2021-03-06,-27.5,-48.5,4,9.3,8.731486163289047,4.758880294013952,1.8347774316307373,1.9542412133581468
A806,2021-03-07,-27.5,-48.5,4,6.4,6.75022824887479,3.689021079211026,1.8298155808636547,1.7348775901732645
A806,2021-03-08,-27.5,-48.5,4,8.4,7.44649287318625,4.607556265141051,1.6161480065959195,1.8230922242992622
A806,2021-03-09,-27.5,-48.5,4,14.0,6.6209131491785795,5.506920101236643,1.202289669627089,2.5422558785365594
A806,2021-03-10,-27.5,-48.5,4,11.1,11.401757734648518,5.5744424153046594,2.045362905417219,1.9912305434396262
A806,2021-03-11,-27.5,-48.5,4,7.3,8.1085603147551,3.9920435326200847,2.031180333705739,1.8286373734027932
A806,2021-03-12,-27.5,-48.5,4,6.9,5.581285186865059,2.960481655020858,1.8852625475315554,2.3307018262713695
A806,2021-03-13,-27.5,-48.5,4,9.0,6.478929013075506,4.664463732349523,1.3889976179130938,1.9294822548586175
A806,2021-03-14,-27.5,-48.5,4,9.4,9.672473794524928,4.047425548202431,2.389784241694262,2.322463968280971
A806,2021-03-15,-27.5,-48.5,4,8.0,7.104853297525718,3.394521227762552,2.0930354594390845,2.356738833910042
A806,2021-03-16,-27.5,-48.5,4,8.6,6.780575166911295,4.883980059173692,1.3883298221447864,1.7608589502421128
A806,2021-03-17,-27.5,-48.5,4,9.9,11.444122125216914,5.476644214254846,2.08962307528206,1.8076763091953012
A806,2021-03-18,-27.5,-48.5,4,11.6,14.815180040701424,7.125426460856134,2.079199065780738,1.6279727345058077
A806,2021-03-19,-27.5,-48.5,4,9.1,9.322426698281982,5.493515140292298,1.696987531700141,1.656498574702355
A806,2021-03-20,-27.5,-48.5,4,5.8,7.073159869575178,3.8603646432622156,1.8322517490466852,1.502448741499893
A806,2021-03-21,-27.5,-48.5,4,7.7,11.1140952183539,5.537428438931854,2.0070860221351703,1.390537157259462
A806,2021-03-22,-27.5,-48.5,4,9.9,10.556233510199899,4.90026232545101,2.1542180416286847,2.0203000048755198
A806,2021-03-23,-27.5,-48.5,4,7.4,11.270503349117599,3.9536468700067133,2.8506600917290474,1.8716896686292661
A806,2021-03-24,-27.5,-48.5,4,11.4,11.451543744637242,5.219513740741785,2.1939867032536586,2.184111502766129
A806,2021-03-25,-27.5,-48.5,4,9.7,7.4981049084241445,4.1679430552633985,1.7989940862928349,2.3272870745560117
A806,2021-03-26,-27.5,-48.5,4,9.9,9.544443797874433,4.2907128926667975,2.224442426382506,2.307308889606658
A806,2021-03-27,-27.5,-48.5,4,8.5,9.090585381618556,4.425766959092593,2.0540135677370555,1.9205710735711081
A806,2021-03-28,-27.5,-48.5,4,7.9,8.123396544796151,4.656069244856228,1.7446898054126745,1.696710161415123
A806,2021-03-29,-27.5,-48.5,4,7.2,7.622974665737993,3.8339250258345094,1.9882951842749563,1.8779709961680369
A806,2021-03-30,-27.5,-48.5,4,12.2,12.363867893476824,6.025240499896052,2.0520123460117694,2.0248154410119357
A806,2021-03-31,-27.5,-48.5,4,10.9,13.441649803470044,7.161364111282304,1.876967794766017,1.5220563890652756
A806,2021-04-01,-27.5,-48.5,4,11.0,11.90984440347238,6.960405340310622,1.711084889625247,1.5803677317891809
A806,2021-04-02,-27.5,-48.5,4,6.7,8.87797461367282,5.171403752244795,1.7167436616835576,1.2955863283913336
A806,2021-04-03,-27.5,-48.5,4,5.4,3.7360401038400024,2.4171624465179886,1.5456305426314667,2.2340244478722973
A806,2021-04-04,-27.5,-48.5,4,6.8,5.321080319097509,3.406935938733658,1.561837502901604,1.995928342147674
A806,2021-04-05,-27.5,-48.5,4,8.1,8.017628958621414,4.533926172756713,1.7683633683312807,1.7865310751354926
A806,2021-04-06,-27.5,-48.5,4,5.5,7.38196435049367,3.3505187261350597,2.2032302917491893,1.6415368632618992
A806,2021-04-07,-27.5,-48.5,4,5.5,6.43238336743851,4.4168019605104885,1.4563440754076877,1.245244873819137
A806,2021-04-08,-27.5,-48.5,4,9.8,6.171504255844036,5.565026763693336,1.1089801573116245,1.7609978201607146
A806,2021-04-09,-27.5,-48.5,4,9.3,10.664936037386843,6.12388159077475,1.7415320461866721,1.5186446475401938
A806,2021-04-10,-27.5,-48.5,4,6.7,10.266095279829244,4.5943793210448,2.234490137286847,1.4583036209723244
A806,2021-04-11,-27.5,-48.5,4,7.0,8.903869354248975,5.113357283469154,1.7412961505807691,1.3689636010043982
A806,2021-04-12,-27.5,-48.5,4,13.7,13.678310347829509,6.92600982780514,1.974919280783663,1.9780509038552065
A806,2021-04-13,-27.5,-48.5,4,9.5,10.37583243920134,5.809165836970441,1.7861140016296175,1.6353466688006242
A806,2021-04-14,-27.5,-48.5,4,4.4,6.752033256939435,2.923521480967295,2.309554864192554,1.5050342638646146
A806,2021-04-15,-27.5,-48.5,4,7.5,6.541438979936887,3.901619905694272,1.6765956546381913,1.9222784846504455
A806,2021-04-16,-27.5,-48.5,4,6.3,10.000379471472394,4.738873166165144,2.1102863741687856,1.329429967651608
A806,2021-04-17,-27.5,-48.5,4,8.2,8.512421889125658,3.1238528336906306,2.724975324483766,2.624963606340004
A806,2021-04-18,-27.5,-48.5,4,9.4,11.935798685211413,5.988601518401608,1.9930861401506552,1.569648601783896
A806,2021-04-19,-27.5,-48.5,4,9.2,11.218774610768843,6.412289697266706,1.7495738870860658,1.434744909282807
A806,2021-04-20,-27.5,-48.5,4,12.6,11.165655177013546,6.329568341513751,1.7640468630034918,1.9906570748846106
A806,2021-04-21,-27.5,-48.5,4,10.2,6.979568523799645,4.466359720076145,1.5626973556175303,2.283739026695795
A806,2021-04-22,-27.5,-48.5,4,9.7,7.86304674235211,4.030075102562125,1.951091863611467,2.4069030360831767
A806,2021-04-23,-27.5,-48.5,4,6.5,6.713627688990677,2.9289998886704183,2.292122889782096,2.219187520335001
A806,2021-04-24,-27.5,-48.5,4,5.7,6.390679700181716,3.1473569286538225,2.0304909309777956,1.8110434021977881
A806,2021-04-25,-27.5,-48.5,4,7.0,7.739629640914508,3.9556600510503386,1.956596254741208,1.7696161726893858
A806,2021-04-26,-27.5,-48.5,4,8.0,8.512966191294318,5.067150783179726,1.6800301699236748,1.5787965155005432
A806,2021-04-27,-27.5,-48.5,4,7.9,8.534101852360026,4.619599451116917,1.8473683579420872,1.7101049741639298
A806,2021-04-28,-27.5,-48.5,4,8.5,8.68371927461832,4.854499409452862,1.7887980906350625,1.750952937278864
A806,2021-04-29,-27.5,-48.5,4,7.4,8.278573550576771,5.284114928061098,1.5666906687842292,1.4004237418649947
A806,2021-04-30,-27.5,-48.5,4,5.1,6.096433858664583,2.6879986457902065,2.2680196912347697,1.8973223844391942
A806,2021-05-01,-27.5,-48.5,4,6.0,6.3452327104454005,4.287466722320725,1.4799491451238238,1.3994277713605932
A806,2021-05-02,-27.5,-48.5,4,7.9,9.733946140993368,4.558920962189117,2.1351425527498704,1.7328661903817155
A806,2021-05-03,-27.5,-48.5,4,9.1,8.912448677343761,5.267922475612782,1.6918336817982569,1.7274362031953514
A806,2021-05-04,-27.5,-48.5,4,7.1,9.191280556657011,5.5858843187529885,1.6454477092910695,1.2710610522605716
A806,2021-05-05,-27.5,-48.5,4,11.4,9.268867100928922,5.2423960672043055,1.768059296189705,2.174578161180305
A806,2021-05-06,-27.5,-48.5,4,8.4,14.17556820930419,7.607048863584315,1.8634780009320064,1.104238996046367
A806,2021-05-07,-27.5,-48.5,4,10.2,10.312532027239483,6.05773330828473,1.7023747171463899,1.6837981272714972
A806,2021-05-08,-27.5,-48.5,4,7.2,7.507249859724847,4.279390954987229,1.7542799755128358,1.6824824082990302
A806,2021-05-09,-27.5,-48.5,4,4.1,8.217477442785846,4.0740195653810956,2.017044177355874,1.0063771010919222
A806,2021-05-10,-27.5,-48.5,4,7.9,10.73365387212515,6.34241757728946,1.6923600096214981,1.24558181540866
A806,2021-05-11,-27.5,-48.5,4,11.1,12.989771795552114,6.553596934307662,1.9820828051770298,1.6937263782415741
A806,2021-05-12,-27.5,-48.5,4,9.1,10.823237447337858,5.635925412463348,1.9204011152105085,1.6146416664557268
A806,2021-05-13,-27.5,-48.5,4,5.2,7.430078983238086,3.9678901198203427,1.8725515976673526,1.3105201613384003
A806,2021-05-14,-27.5,-48.5,4,4.4,5.137987784863002,2.326468190652854,2.2084926007181633,1.8912788138166081
A806,2021-05-15,-27.5,-48.5,4,6.3,3.029223459809818,2.0628524519993503,1.4684634651760213,3.0540235652307253
A806,2021-05-16,-27.5,-48.5,4,5.4,5.397898699423604,3.3204373235590476,1.6256589639938772,1.626291802494242
A806,2021-05-17,-27.5,-48.5,4,10.0,10.440119648327174,4.956077276023351,2.1065288265045172,2.0177247938361007
A806,2021-05-18,-27.5,-48.5,4,9.4,8.726170061768446,4.441670076593641,1.9646146407300538,2.116321076960527
A806,2021-05-19,-27.5,-48.5,4,6.2,6.243464420443595,3.277675514825833,1.904845184400554,1.891584439019569
A806,2021-05-20,-27.5,-48.5,4,4.4,4.570442299081194,2.4034602283084774,1.90160929032631,1.8306939087969267
A806,2021-05-21,-27.5,-48.5,4,4.8,6.199481569562781,3.688500408194505,1.6807593556963665,1.3013418649313817
A806,2021-05-22,-27.5,-48.5,4,7.2,9.443820939092028,5.062706881126326,1.8653698823248903,1.4221641049063025
A806,2021-05-23,-27.5,-48.5,4,12.1,11.953768734817583,5.41104263939805,2.2091433262383933,2.2361679266578576
A806,2021-05-24,-27.5,-48.5,4,9.7,8.082875354820482,4.846245277018889,1.6678634474300829,2.0015495389797606
A806,2021-05-25,-27.5,-48.5,4,4.0,4.63850386426043,2.235913927958985,2.0745449126007314,1.7889776301234146
A806,2021-05-26,-27.5,-48.5,4,4.6,5.178127854473001,2.492448479192626,2.0775265357341874,1.8455747584760784
A806,2021-05-27,-27.5,-48.5,4,4.3,6.045404938721216,3.043063667424426,1.9866179611805157,1.4130496335094473
A806,2021-05-28,-27.5,-48.5,4,6.0,10.056328189739022,5.316302028570948,1.891602120363771,1.1286040499118961
A806,2021-05-29,-27.5,-48.5,4,9.9,9.155281558279926,4.958777177179199,1.846278070410881,1.9964599428989904
A806,2021-05-30,-27.5,-48.5,4,9.6,7.801586426728418,4.577171506003589,1.704455779403408,2.097365149505165
A806,2021-05-31,-27.5,-48.5,4,5.6,4.442932045001672,2.8821780171571043,1.541518954954784,1.942975057981906
A806,2021-06-01,-27.5,-48.5,4,4.4,6.981785946596917,3.4016199024218046,2.052488563353651,1.29350136882354
A806,2021-06-02,-27.5,-48.5,4,7.2,6.619617978308251,4.4817356766604295,1.4770210596714324,1.6065204464188947
A806,2021-06-03,-27.5,-48.5,4,6.3,5.797812109827361,3.5989350313963606,1.6109799313542628,1.7505178462628834
A806,2021-06-04,-27.5,-48.5,4,9.8,6.970293996332225,5.421182954195908,1.2857514780860384,1.8077235324469099
A806,2021-06-05,-27.5,-48.5,4,8.5,10.639697686361224,5.155003942602968,2.0639552956362657,1.6488833169947121
A806,2021-06-06,-27.5,-48.5,4,14.9,8.607458552835451,5.253264533572316,1.638497071264413,2.836331561979752
A806,2021-06-07,-27.5,-48.5,4,9.5,10.135257532471737,5.391881927189779,1.879725422280191,1.7619080180695557
A806,2021-06-08,-27.5,-48.5,4,7.0,9.79538043994781,4.791833280631428,2.0441822296991634,1.4608187701967792
A806,2021-06-09,-27.5,-48.5,4,9.8,12.743527583260525,4.518077338216904,2.8205642863762623,2.1690642426824085
A806,2021-06-10,-27.5,-48.5,4,5.2,11.25121364418944,4.7634325096849786,2.3619970727649755,1.0916497692425358
A806,2021-06-11,-27.5,-48.5,4,7.9,7.435708737535854,4.237152936082563,1.7548832552668017,1.8644594894665056
A806,2021-06-12,-27.5,-48.5,4,7.7,6.88940803509574,3.114834399989073,2.211805557020915,2.47204153133374
A806,2021-06-13,-27.5,-48.5,4,3.0,5.137529125257143,1.888362549579625,2.720626463599814,1.5886779795902224
A806,2021-06-14,-27.5,-48.5,4,8.3,6.840995165330512,5.308013932530415,1.288805050681037,1.56367336361592
A806,2021-06-15,-27.5,-48.5,4,11.8,10.359137949103761,5.8016568912168225,1.7855481879299941,2.0339017320834882
A806,2021-06-16,-27.5,-48.5,4,11.0,17.019234188855066,6.809221262053738,2.4994391478654747,1.6154563901896581
A806,2021-06-17,-27.5,-48.5,4,5.5,9.124229004436629,6.150185084800099,1.4835698240995614,0.8942820295917595
A806,2021-06-18,-27.5,-48.5,4,5.7,6.839638158307394,3.8289345500785954,1.7863032310560123,1.488664777485684
A806,2021-06-19,-27.5,-48.5,4,5.5,9.203823971252216,7.175998328017112,1.282584464285325,0.7664438798050518
A806,2021-06-20,-27.5,-48.5,4,8.0,14.767552163788588,7.170261136579112,2.0595556957405456,1.115719476266767
A806,2021-06-21,-27.5,-48.5,4,6.1,5.421151668297451,2.9773885052195475,1.820774030259684,2.0487752905965477
A806,2021-06-22,-27.5,-48.5,4,5.9,7.1629477669941926,3.740612827917502,1.9149129023818257,1.5772816571568797
A806,2021-06-23,-27.5,-48.5,4,4.2,5.485418266005423,3.8261165655061227,1.4336777701595733,1.0977187777979838
A806,2021-06-24,-27.5,-48.5,4,11.0,17.459156915256383,8.973125011367644,1.945716446961139,1.2258828430524038
A806,2021-06-25,-27.5,-48.5,4,6.0,8.650618429865384,4.01087674031218,2.1567898965631334,1.4959322832576
A806,2021-06-26,-27.5,-48.5,4,5.7,6.176549711552118,5.344968502655991,1.1555820597414002,1.0664234966338133
A806,2021-06-27,-27.5,-48.5,4,14.0,9.491310057534816,6.773890314911238,1.4011608715661918,2.0667591810841786
A806,2021-06-28,-27.5,-48.5,4,12.2,16.846971531253697,6.651185661286956,2.532927569487503,1.8342594270085957
A806,2021-06-29,-27.5,-48.5,4,10.2,10.335246992000883,4.6023893032733945,2.2456264150992316,2.2162401587248106
A806,2021-06-30,-27.5,-48.5,4,7.4,9.497674479635215,4.70853153261114,2.017120287685157,1.5716152581219507
A806,2021-07-01,-27.5,-48.5,4,2.5,6.4921356741572325,4.028915826532938,1.6113852842003913,0.6205143288266118
A806,2021-07-02,-27.5,-48.5,4,9.1,5.534074832068985,4.441376789271262,1.2460268728915955,2.0489142065096266
A806,2021-07-03,-27.5,-48.5,4,7.8,5.67435468441976,3.5119411053145924,1.615731731899719,2.2209939649034327
A806,2021-07-04,-27.5,-48.5,4,5.9,5.804679832209517,2.9190962874998205,1.9885194801782895,2.0211734793624423
A806,2021-07-05,-27.5,-48.5,4,6.4,4.9962450113955805,3.844662851162303,1.2995274760919897,1.6646453142348172
A806,2021-07-06,-27.5,-48.5,4,5.7,3.644270403263657,2.5149056386427966,1.4490684450611584,2.266486627735299
A806,2021-07-07,-27.5,-48.5,4,4.9,4.612515378544924,2.6828120744169013,1.7192838151168066,1.8264417574104574
A806,2021-07-08,-27.5,-48.5,4,6.3,4.974858989548344,3.536766271160539,1.4066123142245177,1.781288192938106
A806,2021-07-09,-27.5,-48.5,4,5.9,3.973061265596104,3.05968874271556,1.2985181172611369,1.9283007181846816
A806,2021-07-10,-27.5,-48.5,4,6.9,7.645727958624513,4.583174392198562,1.668216677863928,1.5055067535167586
A806,2021-07-11,-27.5,-48.5,4,4.7,5.105853256108888,2.781532340321905,1.835626061970572,1.6897161078688274
A806,2021-07-12,-27.5,-48.5,4,6.3,5.154228747606038,3.751462187226753,1.373925283095089,1.6793451954415777
A806,2021-07-13,-27.5,-48.5,4,6.7,8.108856691422705,4.772262531747726,1.699163999775392,1.4039462320917802
A806,2021-07-14,-27.5,-48.5,4,6.4,5.613135635213488,3.0562066938653865,1.8366348213556802,2.0940992024022753
A806,2021-07-15,-27.5,-48.5,4,6.0,5.434953873443098,3.2409990657845094,1.676937809337975,1.851281002621225
A806,2021-07-16,-27.5,-48.5,4,12.0,11.571945126411832,6.046807000767594,1.9137282081175842,1.9845184406376282
A806,2021-07-17,-27.5,-48.5,4,7.7,6.262734664473711,2.5644943889227383,2.442093338759257,3.002541176638925
A806,2021-07-18,-27.5,-48.5,4,11.2,11.514168885552866,5.246562749619553,2.1946118697213333,2.134730972351784
A806,2021-07-19,-27.5,-48.5,4,10.8,12.48817626118108,5.196081116675778,2.4033836233046455,2.0784894918864087
A806,2021-07-20,-27.5,-48.5,4,7.1,6.3183685189224965,3.363297449721168,1.878623170676241,2.1110235137212205
A806,2021-07-21,-27.5,-48.5,4,4.6,6.4013738489528516,3.535285861480574,1.810708977935935,1.3011677641461006
A806,2021-07-22,-27.5,-48.5,4,6.4,6.480715757074836,3.6562801400214933,1.7724888435481694,1.7504129210302737
A806,2021-07-23,-27.5,-48.5,4,9.8,10.796413039784674,5.800250189045637,1.861370231955649,1.6895822905205535
A806,2021-07-24,-27.5,-48.5,4,8.2,10.693452981069433,5.162245767117934,2.071473049420418,1.588455949197869
A806,2021-07-25,-27.5,-48.5,4,9.1,9.686845007912313,4.9216493576132105,1.9682111227464645,1.8489736547207236
A806,2021-07-26,-27.5,-48.5,4,7.7,8.70879930791697,4.619916826709105,1.8850554316408525,1.6666966720015444
A806,2021-07-27,-27.5,-48.5,4,12.3,12.342677105102918,5.912511249626454,2.0875524094576083,2.0803343081634056
A806,2021-07-28,-27.5,-48.5,4,10.0,11.124073821893578,5.437758466936948,2.0457094388305355,1.838993044800118
A806,2021-07-29,-27.5,-48.5,4,5.5,9.614851292800255,4.788474069987096,2.007915497144201,1.1485913716172262
A806,2021-07-30,-27.5,-48.5,4,5.5,6.638021595350031,3.262713514897787,2.0345094857517654,1.685713432971237
A806,2021-07-31,-27.5,-48.5,4,6.1,4.465752042901818,2.275912059592792,1.9621812820398845,2.6802441571891915
A806,2021-08-01,-27.5,-48.5,4,5.6,5.280583645969316,2.648257205153408,1.9939844346287439,2.11459823052784
A806,2021-08-02,-27.5,-48.5,4,9.5,7.898152408556921,4.651807753682688,1.6978673295998112,2.0422168118360338
A806,2021-08-03,-27.5,-48.5,4,10.9,10.787106757836433,5.1402535780152565,2.0985553716596073,2.1205179539427865
A806,2021-08-04,-27.5,-48.5,4,7.2,8.502576817832036,4.561359741730924,1.8640443418754593,1.5784766840748625
A806,2021-08-05,-27.5,-48.5,4,6.6,5.2645008618308005,3.4037056529625254,1.5466968647094004,1.9390630897402883
A806,2021-08-06,-27.5,-48.5,4,6.5,3.366198907688452,2.9777578954238137,1.1304474795824033,2.182850395590968
A806,2021-08-07,-27.5,-48.5,4,6.7,9.34813509187657,5.982729973944433,1.5625199754274242,1.1198900885012981
A806,2021-08-08,-27.5,-48.5,4,8.8,10.13992397334721,4.28499252334515,2.3663807855214904,2.0536791959511134
A806,2021-08-09,-27.5,-48.5,4,9.4,9.439652885960728,5.163510554396894,1.8281463331032726,1.820466889913801
A806,2021-08-10,-27.5,-48.5,4,14.2,13.696362755785547,7.384967670363578,1.854627314179054,1.922824937607466
A806,2021-08-11,-27.5,-48.5,4,14.5,13.16507697681558,7.602970869021667,1.7315700932719256,1.907149224927364
A806,2021-08-12,-27.5,-48.5,4,11.4,8.258350958521723,5.829191769662274,1.416723155601413,1.955674208443563
A806,2021-08-13,-27.5,-48.5,4,7.9,10.239091538296917,4.667493535087471,2.1937023503783024,1.6925572452564632
A806,2021-08-14,-27.5,-48.5,4,5.1,7.956872834323254,3.4056630810772677,2.3363652378104187,1.4975057363533404
A806,2021-08-15,-27.5,-48.5,4,5.4,9.490063077866944,4.483871465802641,2.116488652773673,1.2043164129891861
A806,2021-08-16,-27.5,-48.5,4,4.9,6.557091467058675,4.093211471562514,1.6019430006521547,1.1971040426429542
A806,2021-08-17,-27.5,-48.5,4,8.1,8.194579294029582,5.001657617924047,1.638372699615286,1.6194631097843777
A806,2021-08-18,-27.5,-48.5,4,12.7,7.570313744379622,4.284088989275554,1.7670766791564183,2.96445756187422
A806,2021-08-19,-27.5,-48.5,4,10.6,7.8565856679392105,5.238159453515212,1.4998752400839634,2.0236115555601457
A806,2021-08-20,-27.5,-48.5,4,12.7,10.375161953964792,4.947192097147414,2.097181946896136,2.567112768336388
A806,2021-08-21,-27.5,-48.5,4,6.8,9.338466625604301,4.575158731361147,2.041124073268171,1.4862872305147203
A806,2021-08-22,-27.5,-48.5,4,9.4,6.933806331878277,5.275791520472258,1.3142684476769475,1.7817231714945718
A806,2021-08-23,-27.5,-48.5,4,13.1,13.243587565138686,6.091645698412087,2.1740574256626415,2.150486198403624
A806,2021-08-24,-27.5,-48.5,4,9.2,9.449368720077315,4.7780424794381435,1.977665280445242,1.9254747189024237
A806,2021-08-25,-27.5,-48.5,4,5.9,7.315100790190244,3.8129922773313645,1.918467245181502,1.5473411879368637
A806,2021-08-26,-27.5,-48.5,4,11.0,14.464918768893595,7.33432546278322,1.9722221003544702,1.4997970918822212
A806,2021-08-27,-27.5,-48.5,4,9.0,13.575638474948905,6.6812660900154235,2.0318960945495834,1.3470500768484173
A806,2021-08-28,-27.5,-48.5,4,6.0,5.2175588405784765,3.2983323726456493,1.581877825245787,1.8191010856760008
A806,2021-08-29,-27.5,-48.5,4,5.9,4.774064267519032,2.8099136509041696,1.6990074645115307,2.0997086505136937
A806,2021-08-30,-27.5,-48.5,4,5.3,6.2402348274467085,4.058088629897305,1.5377275847237042,1.3060335747605698
A806,2021-08-31,-27.5,-48.5,4,8.6,6.864260436975471,6.0044262670502055,1.1432000547069214,1.4322767267862415
A806,2021-09-01,-27.5,-48.5,4,9.1,10.12737631223017,6.686621358552667,1.5145730211381765,1.3609264697425179
A806,2021-09-02,-27.5,-48.5,4,8.7,10.012068898811412,5.280781663424022,1.8959444902176956,1.647483375474187
A806,2021-09-03,-27.5,-48.5,4,12.3,8.527597738675398,5.834240461942976,1.4616466006674422,2.1082435803312323
A806,2021-09-04,-27.5,-48.5,4,9.9,9.291329645483563,4.913292814551789,1.891059620539053,2.014941989754608
A806,2021-09-05,-27.5,-48.5,4,9.2,9.833969518315246,4.750615706686925,2.0700410484630525,1.936591079562626
A806,2021-09-06,-27.5,-48.5,4,8.9,7.931420885692533,4.113197779102862,1.9282858038065147,2.163766606414243
A806,2021-09-07,-27.5,-48.5,4,8.5,9.730627412812234,5.632350825931883,1.7276316255037762,1.5091389479620456
A806,2021-09-08,-27.5,-48.5,4,12.3,17.03215129264545,7.156365689110097,2.380000133107147,1.7187495069902612
A806,2021-09-09,-27.5,-48.5,4,8.7,10.29574876855297,4.431976432201139,2.3230603605533147,1.9630068284634694
A806,2021-09-10,-27.5,-48.5,4,6.3,7.6004679993740645,4.44330269436788,1.7105447281383863,1.417864240486155
A806,2021-09-11,-27.5,-48.5,4,6.7,5.402343157306612,4.10467759664229,1.3161431148029359,1.6322841056946196
A806,2021-09-12,-27.5,-48.5,4,12.1,9.452747814357044,5.5377992252414945,1.7069502576530888,2.1849835120146195
A806,2021-09-13,-27.5,-48.5,4,9.6,14.451022278064073,6.641612283474773,2.175830455207415,1.4454321616885246
A806,2021-09-14,-27.5,-48.5,4,10.9,8.833836276711596,4.46350803205156,1.9791240910238275,2.442025402828734
A806,2021-09-15,-27.5,-48.5,4,15.3,12.376555521171358,7.30451804319275,1.6943699020232224,2.0945940457027725
A806,2021-09-16,-27.5,-48.5,4,7.4,9.75358820517374,3.598373480766754,2.710554715152973,2.056484697753826
A806,2021-09-17,-27.5,-48.5,4,4.7,10.943902493753143,3.342329149047249,3.274334156129646,1.4062050116577427
A806,2021-09-18,-27.5,-48.5,4,8.2,9.497627993105532,3.9437510819056265,2.4082726814787367,2.079238732287776
A806,2021-09-19,-27.5,-48.5,4,5.7,10.391108263729832,4.378440257732859,2.3732442724045093,1.3018334531190885
A806,2021-09-20,-27.5,-48.5,4,9.8,13.201475413349355,7.377912047738725,1.7893240428903605,1.3282890791580564
A806,2021-09-21,-27.5,-48.5,4,13.9,19.35565682478735,9.3218865890105,2.076366907059949,1.4911144720840739
A806,2021-09-22,-27.5,-48.5,4,12.9,15.618265602391256,9.241487046553974,1.6900165009932138,1.3958792491961818
A806,2021-09-23,-27.5,-48.5,4,8.7,7.394197018961588,5.065640062223938,1.4596767492626306,1.7174532523300696
A806,2021-09-24,-27.5,-48.5,4,5.0,8.383252972845263,3.8857473305131056,2.1574364619683775,1.2867537631016681
A806,2021-09-25,-27.5,-48.5,4,6.8,4.673625346763036,3.4117477766983946,1.3698625023464606,1.99311333810862
A806,2021-09-26,-27.5,-48.5,4,9.3,6.824504704429569,4.499460570985935,1.5167384171418938,2.0669144341367476
A806,2021-09-27,-27.5,-48.5,4,11.7,8.585223547264247,5.123042538970453,1.6758056334604567,2.283799111758162
A806,2021-09-28,-27.5,-48.5,4,11.0,12.261280768071511,5.64438976061835,2.1722951971921005,1.9488377781329786
A806,2021-09-29,-27.5,-48.5,4,11.7,14.601698635102183,6.984571081544383,2.0905648270492727,1.6751207573669609
A806,2021-09-30,-27.5,-48.5,4,9.4,7.985495428521882,6.6179024463602545,1.2066505200471462,1.4203896289178237
A806,2021-10-01,-27.5,-48.5,4,9.7,15.794583626362776,7.379962032933917,2.1401984936884033,1.3143699055242628
A806,2021-10-02,-27.5,-48.5,4,8.2,8.26210911465561,4.1360638647905,1.9975777417242815,1.9825612630900096
A806,2021-10-03,-27.5,-48.5,4,7.1,12.590008100661837,5.897863130223821,2.134672816692518,1.203825833735575
A806,2021-10-04,-27.5,-48.5,4,10.9,10.277146305797114,7.308227577834541,1.406243332783881,1.4914697009517206
A806,2021-10-05,-27.5,-48.5,4,9.3,9.191577939529324,5.877655223419624,1.5638171328772936,1.5822636147394256
A806,2021-10-06,-27.5,-48.5,4,8.3,7.367686070644709,5.683107420836349,1.2964185831913153,1.4604686108112557
A806,2021-10-07,-27.5,-48.5,4,13.0,14.42562634083609,7.995929432166199,1.8041212673544074,1.625827255015948
A806,2021-10-08,-27.5,-48.5,4,6.8,7.90315135987822,4.249698459950716,1.8596969724694004,1.600113529014682
A806,2021-10-09,-27.5,-48.5,4,7.9,8.656704456989413,5.163637180192513,1.6764741895879427,1.529929335528076
A806,2021-10-10,-27.5,-48.5,4,6.8,11.25889570877917,5.504558589254813,2.0453766684865746,1.235339744275582
A806,2021-10-11,-27.5,-48.5,4,6.7,8.629903850169761,5.397093486589459,1.5989909886892075,1.2414089206807266
A806,2021-10-12,-27.5,-48.5,4,9.2,9.511879602034536,6.406379471192352,1.4847511991455902,1.4360685378332265
A806,2021-10-13,-27.5,-48.5,4,8.9,9.139473197344126,5.779066643092427,1.5814791144982396,1.540041074044015
A806,2021-10-14,-27.5,-48.5,4,10.4,13.05939498018245,7.050303928103324,1.8523165970372137,1.475113712267694
A806,2021-10-15,-27.5,-48.5,4,9.4,7.291376984838213,2.8265907632362723,2.579565842948569,3.325560998167835
A806,2021-10-16,-27.5,-48.5,4,12.0,21.01525739256139,9.18278400791835,2.2885496788816826,1.306793232820499
A806,2021-10-17,-27.5,-48.5,4,10.9,9.680502153669408,6.174003541202573,1.56794567561648,1.7654670793850722
A806,2021-10-18,-27.5,-48.5,4,8.3,7.266732612537103,3.8019667666482597,1.9113088194990493,2.1830806289022666
A806,2021-10-19,-27.5,-48.5,4,8.0,10.271522855789458,4.598857934505106,2.2334942722893225,1.739562324805952
A806,2021-10-20,-27.5,-48.5,4,6.4,7.84413075005112,4.3604937958720384,1.7989088202526389,1.4677236798407345
A806,2021-10-21,-27.5,-48.5,4,10.6,8.205406563811888,5.467798618450969,1.5006782686039166,1.9386229705370874
A806,2021-10-22,-27.5,-48.5,4,10.9,10.533672263632617,5.319189806854757,1.9803151694376535,2.0491842547061094
A806,2021-10-23,-27.5,-48.5,4,10.3,15.469722383386808,7.2790213620528395,2.125247559243873,1.4150253842770948
A806,2021-10-24,-27.5,-48.5,4,14.8,14.714594371612279,7.756764374766297,1.8970015925042991,1.9080120633992972
A806,2021-10-25,-27.5,-48.5,4,13.0,15.714303726226314,6.088068056396966,2.5811642676554336,2.1353243557026933
A806,2021-10-26,-27.5,-48.5,4,6.9,6.714643571745137,4.218560508660165,1.5916907101275029,1.635629022230494
A806,2021-10-27,-27.5,-48.5,4,8.6,6.3893722871278,4.251920949568198,1.5027025109149004,2.02261521368909
A806,2021-10-28,-27.5,-48.5,4,6.6,6.025539891337427,3.7360400435553354,1.6128145900715054,1.7665763543902566
A806,2021-10-29,-27.5,-48.5,4,5.9,8.460757567881688,3.915334904574301,2.160928189820225,1.5068953598597676
A806,2021-10-30,-27.5,-48.5,4,6.3,7.886004423277085,5.550491910712247,1.4207757708929156,1.1350345341178192
A806,2021-10-31,-27.5,-48.5,4,7.4,9.429005040700357,5.212262920015818,1.8090041092308793,1.4197288420702965
A806,2021-11-01,-27.5,-48.5,4,7.3,8.523827993904435,5.265352507861729,1.618852295487806,1.3864218946595366
A806,2021-11-02,-27.5,-48.5,4,8.6,5.42760150401989,3.775325542210654,1.437651255060177,2.277949253341539
A806,2021-11-03,-27.5,-48.5,4,11.9,11.517409835689431,6.235434755839756,1.847090104647936,1.9084475206568607
A806,2021-11-04,-27.5,-48.5,4,10.0,11.564726160508268,5.935286486564479,1.948469747279592,1.68483863797252
A806,2021-11-05,-27.5,-48.5,4,10.6,6.942644757370559,5.611092745760785,1.2373070758125981,1.8891150940266253
A806,2021-11-06,-27.5,-48.5,4,7.2,6.824580618169406,3.389080970438421,2.013696538293849,2.1244697494107343
A806,2021-11-07,-27.5,-48.5,4,11.0,8.583615557106505,5.048603598810535,1.7001959827324982,2.1788202984666154
A806,2021-11-08,-27.5,-48.5,4,6.0,7.066935719936963,3.6263991470069397,1.948747347839435,1.6545338107505676
A806,2021-11-09,-27.5,-48.5,4,9.3,8.219371916764928,4.663647218298041,1.7624343206140962,1.9941474053849977
A806,2021-11-10,-27.5,-48.5,4,7.6,9.454650986364648,4.316290564572648,2.190457487724936,1.7607711729093172
A806,2021-11-11,-27.5,-48.5,4,8.0,7.624260531127919,3.6764556457274162,2.0738072931706477,2.1760088440879684
A806,2021-11-12,-27.5,-48.5,4,7.8,7.52111198816979,3.744328039108599,2.0086680198993245,2.0831508133184085
A806,2021-11-13,-27.5,-48.5,4,5.5,6.550694477659947,3.9103478385717407,1.675220401889515,1.4065244901611826
A806,2021-11-14,-27.5,-48.5,4,10.1,12.400865172806139,6.04430862437474,2.051659824714685,1.6709934299631837
A806,2021-11-15,-27.5,-48.5,4,11.8,12.566112886699898,7.124630994329703,1.763756311969128,1.656226127274703
A806,2021-11-16,-27.5,-48.5,4,9.7,12.110831104601555,6.745695017052165,1.7953422255211782,1.4379541285930906
A806,2021-11-17,-27.5,-48.5,4,9.5,8.450212742276571,5.157813082058012,1.6383324885640997,1.841865893327297
A806,2021-11-18,-27.5,-48.5,4,10.7,8.754811512335523,5.207189938241442,1.681292907723695,2.054851105280322
A806,2021-11-19,-27.5,-48.5,4,12.8,16.00695593309274,7.656720438561122,2.0905759928856464,1.6717340149362203
A806,2021-11-20,-27.5,-48.5,4,7.4,9.64738682676147,5.434976914392415,1.775055713891651,1.3615513214792117
A806,2021-11-21,-27.5,-48.5,4,10.1,9.730792961411638,5.477263082556686,1.7765794366169978,1.843986649493839
A806,2021-11-22,-27.5,-48.5,4,11.6,14.128292056577479,6.382232764040245,2.213691129565388,1.8175457443919154
A806,2021-11-23,-27.5,-48.5,4,15.6,15.668879571122966,8.657379600715434,1.8098870898335233,1.8019309213045063
A806,2021-11-24,-27.5,-48.5,4,14.5,12.137410490379562,7.532602328148631,1.6113170404633195,1.9249655521857107
A806,2021-11-25,-27.5,-48.5,4,10.8,12.668203411588665,6.866106196106336,1.8450345872559633,1.5729439206932914
A806,2021-11-26,-27.5,-48.5,4,9.9,13.979061032621344,6.755909403462435,2.0691605227057974,1.4653837712693727
A806,2021-11-27,-27.5,-48.5,4,8.9,8.8802416554271,3.643304285230536,2.437414215284296,2.4428374089091047
A806,2021-11-28,-27.5,-48.5,4,7.5,9.142283835694501,3.9015529347246343,2.3432422906085084,1.9223114809614492
A806,2021-11-29,-27.5,-48.5,4,8.7,10.821871385341026,4.83004287519542,2.2405331929694685,1.8012262468059363
A806,2021-11-30,-27.5,-48.5,4,8.6,10.977841189666458,5.358876438565485,2.048534112610574,1.6048140125250079
A806,2021-12-01,-27.5,-48.5,4,12.0,12.388222655944693,6.860076643044131,1.805843185222413,1.7492515935908042
A806,2021-12-02,-27.5,-48.5,4,9.3,8.52245952005777,5.571176884718734,1.5297413269060176,1.6693061793656403
A806,2021-12-03,-27.5,-48.5,4,7.8,6.513761014549376,3.740529718049222,1.7414006853410222,2.0852661488993305
A806,2021-12-04,-27.5,-48.5,4,6.4,7.255064572456138,5.067771080958712,1.4316085822652505,1.2628826159979702
A806,2021-12-05,-27.5,-48.5,4,8.9,7.615619377588175,5.542168899630246,1.3741225710562992,1.6058695000424432
A806,2021-12-06,-27.5,-48.5,4,8.6,7.918999037340279,5.467707787768741,1.4483215535137184,1.572871179992134
A806,2021-12-07,-27.5,-48.5,4,10.4,9.476504457445177,6.995036842756705,1.354746897045726,1.4867684379345483
A806,2021-12-08,-27.5,-48.5,4,9.9,7.099841848338382,5.066715801838603,1.4012709861804369,1.9539284197482523
A806,2021-12-09,-27.5,-48.5,4,10.9,8.43907722017663,4.81183564443619,1.753816598024193,2.2652477776549595
A806,2021-12-10,-27.5,-48.5,4,7.9,9.756082396885601,4.76294102007094,2.0483315572822884,1.6586390565639078
A806,2021-12-11,-27.5,-48.5,4,10.5,10.87212655420538,5.739446369675029,1.8942814086824484,1.829444744963183
A806,2021-12-12,-27.5,-48.5,4,6.7,6.7576157282676315,3.5368674956560886,1.9106216833305751,1.89433163900791
A806,2021-12-13,-27.5,-48.5,4,9.8,7.867273231523557,4.396108447341067,1.7895994436356504,2.2292443686022834
A806,2021-12-14,-27.5,-48.5,4,6.4,9.57375469464631,5.594509282090299,1.711276934564175,1.1439787972983293
A806,2021-12-15,-27.5,-48.5,4,9.1,7.761755960325038,4.362820815337446,1.7790682425092215,2.0858064965696173
A806,2021-12-16,-27.5,-48.5,4,10.0,12.548801192958317,5.66015302700852,2.217042743028196,1.7667366857897757
A806,2021-12-17,-27.5,-48.5,4,11.3,11.10200294034846,6.134248450853478,1.8098391399200342,1.842116453308603
A806,2021-12-18,-27.5,-48.5,4,8.4,10.045811719453742,5.4539101797803715,1.8419466746440414,1.540179380133882
A806,2021-12-19,-27.5,-48.5,4,7.1,6.281386131937055,4.329336258603613,1.4508889484973981,1.6399742537647188
A806,2021-12-20,-27.5,-48.5,4,11.4,12.785982991418257,6.528216211466895,1.958572231256605,1.7462656919934354
A806,2021-12-21,-27.5,-48.5,4,10.0,14.008263622678124,6.744998914365293,2.076837046310527,1.48257992728543
A806,2021-12-22,-27.5,-48.5,4,14.1,14.34142356934788,7.582252155429505,1.891446403438095,1.8596057887501487
A806,2021-12-23,-27.5,-48.5,4,15.5,14.594443901714252,8.251732919734406,1.768651996335334,1.8783933206237229
A806,2021-12-24,-27.5,-48.5,4,8.9,8.9614094657083,6.698778550231059,1.3377676838412873,1.3286004206980413
A806,2021-12-25,-27.5,-48.5,4,10.9,13.217909737946394,6.894685427914683,1.9171157083440988,1.5809278195447325
A806,2021-12-26,-27.5,-48.5,4,11.3,13.309456818359916,5.839542102119889,2.2791952837412155,1.9350832312516144
A806,2021-12-27,-27.5,-48.5,4,7.1,7.5735565945302,3.214269126563712,2.356229766804525,2.2089002881941053
A806,2021-12-28,-27.5,-48.5,4,8.9,6.712036848877087,3.6338356088962347,1.8470942473140235,2.4492027042201134
A806,2021-12-29,-27.5,-48.5,4,8.2,9.7871845255168,4.582185412660718,2.135920667564981,1.7895391088590935
A806,2021-12-30,-27.5,-48.5,4,7.8,12.100704881701935,5.909442238659815,2.0476898483817347,1.3199215230452848
A806,2021-12-31,-27.5,-48.5,4,5.1,7.896600748003316,3.581996395770648,2.2045250400941296,1.423787027262701
A806,2022-01-01,-27.5,-48.5,4,7.5,7.86605167273806,4.03225849175463,1.9507806081437904,1.8599998029234452
A806,2022-01-02,-27.5,-48.5,4,12.5,10.358082325979908,5.789813635375833,1.7890182617782195,2.1589641372262562
A806,2022-01-03,-27.5,-48.5,4,8.0,8.173570014567478,4.679623742298132,1.7466297430471391,1.7095391511265505
A806,2022-01-04,-27.5,-48.5,4,4.6,5.528986031038251,3.2093745547004584,1.7227612224134088,1.4333010752088216
A806,2022-01-05,-27.5,-48.5,4,13.3,17.187418883882682,7.1697471376574216,2.397214093312968,1.8550166058360493
A806,2022-01-06,-27.5,-48.5,4,12.2,15.64320554638775,8.702729935848575,1.7975055714356636,1.4018589672357122
A806,2022-01-07,-27.5,-48.5,4,8.9,12.465104009225083,6.761880370005423,1.8434375243487315,1.316201930971586
A806,2022-01-08,-27.5,-48.5,4,9.3,6.877948157915582,5.533697365364866,1.2429209087154485,1.6806123258941181
A806,2022-01-09,-27.5,-48.5,4,8.1,8.952996972691963,4.676582396984829,1.9144315683316737,1.7320340608608498
A806,2022-01-10,-27.5,-48.5,4,9.2,8.892766546842077,5.095447127220728,1.7452377239546724,1.8055334046843632
A806,2022-01-11,-27.5,-48.5,4,6.9,7.640175827563541,3.448014324901781,2.2158190505142916,2.001151778914535
A806,2022-01-12,-27.5,-48.5,4,6.9,6.623412218843225,4.583278265631508,1.4451254833270781,1.505472633363945
A806,2022-01-13,-27.5,-48.5,4,9.6,7.524363138803871,4.333292842450484,1.7364077186504736,2.215405316242413
A806,2022-01-14,-27.5,-48.5,4,8.9,9.921574488684438,5.613402885129231,1.7674794935827993,1.5854910438688574
A806,2022-01-15,-27.5,-48.5,4,9.0,8.546540836744533,5.5311759696307625,1.5451580068451636,1.6271404217502776
A806,2022-01-16,-27.5,-48.5,4,12.9,8.464199578578423,6.399263407126338,1.32268341527441,2.015857010298142
A806,2022-01-17,-27.5,-48.5,4,10.0,9.871752196950712,4.903298596963887,2.013287994139962,2.0394434077891934
A806,2022-01-18,-27.5,-48.5,4,7.7,9.277796961908734,3.9136472150559416,2.3706267969725823,1.9674742195407453
A806,2022-01-19,-27.5,-48.5,4,7.9,6.641225670316091,4.482943019018328,1.481443248808097,1.762235202741867
A806,2022-01-20,-27.5,-48.5,4,9.6,11.961542022472713,6.0114617856119015,1.9897892474509273,1.596949351483372
A806,2022-01-21,-27.5,-48.5,4,11.0,11.69768157655564,5.66071557439933,2.0664669374060374,1.9432172232336957
A806,2022-01-22,-27.5,-48.5,4,12.6,15.29650167374849,6.609380563273974,2.314362371376498,1.906381374075176
A806,2022-01-23,-27.5,-48.5,4,12.5,12.483708155101462,6.418054446268909,1.945092279851066,1.9476307196594114
A806,2022-01-24,-27.5,-48.5,4,12.0,11.133106297934395,5.60993351802308,1.9845344445111466,2.1390627823747823
A806,2022-01-25,-27.5,-48.5,4,10.9,13.84419550401176,6.0326840263669474,2.294865012572045,1.8068242845737585
A806,2022-01-26,-27.5,-48.5,4,13.8,15.375033157973894,7.045137313413241,2.1823610348518487,1.9587978751991353
A806,2022-01-27,-27.5,-48.5,4,14.6,20.352186816871356,8.567235509438687,2.3755839085372363,1.7041669957496675
A806,2022-01-28,-27.5,-48.5,4,11.6,15.903610598421958,8.279518441468214,1.9208376321463638,1.4010476674465817
A806,2022-01-29,-27.5,-48.5,4,10.1,8.921729556347728,6.308621813391338,1.4142121401871857,1.600983590197258
A806,2022-01-30,-27.5,-48.5,4,9.9,9.346491329997741,4.991684043196631,1.8724124462036922,1.983298605105648
A806,2022-01-31,-27.5,-48.5,4,7.7,6.415428963118108,2.659499282277795,2.4122694846615835,2.8952818492228136
A806,2022-02-01,-27.5,-48.5,4,8.1,9.598884581899878,5.636151105786639,1.7030921282512632,1.4371509648993843
A806,2022-02-02,-27.5,-48.5,4,9.5,10.448376376963834,5.25791232815287,1.987172041842394,1.8068007618030015
A806,2022-02-03,-27.5,-48.5,4,12.1,15.868168674028304,6.34304302078036,2.501664992976211,1.9076017552394564
A806,2022-02-04,-27.5,-48.5,4,8.8,13.502582998685298,5.3547774564492086,2.5215955487418067,1.6433922925034767
A806,2022-02-05,-27.5,-48.5,4,6.8,9.980008584061189,4.25665180327005,2.344567760133524,1.5974997049972695
A806,2022-02-06,-27.5,-48.5,4,11.8,13.008713112343747,5.9049036061358615,2.2030356429233198,1.998339141004515
A806,2022-02-07,-27.5,-48.5,4,10.9,10.761526336168169,5.822311578140255,1.8483253930573025,1.8721086725972926
A806,2022-02-08,-27.5,-48.5,4,11.2,8.237401338456932,4.43076656837599,1.8591368358807918,2.5277792966884145
A806,2022-02-09,-27.5,-48.5,4,8.9,6.068847789747672,4.192947339384985,1.447394230960659,2.122611919401172
A806,2022-02-10,-27.5,-48.5,4,7.6,4.940384619170791,4.2500901323608495,1.1624187876755676,1.7881973707174852
A806,2022-02-11,-27.5,-48.5,4,7.7,7.735844775058924,4.033440038711384,1.9179273029506583,1.9090404037492572
A806,2022-02-12,-27.5,-48.5,4,9.3,9.214654902961243,4.6214673007904885,1.9938807965567784,2.012347896177749
A806,2022-02-13,-27.5,-48.5,4,11.7,10.649031821563597,5.646877877874465,1.8858264782542078,2.0719413900985555
A806,2022-02-14,-27.5,-48.5,4,11.0,9.526311323776348,5.88518959260062,1.6186923418327368,1.869098663164594
A806,2022-02-15,-27.5,-48.5,4,7.6,8.874726096356616,4.417209919969847,2.009124822489124,1.7205430888944213
A806,2022-02-16,-27.5,-48.5,4,8.3,6.489570826207832,4.36249678630509,1.4875818009952768,1.9025801981231634
A806,2022-02-17,-27.5,-48.5,4,7.8,5.213037588024054,3.4259188614137166,1.5216465418194047,2.2767614516069723
A806,2022-02-18,-27.5,-48.5,4,7.7,7.646216482801276,3.6421737546481903,2.0993552196797514,2.1141220926577593
A806,2022-02-19,-27.5,-48.5,4,8.4,7.506969861912879,4.471106029712682,1.6789961615818099,1.8787297693630838
A806,2022-02-20,-27.5,-48.5,4,11.7,10.025450896280098,6.172180923669343,1.6242963419678886,1.8956022424962204
A806,2022-02-21,-27.5,-48.5,4,9.4,8.873926724404559,4.775674081992238,1.8581516602788517,1.968308523281526
A806,2022-02-22,-27.5,-48.5,4,7.9,4.906642097371914,3.9859991403361907,1.2309691810315024,1.9819372061715226
A806,2022-02-23,-27.5,-48.5,4,10.4,9.976848113709169,5.757829155147331,1.7327447280699808,1.8062362949242259
A806,2022-02-24,-27.5,-48.5,4,7.4,7.014754513476699,3.5883612790312593,1.954862949410282,2.062222676195458
A806,2022-02-25,-27.5,-48.5,4,7.5,9.288849568578442,5.202306421290524,1.7855252682855576,1.4416682510868886
A806,2022-02-26,-27.5,-48.5,4,9.9,6.153848966927484,4.800838252774584,1.2818280147994872,2.0621398761515075
A806,2022-02-27,-27.5,-48.5,4,11.4,10.226294951423995,6.325618402910012,1.616647464336377,1.8021953386811302
A806,2022-02-28,-27.5,-48.5,4,9.4,13.63115627942056,5.886825347017843,2.3155360446230757,1.5967859492828111
A806,2022-03-01,-27.5,-48.5,4,10.6,13.435380157757713,4.982652103193999,2.696431514683779,2.127381117619098
A806,2022-03-02,-27.5,-48.5,4,6.8,7.544582319614173,3.0962629827709356,2.4366736164194642,2.196195878011138
A806,2022-03-03,-27.5,-48.5,4,4.8,6.229036538447519,2.299224234078497,2.7091905374527534,2.087660667826853
A806,2022-03-04,-27.5,-48.5,4,7.3,6.984461888224984,4.4182770566522525,1.5808112073254954,1.6522277590104866
A806,2022-03-05,-27.5,-48.5,4,10.2,11.288434334111136,5.50161737072041,2.051839227167659,1.8540002535044269
A806,2022-03-06,-27.5,-48.5,4,11.0,11.926250996837064,5.351677889041094,2.228506880292452,2.055430133888526
A806,2022-03-07,-27.5,-48.5,4,11.2,11.44066595767867,5.283246811564506,2.165461195686747,2.119908533420075
A806,2022-03-08,-27.5,-48.5,4,13.6,14.581218994459578,5.49798196744549,2.652103822965866,2.4736348864961673
A806,2022-03-09,-27.5,-48.5,4,6.9,8.167218967955073,4.643574423803191,1.758821593574447,1.4859242838082365
A806,2022-03-10,-27.5,-48.5,4,10.2,11.845082077101791,5.538454664803648,2.1386980293214566,1.8416689523198642
A806,2022-03-11,-27.5,-48.5,4,12.4,15.976326594773942,6.997356881521162,2.2831944783271987,1.7720976948805207
A806,2022-03-12,-27.5,-48.5,4,13.1,12.826155638458902,7.646405478033298,1.6774098202490129,1.7132232965716854
A806,2022-03-13,-27.5,-48.5,4,9.0,9.838401050068525,4.735613134161999,2.077534792505702,1.9004930818937378
A806,2022-03-14,-27.5,-48.5,4,8.0,10.30670199387229,5.083568179786741,2.027454266248213,1.573697788063424
A806,2022-03-15,-27.5,-48.5,4,7.7,10.17741699822127,5.655497516100001,1.7995617484135256,1.361507096074171
A806,2022-03-16,-27.5,-48.5,4,7.3,13.521101102816983,6.556187574701475,2.062342016416857,1.1134519744628253
A806,2022-03-17,-27.5,-48.5,4,6.6,11.63176142100419,6.116557957165402,1.901684166562643,1.0790382509607803
A806,2022-03-18,-27.5,-48.5,4,10.9,7.758608933815938,4.257333433526505,1.8224104489248796,2.560288070030524
A806,2022-03-19,-27.5,-48.5,4,13.2,19.350218832245563,8.688498316607147,2.22710739268484,1.5192498771357985
A806,2022-03-20,-27.5,-48.5,4,12.6,11.97328247642134,7.118090090355512,1.6820920112607534,1.7701377532537936
A806,2022-03-21,-27.5,-48.5,4,10.1,7.634908160110388,6.225559097550074,1.2263811234423798,1.622344249205605
A806,2022-03-22,-27.5,-48.5,4,9.3,11.542999613607483,5.968287931667295,1.9340554185332075,1.558235813432339
A806,2022-03-23,-27.5,-48.5,4,7.7,17.267175178952545,7.422366069136064,2.3263707311275716,1.037405044197214
A806,2022-03-24,-27.5,-48.5,4,9.3,15.592130080430685,7.363243765001983,2.1175626636919422,1.2630303025147092
A806,2022-03-25,-27.5,-48.5,4,6.2,6.098672073428522,3.0085163291545083,2.0271361050390073,2.0608164695394566
A806,2022-03-26,-27.5,-48.5,4,10.3,9.556652639480692,4.710558623828443,2.0287726791336804,2.1865771817162556
A806,2022-03-27,-27.5,-48.5,4,6.6,8.741706143569752,4.070655539591366,2.1474934586204983,1.6213604751883632
A806,2022-03-28,-27.5,-48.5,4,6.6,8.255491160285207,3.5687689691290907,2.3132601834687683,1.8493772102066444
A806,2022-03-29,-27.5,-48.5,4,10.7,9.922481624100785,5.800313778225047,1.7106801465380657,1.844727786998155
A806,2022-03-30,-27.5,-48.5,4,15.6,13.448251760788025,6.134909663806322,2.1920863546088856,2.5428247284608245
A806,2022-03-31,-27.5,-48.5,4,13.6,15.034235445050573,7.533372924897278,1.9956844822275375,1.8053002467265278
A806,2022-04-01,-27.5,-48.5,4,9.9,8.318155784016733,5.890954073447386,1.4120218355647354,1.6805427230578496
A806,2022-04-02,-27.5,-48.5,4,6.5,6.4772824498869355,3.5577945191205838,1.8205892485010604,1.8269745385988934
A806,2022-04-03,-27.5,-48.5,4,4.0,7.405727467521467,4.223906801410552,1.753288558603699,0.9469905914269275
A806,2022-04-04,-27.5,-48.5,4,7.3,7.112603995294008,4.955457809003304,1.4353071440486287,1.4731232272297876
A806,2022-04-05,-27.5,-48.5,4,9.9,8.40332159215183,4.719341079240584,1.7806133210240562,2.0977504769782533
A806,2022-04-06,-27.5,-48.5,4,8.5,7.657628902719777,3.719322989808657,2.0588770923371,2.2853621541584075
A806,2022-04-07,-27.5,-48.5,4,7.3,5.31553301771245,4.09321761684875,1.29861969611201,1.7834380390505744
A806,2022-04-08,-27.5,-48.5,4,6.4,4.269945835449784,3.8246676463555387,1.1164227144072356,1.6733480113228798
A806,2022-04-09,-27.5,-48.5,4,9.6,7.308969434371,4.2956580981286265,1.7014783922293772,2.234814731689697
A806,2022-04-10,-27.5,-48.5,4,7.8,6.72908007779781,3.684727871205632,1.8262081524072153,2.116845605058987
A806,2022-04-11,-27.5,-48.5,4,8.0,6.210173249468177,5.2890746096117764,1.1741511904903927,1.5125519283584483
A806,2022-04-12,-27.5,-48.5,4,6.0,8.383956445703221,4.498730352523335,1.8636272434067236,1.3337096313484544
A806,2022-04-13,-27.5,-48.5,4,10.7,10.576720178689962,5.231960743047326,2.0215595449077495,2.045122378683569
A806,2022-04-14,-27.5,-48.5,4,12.5,15.51007177537549,8.446434056359255,1.8362863750410834,1.4799144723788906
A806,2022-04-15,-27.5,-48.5,4,15.1,13.382678028940436,7.4169690465314995,1.8043324631641497,2.0358720530270276
A806,2022-04-16,-27.5,-48.5,4,11.0,7.999672995650604,6.402645192376265,1.249432500988177,1.7180399146743102
A806,2022-04-17,-27.5,-48.5,4,6.7,10.067142966949076,5.090852999294126,1.9774962994109122,1.3160859292006648
A806,2022-04-18,-27.5,-48.5,4,4.0,5.237528178807981,2.5006240984012993,2.094488404777208,1.5996006767099793
A806,2022-04-19,-27.5,-48.5,4,5.9,4.24016721718728,2.4485927695677905,1.731675135974418,2.409547260503195
A806,2022-04-20,-27.5,-48.5,4,5.8,6.73614081209367,2.7524834428845453,2.4472956702091313,2.1071879705556813
A806,2022-04-21,-27.5,-48.5,4,7.2,6.034393516749333,4.839201403608486,1.2469812709695485,1.487848799727806
A806,2022-04-22,-27.5,-48.5,4,9.2,9.813248010072645,3.9547336586720223,2.4813928969790293,2.3263260674523676
A806,2022-04-23,-27.5,-48.5,4,9.8,14.502222353769474,6.5402811456530605,2.2173698700105953,1.498406533565225
A806,2022-04-24,-27.5,-48.5,4,8.8,7.480290935039153,4.667504749545216,1.602631670758986,1.8853756926240812
A806,2022-04-25,-27.5,-48.5,4,9.5,12.071331419272441,7.555180417244149,1.5977555468722504,1.257415372678188
A806,2022-04-26,-27.5,-48.5,4,7.4,8.748253559240645,5.4584949974381765,1.6026860083862757,1.355685038361861
A806,2022-04-27,-27.5,-48.5,4,9.2,10.106695340164475,5.589618863711796,1.8081188693880115,1.6459082853979643
A806,2022-04-28,-27.5,-48.5,4,18.3,12.732196736561642,7.038361192553294,1.8089717745705525,2.6000370681973117
A806,2022-04-29,-27.5,-48.5,4,10.8,12.935094275998672,7.196853665647205,1.7973262868664197,1.500655772890273
A806,2022-04-30,-27.5,-48.5,4,8.1,8.113823969649157,4.701477801968866,1.7258028882431995,1.722862542626047
A806,2022-05-01,-27.5,-48.5,4,9.7,10.059364925240727,4.576020644730997,2.1982778720247818,2.119745681473038
A806,2022-05-02,-27.5,-48.5,4,9.5,13.068115370933617,6.115856912570737,2.136759502020555,1.553339153581795
A806,2022-05-03,-27.5,-48.5,4,10.4,12.947885399485441,5.738377295629842,2.2563670411400314,1.812359045809047
A806,2022-05-04,-27.5,-48.5,4,11.2,27.01238642682725,9.146690329117268,2.9532416048717556,1.224486628168256
A806,2022-05-05,-27.5,-48.5,4,13.6,12.440829909928736,8.697762485218952,1.430348314416585,1.5636205315001357
A806,2022-05-06,-27.5,-48.5,4,7.0,8.112606826645479,6.098235017406938,1.3303204621482565,1.1478731108294522
A806,2022-05-07,-27.5,-48.5,4,5.3,6.655622130195566,2.9999154615722348,2.218603229141464,1.7667164518103808
A806,2022-05-08,-27.5,-48.5,4,4.8,5.053015878923272,2.393395903290143,2.1112327768159935,2.00551859949353
A806,2022-05-09,-27.5,-48.5,4,5.8,6.297427424666766,3.7272249812605827,1.6895753426016469,1.5561174946939706
A806,2022-05-10,-27.5,-48.5,4,6.2,8.426993896885097,5.128876229009124,1.643048792876243,1.208841805332045
A806,2022-05-11,-27.5,-48.5,4,8.5,10.268560725233153,5.003865400597258,2.0521256874750278,1.6986867790219629
A806,2022-05-12,-27.5,-48.5,4,9.6,9.354466558409467,4.747306648560884,1.9704786842124922,2.0221992617456426
A806,2022-05-13,-27.5,-48.5,4,6.5,6.393095171212297,3.519996866562533,1.8162218358607516,1.8465925528926963
A806,2022-05-14,-27.5,-48.5,4,7.5,10.012960322690844,5.299446115727055,1.889435254936472,1.4152422415886836
A806,2022-05-15,-27.5,-48.5,4,8.1,8.790369880827807,4.1314030293195065,2.1276960438003285,1.9605930340168654
A806,2022-05-16,-27.5,-48.5,4,7.7,8.892146672377335,4.5638621071938505,1.9483819763881487,1.6871675390592475
A806,2022-05-17,-27.5,-48.5,4,17.9,15.307057120474965,7.344465982664548,2.084162028472166,2.437209191553221
A806,2022-05-18,-27.5,-48.5,4,14.3,22.726138041344246,10.48474361664678,2.167543515824424,1.3638864737994816
A806,2022-05-19,-27.5,-48.5,4,12.9,12.832012195246897,7.862847525521587,1.6319802913125518,1.6406270067082689
A806,2022-05-20,-27.5,-48.5,4,4.9,9.318036108567778,4.211999059855863,2.2122597788249854,1.163343089674783
A806,2022-05-21,-27.5,-48.5,4,5.3,4.3303558061515215,2.139919703540694,2.023606679720996,2.476728445105049
A806,2022-05-22,-27.5,-48.5,4,6.4,5.498114870045823,3.5604303710584806,1.5442276065101894,1.7975355035794012
A806,2022-05-23,-27.5,-48.5,4,5.4,6.898536850562825,3.1455247848444268,2.1931274818754978,1.7167246705598846
A806,2022-05-24,-27.5,-48.5,4,6.1,6.433837482501348,3.765924572930813,1.7084350357804017,1.6197881507894099
A806,2022-05-25,-27.5,-48.5,4,6.5,7.073432681989359,4.434600173105791,1.5950553388977682,1.4657465715669464
A806,2022-05-26,-27.5,-48.5,4,4.4,4.765315832730191,3.149410904653578,1.513081645106692,1.397086672145114
A806,2022-05-27,-27.5,-48.5,4,7.2,4.741822173708381,3.8114943346231454,1.2440848017624615,1.889022878663648
A806,2022-05-28,-27.5,-48.5,4,4.4,5.3723092906458785,2.4349657586126408,2.206318208641601,1.807006929948357
A806,2022-05-29,-27.5,-48.5,4,10.7,5.344727416086178,3.1927845406165667,1.6740019090214098,3.3513066302725507
A806,2022-05-30,-27.5,-48.5,4,11.5,10.471798925529686,6.564773386563904,1.5951501002246744,1.7517741013782753
A806,2022-05-31,-27.5,-48.5,4,11.8,12.700800170204843,6.423060507248192,1.9773751400710686,1.8371304437633937
A806,2022-06-01,-27.5,-48.5,4,6.1,7.83879592181951,3.5684535546094165,2.1966927134848198,1.7094239582074853
A806,2022-06-02,-27.5,-48.5,4,9.0,13.948727254574159,6.9799214893649895,1.9984074714632885,1.2894127840424736
A806,2022-06-03,-27.5,-48.5,4,8.0,12.191764787673957,6.781184516101776,1.7978812932644548,1.1797348945459563
A806,2022-06-04,-27.5,-48.5,4,5.0,10.647996499646371,4.590527603916209,2.319558320608397,1.0891994191984526
A806,2022-06-05,-27.5,-48.5,4,8.3,11.769390701164065,6.033973763047934,1.9505206955389556,1.3755445956409713
A806,2022-06-06,-27.5,-48.5,4,5.4,9.523656007658023,4.294625068985911,2.2175756567049616,1.2573856653975852
A806,2022-06-07,-27.5,-48.5,4,6.5,4.368654543230645,4.383533222870179,0.9966057792006896,1.4828221139257238
A806,2022-06-08,-27.5,-48.5,4,5.7,7.4107792969970205,3.847906884905026,1.925924799809685,1.4813248268456183
A806,2022-06-09,-27.5,-48.5,4,3.8,4.830462628769577,1.98964014063785,2.427807184881684,1.9098931120186258
A806,2022-06-10,-27.5,-48.5,4,13.3,11.232393310762207,6.442172807376145,1.7435721838913365,2.064520837561482
A806,2022-06-11,-27.5,-48.5,4,10.3,11.675411165448415,6.088098776541494,1.9177433865619609,1.6918253757129724
A806,2022-06-12,-27.5,-48.5,4,4.6,6.062548222914744,3.1208160579578577,1.9426163254497746,1.4739734462306193
A806,2022-06-13,-27.5,-48.5,4,7.2,8.618086769756447,4.750544221506338,1.8141262070019757,1.5156158251100271
A806,2022-06-14,-27.5,-48.5,4,4.7,6.203144439742239,3.4936206645915493,1.7755632437751994,1.3453091938788073
A806,2022-06-15,-27.5,-48.5,4,7.2,8.23077228413031,5.9159663231146995,1.3912811254471251,1.2170454675964533
A806,2022-06-16,-27.5,-48.5,4,8.3,11.148191751202177,5.322102453482189,2.0946969451721182,1.559534051166078
A806,2022-06-17,-27.5,-48.5,4,8.5,11.982939002809326,5.904518143978463,2.029452482084376,1.439575557688557
A806,2022-06-18,-27.5,-48.5,4,11.8,10.367388380288208,5.424261579271661,1.9112994881932448,2.175411312222232
A806,2022-06-19,-27.5,-48.5,4,7.4,7.765358957115891,4.4744962187691115,1.7354711184116416,1.6538174664131609
A806,2022-06-20,-27.5,-48.5,4,4.8,5.815119186622355,3.1688384104920075,1.8350948938792604,1.5147506367340235
A806,2022-06-21,-27.5,-48.5,4,6.5,5.318304426085593,3.9458033375589565,1.347838189364938,1.6473198089039023
A806,2022-06-22,-27.5,-48.5,4,8.5,5.449426133700994,3.0799448824166547,1.7693258619047574,2.759789647057106
A806,2022-06-23,-27.5,-48.5,4,8.0,7.075730228950106,3.952017906415565,1.7904094557526213,2.024282326001885
A806,2022-06-24,-27.5,-48.5,4,8.1,5.806354268428211,3.4056273817756684,1.704929405812101,2.378416394977633
A806,2022-06-25,-27.5,-48.5,4,11.5,10.935064310797598,7.026985404448298,1.5561529847315985,1.636548155161977
A806,2022-06-26,-27.5,-48.5,4,10.8,9.75101841287677,5.627306044620015,1.7328039981403232,1.9192131926653142
A806,2022-06-27,-27.5,-48.5,4,9.9,7.10042220234235,5.811518191447556,1.2217843889384348,1.7035135525462528
A806,2022-06-28,-27.5,-48.5,4,7.9,13.184413587188049,5.9848290508032385,2.2029724617478483,1.320004286327898
A806,2022-06-29,-27.5,-48.5,4,7.9,9.834625426261072,4.131145988829007,2.380604668257861,1.912302305791738
A806,2022-06-30,-27.5,-48.5,4,7.5,5.40245933061512,3.4661163485866555,1.55864915868102,2.1638050329897904
A806,2022-07-01,-27.5,-48.5,4,5.9,5.662962764107397,3.8463578190602705,1.4722922386588968,1.5339186517601393
A806,2022-07-02,-27.5,-48.5,4,7.6,7.367172682610023,5.319991999497377,1.3848089777777972,1.42857357693734
A806,2022-07-03,-27.5,-48.5,4,6.4,5.903766177693446,3.298633124317437,1.7897613815161912,1.9401975784513192
A806,2022-07-04,-27.5,-48.5,4,8.6,5.343023978542535,4.494658528851431,1.1887497001708593,1.9133822836142462
A806,2022-07-05,-27.5,-48.5,4,8.8,8.825922115567385,4.276343792497234,2.0638944256662204,2.0578326783359744
A806,2022-07-06,-27.5,-48.5,4,6.8,4.9346340623371505,3.286052065193078,1.5016907719163626,2.069352482886011
A806,2022-07-07,-27.5,-48.5,4,9.3,6.609356034507956,4.145426449606294,1.5943730071813649,2.2434362575370876
A806,2022-07-08,-27.5,-48.5,4,8.9,6.236016593517794,4.054363275553525,1.5381001083743333,2.195165897852338
A806,2022-07-09,-27.5,-48.5,4,7.2,5.233908498889179,3.1568742120216595,1.6579401481877192,2.280737057112303
A806,2022-07-10,-27.5,-48.5,4,8.2,9.247871295633853,4.766677179520251,1.94010858032652,1.7202759262219012
A806,2022-07-11,-27.5,-48.5,4,8.9,13.450512289342083,5.512564479860872,2.4399736889211954,1.614493586880388
A806,2022-07-12,-27.5,-48.5,4,15.3,13.53464395306023,6.880227168249339,1.967179807015601,2.223763783644524
A806,2022-07-13,-27.5,-48.5,4,8.9,8.748916598306616,3.7288264398390294,2.346292255609596,2.386809937011766
A806,2022-07-14,-27.5,-48.5,4,3.4,11.036608213897452,5.508906602091592,2.0034117495669888,0.617182364048268
A806,2022-07-15,-27.5,-48.5,4,7.4,11.112655168407265,5.16684604529847,2.1507618131024313,1.432208340469825
A806,2022-07-16,-27.5,-48.5,4,5.7,9.369537771387712,4.617621655982449,2.0290830365560217,1.234401695213651
A806,2022-07-17,-27.5,-48.5,4,7.8,10.335965702550101,5.442345972555084,1.8991746858198268,1.4332054667847658
A806,2022-07-18,-27.5,-48.5,4,5.3,6.063182884774361,3.366494561628548,1.801037480910495,1.5743379063817988
A806,2022-07-19,-27.5,-48.5,4,9.4,7.450604144477338,4.8165112807711115,1.5468881333720275,1.9516200527812495
A806,2022-07-20,-27.5,-48.5,4,7.9,6.755216498727422,4.255380427957082,1.5874530169727876,1.856473265726943
A806,2022-07-21,-27.5,-48.5,4,8.8,10.47039167469926,6.3856046271030085,1.6396868090233483,1.3780997280428782
A806,2022-07-22,-27.5,-48.5,4,7.1,8.344423306760268,4.25013393314217,1.963331847425134,1.670535590569235
A806,2022-07-23,-27.5,-48.5,4,6.9,5.214815052849984,3.2285423421936983,1.615222753840878,2.1371873956318184
A806,2022-07-24,-27.5,-48.5,4,7.5,7.097386370953887,4.710614378860889,1.5066795539035744,1.5921490057977605
A806,2022-07-25,-27.5,-48.5,4,7.4,6.060408173118471,3.735253724861385,1.6224890247163526,1.9811237857140787
A806,2022-07-26,-27.5,-48.5,4,6.0,4.803872279582098,3.08554185107064,1.5568974628930157,1.9445531091785657
A806,2022-07-27,-27.5,-48.5,4,8.9,10.106150266200391,5.502109589707357,1.836777349020035,1.617561383482616
A806,2022-07-28,-27.5,-48.5,4,7.4,9.338963048506562,4.37231794405406,2.135929538520105,1.6924661231608975
A806,2022-07-29,-27.5,-48.5,4,14.0,9.5324840986032,4.521458491036044,2.1082763708882206,3.0963460192669046
A806,2022-07-30,-27.5,-48.5,4,5.4,8.616442114974276,3.8847496565562034,2.218017343905933,1.390050962714301
A806,2022-07-31,-27.5,-48.5,4,7.9,5.423311118881081,4.933350992313474,1.0993158863683126,1.601345619297874
A806,2022-08-01,-27.5,-48.5,4,7.4,8.9115619178395,4.3820575039225975,2.0336478720012954,1.6887044483957347
A806,2022-08-02,-27.5,-48.5,4,5.2,5.761699042662108,3.1426984579170774,1.8333604447945844,1.6546289978601587
A806,2022-08-03,-27.5,-48.5,4,7.7,9.019383904955944,5.702589892569046,1.581629413103853,1.3502636775675816
A806,2022-08-04,-27.5,-48.5,4,10.9,14.24229139702123,6.43554542012191,2.213066720419702,1.6937181370702716
A806,2022-08-05,-27.5,-48.5,4,13.3,12.543063733982933,6.794460780524205,1.846071989985821,1.9574768961980646
A806,2022-08-06,-27.5,-48.5,4,10.0,12.130656759092451,5.800136963408738,2.091443156535957,1.7240972175462224
A806,2022-08-07,-27.5,-48.5,4,4.2,8.24420138206901,2.379961732241456,3.4640058579028463,1.7647342573211988
A806,2022-08-08,-27.5,-48.5,4,6.9,10.235043445146403,5.580815804764101,1.8339690473943233,1.2363783793239993
A806,2022-08-09,-27.5,-48.5,4,5.6,9.916267110218886,5.573575349041081,1.7791572714496364,1.0047410592490627
A806,2022-08-10,-27.5,-48.5,4,16.2,35.58372174190142,11.406146387571047,3.1196970942505167,1.4202868742463868
A806,2022-08-11,-27.5,-48.5,4,7.7,12.924102862213088,7.7730209551681515,1.662687253354189,0.990605846093905
A806,2022-08-12,-27.5,-48.5,4,6.5,7.914291304615445,4.886606143950732,1.619588538849764,1.3301665426927305
A806,2022-08-13,-27.5,-48.5,4,7.7,10.657161541192965,5.903181304943629,1.8053251273627844,1.3043814177876636
A806,2022-08-14,-27.5,-48.5,4,7.3,7.560815470364904,4.4745159792186175,1.6897504680909075,1.6314613768067927
A806,2022-08-15,-27.5,-48.5,4,9.4,10.849235370963898,5.670295512031586,1.9133456709519485,1.6577619244101995
A806,2022-08-16,-27.5,-48.5,4,10.3,10.541041617595662,4.913833136850697,2.1451769573826986,2.096123273449478
A806,2022-08-17,-27.5,-48.5,4,9.6,9.328467244185237,6.816663070697111,1.3684800242343875,1.4083137013574367
A806,2022-08-18,-27.5,-48.5,4,14.8,23.423939535006017,8.791047301944618,2.664522067788731,1.683530925459379
A806,2022-08-19,-27.5,-48.5,4,9.9,13.066436722734602,7.454895625555293,1.7527323491885,1.3279863994423904
A806,2022-08-20,-27.5,-48.5,4,9.2,8.189257910693964,4.435589059875192,1.8462616351850214,2.0741326294683544
A806,2022-08-21,-27.5,-48.5,4,8.0,6.9059616056271445,4.715082611834962,1.4646533632927294,1.6966828916040246
A806,2022-08-22,-27.5,-48.5,4,7.1,7.53645157904761,5.320028212143166,1.416618724285216,1.3345793888449653
A806,2022-08-23,-27.5,-48.5,4,6.7,7.716598877020687,4.584176137873533,1.6833120379620041,1.461549425347329
A806,2022-08-24,-27.5,-48.5,4,6.8,8.322969635760849,4.361920407181764,1.908097548514948,1.5589463734377211
A806,2022-08-25,-27.5,-48.5,4,7.9,9.153302047998848,4.211038482327473,2.173644835214079,1.876021801547064
A806,2022-08-26,-27.5,-48.5,4,8.4,6.971756333486807,3.742001587437158,1.8631088658253778,2.244787930662808
A806,2022-08-27,-27.5,-48.5,4,9.2,8.58964786160662,5.171834363991126,1.6608513067262953,1.7788659404978162
A806,2022-08-28,-27.5,-48.5,4,15.5,23.090460256128793,9.931097024507237,2.325066425103676,1.5607540598737712
A806,2022-08-29,-27.5,-48.5,4,12.0,15.145826959693421,9.05671562279613,1.6723310734821732,1.3249836364294691
A806,2022-08-30,-27.5,-48.5,4,7.2,9.220593540522492,5.1900637030649115,1.7765858124395302,1.3872662094201564
A806,2022-08-31,-27.5,-48.5,4,8.3,12.167532613661752,6.467040139248324,1.8814685469195196,1.283431032015324
A806,2022-09-01,-27.5,-48.5,4,11.0,14.619880366370614,6.553418224303077,2.230878583660875,1.6785133534140948
A806,2022-09-02,-27.5,-48.5,4,10.1,10.995344402452021,4.530220798082588,2.4271100444167732,2.2294719065955495
A806,2022-09-03,-27.5,-48.5,4,12.1,13.133559374377933,7.607584076071626,1.7263771577217704,1.5905180776192158
A806,2022-09-04,-27.5,-48.5,4,9.8,11.163808698825394,6.745543603306213,1.6549902210036334,1.4528110077291174
A806,2022-09-05,-27.5,-48.5,4,6.5,7.305960902160156,3.6602053277983293,1.9960522014088224,1.7758566577219457
A806,2022-09-06,-27.5,-48.5,4,6.4,11.299453497975929,6.589321357667734,1.7148129351480483,0.9712684588607251
A806,2022-09-07,-27.5,-48.5,4,9.0,14.802454483137415,6.683040661015781,2.214928089467517,1.3466923899625138
A806,2022-09-08,-27.5,-48.5,4,8.0,8.634533820952827,3.559081007904584,2.426057120300396,2.2477712595561337
A806,2022-09-09,-27.5,-48.5,4,8.9,9.658318326233156,4.636467249590624,2.0831201443482503,1.919564944794083
A806,2022-09-10,-27.5,-48.5,4,16.0,15.768522525327253,8.051742169478924,1.958398840079566,1.9871475841153834
A806,2022-09-11,-27.5,-48.5,4,8.0,10.39477619909314,5.424095373966834,1.9164073421317942,1.4749003194885408
A806,2022-09-12,-27.5,-48.5,4,5.7,16.431433623803372,6.451215372583517,2.547029152620443,0.88355444219456
A806,2022-09-13,-27.5,-48.5,4,8.4,9.16894660195218,5.5298068525297115,1.6580952728498424,1.51904039761484
A806,2022-09-14,-27.5,-48.5,4,8.4,9.827827050139613,5.836652152817515,1.6838123624337362,1.439181191557747
A806,2022-09-15,-27.5,-48.5,4,8.6,8.514749368479704,5.407911062706366,1.5744987796116852,1.5902628390667666
A806,2022-09-16,-27.5,-48.5,4,10.1,7.919543557015961,4.554107402847545,1.7389891929347365,2.217778173980872
A806,2022-09-17,-27.5,-48.5,4,7.0,8.860444431496408,3.9367744079648883,2.250686352149095,1.7781054423229303
A806,2022-09-18,-27.5,-48.5,4,8.9,8.539278862838719,5.630059818969909,1.516729686257772,1.5808002554453087
A806,2022-09-19,-27.5,-48.5,4,9.0,13.131892037429875,4.8642960836051445,2.6996489958105614,1.8502163201648085
A806,2022-09-20,-27.5,-48.5,4,10.1,8.70829764008824,5.6000108842075065,1.5550501276071371,1.803567923141513
A806,2022-09-21,-27.5,-48.5,4,10.8,8.750680323426826,4.91673497625366,1.7797746605603026,2.1965796513663496
A806,2022-09-22,-27.5,-48.5,4,11.1,10.614994134024943,5.19073065107687,2.0449903583077953,2.1384272747223343
A806,2022-09-23,-27.5,-48.5,4,9.7,13.120960238162024,6.009911544406448,2.183220192379367,1.6140004604606861
A806,2022-09-24,-27.5,-48.5,4,9.3,8.88163507038903,5.612790108555965,1.5823921612265777,1.6569299439548553
A806,2022-09-25,-27.5,-48.5,4,6.9,9.638053653753323,4.452258673742572,2.1647559946582278,1.5497751828062263
A806,2022-09-26,-27.5,-48.5,4,7.5,11.047699408855129,5.018922270508256,2.2012095054296092,1.4943447209913636
A806,2022-09-27,-27.5,-48.5,4,10.6,6.152759095292503,3.890622793071573,1.5814329536775824,2.7244995374202032
A806,2022-09-28,-27.5,-48.5,4,12.0,11.21561491257643,7.331556889920606,1.5297726091433066,1.6367601288748848
A806,2022-09-29,-27.5,-48.5,4,7.5,9.863185116565843,5.1284788379708885,1.9232184490144582,1.4624219455622083
A806,2022-09-30,-27.5,-48.5,4,5.7,7.629526442670898,4.475293275524211,1.7048103829077477,1.2736595456601296
A806,2022-10-01,-27.5,-48.5,4,10.9,6.426447698171378,3.7608735701556406,1.7087646203180993,2.898262809602747
A806,2022-10-02,-27.5,-48.5,4,9.3,7.423114775002602,4.479297928644909,1.6572049667721622,2.076218226192752
A806,2022-10-03,-27.5,-48.5,4,10.3,9.42303988623295,4.791773403092085,1.966503649807888,2.1495173359728383
A806,2022-10-04,-27.5,-48.5,4,7.6,8.140315853177613,4.35170755206665,1.8706026900432984,1.7464408876443724
A806,2022-10-05,-27.5,-48.5,4,7.4,6.727997031571084,3.8375840396158045,1.7531855881505725,1.9282965333420667
A806,2022-10-06,-27.5,-48.5,4,11.4,15.536787430063193,8.346546603905143,1.8614629699418337,1.3658343433518028
A806,2022-10-07,-27.5,-48.5,4,7.8,13.102019655405178,6.169469643156537,2.1236865424791493,1.2642901985346702
A806,2022-10-08,-27.5,-48.5,4,11.6,11.97150874969311,6.165180956706016,1.9417935716341643,1.8815343915221823
A806,2022-10-09,-27.5,-48.5,4,14.8,15.835751567425637,8.052014326924807,1.9666819909240727,1.8380493872832386
A806,2022-10-10,-27.5,-48.5,4,13.0,11.332260146484328,6.0609598289751405,1.869713785646476,2.1448747998381297
A806,2022-10-11,-27.5,-48.5,4,5.0,6.668784855393285,3.886861822505786,1.71572470541133,1.2863848081886777
A806,2022-10-12,-27.5,-48.5,4,9.4,7.313078794335501,5.033590773500613,1.45285525252376,1.8674541540973872
A806,2022-10-13,-27.5,-48.5,4,6.7,5.930471068805728,4.200927686405852,1.4117051069449864,1.594885820501294
A806,2022-10-14,-27.5,-48.5,4,13.8,16.487586033035853,8.561415259356183,1.9258014631421716,1.6118830335812677
A806,2022-10-15,-27.5,-48.5,4,10.9,9.99156252957091,6.9220497266749295,1.4434398659500023,1.574678083862295
A806,2022-10-16,-27.5,-48.5,4,5.4,12.232210479440335,4.288045673294263,2.852630641418289,1.2593149447150094
A806,2022-10-17,-27.5,-48.5,4,9.9,9.59172050006311,5.117949844246129,1.874133352605366,1.93436831178213
A806,2022-10-18,-27.5,-48.5,4,8.7,7.8690462762130755,4.446701456644274,1.7696367415120984,1.9565064317507608
A806,2022-10-19,-27.5,-48.5,4,7.0,4.975471105907534,3.5637565551405337,1.3961310288523148,1.9642194666475923
A806,2022-10-20,-27.5,-48.5,4,5.6,9.998812540554148,5.276566499196571,1.8949467503302768,1.0612962048052792
A806,2022-10-21,-27.5,-48.5,4,10.3,12.359269071980595,4.468129750306907,2.766094487549665,2.3052150621392573
A806,2022-10-22,-27.5,-48.5,4,10.4,14.017307930488602,6.103287386117216,2.296681614956054,1.703999720487726
A806,2022-10-23,-27.5,-48.5,4,11.0,8.037939824278753,5.408057162728448,1.4862897307511982,2.03400216917277
A806,2022-10-24,-27.5,-48.5,4,9.4,9.606371202320865,5.440941758113658,1.76557140829446,1.7276420917357742
A806,2022-10-25,-27.5,-48.5,4,8.4,8.47880735850596,4.396351698301656,1.9286007900099051,1.910675163510004
A806,2022-10-26,-27.5,-48.5,4,11.0,10.573523116079958,6.760563410427526,1.5640002872795045,1.6270833260780524
A806,2022-10-27,-27.5,-48.5,4,10.8,11.62351199145679,5.554436094829186,2.09265383434288,1.9443918006463499
A806,2022-10-28,-27.5,-48.5,4,10.6,8.27203052036398,3.793488982519394,2.1805864096302776,2.7942614434483355
A806,2022-10-29,-27.5,-48.5,4,10.5,9.225833226994215,4.948344675325484,1.8644281739301787,2.121921710982946
A806,2022-10-30,-27.5,-48.5,4,14.4,10.379340792864427,5.095849976140677,2.036822285087204,2.825828873970459
A806,2022-10-31,-27.5,-48.5,4,15.8,31.643807498808872,11.327508764297813,2.793536350953374,1.3948344979258496
A806,2022-11-01,-27.5,-48.5,4,15.3,19.2523134036618,10.89081589055043,1.7677567591943542,1.4048534245515307
A806,2022-11-02,-27.5,-48.5,4,13.0,12.55269819284312,7.203505000132773,1.7425820059279133,1.8046770287187124
A806,2022-11-03,-27.5,-48.5,4,8.1,6.503867491026093,4.892131107171339,1.3294548630334377,1.6557201396598444
A806,2022-11-04,-27.5,-48.5,4,9.9,10.554534827837248,5.203474520010557,2.0283629308164333,1.9025748972015557
A806,2022-11-05,-27.5,-48.5,4,8.2,9.535025378789042,4.334801160726749,2.1996453874692725,1.8916669291066703
A806,2022-11-06,-27.5,-48.5,4,9.8,11.00832520540183,5.849725985120998,1.8818531386601571,1.675292146149525
A806,2022-11-07,-27.5,-48.5,4,11.1,13.69261188395528,7.1204622782583495,1.9229947928752267,1.558887550586819
A806,2022-11-08,-27.5,-48.5,4,10.7,12.638930025326289,6.538157811603993,1.933102624548857,1.6365466096596084
A806,2022-11-09,-27.5,-48.5,4,7.6,8.55737957363608,3.9725325405969776,2.1541370614802084,1.91313725497083
A806,2022-11-10,-27.5,-48.5,4,8.8,8.871575195486477,4.137368156441911,2.1442556862321696,2.1269559940655363
A806,2022-11-11,-27.5,-48.5,4,8.1,6.382913538964438,3.222901285349246,1.9804868265683666,2.5132634489368955
A806,2022-11-12,-27.5,-48.5,4,8.0,8.116055215523636,4.302301514577821,1.8864450081016817,1.8594698611645373
A806,2022-11-13,-27.5,-48.5,4,9.8,12.390558072233139,5.650884207965556,2.1926759806487017,1.734241870712162
A806,2022-11-14,-27.5,-48.5,4,9.1,15.883946747272894,5.447876930920539,2.9156214335754003,1.6703754720212365
A806,2022-11-15,-27.5,-48.5,4,9.6,12.318549118747232,4.470694103441223,2.7553996837460404,2.1473175703545904
A806,2022-11-16,-27.5,-48.5,4,8.8,11.013733439816006,5.579923418989465,1.973814443820918,1.5770825760891352
A806,2022-11-17,-27.5,-48.5,4,9.2,9.29061773364282,3.9387169448495536,2.35879294291296,2.3357860259621703
A806,2022-11-18,-27.5,-48.5,4,8.9,5.7800285388646016,3.6892374616138164,1.5667271621860284,2.412422646306642
A806,2022-11-19,-27.5,-48.5,4,9.5,9.434099540373781,5.517995065131375,1.7096969875867714,1.7216398144375324
A806,2022-11-20,-27.5,-48.5,4,10.6,12.227191382706877,6.275128640792613,1.9485164500408485,1.6892083982299222
A806,2022-11-21,-27.5,-48.5,4,10.7,12.158543453339101,5.745099494204266,2.116332966140065,1.8624568662029795
A806,2022-11-22,-27.5,-48.5,4,9.2,10.842458965378125,5.134301683587696,2.1117689675379068,1.7918697745028718
A806,2022-11-23,-27.5,-48.5,4,11.6,13.076393424622507,6.261321651878684,2.0884398137730216,1.852644001529528
A806,2022-11-24,-27.5,-48.5,4,7.9,9.48656302192336,5.279209554884545,1.796966557833643,1.4964361459549547
A806,2022-11-25,-27.5,-48.5,4,12.3,13.883630578527795,7.183715377968621,1.9326532091049722,1.7122059203128033
A806,2022-11-26,-27.5,-48.5,4,13.1,12.842985048877363,8.2756546371078,1.551899591277019,1.582956342965301
A806,2022-11-27,-27.5,-48.5,4,11.9,15.507429721012969,7.768683022980146,1.9961465379834946,1.5317911626461287
A806,2022-11-28,-27.5,-48.5,4,11.0,9.993173179731729,6.915141226665382,1.4451148360061237,1.5907122702835121
A806,2022-11-29,-27.5,-48.5,4,8.9,12.887037463281331,6.340259026161082,2.0325727087973897,1.4037281384367664
A806,2022-11-30,-27.5,-48.5,4,7.9,11.778676225828331,6.882164853664014,1.7114783612829982,1.1478946186233971
A806,2022-12-01,-27.5,-48.5,4,11.2,9.845725591820823,6.862606478019462,1.434691851172892,1.6320329652986751
A806,2022-12-02,-27.5,-48.5,4,8.4,9.838328366122369,4.974264424735977,1.9778458734920523,1.6886918914540523
A806,2022-12-03,-27.5,-48.5,4,8.4,9.398431867462033,4.643037106948767,2.024199172002383,1.809160643456535
A806,2022-12-04,-27.5,-48.5,4,7.6,7.2515116853034405,3.8598918357881105,1.8786826143854445,1.9689670911330697
A806,2022-12-05,-27.5,-48.5,4,8.7,6.725130022111726,3.9389728999076183,1.7073308684782909,2.2086976024140816
A806,2022-12-06,-27.5,-48.5,4,9.0,9.085809814069847,5.138583430868806,1.768154577288563,1.751455458703786
A806,2022-12-07,-27.5,-48.5,4,10.4,10.486215696325965,6.098841487702304,1.7193782979063086,1.7052418924103123
A806,2022-12-08,-27.5,-48.5,4,8.2,9.40084434325399,4.813005557943047,1.953217013792867,1.7037171267062625
A806,2022-12-09,-27.5,-48.5,4,7.1,9.29501664434959,4.028195412404562,2.307489010023247,1.7625758616714615
A806,2022-12-10,-27.5,-48.5,4,10.6,11.75522154403545,5.940522999558172,1.9788192967032951,1.7843546773219088
A806,2022-12-11,-27.5,-48.5,4,7.5,9.76231943655041,4.999809757446767,1.952538178479754,1.5000570749375863
A806,2022-12-12,-27.5,-48.5,4,12.0,8.209405305010355,3.857179485624635,2.128344126999036,3.111081567431055
A806,2022-12-13,-27.5,-48.5,4,16.9,21.252064015562123,9.176686453861516,2.315875574741832,1.8416233446538366
A806,2022-12-14,-27.5,-48.5,4,9.4,12.682136408745878,6.623107671476206,1.9148316829219223,1.4192733179445443
A806,2022-12-15,-27.5,-48.5,4,11.5,9.551860145866524,5.574614941339298,1.7134564891708368,2.0629227526945804
A806,2022-12-16,-27.5,-48.5,4,10.8,11.289059060914104,6.70019071184689,1.6848862288282993,1.6118944168117582
A806,2022-12-17,-27.5,-48.5,4,10.8,9.993813364110657,6.152234225017282,1.6244201697445264,1.755459822398043
A806,2022-12-18,-27.5,-48.5,4,7.6,11.217880625821344,4.777474260847866,2.3480776689376635,1.5907987327704023
A806,2022-12-19,-27.5,-48.5,4,7.0,14.57808294373882,6.603167612991725,2.207740859864962,1.060097276075123
A806,2022-12-20,-27.5,-48.5,4,6.5,9.93875381430605,6.757919369421716,1.4706825090688411,0.9618345003361906
A806,2022-12-21,-27.5,-48.5,4,7.9,7.977154576758203,5.10426476896819,1.5628410628805913,1.5477253546933378
A806,2022-12-22,-27.5,-48.5,4,6.8,6.592911517741121,3.6746251430261365,1.7941725376405904,1.850528893513216
A806,2022-12-23,-27.5,-48.5,4,10.1,9.252438345952775,5.560695874838559,1.6638993669513344,1.81631943687142
A806,2022-12-24,-27.5,-48.5,4,9.8,11.565218660674248,5.750143750393521,2.0112920933294514,1.7043052183398582
A806,2022-12-25,-27.5,-48.5,4,8.1,10.75209489179567,5.993874673623851,1.7938471318245024,1.3513796068583466
A806,2022-12-26,-27.5,-48.5,4,11.2,6.918898176694977,5.419100140146977,1.276761454440907,2.0667638003264934
A806,2022-12-27,-27.5,-48.5,4,10.3,9.147096711935903,5.334874053470516,1.7145853154650215,1.9306922519191436
A806,2022-12-28,-27.5,-48.5,4,15.7,13.094775063028443,7.365478165516606,1.7778581062577885,2.1315656155908
A806,2022-12-29,-27.5,-48.5,4,12.6,10.530444102891972,6.1083016242482415,1.7239561420950573,2.0627665061563984
A806,2022-12-30,-27.5,-48.5,4,10.2,11.515312913866252,5.41261231089644,2.1274963460220704,1.8844874552470336
A806,2022-12-31,-27.5,-48.5,4,10.8,10.112243674058126,5.187284902597344,1.9494290103469714,2.0820140406385415
A808,2021-01-01,-29.25,-49.75,4,8.1,9.75401257739353,4.099048295575952,2.379579813177831,1.9760684470934928
A808,2021-01-02,-29.25,-49.75,4,8.4,6.0644595141142155,4.854628754508553,1.2492117978088597,1.7303073880157813
A808,2021-01-03,-29.25,-49.75,4,13.5,13.135169560670867,6.835505978060263,1.9216089639641105,1.9749818145621671
A808,2021-01-04,-29.25,-49.75,4,12.1,12.222184780048067,5.81809010051443,2.1007211247841266,2.079720284656666
A808,2021-01-05,-29.25,-49.75,4,10.1,7.938633246804296,3.9620122647320932,2.0036871963951626,2.5492096755745277
A808,2021-01-06,-29.25,-49.75,4,7.0,12.101133576950238,4.626386689756442,2.6156770690491733,1.5130598606249486
A808,2021-01-07,-29.25,-49.75,4,6.4,7.005765409250003,3.0911140601366527,2.26642086734913,2.070450936293521
A808,2021-01-08,-29.25,-49.75,4,7.5,8.26565563136626,3.9951749633461535,2.068909548943351,1.8772644674661219
A808,2021-01-09,-29.25,-49.75,4,8.3,11.616603384781055,5.195458703318783,2.235914872609908,1.597549027711082
A808,2021-01-10,-29.25,-49.75,4,10.7,15.164879711125604,5.9825039112893865,2.5348716751373046,1.7885487679846528
A808,2021-01-11,-29.25,-49.75,4,12.4,16.070667351671013,7.0762340007653375,2.2710763027244254,1.7523445378797344
A808,2021-01-12,-29.25,-49.75,4,16.9,11.53773553857146,5.802811488593639,1.9883009401995464,2.9123813574195325
A808,2021-01-13,-29.25,-49.75,4,8.4,9.51273095801636,4.7670228200383775,1.9955287224615754,1.7621061020916982
A808,2021-01-14,-29.25,-49.75,4,9.0,7.775737108425075,4.822571602411718,1.612363226403214,1.8662242351153882
A808,2021-01-15,-29.25,-49.75,4,9.7,11.478557407267381,5.859922382396653,1.9588241376283826,1.6553120275345337
A808,2021-01-16,-29.25,-49.75,4,17.2,12.15863642076854,7.488508742207028,1.623639210332967,2.296852496553377
A808,2021-01-17,-29.25,-49.75,4,6.5,9.912803370999596,2.8202148569856615,3.514910697830564,2.304788936169003
A808,2021-01-18,-29.25,-49.75,4,10.7,11.76602949270977,6.407189517574726,1.8363791894146269,1.6699989863964886
A808,2021-01-19,-29.25,-49.75,4,6.5,5.909506670801702,2.921597964916955,2.022696737115805,2.2248098739296456
A808,2021-01-20,-29.25,-49.75,4,6.3,5.489626015593718,2.09295267881958,2.622909763392191,3.0101015009824224
A808,2021-01-21,-29.25,-49.75,4,8.2,4.916697020002969,2.915852820408578,1.6861951966814384,2.812213271742224
A808,2021-01-22,-29.25,-49.75,4,6.2,8.291628703031103,4.141311300757722,2.0021746980271713,1.4971103473592065
A808,2021-01-23,-29.25,-49.75,4,7.8,7.5678875896852125,4.379951547558581,1.7278473306179865,1.7808416178365674
A808,2021-01-24,-29.25,-49.75,4,9.8,10.848502827851156,4.904198843155861,2.2120846186714007,1.9982876537880514
A808,2021-01-25,-29.25,-49.75,4,9.9,13.492943412363676,4.485862030195747,3.007881945886528,2.206933680385172
A808,2021-01-26,-29.25,-49.75,4,10.6,11.812787240002075,5.1750615120858425,2.2826370686443984,2.0482848320246534
A808,2021-01-27,-29.25,-49.75,4,9.1,12.37302213200069,4.491752551469521,2.754609028485493,2.0259352882257162
A808,2021-01-28,-29.25,-49.75,4,9.4,6.909860821455394,3.500689796716599,1.9738569318356507,2.6851850766144834
A808,2021-01-29,-29.25,-49.75,4,8.6,10.380830586854435,3.9544931177185854,2.6250723614467466,2.174741425510809
A808,2021-01-30,-29.25,-49.75,4,9.7,8.03565368630324,2.530379469847978,3.175671389234759,3.8334171279783438
A808,2021-01-31,-29.25,-49.75,4,9.8,10.906282279519505,4.831965298431928,2.257111052320433,2.0281602608322333
A808,2021-02-01,-29.25,-49.75,4,5.9,7.23438913225923,2.598115021843271,2.784476080326377,2.2708771360761997
A808,2021-02-02,-29.25,-49.75,4,7.6,5.617436614326675,3.9366377978557088,1.4269630336289765,1.9305814733932922
A808,2021-02-03,-29.25,-49.75,4,7.9,6.938530454701313,4.144908343202396,1.6739888750689569,1.9059528814324478
A808,2021-02-04,-29.25,-49.75,4,15.5,18.68320587412906,8.441730984601152,2.213196074147557,1.8361163164609338
A808,2021-02-05,-29.25,-49.75,4,14.9,16.30948955064718,8.20416740715552,1.9879518226825004,1.8161501661953536
A808,2021-02-06,-29.25,-49.75,4,12.9,10.518100264670874,6.618985377860795,1.5890804502834908,1.9489391898564943
A808,2021-02-07,-29.25,-49.75,4,11.5,7.824552399624491,6.01068009147673,1.3017748874573893,1.9132610328583683
A808,2021-02-08,-29.25,-49.75,4,7.4,7.125982021426212,3.209124710215024,2.2205375810866332,2.3059247203590822
A808,2021-02-09,-29.25,-49.75,4,9.9,8.559356577500132,5.003396686234325,1.7107091670442998,1.97865582539908
A808,2021-02-10,-29.25,-49.75,4,10.4,11.42411680558677,3.7504153513674363,3.046093761700669,2.7730261919411308
A808,2021-02-11,-29.25,-49.75,4,9.0,11.047746066374875,4.628750348005842,2.386766456552245,1.9443692840071574
A808,2021-02-12,-29.25,-49.75,4,8.8,9.085010177944227,4.69811470076425,1.9337565718577185,1.8730917741468702
A808,2021-02-13,-29.25,-49.75,4,7.6,5.452566309251156,3.2744918221553547,1.6651641248143771,2.320970829298784
A808,2021-02-14,-29.25,-49.75,4,12.8,8.864024679429699,3.3334422870583107,2.6591204875042265,3.83987448941128
A808,2021-02-15,-29.25,-49.75,4,6.5,8.719743823785132,3.6612622487015036,2.3816223016741453,1.775344009379628
A808,2021-02-16,-29.25,-49.75,4,6.8,8.336998669073392,2.8746407523871307,2.90018801902473,2.3655129756138087
A808,2021-02-17,-29.25,-49.75,4,7.1,5.6276140901688425,3.2582528783071485,1.7271876371648338,2.179081939057125
A808,2021-02-18,-29.25,-49.75,4,10.0,8.195970405546385,3.9516394502212067,2.074068373086919,2.530595244320738
A808,2021-02-19,-29.25,-49.75,4,5.4,5.971203579918337,3.5061831368972975,1.703049540419156,1.5401363217948123
A808,2021-02-20,-29.25,-49.75,4,5.7,5.614956912086308,2.7231881715038697,2.061905589500806,2.0931348261740568
A808,2021-02-21,-29.25,-49.75,4,9.4,4.714730602406869,4.246817228790849,1.1101797766204418,2.2134223098356323
A808,2021-02-22,-29.25,-49.75,4,12.1,9.201511309650368,5.210384500986566,1.7659946800294868,2.3222854278237834
A808,2021-02-23,-29.25,-49.75,4,9.2,8.910741310229886,3.9094455202694713,2.2792851988932905,2.3532748959667966
A808,2021-02-24,-29.25,-49.75,4,7.8,7.250063752728768,3.0121454087890824,2.4069434800770053,2.589516421498287
A808,2021-02-25,-29.25,-49.75,4,7.8,5.108395778190583,3.726160080504954,1.3709544592346967,2.0933078105820337
A808,2021-02-26,-29.25,-49.75,4,8.3,2.851860222970244,4.460030307526809,0.6394261981039467,1.8609739010052926
A808,2021-02-27,-29.25,-49.75,4,11.1,8.190737811984741,5.138679779190558,1.5939381638750296,2.1600878974693507
A808,2021-02-28,-29.25,-49.75,4,14.0,13.77883436150225,6.5114718535306135,2.116085989687749,2.1500515267387663
A808,2021-03-01,-29.25,-49.75,4,8.7,18.929879801515145,6.272181983155639,3.018069286310983,1.387077100658818
A808,2021-03-02,-29.25,-49.75,4,11.0,11.218772813893203,4.898026380315239,2.2904680258523147,2.2458025224625344
A808,2021-03-03,-29.25,-49.75,4,4.8,5.388165001361009,2.4759170480557304,2.176230017718965,1.938675612645952
A808,2021-03-04,-29.25,-49.75,4,5.5,6.818619196451342,2.671233999811004,2.5526102157032198,2.058973493295285
A808,2021-03-05,-29.25,-49.75,4,10.8,16.24471487435579,6.553082844743024,2.4789423938669617,1.6480792713713233
A808,2021-03-06,-29.25,-49.75,4,11.3,13.909737396372254,6.563194723198023,2.1193546714692792,1.7217224959148998
A808,2021-03-07,-29.25,-49.75,4,9.9,4.8451991096150975,3.211033222798805,1.5089221360942253,3.083119766469108
A808,2021-03-08,-29.25,-49.75,4,7.9,5.408438450864531,3.9317306904359346,1.3755872099838213,2.0092932659953067
A808,2021-03-09,-29.25,-49.75,4,14.6,11.140285648862069,5.765511482664366,1.9322285078016883,2.532299180029215
A808,2021-03-10,-29.25,-49.75,4,12.7,16.24079055662242,6.362720293719434,2.5524916713144714,1.9960016178199784
A808,2021-03-11,-29.25,-49.75,4,7.5,11.705605976401126,4.807527853364159,2.4348493307656875,1.560053363965792
A808,2021-03-12,-29.25,-49.75,4,6.3,7.291594976215537,3.6580522481168734,1.9932998441914471,1.722227998039988
A808,2021-03-13,-29.25,-49.75,4,8.3,6.836464828593162,3.8967906799541816,1.754383386246845,2.1299578760277655
A808,2021-03-14,-29.25,-49.75,4,7.6,8.53707314162347,3.316162334962534,2.5743833622427057,2.2918057779839853
A808,2021-03-15,-29.25,-49.75,4,8.4,8.17173823835981,3.951879829105463,2.0678104071321277,2.1255707064102207
A808,2021-03-16,-29.25,-49.75,4,10.2,11.779640647590641,4.950330385952947,2.3795665600454745,2.060468535381701
A808,2021-03-17,-29.25,-49.75,4,10.9,7.605104176535327,4.800258568955845,1.584311358916983,2.27071101346338
A808,2021-03-18,-29.25,-49.75,4,13.0,15.195937703123386,7.231357422683514,2.1013949131398713,1.7977261031547487
A808,2021-03-19,-29.25,-49.75,4,10.1,8.669560972913319,4.355807726171718,1.9903451938024184,2.318743304327807
A808,2021-03-20,-29.25,-49.75,4,11.1,13.52570256986893,6.851151017309198,1.9742233875295854,1.6201657169658397
A808,2021-03-21,-29.25,-49.75,4,10.1,8.805193068400701,3.695133857285175,2.38291585866118,2.7333245262785955
A808,2021-03-22,-29.25,-49.75,4,10.9,11.981250951719543,4.343351307513754,2.758526792661844,2.5095828608530035
A808,2021-03-23,-29.25,-49.75,4,4.9,10.21170782172273,3.4474052726459856,2.962143123336625,1.4213588517949634
A808,2021-03-24,-29.25,-49.75,4,11.9,8.143495775582991,4.265737692773107,1.9090474759804086,2.7896698899608023
A808,2021-03-25,-29.25,-49.75,4,10.6,12.700032732675552,6.3849821204418165,1.989047501325933,1.660145604176965
A808,2021-03-26,-29.25,-49.75,4,8.6,10.850052840567633,3.937243135930459,2.75574874753157,2.1842694756435526
A808,2021-03-27,-29.25,-49.75,4,4.7,6.076135238156405,2.3798605473094763,2.553147597251322,1.9749056327327794
A808,2021-03-28,-29.25,-49.75,4,5.4,5.940767890762074,4.035128782666769,1.4722622772985923,1.338247250793122
A808,2021-03-29,-29.25,-49.75,4,7.8,7.09820700103912,3.6944947297158564,1.9212930374338477,2.1112494591648527
A808,2021-03-30,-29.25,-49.75,4,12.8,17.42596051457364,7.54877489185008,2.308448823051713,1.6956393829970113
A808,2021-03-31,-29.25,-49.75,4,14.0,15.091366759230072,7.928387784879874,1.9034597157332065,1.7658066658519427
A808,2021-04-01,-29.25,-49.75,4,11.1,9.884162623734689,6.742911029466447,1.4658598609029552,1.6461732850238007
A808,2021-04-02,-29.25,-49.75,4,12.5,7.144794026231548,3.6164304515731764,1.975648120959579,3.456446948831105
A808,2021-04-03,-29.25,-49.75,4,10.7,7.557321740229411,4.135292144539592,1.827518220256435,2.5874834536487863
A808,2021-04-04,-29.25,-49.75,4,12.5,4.622054921756352,4.822606192441524,0.9584143380814513,2.5919595134247664
A808,2021-04-05,-29.25,-49.75,4,10.8,9.740320733811274,5.358661436633188,1.8176779497999138,2.0154286901143674
A808,2021-04-06,-29.25,-49.75,4,10.4,13.485264587805856,4.823214059239092,2.7959083760701438,2.156238531457735
A808,2021-04-07,-29.25,-49.75,4,12.6,13.84425797316526,6.315771000666933,2.1920139238270884,1.9950058351813997
A808,2021-04-08,-29.25,-49.75,4,14.8,14.18788626934608,7.183290026134694,1.9751236853484724,2.060337247438669
A808,2021-04-09,-29.25,-49.75,4,11.2,9.766910234485835,5.121825834800054,1.9069196316916768,2.186720197298006
A808,2021-04-10,-29.25,-49.75,4,7.6,6.814844111173627,2.3921501191396697,2.848836306989198,3.1770581366077972
A808,2021-04-11,-29.25,-49.75,4,8.2,7.406086662354679,3.132140081795622,2.364545157287106,2.6180182833007355
A808,2021-04-12,-29.25,-49.75,4,16.6,15.663525713366422,7.719350388534648,2.029124851830933,2.1504400194938103
A808,2021-04-13,-29.25,-49.75,4,7.1,11.840416919212528,4.609276939036983,2.5688230661372127,1.5403717532935663
A808,2021-04-14,-29.25,-49.75,4,10.4,6.681155887020217,5.1180409287860495,1.3054127506957869,2.0320275169168647
A808,2021-04-15,-29.25,-49.75,4,10.3,10.349986059558551,5.185871296794555,1.9958046521432171,1.986165758947112
A808,2021-04-16,-29.25,-49.75,4,8.1,5.561203248542485,3.263608189366101,1.7040045636184813,2.4819155762607896
A808,2021-04-17,-29.25,-49.75,4,8.7,8.68881254446842,3.70618122752405,2.344411136708785,2.3474297304700658
A808,2021-04-18,-29.25,-49.75,4,9.5,9.465588241742552,3.588113223208007,2.638040566980687,2.6476310553841387
A808,2021-04-19,-29.25,-49.75,4,9.7,9.527410816237682,4.150364112572979,2.2955602346733026,2.3371443412916793
A808,2021-04-20,-29.25,-49.75,4,10.6,6.9624464793005645,3.2170977201354662,2.1642011169643265,3.29489525097598
A808,2021-04-21,-29.25,-49.75,4,10.6,9.153411589119402,4.662534794641849,1.9631835454908424,2.2734414791244975
A808,2021-04-22,-29.25,-49.75,4,10.4,9.75732538206529,3.891116282678165,2.5075902834107926,2.672754871474034
A808,2021-04-23,-29.25,-49.75,4,8.6,11.213357457607707,4.540945962274125,2.469387997736051,1.8938785159410008
A808,2021-04-24,-29.25,-49.75,4,7.7,11.324408055698992,4.24763644145791,2.6660492751145464,1.8127728458222616
A808,2021-04-25,-29.25,-49.75,4,12.9,14.905943043004019,6.377703522677776,2.3371959812809755,2.022671633156089
A808,2021-04-26,-29.25,-49.75,4,10.0,12.03435078726318,5.778718161509937,2.0825294556533094,1.7304875788209533
A808,2021-04-27,-29.25,-49.75,4,10.5,9.393894090654646,5.350646293177535,1.7556559667628464,1.9623797621211232
A808,2021-04-28,-29.25,-49.75,4,11.3,11.078256463271419,5.7366717969944965,1.9311295565270852,1.9697832471294927
A808,2021-04-29,-29.25,-49.75,4,8.5,6.155269820879618,4.325382408873292,1.4230579493393254,1.9651441644934566
A808,2021-04-30,-29.25,-49.75,4,10.2,7.369701996554109,4.685827055759549,1.572764403990475,2.176776880286853
A808,2021-05-01,-29.25,-49.75,4,10.8,9.969777000102729,4.558389593671981,2.187127009491008,2.369257778008424
A808,2021-05-02,-29.25,-49.75,4,6.8,6.022568375565398,3.4801083040221457,1.7305692379184856,1.953962177596852
A808,2021-05-03,-29.25,-49.75,4,6.7,5.385223486190844,3.274065814127737,1.6448122279501436,2.046385253188622
A808,2021-05-04,-29.25,-49.75,4,12.1,14.211813217403822,6.408543691367833,2.217635378931226,1.8881044715819653
A808,2021-05-05,-29.25,-49.75,4,11.1,7.733054100621045,6.459441216802706,1.19717075224794,1.7184148949488043
A808,2021-05-06,-29.25,-49.75,4,11.7,20.13095719342143,7.7931884925408745,2.5831477337792426,1.5013110501816382
A808,2021-05-07,-29.25,-49.75,4,11.7,10.017567408483348,6.417227461523759,1.5610429065428038,1.8232172803832412
A808,2021-05-08,-29.25,-49.75,4,8.4,6.130632752014594,3.5950320907623428,1.7053068226477404,2.336557724083832
A808,2021-05-09,-29.25,-49.75,4,9.7,9.404621490056487,4.674012101439487,2.012108930389821,2.075304853620859
A808,2021-05-10,-29.25,-49.75,4,8.8,12.287272988107,4.151107776980355,2.959998546952964,2.119916049590356
A808,2021-05-11,-29.25,-49.75,4,13.3,14.554383541206334,6.499481856373748,2.239314435032003,2.0463169670913524
A808,2021-05-12,-29.25,-49.75,4,10.3,9.770633897826722,4.185994223809805,2.334125031098146,2.4605862906866713
A808,2021-05-13,-29.25,-49.75,4,7.7,5.59833783392645,3.464217594305184,1.6160468219806803,2.222724118905812
A808,2021-05-14,-29.25,-49.75,4,4.4,3.660757230867301,2.158017925422516,1.6963516325521557,2.0389079943061774
A808,2021-05-15,-29.25,-49.75,4,5.6,4.121626424938721,2.902708496957419,1.4199243324842834,1.9292326480147237
A808,2021-05-16,-29.25,-49.75,4,4.6,5.687646467560047,2.89037570281092,1.9677879460544705,1.5914886066632974
A808,2021-05-17,-29.25,-49.75,4,13.0,12.70867422557236,6.224333319607431,2.041772760712933,2.0885770945216526
A808,2021-05-18,-29.25,-49.75,4,11.4,10.680149459097573,4.690111099943212,2.2771634256653086,2.4306460459194734
A808,2021-05-19,-29.25,-49.75,4,6.9,7.307227394489203,3.8485259148567272,1.898708117380895,1.7928942542295114
A808,2021-05-20,-29.25,-49.75,4,3.4,6.437599362198725,2.9004511307095187,2.219516575900362,1.172231438068836
A808,2021-05-21,-29.25,-49.75,4,4.4,6.6272446487050045,4.340710832579765,1.526764832838752,1.0136588613494437
A808,2021-05-22,-29.25,-49.75,4,12.3,9.855189496338731,5.39682594496976,1.8261084564945984,2.2791174155735945
A808,2021-05-23,-29.25,-49.75,4,20.3,21.167620568651124,8.916572441281383,2.373963841829021,2.2766595722383576
A808,2021-05-24,-29.25,-49.75,4,16.2,13.66831157692405,7.907582805496355,1.7285069171104428,2.048666501315649
A808,2021-05-25,-29.25,-49.75,4,7.9,6.280660467997752,3.2195051665691237,1.9508154648159046,2.4537932356911423
A808,2021-05-26,-29.25,-49.75,4,6.0,4.796629665023442,2.2821967694709215,2.101759904837407,2.629045873809983
A808,2021-05-27,-29.25,-49.75,4,3.9,6.513616077219492,2.8018951675695494,2.324717981104769,1.3919150313475077
A808,2021-05-28,-29.25,-49.75,4,16.9,7.498983711316146,3.5739936243420853,2.0982084747553484,4.7286038466593565
A808,2021-05-29,-29.25,-49.75,4,12.5,9.827978621999112,4.82886990600485,2.0352543790375703,2.5885973826828224
A808,2021-05-30,-29.25,-49.75,4,10.8,8.34778565885815,4.8683493355348935,1.7147055569587561,2.218411057967636
A808,2021-05-31,-29.25,-49.75,4,6.6,4.168993212419189,2.1523734238758987,1.936928400143434,3.0663824068757606
A808,2021-06-01,-29.25,-49.75,4,6.3,7.004046773913819,3.114300094652697,2.2489954599879054,2.022926438854496
A808,2021-06-02,-29.25,-49.75,4,9.4,7.17521705802722,3.1539160782413673,2.2750183835037685,2.9804217255017984
A808,2021-06-03,-29.25,-49.75,4,7.8,4.994483929309419,3.2619028476696235,1.5311565557133595,2.391242279202918
A808,2021-06-04,-29.25,-49.75,4,7.3,6.415394438791624,3.088307654195909,2.0773171449014773,2.3637541389640706
A808,2021-06-05,-29.25,-49.75,4,6.0,9.502760067378047,4.194893988060297,2.2653159041504374,1.4303102812794506
A808,2021-06-06,-29.25,-49.75,4,19.2,10.120222492081593,6.377573112051913,1.5868453899739812,3.010549571547384
A808,2021-06-07,-29.25,-49.75,4,6.6,6.474045766564023,2.744065230791517,2.359290039434159,2.4051906368480354
A808,2021-06-08,-29.25,-49.75,4,6.0,9.592736078340236,4.153272926775339,2.3096811231686076,1.4446438040031446
A808,2021-06-09,-29.25,-49.75,4,15.0,12.51768531476233,4.092640219619273,3.058584347276638,3.6651157187218883
A808,2021-06-10,-29.25,-49.75,4,8.2,6.982702684076873,3.710168438890111,1.8820446562166688,2.2101422442300254
A808,2021-06-11,-29.25,-49.75,4,12.0,13.564578927121309,5.644003895050012,2.4033610145127495,2.1261501981819
A808,2021-06-12,-29.25,-49.75,4,9.8,9.886653578702088,4.300226468808364,2.2991006753748433,2.278949741620394
A808,2021-06-13,-29.25,-49.75,4,4.8,5.137012485276443,2.4374429606009347,2.1075416197677703,1.9692768518433732
A808,2021-06-14,-29.25,-49.75,4,5.6,4.249655508598231,2.443019780308642,1.7395092511536459,2.2922450506284955
A808,2021-06-15,-29.25,-49.75,4,11.3,12.076988472988479,6.099435349284994,1.9800174575838734,1.8526305064164081
A808,2021-06-16,-29.25,-49.75,4,10.6,16.088838662492748,6.468171012614185,2.4873860989631225,1.6387940237399334
A808,2021-06-17,-29.25,-49.75,4,8.1,7.889087545796663,4.244648325320681,1.8585962702105943,1.9082852993217168
A808,2021-06-18,-29.25,-49.75,4,5.2,5.60184233375742,2.7588429034304642,2.0305042838038543,1.8848481707798932
A808,2021-06-19,-29.25,-49.75,4,4.8,5.965219196603037,3.0909941486163692,1.9298707502481898,1.5528984427707953
A808,2021-06-20,-29.25,-49.75,4,11.3,8.869822468771767,4.671879704428779,1.8985554059458092,2.418726661409538
A808,2021-06-21,-29.25,-49.75,4,5.3,5.518535205494754,3.2397236381994396,1.7033969010275898,1.635942009839337
A808,2021-06-22,-29.25,-49.75,4,6.4,4.241074861370904,2.319659852548294,1.8283175685054915,2.759025204910622
A808,2021-06-23,-29.25,-49.75,4,9.1,13.669089337602852,6.63389144301048,2.060493370298471,1.3717438818791392
A808,2021-06-24,-29.25,-49.75,4,13.7,19.869715023010464,7.51705552270159,2.6432843236296057,1.822522124337894
A808,2021-06-25,-29.25,-49.75,4,9.6,7.164020604870196,2.9109319416760036,2.4610745796912816,3.2979128994931726
A808,2021-06-26,-29.25,-49.75,4,6.5,6.41067409362981,4.286073924743498,1.4956984424885904,1.5165394050894714
A808,2021-06-27,-29.25,-49.75,4,14.9,10.693991883764784,5.933671519484459,1.802255458302471,2.5110928286260394
A808,2021-06-28,-29.25,-49.75,4,8.9,12.547232558113134,5.341699663145929,2.3489213825854813,1.6661363538283345
A808,2021-06-29,-29.25,-49.75,4,13.9,17.948264290431577,8.000352748125033,2.2434341154067163,1.737423390894559
A808,2021-06-30,-29.25,-49.75,4,9.5,17.543141906721825,8.509844889656337,2.061511359395681,1.11635407262795
A808,2021-07-01,-29.25,-49.75,4,7.4,5.019358917651887,4.340568147464465,1.1563829312492044,1.7048459438017802
A808,2021-07-02,-29.25,-49.75,4,5.4,4.2683878742409584,2.7705226716018583,1.5406435464298387,1.949090709616115
A808,2021-07-03,-29.25,-49.75,4,9.1,6.648152020824898,3.900013220365414,1.7046485858327414,2.3333254237398124
A808,2021-07-04,-29.25,-49.75,4,6.3,7.7162459406437955,3.8032044777770606,2.0288801156318246,1.6564978393384449
A808,2021-07-05,-29.25,-49.75,4,4.7,5.853598845178038,2.7343795996014193,2.140741119496099,1.7188542515037424
A808,2021-07-06,-29.25,-49.75,4,7.0,8.82962538351986,4.90586875134033,1.799808725234959,1.4268624691778664
A808,2021-07-07,-29.25,-49.75,4,8.9,9.781828225633538,4.937176941711234,1.981259400082011,1.8026495920794858
A808,2021-07-08,-29.25,-49.75,4,5.5,4.626431073187171,2.423874829856318,1.9086922378171713,2.2690940688245145
A808,2021-07-09,-29.25,-49.75,4,8.0,6.261751909650278,4.181009397326236,1.4976651125574318,1.9134135419824734
A808,2021-07-10,-29.25,-49.75,4,8.0,5.561982627716644,2.9366241599313643,1.8940056080743546,2.724216503138413
A808,2021-07-11,-29.25,-49.75,4,6.4,3.592239966827471,2.531047427394562,1.4192701124234923,2.528597422051512
A808,2021-07-12,-29.25,-49.75,4,8.3,5.672549864064775,3.712603234958348,1.5279170719486852,2.2356280686948007
A808,2021-07-13,-29.25,-49.75,4,5.4,5.547973369856795,3.198180027022783,1.7347282901461483,1.6884602975358185
A808,2021-07-14,-29.25,-49.75,4,6.4,4.146656620928757,2.616479875141489,1.5848226696964456,2.446034483507699
A808,2021-07-15,-29.25,-49.75,4,11.3,12.179066975182197,5.661856568889822,2.15107303178651,1.9958117734896466
A808,2021-07-16,-29.25,-49.75,4,11.6,12.72782771984649,6.375938827983168,1.9962280164900117,1.8193399141612063
A808,2021-07-17,-29.25,-49.75,4,8.5,7.100545364033838,3.8077188833453057,1.864776676421971,2.2323076520113925
A808,2021-07-18,-29.25,-49.75,4,19.2,21.510401323618,8.597057249086719,2.5020656138939974,2.2333223385292276
A808,2021-07-19,-29.25,-49.75,4,16.5,31.921586176100753,11.426612657850125,2.7936175953396396,1.4439974902504846
A808,2021-07-20,-29.25,-49.75,4,5.7,9.475070384737432,4.351024011082104,2.1776644671701026,1.3100364386595065
A808,2021-07-21,-29.25,-49.75,4,4.9,6.086989418266311,3.037332336867684,2.0040577530424786,1.6132577724613544
A808,2021-07-22,-29.25,-49.75,4,8.3,7.832754971741779,3.897913093434138,2.009473988769967,2.1293445495183008
A808,2021-07-23,-29.25,-49.75,4,5.3,9.379553706873399,3.2557729735063066,2.8808991852930346,1.6278776324788278
A808,2021-07-24,-29.25,-49.75,4,5.5,6.159388207090083,2.6415253113919426,2.3317543771119174,2.082130341996153
A808,2021-07-25,-29.25,-49.75,4,10.9,8.282944331602502,4.118807060623565,2.011005664914178,2.6463973280529918
A808,2021-07-26,-29.25,-49.75,4,12.1,9.094287105655223,4.735870795488514,1.9202988211415362,2.5549683516549275
A808,2021-07-27,-29.25,-49.75,4,16.6,19.259436379993986,8.365961243049874,2.3021187668056675,1.9842310426420702
A808,2021-07-28,-29.25,-49.75,4,16.4,20.13410665609918,9.198644437321295,2.1888123617877726,1.78287139064327
A808,2021-07-29,-29.25,-49.75,4,14.7,15.807171729224725,9.873406932016696,1.6009845272320835,1.4888477808335856
A808,2021-07-30,-29.25,-49.75,4,7.1,8.033351071865297,4.012939944351082,2.001861772981091,1.7692764154107257
A808,2021-07-31,-29.25,-49.75,4,7.6,8.485923644664862,4.786121952961657,1.77302704111285,1.587924435418348
A808,2021-08-01,-29.25,-49.75,4,7.8,7.9638931982003776,4.148242477577237,1.9198234532451088,1.8803143842631773
A808,2021-08-02,-29.25,-49.75,4,10.8,10.496766798806666,4.527359707688398,2.318518402896278,2.3854963372270497
A808,2021-08-03,-29.25,-49.75,4,8.4,8.460523865432402,3.837877703206923,2.2044797983955573,2.1887096592423925
A808,2021-08-04,-29.25,-49.75,4,5.7,6.81286424112413,2.713466681052129,2.5107602347571434,2.1006338643487092
A808,2021-08-05,-29.25,-49.75,4,7.1,10.570530133269747,5.521592671676957,1.9143987544556385,1.285860877862196
A808,2021-08-06,-29.25,-49.75,4,10.2,12.323967557954834,5.695185930072257,2.163927167483797,1.7909863040890375
A808,2021-08-07,-29.25,-49.75,4,11.4,13.701304047465696,6.159256929361877,2.2245060085332735,1.8508726183600015
A808,2021-08-08,-29.25,-49.75,4,6.8,9.18079108529983,3.5401728441018316,2.593317188056411,1.9208101692913842
A808,2021-08-09,-29.25,-49.75,4,8.6,8.400125469821765,3.6979112578105378,2.2715865482384014,2.32563720447199
A808,2021-08-10,-29.25,-49.75,4,12.0,13.66746060106467,6.058545686579885,2.2558979180992362,1.9806733531086287
A808,2021-08-11,-29.25,-49.75,4,11.1,12.65430252793471,6.060867181243666,2.087869961429859,1.8314210933958006
A808,2021-08-12,-29.25,-49.75,4,7.8,6.745378867531209,5.01472604695245,1.345114130737114,1.5554189654567903
A808,2021-08-13,-29.25,-49.75,4,5.6,4.1209680457575075,2.9294205235985995,1.4067519540332742,1.9116408705708015
A808,2021-08-14,-29.25,-49.75,4,9.7,10.505083455953317,4.990344308782544,2.105081895344444,1.943753657023003
A808,2021-08-15,-29.25,-49.75,4,7.0,5.856072290822325,2.8122058423592806,2.082376831245544,2.489149227471698
A808,2021-08-16,-29.25,-49.75,4,6.4,5.927675057697291,3.2377528982526274,1.8307990893611366,1.976679567935526
A808,2021-08-17,-29.25,-49.75,4,7.4,7.094129237176863,3.3548506875919935,2.114588665127391,2.205761355451407
A808,2021-08-18,-29.25,-49.75,4,17.8,11.784897515710986,6.3126204821521705,1.8668788261595515,2.8197481616907565
A808,2021-08-19,-29.25,-49.75,4,12.0,13.175750891144096,6.506905899325838,2.024887265160727,1.8441944890033348
A808,2021-08-20,-29.25,-49.75,4,20.3,13.22913215352955,8.002939142849417,1.6530342062328074,2.5365680830070962
A808,2021-08-21,-29.25,-49.75,4,15.0,7.684953882953708,4.22455397634937,1.8191160359121812,3.550670694226089
A808,2021-08-22,-29.25,-49.75,4,7.8,11.372966727523805,5.498805133076496,2.0682614590418855,1.418489983047648
A808,2021-08-23,-29.25,-49.75,4,11.0,15.034117012943858,5.957359965627541,2.523620714492142,1.8464554875762444
A808,2021-08-24,-29.25,-49.75,4,8.5,8.924151584267296,3.854099458870188,2.3154959231081627,2.205443863270653
A808,2021-08-25,-29.25,-49.75,4,8.5,7.749206681632862,3.8661922226802394,2.004351112232263,2.198545625883902
A808,2021-08-26,-29.25,-49.75,4,17.3,21.499469440851282,9.439204204951691,2.277678178587653,1.8327816227266946
A808,2021-08-27,-29.25,-49.75,4,6.5,8.91315085828257,4.006672484109767,2.224576851148082,1.6222938175702222
A808,2021-08-28,-29.25,-49.75,4,9.2,7.594013144265235,6.065656256405564,1.251968925249542,1.5167361306180924
A808,2021-08-29,-29.25,-49.75,4,8.7,9.205488259950673,5.58052541856836,1.649573753274341,1.5589929885548153
A808,2021-08-30,-29.25,-49.75,4,9.5,16.643577317925452,7.329946766255568,2.2706273113123387,1.2960530687254885
A808,2021-08-31,-29.25,-49.75,4,12.8,12.948167599553637,7.194907754892707,1.7996294102239987,1.779036012142852
A808,2021-09-01,-29.25,-49.75,4,6.6,8.795980186001994,4.766250477260135,1.8454716612078552,1.384736289351287
A808,2021-09-02,-29.25,-49.75,4,9.3,8.008867441516951,3.8740478747863785,2.067312459828229,2.4005898482895796
A808,2021-09-03,-29.25,-49.75,4,16.3,14.810116689991942,6.93588753237351,2.135287895148988,2.350095777060852
A808,2021-09-04,-29.25,-49.75,4,9.5,10.545012528968766,4.695702284957716,2.2456731472838087,2.0231265577531277
A808,2021-09-05,-29.25,-49.75,4,14.3,12.561694589933428,6.330559836761944,1.9842944247974572,2.258883948455717
A808,2021-09-06,-29.25,-49.75,4,10.2,10.405159230220205,4.970119621586606,2.093543017561935,2.052264487900568
A808,2021-09-07,-29.25,-49.75,4,14.8,16.78234530281504,7.701076524997038,2.179220690554233,1.9218092369242743
A808,2021-09-08,-29.25,-49.75,4,18.7,22.27068685385545,9.281498431706893,2.3994710571491,2.0147608856042245
A808,2021-09-09,-29.25,-49.75,4,10.1,9.67594219821369,3.610187560649764,2.680177147492084,2.7976385798033703
A808,2021-09-10,-29.25,-49.75,4,12.9,8.31737984222048,3.8093526737276773,2.1834102942433606,3.386402127838845
A808,2021-09-11,-29.25,-49.75,4,6.3,6.4316840642559905,4.050012028770894,1.58806542266194,1.5555509354652304
A808,2021-09-12,-29.25,-49.75,4,8.4,8.965547424910154,4.5126479659901895,1.9867597677637339,1.8614348079679703
A808,2021-09-13,-29.25,-49.75,4,12.8,8.189649613932678,4.1951837017369344,1.9521551846566128,3.0511178794626823
A808,2021-09-14,-29.25,-49.75,4,12.2,13.258750386372016,5.211357600573766,2.5442027591643757,2.3410406529493946
A808,2021-09-15,-29.25,-49.75,4,14.7,14.78578711558315,7.172201920016141,2.061540832295736,2.049579775351182
A808,2021-09-16,-29.25,-49.75,4,6.4,6.113699527159972,3.5058370266736016,1.743863014921933,1.8255269572734332
A808,2021-09-17,-29.25,-49.75,4,9.6,11.827565264937462,6.2718050984088265,1.8858311250676694,1.5306598099541622
A808,2021-09-18,-29.25,-49.75,4,9.9,8.72194246297048,4.108114111210652,2.123101312879584,2.4098648995615393
A808,2021-09-19,-29.25,-49.75,4,8.8,11.83313403834533,4.39416390881112,2.692920492705719,2.0026562919863675
A808,2021-09-20,-29.25,-49.75,4,15.8,7.600219415242467,5.1992406540338685,1.4617941197520414,3.0389053039392313
A808,2021-09-21,-29.25,-49.75,4,18.2,25.57984040198773,10.257572464395647,2.493751859007202,1.7742989448207913
A808,2021-09-22,-29.25,-49.75,4,11.6,12.11027480255061,8.041149360350968,1.5060377888593328,1.4425798452640235
A808,2021-09-23,-29.25,-49.75,4,14.3,14.64998290893242,7.35317662032009,1.9923338803596824,1.9447377287909493
A808,2021-09-24,-29.25,-49.75,4,7.4,9.460485615233608,4.132494451377221,2.2892917889050635,1.7906860098829243
A808,2021-09-25,-29.25,-49.75,4,7.3,11.900946442205429,4.6828270908383125,2.5414020657497605,1.558887368333979
A808,2021-09-26,-29.25,-49.75,4,5.2,7.407497043501486,3.8932799460807073,1.9026366318606183,1.3356347532200308
A808,2021-09-27,-29.25,-49.75,4,7.7,9.311801359120457,4.494413564435257,2.0718612619020353,1.7132379763470962
A808,2021-09-28,-29.25,-49.75,4,14.4,12.402964786859638,6.133391258886472,2.0222034211317244,2.347803913395596
A808,2021-09-29,-29.25,-49.75,4,9.3,11.340498379908517,6.2191720742651,1.8234739679957461,1.495375893920567
A808,2021-09-30,-29.25,-49.75,4,15.1,13.273584573101576,8.882910771749502,1.4942832269930957,1.69989324310482
A808,2021-10-01,-29.25,-49.75,4,16.1,14.409535662690972,7.5803438910323555,1.9009079099613988,2.1239141959042924
A808,2021-10-02,-29.25,-49.75,4,10.9,11.522428958412725,4.194398587689329,2.7470991889591416,2.598703907633335
A808,2021-10-03,-29.25,-49.75,4,14.0,11.358304153175627,6.560367989227092,1.7313516820744386,2.134026631278866
A808,2021-10-04,-29.25,-49.75,4,13.1,12.989492278438954,6.8539152046058645,1.8951930233554615,1.9113163219756113
A808,2021-10-05,-29.25,-49.75,4,10.3,9.026389663897705,4.623206277609484,1.9524090256610764,2.2278910741845177
A808,2021-10-06,-29.25,-49.75,4,9.7,9.89245605792326,5.528262548106124,1.7894331124545133,1.7546199941829883
A808,2021-10-07,-29.25,-49.75,4,12.4,13.240433720169648,7.250788301791846,1.826068169291002,1.7101588798194065
A808,2021-10-08,-29.25,-49.75,4,9.8,9.662428050108975,4.919780625107952,1.9639957116780906,1.9919587369375773
A808,2021-10-09,-29.25,-49.75,4,13.2,12.312230682243797,7.089623665628422,1.7366550416399915,1.861875978550965
A808,2021-10-10,-29.25,-49.75,4,12.1,14.22872765246678,6.7646856431211875,2.1033834243185505,1.788701003764179
A808,2021-10-11,-29.25,-49.75,4,14.6,15.369857256937031,7.915604068259427,1.9417162764075353,1.8444580949348082
A808,2021-10-12,-29.25,-49.75,4,14.7,12.802637699348523,6.7148078523219175,1.9066275582139691,2.189191459129672
A808,2021-10-13,-29.25,-49.75,4,13.5,18.175315352509006,8.109447147742337,2.2412520880130526,1.6647250736147148
A808,2021-10-14,-29.25,-49.75,4,11.9,21.194326847479502,8.862845220659235,2.39136827054992,1.3426839467151224
A808,2021-10-15,-29.25,-49.75,4,13.7,12.673699456080868,5.975248768075466,2.1210329390457945,2.2927915693144527
A808,2021-10-16,-29.25,-49.75,4,13.2,12.837462808140472,7.901402394767689,1.6247068769262334,1.670589515696738
A808,2021-10-17,-29.25,-49.75,4,7.7,7.630055248406253,3.810872618730022,2.0021806058028195,2.020534604634997
A808,2021-10-18,-29.25,-49.75,4,7.6,7.448582903333435,4.478303150248472,1.663260090581443,1.6970713560510804
A808,2021-10-19,-29.25,-49.75,4,6.4,7.56730845122847,4.1366830384461855,1.8293179295822701,1.5471332805822025
A808,2021-10-20,-29.25,-49.75,4,11.2,10.40119412392971,6.3103401687758245,1.6482778813408232,1.7748646983277836
A808,2021-10-21,-29.25,-49.75,4,10.3,13.478430720604017,5.5630724757704,2.4228393175369267,1.8514948429776854
A808,2021-10-22,-29.25,-49.75,4,8.4,9.437195669001204,4.668625357991316,2.021407790378274,1.7992448217378731
A808,2021-10-23,-29.25,-49.75,4,10.2,9.880851950191863,5.8138336131348725,1.6995415775003606,1.754436173913836
A808,2021-10-24,-29.25,-49.75,4,15.0,15.889833273876585,7.7691674883470965,2.045242723587772,1.9307087950540858
A808,2021-10-25,-29.25,-49.75,4,9.9,9.658220698869107,4.343744852690983,2.2234779036079355,2.2791393914094367
A808,2021-10-26,-29.25,-49.75,4,8.8,6.730809964368911,3.384602842761259,1.988655767622566,2.6000096344600068
A808,2021-10-27,-29.25,-49.75,4,7.3,6.341600423270709,3.161923625014552,2.0056146749090193,2.3087211665229272
A808,2021-10-28,-29.25,-49.75,4,9.4,11.318527960179495,5.317109913934103,2.128699263958787,1.767877691481647
A808,2021-10-29,-29.25,-49.75,4,11.9,14.993975404477867,6.5097934043175965,2.3032951237028763,1.8280150015371255
A808,2021-10-30,-29.25,-49.75,4,13.5,16.72079444949833,7.572673603006322,2.2080437274967513,1.782725719835667
A808,2021-10-31,-29.25,-49.75,4,14.3,16.272143815606384,7.318066160627668,2.223557898827568,1.9540681494431167
A808,2021-11-01,-29.25,-49.75,4,11.9,13.634782872820153,6.7885567263011755,2.0084950929251826,1.7529499243772033
A808,2021-11-02,-29.25,-49.75,4,8.8,10.05814720035943,5.136145455424491,1.958306533109691,1.7133471153364561
A808,2021-11-03,-29.25,-49.75,4,10.2,11.053380840437285,4.934639313459044,2.239957196119603,2.0670203741497137
A808,2021-11-04,-29.25,-49.75,4,7.5,8.641911711965879,4.2702815857678855,2.0237334560718163,1.756324459959786
A808,2021-11-05,-29.25,-49.75,4,8.0,11.037474193458136,5.669079133564503,1.9469606850448369,1.4111639318341815
A808,2021-11-06,-29.25,-49.75,4,9.8,8.43238906550177,4.943015324405351,1.7059200734960684,1.9825955124221566
A808,2021-11-07,-29.25,-49.75,4,10.7,9.499034231362668,5.183079444156884,1.832700874780407,2.064409800251583
A808,2021-11-08,-29.25,-49.75,4,4.9,5.862738828201899,2.756505006035884,2.1268739999979447,1.7776133144218975
A808,2021-11-09,-29.25,-49.75,4,7.1,8.976222090217608,4.748593636988643,1.8902906368526298,1.4951795295127674
A808,2021-11-10,-29.25,-49.75,4,7.8,7.865601780440508,4.4796534331330395,1.7558505134044171,1.7412061259713862
A808,2021-11-11,-29.25,-49.75,4,9.6,8.07133662971867,4.458591422066725,1.810288466839893,2.1531463844134966
A808,2021-11-12,-29.25,-49.75,4,10.1,9.076097754506037,4.417746852329669,2.054463068593398,2.2862333079754973
A808,2021-11-13,-29.25,-49.75,4,13.1,15.665055379111173,7.242962537686358,2.1627966867981496,1.8086521822856996
A808,2021-11-14,-29.25,-49.75,4,12.5,14.942968759171718,6.388851113875125,2.3389132870413905,1.9565333073504962
A808,2021-11-15,-29.25,-49.75,4,15.2,14.357055582108908,7.243451634921992,1.982073782737907,2.0984470893293534
A808,2021-11-16,-29.25,-49.75,4,11.2,10.864351729319194,5.114969925204892,2.1240304221112303,2.1896511932181806
A808,2021-11-17,-29.25,-49.75,4,13.9,11.584933752688562,5.796642786738415,1.9985591969187102,2.39793972328267
A808,2021-11-18,-29.25,-49.75,4,9.1,8.766199315206162,3.7051091030728136,2.36597602697744,2.4560680257574496
A808,2021-11-19,-29.25,-49.75,4,6.8,6.998053495017003,3.370907488420177,2.0760146990259702,2.0172609374061805
A808,2021-11-20,-29.25,-49.75,4,8.5,8.32107311686684,4.240048314428904,1.9624948820866475,2.004694137817831
A808,2021-11-21,-29.25,-49.75,4,9.7,9.927135168008345,3.9888405898313226,2.4887269732752437,2.431784319666228
A808,2021-11-22,-29.25,-49.75,4,8.3,10.500996782161247,4.389004941286533,2.3925689131448387,1.89108923572254
A808,2021-11-23,-29.25,-49.75,4,16.3,21.07502500909628,8.625941633702567,2.44321442273081,1.889648770206604
A808,2021-11-24,-29.25,-49.75,4,10.4,11.13706747672412,5.6733754707281205,1.963040791885891,1.8331238702001977
A808,2021-11-25,-29.25,-49.75,4,10.3,12.225186261798259,5.876320768617951,2.0804150663602208,1.7527974400251218
A808,2021-11-26,-29.25,-49.75,4,9.4,9.806800943531762,4.585094729986136,2.1388436926714083,2.0501212196391028
A808,2021-11-27,-29.25,-49.75,4,11.7,20.051383334495767,7.082149233469132,2.8312568223973673,1.65204087266442
A808,2021-11-28,-29.25,-49.75,4,8.0,7.532844614061133,3.9237416878783415,1.9198115506258817,2.0388702000222105
A808,2021-11-29,-29.25,-49.75,4,12.3,6.366421040782475,3.530512446837735,1.8032569312947335,3.4839135069519607
A808,2021-11-30,-29.25,-49.75,4,13.5,14.827077563881257,6.399021056752908,2.3170852904498873,2.109697699111867
A808,2021-12-01,-29.25,-49.75,4,10.5,11.337802005821567,6.213813494115056,1.824612537302465,1.6897835781431616
A808,2021-12-02,-29.25,-49.75,4,7.3,5.621292908392725,3.1211031271244,1.801059650845902,2.3389166274444086
A808,2021-12-03,-29.25,-49.75,4,9.9,9.006843129763762,5.327644814574361,1.6905862615173872,1.8582319851573919
A808,2021-12-04,-29.25,-49.75,4,12.1,16.318645564302933,6.767395739450945,2.4113626855264862,1.787984693943981
A808,2021-12-05,-29.25,-49.75,4,10.8,11.236369436667715,5.287509653126336,2.1250778105008297,2.042549462508178
A808,2021-12-06,-29.25,-49.75,4,10.7,10.043011240621361,4.438877282371603,2.2625115770841004,2.410519444295879
A808,2021-12-07,-29.25,-49.75,4,9.9,9.675116728907792,4.263365892081793,2.2693611043042456,2.322108927687145
A808,2021-12-08,-29.25,-49.75,4,9.6,5.505439759328469,3.918877633864029,1.4048511522162748,2.449680979330391
A808,2021-12-09,-29.25,-49.75,4,6.2,8.505561994506483,3.8771356411462294,2.1937746784613172,1.5991186726103406
A808,2021-12-10,-29.25,-49.75,4,6.8,10.41230568829629,4.605568110654619,2.2608080997018023,1.4764736589756942
A808,2021-12-11,-29.25,-49.75,4,6.1,6.635041390366163,3.874544168930118,1.71247019031875,1.5743787485804812
A808,2021-12-12,-29.25,-49.75,4,6.4,8.390021179428869,2.9987982335354944,2.797794491674514,2.1341882652953914
A808,2021-12-13,-29.25,-49.75,4,9.7,7.8438949930076465,4.039148315769168,1.9419675584539526,2.401496365491309
A808,2021-12-14,-29.25,-49.75,4,9.6,12.816295573666665,5.914651207270882,2.16687258885386,1.6230881016616359
A808,2021-12-15,-29.25,-49.75,4,10.0,7.636748398746459,5.7669123054917995,1.3242352222824725,1.7340301829242408
A808,2021-12-16,-29.25,-49.75,4,8.6,7.10277308698363,4.617451244659148,1.5382453892066907,1.862499362596916
A808,2021-12-17,-29.25,-49.75,4,8.7,8.840742679935955,4.602503337768001,1.920855245750523,1.890275652514593
A808,2021-12-18,-29.25,-49.75,4,9.8,10.66287322369326,5.371189801354305,1.98519762250902,1.8245491897398607
A808,2021-12-19,-29.25,-49.75,4,11.0,14.175238979196937,7.1861876781909455,1.9725673213652304,1.5307142663951612
A808,2021-12-20,-29.25,-49.75,4,9.7,10.206578056106919,5.741282184956529,1.7777523778312943,1.6895180706177821
A808,2021-12-21,-29.25,-49.75,4,5.9,9.050357413289504,3.2350842400427666,2.7975646820157802,1.8237546728990293
A808,2021-12-22,-29.25,-49.75,4,12.0,12.61600309467589,6.6579362901852885,1.8948819190825856,1.8023602925864048
A808,2021-12-23,-29.25,-49.75,4,9.7,9.951203632562128,5.84709897651665,1.7019044268839207,1.6589423300268258
A808,2021-12-24,-29.25,-49.75,4,8.8,6.926641822193664,4.423170257461582,1.565990323458361,1.9895232350947853
A808,2021-12-25,-29.25,-49.75,4,11.0,9.901468213233418,5.1808017858244195,1.9111845275234363,2.123223480600614
A808,2021-12-26,-29.25,-49.75,4,7.4,9.090773013967375,4.820090647010573,1.8860170232701923,1.5352408371385071
A808,2021-12-27,-29.25,-49.75,4,6.0,7.213667738394975,3.2093732612226398,2.2476873679837612,1.8695238950530315
A808,2021-12-28,-29.25,-49.75,4,6.4,4.892401028376582,3.4211022530078408,1.4300657117381312,1.87074209616889
A808,2021-12-29,-29.25,-49.75,4,10.8,12.275231540023066,5.46519965757711,2.246071929504777,1.9761400637992372
A808,2021-12-30,-29.25,-49.75,4,11.8,16.565931725700437,7.1428006493547445,2.319248784746211,1.6520130659205743
A808,2021-12-31,-29.25,-49.75,4,9.0,13.47698392989158,4.892491732598871,2.754625795296472,1.8395534406389764
A808,2022-01-01,-29.25,-49.75,4,8.0,12.622484951092568,4.4952492142908245,2.807961105018269,1.7796566149363287
A808,2022-01-02,-29.25,-49.75,4,10.1,8.074517913351306,4.869787056529423,1.65808439252492,2.0740126586146914
A808,2022-01-03,-29.25,-49.75,4,6.5,6.377131271260564,3.256649983214629,1.9581874945509854,1.9959160589876688
A808,2022-01-04,-29.25,-49.75,4,9.5,7.115149885558585,3.7410747623840526,1.901899945197662,2.5393772120036413
A808,2022-01-05,-29.25,-49.75,4,11.3,16.473143540167705,7.882164234685723,2.089926452899458,1.4336164108677132
A808,2022-01-06,-29.25,-49.75,4,12.1,13.01264237858106,7.5601286039798445,1.7212197120206225,1.6005018742181516
A808,2022-01-07,-29.25,-49.75,4,8.0,5.783012296145902,4.587432862241697,1.260620584498314,1.7438947315930233
A808,2022-01-08,-29.25,-49.75,4,9.8,8.726053508169505,4.568770752781716,1.9099346367634247,2.144997096655206
A808,2022-01-09,-29.25,-49.75,4,9.3,12.081640491963556,5.127142076938663,2.356408367598293,1.8138760074214457
A808,2022-01-10,-29.25,-49.75,4,9.3,9.178024365090561,4.646636055571778,1.975197595706941,2.001447905275124
A808,2022-01-11,-29.25,-49.75,4,7.5,10.262527454038391,4.592451731613024,2.234651130548485,1.6331146059461679
A808,2022-01-12,-29.25,-49.75,4,6.1,7.93002410425578,3.877632454538269,2.0450685301477476,1.5731248568596892
A808,2022-01-13,-29.25,-49.75,4,7.4,9.860543598234226,5.238574874607945,1.8822950581520876,1.412597925414556
A808,2022-01-14,-29.25,-49.75,4,8.9,8.189978482278159,4.634484561890043,1.7671821694316117,1.9203861575429193
A808,2022-01-15,-29.25,-49.75,4,7.9,6.695586822906532,3.039614089321847,2.2027752952021453,2.59901414056234
A808,2022-01-16,-29.25,-49.75,4,11.2,8.650850028456857,4.9570114798655105,1.745174499513478,2.259425874943479
A808,2022-01-17,-29.25,-49.75,4,9.9,9.77681824146992,4.055145290686152,2.410966202351687,2.4413428595858937
A808,2022-01-18,-29.25,-49.75,4,10.6,7.477100630102193,4.395981133680344,1.7008946132219442,2.411293333082531
A808,2022-01-19,-29.25,-49.75,4,6.9,5.339837188040492,3.987274253541276,1.3392199403635063,1.7305054935390518
A808,2022-01-20,-29.25,-49.75,4,7.7,6.84382548377389,3.953292732304878,1.7311709370390471,1.947743443605475
A808,2022-01-21,-29.25,-49.75,4,9.7,10.77621354940507,5.956393516126568,1.809184285797964,1.6285022092207049
A808,2022-01-22,-29.25,-49.75,4,10.9,11.41996695997205,4.494025329357814,2.541144324525634,2.4254424933465133
A808,2022-01-23,-29.25,-49.75,4,10.2,8.699286534265536,4.460870720794415,1.9501319537716444,2.2865491152775506
A808,2022-01-24,-29.25,-49.75,4,6.3,9.553999058170474,3.5787076818234027,2.6696785285638573,1.7604120146493942
A808,2022-01-25,-29.25,-49.75,4,7.9,10.549933568476733,4.808926761409472,2.1938228822982953,1.6427781898022815
A808,2022-01-26,-29.25,-49.75,4,10.1,12.615280229416157,4.478011158606226,2.817161409964562,2.2554655721634265
A808,2022-01-27,-29.25,-49.75,4,12.9,13.381311592830938,6.884169785066332,1.9437800069746543,1.8738643006719078
A808,2022-01-28,-29.25,-49.75,4,7.1,8.729846775049182,5.126391147898967,1.7029224893670236,1.3849899071610854
A808,2022-01-29,-29.25,-49.75,4,5.6,4.593260317944708,2.555308940183478,1.7975361983490339,2.1915158327579385
A808,2022-01-30,-29.25,-49.75,4,8.3,7.251105643748258,4.0289722818133065,1.7997407618016117,2.0600787048017235
A808,2022-01-31,-29.25,-49.75,4,8.3,9.191253624410415,3.6960277742494183,2.4867923581220803,2.245654120303668
A808,2022-02-01,-29.25,-49.75,4,8.8,7.5123728577692335,4.4012354803449325,1.706878191661873,1.9994385756679234
A808,2022-02-02,-29.25,-49.75,4,5.8,6.2010982201186815,4.630549744135718,1.3391710623499853,1.2525510620732048
A808,2022-02-03,-29.25,-49.75,4,10.5,9.99352469175725,5.385140822497231,1.8557592124625237,1.949809734990528
A808,2022-02-04,-29.25,-49.75,4,10.4,8.442206922816176,4.453398199286191,1.8956775354535618,2.3352953260876053
A808,2022-02-05,-29.25,-49.75,4,8.0,4.503834373743643,2.8886359437748004,1.559156107383383,2.76947325856016
A808,2022-02-06,-29.25,-49.75,4,14.5,9.745882803058555,5.202941309427495,1.873148710211175,2.7868851746850676
A808,2022-02-07,-29.25,-49.75,4,12.1,9.424560036848492,5.001323170644575,1.884413327290315,2.419359754838746
A808,2022-02-08,-29.25,-49.75,4,11.3,8.53605822840883,6.013478347122697,1.4194876468613422,1.8791121124443353
A808,2022-02-09,-29.25,-49.75,4,7.0,4.978280085880115,3.594244989644887,1.3850697713212843,1.9475578376452305
A808,2022-02-10,-29.25,-49.75,4,8.4,10.558500104642851,5.4300707313056975,1.9444498289443068,1.5469411754752895
A808,2022-02-11,-29.25,-49.75,4,9.9,12.860181770059949,5.422844260480647,2.3714827777333407,1.8256102378131962
A808,2022-02-12,-29.25,-49.75,4,9.9,11.274999115215358,6.004023360312087,1.8779072696061743,1.6488943173407977
A808,2022-02-13,-29.25,-49.75,4,9.9,8.187994815025407,5.293919751160651,1.5466790582215102,1.8700699038419504
A808,2022-02-14,-29.25,-49.75,4,10.7,9.075862994366137,4.8753449453316415,1.8615837640486703,2.194716501084856
A808,2022-02-15,-29.25,-49.75,4,6.4,8.482231604337684,3.9060122810092577,2.1715834447263944,1.6384997126394933
A808,2022-02-16,-29.25,-49.75,4,7.7,7.298666584825381,3.9578335573896193,1.844106498919879,1.9455087962512803
A808,2022-02-17,-29.25,-49.75,4,6.8,6.105918898652492,3.428356959446942,1.7810044201574304,1.9834574055255223
A808,2022-02-18,-29.25,-49.75,4,7.9,6.94476933200335,3.3123066560785612,2.09665651556105,2.3850448706198017
A808,2022-02-19,-29.25,-49.75,4,8.2,6.572529523090388,4.1042149052397425,1.6014096909738849,1.99794606016641
A808,2022-02-20,-29.25,-49.75,4,6.6,6.04129471825703,2.930799510359168,2.0613128591374275,2.2519452376976727
A808,2022-02-21,-29.25,-49.75,4,11.4,3.835447865029566,3.10490501227088,1.2352866995516807,3.671609905921797
A808,2022-02-22,-29.25,-49.75,4,9.4,6.1805364550864175,4.14015327147297,1.4928279340942192,2.270447344249093
A808,2022-02-23,-29.25,-49.75,4,7.0,9.490267088137905,4.7882796740107265,1.9819784419962112,1.46190291222833
A808,2022-02-24,-29.25,-49.75,4,8.4,7.63306305142843,5.001410723882861,1.5261820060045934,1.6795261304751699
A808,2022-02-25,-29.25,-49.75,4,8.2,7.053299865621864,3.9076035532105977,1.8050193090408757,2.0984728589630457
A808,2022-02-26,-29.25,-49.75,4,7.8,2.76068153028587,3.513341567740521,0.7857708899226962,2.2201086485924253
A808,2022-02-27,-29.25,-49.75,4,11.1,12.664551373060734,5.730331835357693,2.2100903991138936,1.9370605959518794
A808,2022-02-28,-29.25,-49.75,4,12.6,10.234982597176314,3.327593687469158,3.0757909644192933,3.7865199851316835
A808,2022-03-01,-29.25,-49.75,4,9.6,12.042531449455609,5.5019511777030035,2.1887746838355655,1.7448355483241276
A808,2022-03-02,-29.25,-49.75,4,7.8,9.92522034290684,3.814126826398124,2.6022260912282604,2.04502900795408
A808,2022-03-03,-29.25,-49.75,4,4.9,5.894447657872907,3.2622439127648484,1.8068690801471028,1.5020336096963103
A808,2022-03-04,-29.25,-49.75,4,8.2,10.336593625484044,4.6489374275109725,2.223431437109754,1.7638439165635866
A808,2022-03-05,-29.25,-49.75,4,8.8,9.680013427388982,3.665561323496222,2.640799750188372,2.4007237155172017
A808,2022-03-06,-29.25,-49.75,4,10.8,11.964039476417412,4.0276780677107284,2.9704557502575155,2.6814456911494315
A808,2022-03-07,-29.25,-49.75,4,14.8,10.060066735191866,4.017342885847033,2.50415934637622,3.6840270847031538
A808,2022-03-08,-29.25,-49.75,4,11.7,6.130167804594289,4.656988369899166,1.316337366057674,2.512353278703449
A808,2022-03-09,-29.25,-49.75,4,7.9,6.023518918171907,4.574111466820232,1.3168719131279183,1.7271113870541102
A808,2022-03-10,-29.25,-49.75,4,8.9,10.947977737354416,3.557845976180017,3.077136506372607,2.501513572983769
A808,2022-03-11,-29.25,-49.75,4,16.3,16.053079593299174,7.385123507097239,2.173704959419009,2.2071397972336415
A808,2022-03-12,-29.25,-49.75,4,8.4,13.555487526459915,6.660712732859089,2.035140692915196,1.2611262993764225
A808,2022-03-13,-29.25,-49.75,4,5.0,7.637749241618902,3.120631102503076,2.447501479906619,1.6022400071541527
A808,2022-03-14,-29.25,-49.75,4,5.8,8.268329273323875,4.270098904051367,1.9363320286279748,1.3582823560590362
A808,2022-03-15,-29.25,-49.75,4,8.7,8.981356972435437,3.799908591757674,2.3635718479957037,2.2895287583683044
A808,2022-03-16,-29.25,-49.75,4,10.5,10.60792352618084,5.028126260874238,2.1097170150091746,2.088253049988918
A808,2022-03-17,-29.25,-49.75,4,5.4,7.652715702779078,3.1293533864205467,2.4454622913433552,1.7255961002783042
A808,2022-03-18,-29.25,-49.75,4,6.4,6.842449232650818,2.7138555886558504,2.5213018928688924,2.358268445363324
A808,2022-03-19,-29.25,-49.75,4,14.0,15.022653471745961,7.5061917519574965,2.0013681995038684,1.8651268795989684
A808,2022-03-20,-29.25,-49.75,4,11.6,13.770066517262599,7.429439283216105,1.8534462685993875,1.561356053639961
A808,2022-03-21,-29.25,-49.75,4,9.5,7.361575310686703,5.181473002794223,1.4207495256111171,1.833455466211426
A808,2022-03-22,-29.25,-49.75,4,15.7,15.930254860156706,8.10336631486562,1.9658811216435652,1.937466404696325
A808,2022-03-23,-29.25,-49.75,4,10.6,14.013311388934275,6.484913237711548,2.1609096182571923,1.6345631177234714
A808,2022-03-24,-29.25,-49.75,4,10.8,12.49850389059363,7.024523251609781,1.7792672104444098,1.5374708877965504
A808,2022-03-25,-29.25,-49.75,4,10.6,10.733715893703609,4.2793321970400715,2.5082689072673316,2.4770220006130415
A808,2022-03-26,-29.25,-49.75,4,10.7,7.494628588208581,3.504231722260023,2.138736585426202,3.0534510409314852
A808,2022-03-27,-29.25,-49.75,4,6.9,7.956648540464264,3.849139021799421,2.067124231003908,1.792608674543104
A808,2022-03-28,-29.25,-49.75,4,5.7,5.5263539455135176,3.3354098353352515,1.6568740329801324,1.7089354176552272
A808,2022-03-29,-29.25,-49.75,4,10.3,9.293955722413022,4.783120768341567,1.9430736066560745,2.1534057990284197
A808,2022-03-30,-29.25,-49.75,4,16.9,18.712862176536053,7.638082085409058,2.449942533647684,2.2125973262691008
A808,2022-03-31,-29.25,-49.75,4,13.4,12.037522091242694,7.010996621470349,1.7169487793474616,1.9112831917453907
A808,2022-04-01,-29.25,-49.75,4,9.9,6.721556858835831,4.57611773102112,1.4688339011190552,2.1634058785001806
A808,2022-04-02,-29.25,-49.75,4,7.9,8.312873811418017,4.58638018035434,1.8125130243293026,1.7224913089062002
A808,2022-04-03,-29.25,-49.75,4,5.8,14.789434101930052,5.267964230688682,2.8074287247004763,1.1009945675431752
A808,2022-04-04,-29.25,-49.75,4,11.2,1.356436450855939,4.208730283820904,0.3222911328079916,2.661135127393352
A808,2022-04-05,-29.25,-49.75,4,8.6,7.59353349736717,5.120580470749908,1.4829438851207233,1.6794970900516932
A808,2022-04-06,-29.25,-49.75,4,6.7,5.450976787391367,4.406380336125037,1.237064522710935,1.5205223990927594
A808,2022-04-07,-29.25,-49.75,4,8.5,9.260430509223369,4.583217053277214,2.020508826349764,1.8545925059172363
A808,2022-04-08,-29.25,-49.75,4,13.1,5.216815145370074,5.578679386348255,0.9351344259245818,2.348226003461927
A808,2022-04-09,-29.25,-49.75,4,12.0,6.407575503576863,2.817480704558865,2.2742216098264647,4.259124110622383
A808,2022-04-10,-29.25,-49.75,4,12.3,7.082966154564306,5.162410383639653,1.372026946368143,2.382607945889055
A808,2022-04-11,-29.25,-49.75,4,9.0,18.18651658516299,6.292998743015374,2.8899603079292335,1.4301607814540147
A808,2022-04-12,-29.25,-49.75,4,6.4,7.291798350330397,3.03260910036848,2.4044636512646487,2.110393983590685
A808,2022-04-13,-29.25,-49.75,4,9.3,10.309383356639563,4.9323352902814,2.090162722099006,1.8855165864990124
A808,2022-04-14,-29.25,-49.75,4,13.3,17.65278804705062,8.204341405331894,2.1516398666172405,1.6210929485889636
A808,2022-04-15,-29.25,-49.75,4,12.9,12.881105410684977,7.686495657262882,1.6758098859411659,1.678268039846082
A808,2022-04-16,-29.25,-49.75,4,8.4,7.552217046435734,4.890942499185396,1.5441230494313893,1.7174603875222516
A808,2022-04-17,-29.25,-49.75,4,6.1,5.580340931396462,2.3838770200449177,2.3408677899379704,2.5588568322559953
A808,2022-04-18,-29.25,-49.75,4,8.2,6.492437941935063,3.6179913939396218,1.794486839523812,2.266450941186745
A808,2022-04-19,-29.25,-49.75,4,6.9,9.80819373745306,3.1425830420274243,3.1210611163755737,2.195646036309193
A808,2022-04-20,-29.25,-49.75,4,6.6,6.896403033561578,3.1259777871787624,2.2061586815642973,2.111339379016058
A808,2022-04-21,-29.25,-49.75,4,6.9,6.436144114511345,2.9075499400966827,2.2135970996588723,2.373132067258855
A808,2022-04-22,-29.25,-49.75,4,7.0,8.699813272441386,3.9042993851926022,2.2282648982903797,1.7928952955165565
A808,2022-04-23,-29.25,-49.75,4,14.2,12.022115697749177,6.084839464183346,1.9757490347138815,2.3336687982623383
A808,2022-04-24,-29.25,-49.75,4,10.9,8.588887840482775,5.042844936867065,1.7031830143519613,2.161478319571684
A808,2022-04-25,-29.25,-49.75,4,9.5,7.722115718969887,5.395150720443734,1.4313067639998698,1.7608405199880413
A808,2022-04-26,-29.25,-49.75,4,14.6,8.29540464278063,3.902049252623643,2.125909773487098,3.741623709691341
A808,2022-04-27,-29.25,-49.75,4,10.0,11.11328394843559,4.779852518583559,2.325026536954503,2.092114759005861
A808,2022-04-28,-29.25,-49.75,4,20.9,14.166383850575569,7.845676759255807,1.805629302005466,2.663887468387424
A808,2022-04-29,-29.25,-49.75,4,10.8,8.814890121488308,5.793996920891053,1.5213832940961718,1.8639982291083232
A808,2022-04-30,-29.25,-49.75,4,7.7,6.84601448591237,3.283367130795892,2.0850590912301934,2.3451535248004727
A808,2022-05-01,-29.25,-49.75,4,7.4,11.577760147109737,4.215867522566065,2.74623433614506,1.7552733714687159
A808,2022-05-02,-29.25,-49.75,4,9.0,8.40868635431522,4.854156028134589,1.7322653630370854,1.8540813166771288
A808,2022-05-03,-29.25,-49.75,4,8.3,15.143430663245484,6.695926903977332,2.261588407461616,1.239559529102664
A808,2022-05-04,-29.25,-49.75,4,12.4,12.67136655454595,6.9934333848092045,1.8118949387678553,1.7730918874461115
A808,2022-05-05,-29.25,-49.75,4,11.8,9.339404474531142,6.818878864342569,1.369639299998268,1.7304897527517054
A808,2022-05-06,-29.25,-49.75,4,4.8,6.697056920928079,3.659632274976582,1.829980833517196,1.3116071887388507
A808,2022-05-07,-29.25,-49.75,4,6.3,4.266730631673268,2.770137041085055,1.5402597663550976,2.2742557160754426
A808,2022-05-08,-29.25,-49.75,4,9.8,6.538812831414932,4.437263205547103,1.4736139211306294,2.208568558148375
A808,2022-05-09,-29.25,-49.75,4,8.6,9.858003540798517,4.262062531163264,2.312965487652742,2.017802398983753
A808,2022-05-10,-29.25,-49.75,4,6.1,10.201416321808829,3.28659580598147,3.1039461266404182,1.8560237887781177
A808,2022-05-11,-29.25,-49.75,4,12.7,13.14427464138263,6.7210829332350945,1.9556780911578227,1.889576445664693
A808,2022-05-12,-29.25,-49.75,4,11.0,12.275070356388706,5.904450060183498,2.078952354795126,1.8630016153711262
A808,2022-05-13,-29.25,-49.75,4,7.0,5.813587814116514,3.3408020164548526,1.7401772943988159,2.0953052487163446
A808,2022-05-14,-29.25,-49.75,4,7.4,6.980668554625939,4.751632139864138,1.469109634153105,1.5573596150083255
A808,2022-05-15,-29.25,-49.75,4,13.8,17.52389240974343,7.71381287793193,2.271754926785517,1.7889985430525215
A808,2022-05-16,-29.25,-49.75,4,12.7,17.27402248494916,7.7747537557180815,2.2218095939366145,1.6334922492766484
A808,2022-05-17,-29.25,-49.75,4,13.7,16.409207085752353,8.649475971779712,1.8971330909860893,1.5839109842837213
A808,2022-05-18,-29.25,-49.75,4,19.0,32.457857307982174,13.689214972404425,2.371053224995937,1.38795395048594
A808,2022-05-19,-29.25,-49.75,4,15.1,18.144518659325666,9.702410941047672,1.8701041184065132,1.556314208061104
A808,2022-05-20,-29.25,-49.75,4,6.6,8.526909674045617,5.024650173204935,1.6970155891682293,1.3135242797988143
A808,2022-05-21,-29.25,-49.75,4,6.4,5.2699002170684945,2.9692951497508577,1.7747983785009287,2.1553936800580433
A808,2022-05-22,-29.25,-49.75,4,4.9,5.163612961761659,2.1873671423744354,2.36065215652661,2.240136054471835
A808,2022-05-23,-29.25,-49.75,4,5.9,5.890243894048664,2.8615198164335625,2.0584319773783477,2.0618413914579943
A808,2022-05-24,-29.25,-49.75,4,6.2,6.555171186884165,3.3383156091961554,1.9636163725282425,1.8572240392492187
A808,2022-05-25,-29.25,-49.75,4,11.6,5.194499265522496,4.396588018523687,1.18148419720862,2.6384095919669814
A808,2022-05-26,-29.25,-49.75,4,11.6,5.34844104642461,4.1658728616052825,1.2838704454277645,2.784530489855142
A808,2022-05-27,-29.25,-49.75,4,8.1,2.973676737524793,3.0696288616336487,0.9687414575396616,2.638755486449655
A808,2022-05-28,-29.25,-49.75,4,7.1,5.661067476709183,3.4212105237678587,1.6546972007073444,2.075288834368662
A808,2022-05-29,-29.25,-49.75,4,11.3,11.670344236988496,4.866318480770064,2.3981875175464755,2.322083941824508
A808,2022-05-30,-29.25,-49.75,4,12.1,16.075106499371326,5.713658106778276,2.8134526425900366,2.1177325933530087
A808,2022-05-31,-29.25,-49.75,4,11.0,10.064056940406962,5.4871059634373305,1.8341284107629037,2.0046997585425133
A808,2022-06-01,-29.25,-49.75,4,5.9,6.309637750370598,3.586933303275615,1.7590619107995649,1.6448591320647292
A808,2022-06-02,-29.25,-49.75,4,10.2,12.502778899702061,5.268427107510737,2.373152108696339,1.936061710991265
A808,2022-06-03,-29.25,-49.75,4,9.6,13.192197828566549,5.5619949512908775,2.371846422748871,1.7259994092177207
A808,2022-06-04,-29.25,-49.75,4,7.8,11.038866418873628,5.40570830449786,2.0420758570507136,1.4429191441036415
A808,2022-06-05,-29.25,-49.75,4,5.4,7.639123201012797,3.2370315147739084,2.3599162276139762,1.6681950655575144
A808,2022-06-06,-29.25,-49.75,4,7.7,5.2521572624654045,3.4700478660803595,1.5135691106180766,2.2189895635928623
A808,2022-06-07,-29.25,-49.75,4,6.2,3.8082905806606373,3.574673447192611,1.0653534195274532,1.7344241625397148
A808,2022-06-08,-29.25,-49.75,4,4.9,5.211748898745786,2.8662765901981264,1.8182993632116757,1.70953494744947
A808,2022-06-09,-29.25,-49.75,4,5.0,8.087635415790706,4.723609563772471,1.7121727159286177,1.0585125490360792
A808,2022-06-10,-29.25,-49.75,4,18.6,16.32582212211542,8.179342391333662,1.9959822368376796,2.2740214445243714
A808,2022-06-11,-29.25,-49.75,4,13.8,15.635898289292829,6.590876040425853,2.372355085027901,2.0938036029438583
A808,2022-06-12,-29.25,-49.75,4,11.7,13.93039379153709,7.321913138288148,1.902562011927117,1.5979430210415526
A808,2022-06-13,-29.25,-49.75,4,7.9,12.108195392090678,5.111991416975299,2.3685868000253696,1.5453860062766558
A808,2022-06-14,-29.25,-49.75,4,6.8,5.42339790755316,4.15465695498538,1.305378029116304,1.636717561443994
A808,2022-06-15,-29.25,-49.75,4,5.1,5.592858784244111,2.7077171275078697,2.06552550391099,1.8835054622910115
A808,2022-06-16,-29.25,-49.75,4,4.5,5.754614726800795,2.6244511185236736,2.1926926686437676,1.7146442424621626
A808,2022-06-17,-29.25,-49.75,4,12.0,14.280680069771705,7.128197128760702,2.003407006261417,1.683455126624185
A808,2022-06-18,-29.25,-49.75,4,9.7,14.401476653920325,6.721272369299659,2.1426711882263634,1.4431791284498587
A808,2022-06-19,-29.25,-49.75,4,8.5,3.4031108566676314,4.140327943917775,0.8219423443659504,2.0529774730735206
A808,2022-06-20,-29.25,-49.75,4,4.2,4.565135067035905,2.766385018156593,1.6502168125816146,1.5182268456610968
A808,2022-06-21,-29.25,-49.75,4,7.4,7.440597654220329,3.728413103632717,1.9956473296831585,1.9847586075668318
A808,2022-06-22,-29.25,-49.75,4,9.3,5.80440784230176,2.627759692655757,2.2088807658190044,3.5391364080940426
A808,2022-06-23,-29.25,-49.75,4,7.8,5.964380985297574,3.816258525630991,1.5628870385062308,2.0438866883920883
A808,2022-06-24,-29.25,-49.75,4,5.9,8.081489328603501,3.6801324097857706,2.1959778694685457,1.6032031848396058
A808,2022-06-25,-29.25,-49.75,4,12.9,11.424794869539504,5.962922400438459,1.9159724212911824,2.1633687533903596
A808,2022-06-26,-29.25,-49.75,4,8.2,6.787484889266556,4.546698085491931,1.4928382667247593,1.8035065988140706
A808,2022-06-27,-29.25,-49.75,4,7.0,4.220394495939694,3.0078102360289587,1.4031452002476201,2.327274479004933
A808,2022-06-28,-29.25,-49.75,4,5.6,7.202580699446712,2.8425225636052653,2.533869314413266,1.9700811074292175
A808,2022-06-29,-29.25,-49.75,4,15.5,22.344883952202863,8.379881563101533,2.6664916185202805,1.849668146653757
A808,2022-06-30,-29.25,-49.75,4,5.3,6.919033164710771,3.040553268702215,2.2755836037906314,1.7431038142154218
A808,2022-07-01,-29.25,-49.75,4,8.5,9.779939759749988,5.5662393077486545,1.7570102934912486,1.5270633420606465
A808,2022-07-02,-29.25,-49.75,4,10.6,6.640145828109471,5.141257165064175,1.2915412738406729,2.0617525363308076
A808,2022-07-03,-29.25,-49.75,4,10.6,6.239154349286682,4.086042215841904,1.5269431933661857,2.5941973773308002
A808,2022-07-04,-29.25,-49.75,4,6.4,6.192075747712579,3.341114587236937,1.8532964332819706,1.9155284360638245
A808,2022-07-05,-29.25,-49.75,4,6.0,6.296799231008133,2.6646306896408563,2.3631039211129203,2.251719168185626
A808,2022-07-06,-29.25,-49.75,4,8.8,7.399864673164449,3.9631749776892673,1.8671556806908753,2.2204419561436697
A808,2022-07-07,-29.25,-49.75,4,11.1,8.058093933033982,4.33869074117763,1.8572639567407405,2.558375478264021
A808,2022-07-08,-29.25,-49.75,4,8.5,5.197025585351738,3.4741106175246617,1.495929795423345,2.446669359669478
A808,2022-07-09,-29.25,-49.75,4,8.9,8.02940635411022,4.757862039545571,1.6876080658440273,1.870588076330614
A808,2022-07-10,-29.25,-49.75,4,7.6,7.6652735980872535,3.987575568548177,1.9222892372364688,1.90591999307666
A808,2022-07-11,-29.25,-49.75,4,10.7,12.409332297003514,5.129111668323767,2.419392109093811,2.0861312234788683
A808,2022-07-12,-29.25,-49.75,4,18.7,23.80650636563862,9.590452014452131,2.4823132767635876,1.9498559579694914
A808,2022-07-13,-29.25,-49.75,4,10.1,11.717166580841733,5.104239400621954,2.295575434689445,1.9787473132175795
A808,2022-07-14,-29.25,-49.75,4,6.2,11.10264118571688,5.81139310871502,1.9104956381399965,1.0668698337929003
A808,2022-07-15,-29.25,-49.75,4,6.0,9.507660223672787,5.14593208473886,1.8476070160096705,1.1659695272298725
A808,2022-07-16,-29.25,-49.75,4,10.5,9.831648865488555,4.906685677914619,2.003725021503127,2.139937360826134
A808,2022-07-17,-29.25,-49.75,4,15.9,10.761455494114632,6.306842767636681,1.7063142194279242,2.521071253209329
A808,2022-07-18,-29.25,-49.75,4,8.9,10.934988890384364,4.427102305737448,2.470010434638659,2.010344325782974
A808,2022-07-19,-29.25,-49.75,4,9.6,7.096391099478284,4.835437526282352,1.4675799368530422,1.9853425771340294
A808,2022-07-20,-29.25,-49.75,4,9.4,8.721128573563998,4.7269039070158945,1.8449980674706938,1.9886166896788562
A808,2022-07-21,-29.25,-49.75,4,8.4,8.111938847523465,3.4854160026585097,2.3273947331784965,2.41004230014233
A808,2022-07-22,-29.25,-49.75,4,7.0,6.010703721956599,2.7620629036905617,2.1761646752958916,2.5343376469257346
A808,2022-07-23,-29.25,-49.75,4,8.4,5.818690120919585,3.26849991644521,1.7802326050685469,2.569986297914843
A808,2022-07-24,-29.25,-49.75,4,6.5,8.27967858252747,3.1531827117045985,2.6258163067409144,2.0614092471939647
A808,2022-07-25,-29.25,-49.75,4,4.8,5.658590583514694,2.6441112215825884,2.1400728295112486,1.8153548008192486
A808,2022-07-26,-29.25,-49.75,4,7.2,3.2312718956458744,4.379365418434456,0.7378402090047548,1.644073812541971
A808,2022-07-27,-29.25,-49.75,4,6.7,5.553422355674926,3.3413133578327137,1.6620477521680455,2.0051995375692155
A808,2022-07-28,-29.25,-49.75,4,16.4,9.064534345421531,3.445516664728146,2.6308200561661574,4.75980864289158
A808,2022-07-29,-29.25,-49.75,4,16.1,24.858612619374775,9.65551764662008,2.5745499650219736,1.6674403785731589
A808,2022-07-30,-29.25,-49.75,4,6.8,10.354509313507156,6.4618483021092255,1.6024067463990634,1.0523304915375988
A808,2022-07-31,-29.25,-49.75,4,9.4,6.435948389832298,4.376850476166672,1.4704519665174904,2.1476630401668864
A808,2022-08-01,-29.25,-49.75,4,6.2,5.490844220108052,3.2074052179389745,1.7119271956651543,1.933026723696614
A808,2022-08-02,-29.25,-49.75,4,4.5,5.651810633408129,2.6577242018489162,2.12656024634772,1.6931779440731494
A808,2022-08-03,-29.25,-49.75,4,7.2,12.230658784852292,5.342230373869088,2.2894293074063534,1.3477516872387196
A808,2022-08-04,-29.25,-49.75,4,16.1,12.648423313315968,5.055854756302446,2.5017378708415032,3.184426922061067
A808,2022-08-05,-29.25,-49.75,4,14.1,18.467491639544036,7.4019542607035245,2.4949480892616025,1.9049023411095565
A808,2022-08-06,-29.25,-49.75,4,9.5,7.892739386485163,5.536943139355263,1.4254687447276575,1.7157481593907438
A808,2022-08-07,-29.25,-49.75,4,5.9,7.448797677367809,3.662183514162452,2.033977174699658,1.6110607175155014
A808,2022-08-08,-29.25,-49.75,4,8.7,10.184321314023933,5.34539651350744,1.9052508618002182,1.6275686898092054
A808,2022-08-09,-29.25,-49.75,4,12.5,13.733711531819955,8.274503005137953,1.659762710013178,1.5106647483526534
A808,2022-08-10,-29.25,-49.75,4,11.5,17.064252357969696,7.974769100242845,2.139780116950353,1.4420480211332771
A808,2022-08-11,-29.25,-49.75,4,10.5,10.129714053524348,5.640314760189448,1.7959483617868355,1.861598234572165
A808,2022-08-12,-29.25,-49.75,4,11.2,9.264504271948564,6.528127296414766,1.4191672207489903,1.7156528191708234
A808,2022-08-13,-29.25,-49.75,4,10.2,7.896038167550355,4.5156078760068254,1.748610239056643,2.258832095274825
A808,2022-08-14,-29.25,-49.75,4,6.8,8.550309400804569,4.0418069427044925,2.115467047786133,1.6824158344015112
A808,2022-08-15,-29.25,-49.75,4,11.4,13.182480483512808,5.0754121322021275,2.5973221760403473,2.246123014852343
A808,2022-08-16,-29.25,-49.75,4,16.0,13.135778632859036,5.75645367040352,2.2819220626052976,2.779489059777045
A808,2022-08-17,-29.25,-49.75,4,7.2,9.92420976338757,4.268196258090517,2.325153100581043,1.6868952514430764
A808,2022-08-18,-29.25,-49.75,4,18.6,24.596456203903337,9.166011574271002,2.6834415388417794,2.02923592767548
A808,2022-08-19,-29.25,-49.75,4,12.5,13.90254144007947,7.315296476024865,1.9004754606520222,1.7087482429410032
A808,2022-08-20,-29.25,-49.75,4,6.0,8.240689229837393,4.439779406011361,1.8561033051956786,1.3514184943234195
A808,2022-08-21,-29.25,-49.75,4,4.9,5.75752498533289,3.2577554523524017,1.767328784969241,1.5041030770009902
A808,2022-08-22,-29.25,-49.75,4,8.0,4.315042190365597,3.0086747582755162,1.4342002831967295,2.6589780028551058
A808,2022-08-23,-29.25,-49.75,4,10.9,14.811908943969213,6.282716528374282,2.357564419320053,1.7349183192927675
A808,2022-08-24,-29.25,-49.75,4,6.8,7.940920093919555,4.0515824682757,1.9599551918534948,1.6783565565417184
A808,2022-08-25,-29.25,-49.75,4,5.7,6.643298005359371,3.3425413795953833,1.9874991064923022,1.7052892852114785
A808,2022-08-26,-29.25,-49.75,4,6.4,4.820819374837218,2.4441040038948185,1.9724280829109435,2.6185465061229953
A808,2022-08-27,-29.25,-49.75,4,10.0,6.410566111721513,3.7490220255574584,1.709930234610531,2.6673622965746797
A808,2022-08-28,-29.25,-49.75,4,16.5,22.388759105732554,9.032184924219317,2.47877554474093,1.8268005071238234
A808,2022-08-29,-29.25,-49.75,4,11.9,16.902303146464767,7.518327061557113,2.248146829484184,1.5827989262195523
A808,2022-08-30,-29.25,-49.75,4,9.9,7.253957664761733,4.498664973435543,1.6124689674817076,2.2006528733433472
A808,2022-08-31,-29.25,-49.75,4,11.4,12.995198052441976,6.138859262960742,2.116875057040232,1.857022536545631
A808,2022-09-01,-29.25,-49.75,4,8.5,13.267205160577358,4.934872915849884,2.688459335592126,1.7224354395631136
A808,2022-09-02,-29.25,-49.75,4,16.8,15.642589918134698,6.011574687701035,2.602078611804919,2.7946088791628583
A808,2022-09-03,-29.25,-49.75,4,14.7,14.72600166718686,7.355942076114882,2.0019191987662515,1.998384414653243
A808,2022-09-04,-29.25,-49.75,4,7.7,7.733437487823551,5.740918044504383,1.3470733126431842,1.3412488978780999
A808,2022-09-05,-29.25,-49.75,4,7.2,6.676880158791534,5.22440030546426,1.278018484113499,1.378148606351898
A808,2022-09-06,-29.25,-49.75,4,9.9,13.882705676161278,7.644741316207046,1.8159810910448453,1.2950078479453253
A808,2022-09-07,-29.25,-49.75,4,7.8,15.753652248506578,6.560293804394876,2.4013638288506045,1.1889711394899143
A808,2022-09-08,-29.25,-49.75,4,6.6,6.800040788095793,3.54814510734977,1.9165058311763847,1.8601268551076153
A808,2022-09-09,-29.25,-49.75,4,13.7,9.896704982030563,5.695838375801387,1.7375326210231743,2.4052648786882846
A808,2022-09-10,-29.25,-49.75,4,17.8,12.987585591241803,8.880113379334597,1.462547271239344,2.004478911431848
A808,2022-09-11,-29.25,-49.75,4,10.8,11.011081190094936,4.897352647677597,2.2483741691169756,2.2052730887414316
A808,2022-09-12,-29.25,-49.75,4,6.9,9.419937732859868,5.450815579400202,1.7281703252738596,1.265865612125381
A808,2022-09-13,-29.25,-49.75,4,13.1,12.250301002941441,6.041943171377711,2.027543234927195,2.168176632653246
A808,2022-09-14,-29.25,-49.75,4,11.4,10.0412159600683,5.659565186227531,1.7742027222344663,2.014289017775029
A808,2022-09-15,-29.25,-49.75,4,8.4,6.0473643416318295,3.4680299038988562,1.7437463081945208,2.4221244432052
A808,2022-09-16,-29.25,-49.75,4,8.2,4.968034757765151,3.480987509532379,1.4271912048407598,2.355653382135104
A808,2022-09-17,-29.25,-49.75,4,11.0,11.956549583470165,5.670483807547232,2.108558985312044,1.9398697489197225
A808,2022-09-18,-29.25,-49.75,4,14.0,20.145881676806027,8.200436798784528,2.4566839756379877,1.7072261324024942
A808,2022-09-19,-29.25,-49.75,4,13.6,16.546077917287676,6.463139247366777,2.5600683017975987,2.1042405987989405
A808,2022-09-20,-29.25,-49.75,4,12.5,11.780711473118256,6.223547405986932,1.8929254819824204,2.0085008090362164
A808,2022-09-21,-29.25,-49.75,4,9.6,12.511244736066507,5.798641681745468,2.1576164596361913,1.6555601340606154
A808,2022-09-22,-29.25,-49.75,4,11.0,25.94024136845979,8.449147672539967,3.070160727899988,1.3019064675304937
A808,2022-09-23,-29.25,-49.75,4,13.6,21.42484898108953,9.16646451337847,2.3373077973323224,1.483669083118227
A808,2022-09-24,-29.25,-49.75,4,8.9,8.447279505622054,5.708287404769593,1.4798272943587039,1.5591366322171432
A808,2022-09-25,-29.25,-49.75,4,9.7,8.45249769900933,5.818488270547398,1.4526965263116576,1.6670996913580496
A808,2022-09-26,-29.25,-49.75,4,6.5,6.789507576844149,4.0886229416673014,1.660585403376779,1.589777314449388
A808,2022-09-27,-29.25,-49.75,4,8.7,9.767377142956546,4.628660159269315,2.1101953495973302,1.8795935974209415
A808,2022-09-28,-29.25,-49.75,4,9.3,7.813162221276705,3.9146241846372014,1.9958907554751162,2.3757069801227684
A808,2022-09-29,-29.25,-49.75,4,8.4,7.6908540675874,3.909059415120629,1.9674436356322482,2.148854521757323
A808,2022-09-30,-29.25,-49.75,4,10.7,10.72854151842004,5.816339300048453,1.8445522114452066,1.8396450839638712
A808,2022-10-01,-29.25,-49.75,4,8.9,8.596450290915037,4.306567329990803,1.996125831134607,2.0666111355140493
A808,2022-10-02,-29.25,-49.75,4,11.0,12.8964692195909,6.019059656770227,2.142605316278096,1.8275279906267785
A808,2022-10-03,-29.25,-49.75,4,12.5,10.013768316279819,6.250721723862263,1.60201793627319,1.9997690750303256
A808,2022-10-04,-29.25,-49.75,4,11.9,9.013648471270994,4.216739648962495,2.1375871459099334,2.8220855425418376
A808,2022-10-05,-29.25,-49.75,4,9.4,9.960333493800116,5.1877088198172325,1.9199869999933856,1.8119752527535211
A808,2022-10-06,-29.25,-49.75,4,11.6,13.276449153339756,7.688720068805731,1.726743727763515,1.5087036458854715
A808,2022-10-07,-29.25,-49.75,4,14.0,15.881546648911241,7.5592860877096015,2.100932080707004,1.8520267440019431
A808,2022-10-08,-29.25,-49.75,4,9.6,9.925147711753691,5.405108078397494,1.836253330700521,1.7760976951354888
A808,2022-10-09,-29.25,-49.75,4,17.4,14.892873430279028,7.871970818387381,1.8918862599810704,2.2103740475456295
A808,2022-10-10,-29.25,-49.75,4,8.2,12.421171259914496,4.515855228543706,2.7505689689525616,1.8158243754515517
A808,2022-10-11,-29.25,-49.75,4,11.8,7.140816262669137,3.2003447248151753,2.2312647157351244,3.6871028013025904
A808,2022-10-12,-29.25,-49.75,4,10.3,8.665315027441766,3.9347634588815223,2.202245476251558,2.617692297805325
A808,2022-10-13,-29.25,-49.75,4,7.4,11.111304671361955,4.517353954125698,2.4596931708691994,1.6381271149323116
A808,2022-10-14,-29.25,-49.75,4,12.5,9.875328240078833,6.414034598377103,1.5396437435148098,1.9488513521836606
A808,2022-10-15,-29.25,-49.75,4,11.5,12.809196514436412,6.540761544899698,1.9583646990501684,1.7582050531971125
A808,2022-10-16,-29.25,-49.75,4,12.2,14.684055771721397,5.93438053394578,2.474404141717205,2.055816934929213
A808,2022-10-17,-29.25,-49.75,4,8.4,11.240072436346054,4.310796423484831,2.607423624811218,1.9485958451291172
A808,2022-10-18,-29.25,-49.75,4,6.8,11.550161342553125,5.745798258838664,2.010192635076546,1.1834735042323623
A808,2022-10-19,-29.25,-49.75,4,4.7,5.834005420469869,3.620312191441121,1.6114647334177976,1.2982305810839736
A808,2022-10-20,-29.25,-49.75,4,8.4,6.847458096208441,4.3889039558484315,1.560174969671839,1.9139174801960714
A808,2022-10-21,-29.25,-49.75,4,9.0,10.217578761043487,3.992903458261908,2.5589345867859152,2.2539988993166533
A808,2022-10-22,-29.25,-49.75,4,8.3,10.536215233687502,5.689081116607793,1.85200650469366,1.4589350775418388
A808,2022-10-23,-29.25,-49.75,4,10.9,6.2287766399315,4.171852252673612,1.4930482343759102,2.612748328518711
A808,2022-10-24,-29.25,-49.75,4,9.2,6.562192979934603,5.188235414789647,1.2648217467596663,1.7732425891420363
A808,2022-10-25,-29.25,-49.75,4,10.5,10.823152861402036,5.4507595584246955,1.9856228742788276,1.926337033849016
A808,2022-10-26,-29.25,-49.75,4,11.2,11.850978958656219,6.212550849015812,1.9075866333606981,1.802802145558985
A808,2022-10-27,-29.25,-49.75,4,10.6,7.120288857326378,3.1214375904050367,2.2810928141614557,3.3958711949209746
A808,2022-10-28,-29.25,-49.75,4,6.4,10.021150468258023,4.801729836250541,2.086987566981298,1.3328529963688
A808,2022-10-29,-29.25,-49.75,4,10.7,8.752467509838807,4.0677588868271295,2.1516682166640835,2.6304410604695523
A808,2022-10-30,-29.25,-49.75,4,9.5,6.8022544649917505,3.0652827732081565,2.219127880940146,3.099224672853657
A808,2022-10-31,-29.25,-49.75,4,6.6,29.18550316079799,11.403163536944717,2.5594216084195303,0.578786753221322
A808,2022-11-24,-29.25,-49.75,4,6.5,7.133397091947849,4.3885090269430105,1.6254716688863458,1.4811408521877492
A808,2022-11-25,-29.25,-49.75,4,6.2,4.591114511962775,2.4444599204942934,1.8781713185276558,2.536347578464817
A808,2022-11-26,-29.25,-49.75,4,6.4,10.780408773594731,4.925723823520611,2.1885938310462447,1.2993014284397424
A808,2022-11-27,-29.25,-49.75,4,10.5,14.815347362687488,5.791650814855804,2.5580525892005714,1.8129546023505254
A808,2022-11-28,-29.25,-49.75,4,12.3,12.18585111401643,5.546428079905931,2.197062855311216,2.2176434676150367
A808,2022-11-29,-29.25,-49.75,4,10.5,10.451693600167138,5.125718934236039,2.0390688085445925,2.0484931254945935
A808,2022-11-30,-29.25,-49.75,4,10.6,11.283367218856135,5.589424483493933,2.0186992868723643,1.896438538762397
A808,2022-12-01,-29.25,-49.75,4,11.9,12.632677422884392,6.157194859932063,2.051693621894529,1.9326982937374995
A808,2022-12-02,-29.25,-49.75,4,9.5,9.384627225981529,4.642357395227441,2.0215219180732102,2.0463741136704474
A808,2022-12-03,-29.25,-49.75,4,5.9,5.401070419688486,3.215314591526305,1.6797953251363207,1.8349681911527291
A808,2022-12-04,-29.25,-49.75,4,6.4,6.86440668217238,3.6681434386433582,1.8713572129859624,1.744751836195098
A808,2022-12-05,-29.25,-49.75,4,9.3,10.029927689794535,5.291901893799262,1.8953351538030234,1.7574021942653908
A808,2022-12-06,-29.25,-49.75,4,6.3,7.451426649105272,3.8046041486004083,1.9585287609609565,1.6558884325239376
A808,2022-12-07,-29.25,-49.75,4,7.0,9.189104861157373,4.5820089033359155,2.0054751212873634,1.5277141855625105
A808,2022-12-08,-29.25,-49.75,4,9.1,7.382660240144346,4.901389563975509,1.5062382093449194,1.8566163495519024
A808,2022-12-09,-29.25,-49.75,4,8.7,7.938700632114632,4.29415392471946,1.8487228849471837,2.026010281074956
A808,2022-12-10,-29.25,-49.75,4,9.7,9.430398726188951,4.636802436300171,2.033815081781599,2.0919588732229637
A808,2022-12-11,-29.25,-49.75,4,7.6,7.787846445351953,4.4332693527455165,1.7566824448708382,1.7143104547196826
A808,2022-12-12,-29.25,-49.75,4,15.2,15.66070282374705,6.39042120285926,2.450652676343149,2.3785599598973346
A808,2022-12-13,-29.25,-49.75,4,13.4,16.95907659659169,8.462761319844477,2.003964894628903,1.583407530184989
A808,2022-12-14,-29.25,-49.75,4,7.9,7.794665450967466,5.195171492072921,1.5003673050756834,1.5206427760958912
A808,2022-12-15,-29.25,-49.75,4,9.4,7.35661399318924,4.526633705005462,1.6251842920390136,2.076598331693078
A808,2022-12-16,-29.25,-49.75,4,14.5,20.638372103337378,8.381062052302845,2.462500811298327,1.7300909967628588
A808,2022-12-17,-29.25,-49.75,4,10.5,11.293096060439384,4.709013579504285,2.3981871935115975,2.2297663454827683
A808,2022-12-18,-29.25,-49.75,4,11.8,13.687137481758052,7.358217214018362,1.860115987834971,1.6036493156955824
A808,2022-12-19,-29.25,-49.75,4,15.1,19.22131791307911,7.6278953323462355,2.519871743857148,1.9795761926580406
A808,2022-12-20,-29.25,-49.75,4,11.0,14.237622657568135,7.1070028458441294,2.003323055638522,1.547769184647552
A808,2022-12-21,-29.25,-49.75,4,7.9,9.901335414874552,4.117782586779909,2.4045308867599444,1.9185082829197573
A808,2022-12-22,-29.25,-49.75,4,7.7,10.609528322065339,5.723279060337191,1.8537499587588293,1.3453825890408966
A808,2022-12-23,-29.25,-49.75,4,9.5,15.583704788444257,6.827001513752167,2.282657292085372,1.3915333079776533
A808,2022-12-24,-29.25,-49.75,4,12.3,14.29735632978549,6.550095926791052,2.1827705257424967,1.8778350939397428
A808,2022-12-25,-29.25,-49.75,4,9.9,7.400176457874655,3.2974313103046944,2.244224598325553,3.002336991543034
A808,2022-12-26,-29.25,-49.75,4,11.2,10.617531631466354,5.0569860002735485,2.0995770268875606,2.214757960451968
A808,2022-12-27,-29.25,-49.75,4,7.0,6.939697040924947,3.615026602018206,1.9196807672315983,1.9363619609581912
A808,2022-12-28,-29.25,-49.75,4,15.7,20.883125920657456,8.32077540164379,2.5097571936062524,1.886843382036057
A808,2022-12-29,-29.25,-49.75,4,14.3,11.741838224323438,6.842159855990483,1.7161011247118354,2.089983324122425
A808,2022-12-30,-29.25,-49.75,4,8.4,10.62615517586345,5.103756721461916,2.082026192819728,1.6458464731825837
A808,2022-12-31,-29.25,-49.75,4,6.7,7.395708964153705,3.363457320869451,2.198841328613,1.9919979238113406
A814,2021-01-01,-28.5,-49.25,4,5.0,5.865275629722529,2.6985108349328457,2.1735230979231885,1.8528737907122128
A814,2021-01-02,-28.5,-49.25,4,8.6,6.904091168126311,3.316769968944264,2.0815706946128376,2.592884065076542
A814,2021-01-03,-28.5,-49.25,4,10.0,8.658137255005965,4.874395715924146,1.7762483309922348,2.0515363509226456
A814,2021-01-04,-28.5,-49.25,4,7.0,8.45793637721611,3.8313671931348487,2.2075504515388857,1.8270240483717657
A814,2021-01-05,-28.5,-49.25,4,5.6,6.8732900455330235,2.422484710541417,2.8372893400003614,2.311676096708333
A814,2021-01-06,-28.5,-49.25,4,8.8,8.917436049325127,3.168996620387381,2.813961994139032,2.7769041921301514
A814,2021-01-07,-28.5,-49.25,4,10.6,8.494955469408922,2.460612167745168,3.452374811749974,4.307871081412039
A814,2021-01-08,-28.5,-49.25,4,7.5,7.046937417540706,2.790601722054789,2.525239399749195,2.687592407302596
A814,2021-01-09,-28.5,-49.25,4,9.0,7.80261403782164,3.2662664893420734,2.3888479593694534,2.755439591156225
A814,2021-01-10,-28.5,-49.25,4,7.8,6.584743084805489,4.383617823336361,1.5021252650610535,1.7793521959137029
A814,2021-01-11,-28.5,-49.25,4,9.0,8.014218234194411,5.130157980781712,1.5621776686442779,1.754331939428621
A814,2021-01-12,-28.5,-49.25,4,12.6,7.936327642768095,4.364152970231605,1.8185264579181135,2.887158192195843
A814,2021-01-13,-28.5,-49.25,4,5.3,7.484387062446964,3.5836991777425955,2.0884529340326625,1.4789187755816373
A814,2021-01-14,-28.5,-49.25,4,5.9,4.845914954076922,2.682934712399061,1.80619935762199,2.1990844476138083
A814,2021-01-15,-28.5,-49.25,4,7.6,8.50576059736612,4.573882320766967,1.8596369562782804,1.6616081191012368
A814,2021-01-16,-28.5,-49.25,4,11.6,11.173461162250367,5.287417606888825,2.113217073622629,2.1938876144162873
A814,2021-01-17,-28.5,-49.25,4,5.4,12.158339079688174,3.175411727395272,3.828901611338893,1.7005668755999446
A814,2021-01-18,-28.5,-49.25,4,7.1,6.349436441001301,3.954669335073054,1.6055543214927244,1.7953460576417173
A814,2021-01-19,-28.5,-49.25,4,5.0,4.368930302997347,1.81224263308577,2.4107866260480884,2.7590124571158126
A814,2021-01-20,-28.5,-49.25,4,2.8,6.918931168766784,1.9821275756279104,3.490658852558955,1.412623503365064
A814,2021-01-21,-28.5,-49.25,4,2.6,3.1770728145265053,1.9361236105888486,1.6409452357022996,1.3428894652078756
A814,2021-01-22,-28.5,-49.25,4,4.4,5.112825089682119,1.3097988689451845,3.9035192432251917,3.359294395744467
A814,2021-01-23,-28.5,-49.25,4,4.3,9.311825178603373,4.425721076413595,2.1040244104468635,0.971593086359732
A814,2021-01-24,-28.5,-49.25,4,7.0,9.152690299824666,4.374745275248436,2.092165308825871,1.6000931619047187
A814,2021-01-25,-28.5,-49.25,4,6.6,9.213925484185985,3.4874027752361267,2.6420594574316483,1.8925258782456305
A814,2021-01-26,-28.5,-49.25,4,6.6,6.609076525766521,3.057071418424277,2.161897980510077,2.158928954104014
A814,2021-01-27,-28.5,-49.25,4,10.8,9.276260057605036,3.561613071330687,2.604510897681327,3.0323338845914876
A814,2021-01-28,-28.5,-49.25,4,6.9,5.443078114983761,2.789827774956389,1.9510444923679375,2.4732709531174777
A814,2021-01-29,-28.5,-49.25,4,6.7,6.536300541868083,2.440392442064503,2.6783809149722484,2.745460068025776
A814,2021-01-30,-28.5,-49.25,4,6.4,7.372915037855582,2.0994276682826887,3.511869043760176,3.048449868832651
A814,2021-01-31,-28.5,-49.25,4,7.0,8.613209351186853,2.727069921264144,3.158411628548991,2.5668575438487924
A814,2021-02-01,-28.5,-49.25,4,6.4,4.559728937075135,1.358855391061423,3.355565991104808,4.709846273635388
A814,2021-02-02,-28.5,-49.25,4,5.2,6.772608024518434,2.4394738855578053,2.776257644983899,2.1316071595539867
A814,2021-02-03,-28.5,-49.25,4,6.6,6.860685351208649,2.490504952531515,2.7547366827096615,2.6500649971771066
A814,2021-02-04,-28.5,-49.25,4,8.2,8.737106187664377,4.495833748497641,1.9433783979632318,1.8239108603026453
A814,2021-02-05,-28.5,-49.25,4,10.2,10.410435440688811,5.651650015410899,1.842017006060473,1.8047826691650537
A814,2021-02-06,-28.5,-49.25,4,8.5,8.103461069628336,4.593840397866569,1.7639840237792488,1.8503037249503693
A814,2021-02-07,-28.5,-49.25,4,9.2,7.183178142008924,4.056003759786978,1.7709988864473305,2.268242473346027
A814,2021-02-08,-28.5,-49.25,4,7.2,6.0534429413882584,2.791515462958872,2.1685149237797523,2.5792441759818683
A814,2021-02-09,-28.5,-49.25,4,7.1,6.428071263501425,3.2908872299872187,1.9532942985489026,2.1574728952433824
A814,2021-02-10,-28.5,-49.25,4,7.7,6.941308704518127,2.7805368337551473,2.496391567359246,2.769249414905632
A814,2021-02-11,-28.5,-49.25,4,7.8,8.007198366122386,3.1471499376102727,2.5442697440092408,2.478432916965748
A814,2021-02-12,-28.5,-49.25,4,5.5,8.59813000013035,2.768762964995719,3.1054048717180973,1.9864466801723866
A814,2021-02-13,-28.5,-49.25,4,6.2,7.276382631695556,2.202279392966895,3.3040233927325935,2.8152649567534684
A814,2021-02-14,-28.5,-49.25,4,8.5,7.978865242946389,2.17051292600933,3.6760275174293486,3.9161250311593223
A814,2021-02-15,-28.5,-49.25,4,8.8,6.837498012408509,2.6551309011464266,2.5752018514251893,3.3143375327372206
A814,2021-02-16,-28.5,-49.25,4,8.1,6.341438316359071,2.0685645502954966,3.0656226393579016,3.915758876774189
A814,2021-02-17,-28.5,-49.25,4,6.6,5.583066039052533,2.09878242381196,2.660145223110915,3.144680422858032
A814,2021-02-18,-28.5,-49.25,4,8.7,8.06193777216865,3.4124504095931965,2.3625069391498426,2.5494875985720595
A814,2021-02-19,-28.5,-49.25,4,7.1,5.751575487336062,2.5876394650201853,2.2227113031340306,2.7438134624154897
A814,2021-02-20,-28.5,-49.25,4,7.7,5.650858216543084,2.754559529251265,2.051456197092637,2.7953652546739436
A814,2021-02-21,-28.5,-49.25,4,7.9,6.3372247439704115,3.2157063889010207,1.9707100019589106,2.4566919502560225
A814,2021-02-22,-28.5,-49.25,4,6.1,6.772607722030077,3.556330365821832,1.9043809279133144,1.7152512203658423
A814,2021-02-23,-28.5,-49.25,4,6.6,6.934847765061765,3.16378434748206,2.1919470492927102,2.0861093156531663
A814,2021-02-24,-28.5,-49.25,4,9.0,5.057598308130398,2.5327932992542888,1.9968460551516258,3.5533890596796045
A814,2021-02-25,-28.5,-49.25,4,3.7,4.994127858961547,1.8465558313878208,2.7045636931584665,2.0037303704048752
A814,2021-02-26,-28.5,-49.25,4,4.7,5.569614036597958,3.125547918028756,1.78196405323731,1.5037363442388787
A814,2021-02-27,-28.5,-49.25,4,8.6,4.661464502570211,3.093860281377906,1.5066822928713977,2.7796988932447317
A814,2021-02-28,-28.5,-49.25,4,6.6,7.96548775292399,3.8907076614584324,2.0473107840587863,1.6963495009866634
A814,2021-03-01,-28.5,-49.25,4,4.7,6.457899170520378,1.9657705595506598,3.285174426458263,2.3909199256063416
A814,2021-03-02,-28.5,-49.25,4,11.9,5.431227814576962,2.203870042467054,2.464404756143036,5.399592430903463
A814,2021-03-03,-28.5,-49.25,4,4.6,4.148288639728095,1.5901400340694114,2.608756808110787,2.892826984695113
A814,2021-03-04,-28.5,-49.25,4,4.1,5.454842129348525,1.4622950140361917,3.7303294321521347,2.8038117894441
A814,2021-03-05,-28.5,-49.25,4,6.2,6.494277492049224,3.537425383755872,1.8358768843214173,1.7526871459878348
A814,2021-03-06,-28.5,-49.25,4,5.7,7.170931497826524,3.967866114407917,1.8072513767003873,1.4365404062658378
A814,2021-03-07,-28.5,-49.25,4,6.7,5.088680889961145,2.1181976674915357,2.402363560331642,3.163066461089271
A814,2021-03-08,-28.5,-49.25,4,6.5,4.911701663593746,1.9970272412237302,2.4595065916997574,3.2548379240019565
A814,2021-03-09,-28.5,-49.25,4,13.3,7.056420867666103,3.8560754539353908,1.8299488565413156,3.449102632684854
A814,2021-03-10,-28.5,-49.25,4,9.8,7.819881996721256,4.447896030767238,1.7581080903485888,2.2032889105794937
A814,2021-03-11,-28.5,-49.25,4,6.3,6.43370614246893,2.9598569123717113,2.173654447813712,2.128481270046212
A814,2021-03-12,-28.5,-49.25,4,7.4,7.236159390781004,3.1533386207638587,2.294761286698772,2.3467191094775095
A814,2021-03-13,-28.5,-49.25,4,5.1,7.23772090263904,3.219557459772456,2.248048370955482,1.5840686379178475
A814,2021-03-14,-28.5,-49.25,4,8.5,5.389097572692879,2.1295084539046023,2.5306767685338807,3.991531465589938
A814,2021-03-15,-28.5,-49.25,4,6.7,4.796134226579644,2.2193155865376966,2.1610870737234733,3.0189487428655952
A814,2021-03-16,-28.5,-49.25,4,5.8,6.921174022150418,3.390451667631604,2.0413722714959674,1.7106865304620558
A814,2021-03-17,-28.5,-49.25,4,4.3,7.207398709487462,3.0477906069455223,2.3647945803962807,1.4108580787016187
A814,2021-03-18,-28.5,-49.25,4,4.7,7.53472393490834,3.9733814119310753,1.8963001921445144,1.1828715929175764
A814,2021-03-19,-28.5,-49.25,4,6.1,5.0242739514259505,2.7984827119060673,1.7953564372759268,2.179752611673361
A814,2021-03-20,-28.5,-49.25,4,8.0,9.356166407271092,4.6968016367533,1.9920292852177197,1.703286751009153
A814,2021-03-21,-28.5,-49.25,4,6.0,7.646928318118763,3.049468090333058,2.50762693413971,1.9675562498982206
A814,2021-03-22,-28.5,-49.25,4,7.5,4.833801762140865,2.9659304090083043,1.629775852953039,2.5287174564920822
A814,2021-03-23,-28.5,-49.25,4,8.9,6.374175683735183,2.750625062900709,2.3173553421392916,3.235628192311454
A814,2021-03-24,-28.5,-49.25,4,5.4,6.932124072004445,3.893620332664906,1.7803800781109798,1.3868840664041027
A814,2021-03-25,-28.5,-49.25,4,6.7,6.1841833196165945,3.8369413034402204,1.6117482209258258,1.7461825631767542
A814,2021-03-26,-28.5,-49.25,4,8.4,5.995060431275248,2.5427435155889953,2.357713388912749,3.3035184038427263
A814,2021-03-27,-28.5,-49.25,4,6.7,4.283943116365293,1.656649893548336,2.5859073380855535,4.044306540623041
A814,2021-03-28,-28.5,-49.25,4,6.3,6.164102276524472,3.020131477202379,2.041004612896664,2.0860019001013304
A814,2021-03-29,-28.5,-49.25,4,4.5,4.863679102237672,2.0742937510992454,2.344739793802217,2.1694130822190845
A814,2021-03-30,-28.5,-49.25,4,10.5,11.136674313733167,5.15581680922416,2.160021336252441,2.0365347312601716
A814,2021-03-31,-28.5,-49.25,4,10.9,12.582083846454061,5.802911279410721,2.1682364662538416,1.8783675081633995
A814,2021-04-01,-28.5,-49.25,4,7.9,8.325647993585898,4.157757615095096,2.00243707409949,1.9000626614977199
A814,2021-04-02,-28.5,-49.25,4,6.2,5.3058535313394115,2.3399194298085497,2.2675368492382373,2.6496638820197664
A814,2021-04-03,-28.5,-49.25,4,6.3,6.273433921236022,2.4225196542327176,2.589631795256993,2.6005980958678303
A814,2021-04-04,-28.5,-49.25,4,7.0,5.184498710664195,2.9604968526922457,1.751225881543993,2.364467975581285
A814,2021-04-05,-28.5,-49.25,4,7.1,7.997654306644958,3.8399249778717346,2.0827631666589568,1.848994457161283
A814,2021-04-06,-28.5,-49.25,4,6.4,6.802719634644826,2.9246984935787967,2.3259558718891062,2.188259751920159
A814,2021-04-07,-28.5,-49.25,4,7.8,8.687138808357645,4.020212923131429,2.1608653507812337,1.9401957431459662
A814,2021-04-08,-28.5,-49.25,4,9.7,9.827136644217545,5.295579546258868,1.855724488391465,1.8317164184329346
A814,2021-04-09,-28.5,-49.25,4,6.9,8.787655988343943,3.815776468742072,2.3029797631832785,1.808282025040814
A814,2021-04-10,-28.5,-49.25,4,6.7,6.4784176021387445,2.3078336079461232,2.8071424126214493,2.9031555727983025
A814,2021-04-11,-28.5,-49.25,4,5.5,5.7648340066246675,2.3286064166445586,2.4756583875310256,2.3619277009144852
A814,2021-04-12,-28.5,-49.25,4,8.6,10.08882551470809,5.076109240910757,1.9875115045589424,1.6942109777087826
A814,2021-04-13,-28.5,-49.25,4,5.3,6.349067935838066,2.5571376712704215,2.4828807643679824,2.0726299016067
A814,2021-04-14,-28.5,-49.25,4,7.3,5.236251004065097,3.586962149413526,1.4598010199023794,2.0351483221515347
A814,2021-04-15,-28.5,-49.25,4,7.2,6.851419681882636,3.6148227313869583,1.895368097138705,1.991798916578534
A814,2021-04-16,-28.5,-49.25,4,4.7,6.47066067489476,2.826266889220625,2.2894726253822113,1.6629710442158836
A814,2021-04-17,-28.5,-49.25,4,5.1,4.105304336557493,1.8227023220989242,2.2523174995629835,2.7980432888937776
A814,2021-04-18,-28.5,-49.25,4,6.4,6.695903635159049,3.3826227318307893,1.9795005727804,1.8920229973551042
A814,2021-04-19,-28.5,-49.25,4,6.3,6.821931695733114,3.1325047956419714,2.1777881091272318,2.0111701053944873
A814,2021-04-20,-28.5,-49.25,4,6.3,5.688520696702471,2.6597822834279805,2.1387166657005445,2.368614919819841
A814,2021-04-21,-28.5,-49.25,4,4.0,6.0992005114782755,2.2707539358356983,2.685980376483904,1.7615294800878074
A814,2021-04-22,-28.5,-49.25,4,7.6,5.074060311266712,1.6498557282726822,3.075456977428568,4.606463383290384
A814,2021-04-23,-28.5,-49.25,4,6.1,5.092346177246221,2.679760271287143,1.9002991542972105,2.2763230223836577
A814,2021-04-24,-28.5,-49.25,4,5.6,4.964231916087028,2.3906314550671817,2.07653584811864,2.342477335069879
A814,2021-04-25,-28.5,-49.25,4,5.8,6.6206744524220955,3.1873624736686827,2.0771639583249657,1.819686354443443
A814,2021-04-26,-28.5,-49.25,4,6.8,7.136223574224999,3.5704203602467204,1.9987068339851943,1.9045376493232051
A814,2021-04-27,-28.5,-49.25,4,6.2,7.278283260951889,3.3000461465895654,2.205509540669192,1.8787616065331068
A814,2021-04-28,-28.5,-49.25,4,5.8,8.701357046589408,3.9188395201203536,2.2203912668315073,1.480029985974489
A814,2021-04-29,-28.5,-49.25,4,4.8,5.188665205779322,2.2382013417858544,2.3182298700792043,2.1445791807854486
A814,2021-04-30,-28.5,-49.25,4,7.1,6.388967450212059,3.3969480054546817,1.880796361896889,2.0901114731809574
A814,2021-05-01,-28.5,-49.25,4,8.8,7.342117020376563,4.038129126203644,1.8181976828658495,2.1792269947229554
A814,2021-05-02,-28.5,-49.25,4,5.1,5.747211470932239,2.1939992385859193,2.6195138858099347,2.324522228771174
A814,2021-05-03,-28.5,-49.25,4,5.6,4.336453172195139,1.9126833507446606,2.267209138672555,2.9278238856524603
A814,2021-05-04,-28.5,-49.25,4,7.0,13.782648822023685,5.138455237136798,2.6822553055270992,1.362277119670011
A814,2021-05-05,-28.5,-49.25,4,5.8,6.5262206592041805,3.9863212279393734,1.6371537279693196,1.4549755697932454
A814,2021-05-06,-28.5,-49.25,4,4.8,7.3305841787317085,4.330675315718658,1.6927115621262474,1.1083721706353458
A814,2021-05-07,-28.5,-49.25,4,6.1,6.92016559175416,3.5965710496213035,1.9241008995172806,1.6960599181384979
A814,2021-05-08,-28.5,-49.25,4,4.8,5.151976015003642,2.1741497491847417,2.369650948346828,2.2077596089229337
A814,2021-05-09,-28.5,-49.25,4,5.4,6.503815090002922,3.725580158079172,1.7457187374962153,1.4494386836073667
A814,2021-05-10,-28.5,-49.25,4,6.8,7.421940215495264,3.3279225614284385,2.230202199269191,2.043316776301804
A814,2021-05-11,-28.5,-49.25,4,5.5,7.191015003028202,3.646077076876052,1.9722608303139444,1.508470579210131
A814,2021-05-12,-28.5,-49.25,4,5.1,5.604561022718747,2.392527875615879,2.3425269481033877,2.1316366057750398
A814,2021-05-13,-28.5,-49.25,4,5.3,5.041781380717247,1.9521964121792084,2.5826199399112615,2.714890759420917
A814,2021-05-14,-28.5,-49.25,4,4.0,3.816970480310227,2.032034743294377,1.8783982374839099,1.9684702799496019
A814,2021-05-15,-28.5,-49.25,4,4.5,4.060893189629768,1.973255711356406,2.0579660133548177,2.2804951097324953
A814,2021-05-16,-28.5,-49.25,4,4.7,4.735266399313581,2.449312686639768,1.9333041571796743,1.918905669185084
A814,2021-05-17,-28.5,-49.25,4,7.3,7.6043933133251205,3.780234932764967,2.01161923758084,1.931096910598776
A814,2021-05-18,-28.5,-49.25,4,5.2,5.128870885612178,2.410818696998392,2.1274394843535593,2.156943616902548
A814,2021-05-19,-28.5,-49.25,4,4.3,5.466634329102844,2.130156922334516,2.5663059241249524,2.0186306252440196
A814,2021-05-20,-28.5,-49.25,4,5.1,3.553203844144589,1.7116529513937764,2.075890349881535,2.979575968275074
A814,2021-05-21,-28.5,-49.25,4,3.6,3.5714261104152087,2.4901951518429204,1.4341952709096317,1.4456698292644838
A814,2021-05-22,-28.5,-49.25,4,9.2,8.60591004750854,4.056870216541656,2.1213175645645346,2.2677580274783073
A814,2021-05-23,-28.5,-49.25,4,11.2,11.39059482265364,5.199264439916583,2.190808902737094,2.1541508668060154
A814,2021-05-24,-28.5,-49.25,4,9.1,7.327227900045914,3.8686643670932948,1.893994206985497,2.3522330025329254
A814,2021-05-25,-28.5,-49.25,4,5.1,4.625469977397927,2.081596206999414,2.222078403988574,2.45004289633654
A814,2021-05-26,-28.5,-49.25,4,5.1,4.097818530682964,1.8063713450409036,2.268536058176993,2.8233397379786904
A814,2021-05-27,-28.5,-49.25,4,6.4,5.1330545608759754,2.266586171865907,2.2646633181611286,2.8236296856657206
A814,2021-05-28,-28.5,-49.25,4,7.1,5.9928993261984616,2.671488290890689,2.2432811502985834,2.657694598254376
A814,2021-05-29,-28.5,-49.25,4,12.4,6.645962490224234,2.9722631683476073,2.235993959417454,4.171905143545423
A814,2021-05-30,-28.5,-49.25,4,5.4,5.474825503031054,2.702676817786897,2.025704837145178,1.9980191358661308
A814,2021-05-31,-28.5,-49.25,4,6.0,4.803534280016515,2.1100112854409625,2.2765443546017075,2.843586686668401
A814,2021-06-01,-28.5,-49.25,4,5.6,4.609840516588556,1.8861710741856654,2.444020364684474,2.968977775474444
A814,2021-06-02,-28.5,-49.25,4,7.8,5.617882228178841,2.6017501471354074,2.1592704566056318,2.9979819578709344
A814,2021-06-03,-28.5,-49.25,4,4.9,3.8785013136491795,2.182803419134547,1.7768440710922813,2.2448196466279984
A814,2021-06-04,-28.5,-49.25,4,6.0,7.245716768177514,2.3279422012292494,3.1124985681996216,2.5773835780079732
A814,2021-06-05,-28.5,-49.25,4,5.7,7.179395390053982,3.077926636687754,2.3325427268077896,1.8518959913007984
A814,2021-06-06,-28.5,-49.25,4,11.0,4.634117480926543,3.3925339276449593,1.3659752797648423,3.242414146654096
A814,2021-06-07,-28.5,-49.25,4,4.0,4.075583538131004,2.17968200023617,1.8698064844731535,1.8351300784089595
A814,2021-06-08,-28.5,-49.25,4,5.2,5.262929457189283,2.434935105236794,2.1614249373095595,2.135580528949788
A814,2021-06-09,-28.5,-49.25,4,4.4,5.671144611930972,1.5935975390005235,3.558705678905487,2.7610484405991262
A814,2021-06-10,-28.5,-49.25,4,4.8,4.121393062526858,1.9509009270633717,2.1125588723414355,2.460401721795932
A814,2021-06-11,-28.5,-49.25,4,5.8,6.420068012451259,3.2883600090880023,1.9523616619555622,1.7637971462889122
A814,2021-06-12,-28.5,-49.25,4,4.2,3.8585856121741644,1.4270595476913304,2.7038714806375883,2.943114747240001
A814,2021-06-13,-28.5,-49.25,4,4.6,4.4081381476216706,1.7023478119436466,2.5894462440015134,2.702150505159092
A814,2021-06-14,-28.5,-49.25,4,5.4,3.6400586927321252,1.5779544560684926,2.3068211371584257,3.422152001429887
A814,2021-06-15,-28.5,-49.25,4,8.0,8.652827166284352,4.3083190685587684,2.0083998024730607,1.8568726857725937
A814,2021-06-16,-28.5,-49.25,4,6.2,10.512163984647628,4.3117394339220345,2.43803322203206,1.4379347581215896
A814,2021-06-17,-28.5,-49.25,4,3.8,5.283786092013794,2.2826557242545773,2.314753835136161,1.6647276063677652
A814,2021-06-18,-28.5,-49.25,4,2.3,2.8620072692046006,1.8320514560537826,1.5621871644202237,1.2554232537519294
A814,2021-06-19,-28.5,-49.25,4,2.3,4.617796967905878,2.2251776301983814,2.075248692615244,1.033625346932392
A814,2021-06-20,-28.5,-49.25,4,4.0,4.260173790127254,1.9890699444189126,2.1417918470292014,2.0109901168752318
A814,2021-06-21,-28.5,-49.25,4,5.1,3.8585573890618146,2.206074815150013,1.7490600783634045,2.3117982966743584
A814,2021-06-22,-28.5,-49.25,4,4.4,3.3729961925613483,1.7289074040241845,1.9509409148867094,2.544959891870792
A814,2021-06-23,-28.5,-49.25,4,6.5,8.557195000211909,5.03423903605575,1.6997991034840374,1.2911583962236033
A814,2021-06-24,-28.5,-49.25,4,11.5,13.810960352816513,6.318440108634695,2.1858180366294273,1.8200694795356618
A814,2021-06-25,-28.5,-49.25,4,5.5,4.441862347660747,2.206334481136454,2.013231622692495,2.492822392535434
A814,2021-06-26,-28.5,-49.25,4,7.7,5.649903130208433,3.8780585672014425,1.4568895833581033,1.9855295804768154
A814,2021-06-27,-28.5,-49.25,4,8.7,6.8765032370327726,3.428158978032593,2.005888081940462,2.5378052930885064
A814,2021-06-28,-28.5,-49.25,4,4.7,5.11374784041927,2.971589886564919,1.7208794065222204,1.581644903709468
A814,2021-06-29,-28.5,-49.25,4,6.9,6.772106214122896,3.16826009531476,2.1374843006537003,2.1778514996933986
A814,2021-06-30,-28.5,-49.25,4,6.9,8.914477208122184,4.431085164556598,2.0118045302824195,1.5571806326792768
A814,2021-07-01,-28.5,-49.25,4,5.9,6.483640318650631,3.652775951844066,1.774989871847309,1.6152099328789784
A814,2021-07-02,-28.5,-49.25,4,4.5,3.5511835723569827,2.0617102053752685,1.7224455518037285,2.182653987096561
A814,2021-07-03,-28.5,-49.25,4,6.4,4.6675696311112045,2.2955009464910834,2.033355568093352,2.788062453114245
A814,2021-07-04,-28.5,-49.25,4,4.7,6.066055684028039,2.4898283071049505,2.436334933906085,1.8876803619703915
A814,2021-07-05,-28.5,-49.25,4,5.4,4.832412611353029,1.6979680764866873,2.845997329556341,3.180271805329397
A814,2021-07-06,-28.5,-49.25,4,7.1,6.075859959751747,3.7083814902424908,1.6384128698027902,1.9145818785584898
A814,2021-07-07,-28.5,-49.25,4,6.5,7.233535490794744,3.4967184041843224,2.068664002837285,1.8588857461961543
A814,2021-07-08,-28.5,-49.25,4,5.0,5.144363278952975,2.293383649791548,2.243132447299238,2.1801847241975687
A814,2021-07-09,-28.5,-49.25,4,6.6,6.744625501508726,3.7939617794862697,1.777726264396369,1.73960634914295
A814,2021-07-10,-28.5,-49.25,4,3.9,5.136545878150106,2.1021650075060054,2.443455133069725,1.855230196523409
A814,2021-07-11,-28.5,-49.25,4,5.3,4.65235999944159,2.1635639827613553,2.1503223553868676,2.4496617813149273
A814,2021-07-12,-28.5,-49.25,4,4.8,6.907803158692854,3.3237274254879807,2.078330222183809,1.4441617453920057
A814,2021-07-13,-28.5,-49.25,4,7.8,6.490860584080911,2.7008856693206873,2.4032341160569963,2.887941569907998
A814,2021-07-14,-28.5,-49.25,4,3.9,4.77346949736718,2.048900725239345,2.3297710028432737,1.9034597196232708
A814,2021-07-15,-28.5,-49.25,4,8.2,4.894155372937139,2.2231563448513514,2.201444529203537,3.688449541117758
A814,2021-07-16,-28.5,-49.25,4,6.3,7.457111968414784,3.979783872960753,1.8737479738735359,1.583000534979586
A814,2021-07-17,-28.5,-49.25,4,6.1,6.604879415397029,2.9046473025947015,2.273900658953304,2.100082854999611
A814,2021-07-18,-28.5,-49.25,4,10.2,14.91416617453452,5.7239914676822785,2.6055535300393218,1.78197330614298
A814,2021-07-19,-28.5,-49.25,4,19.2,14.432866856893904,6.554599403352268,2.201944919702094,2.929240800006847
A814,2021-07-20,-28.5,-49.25,4,4.0,7.027504325537805,2.0369878813383355,3.4499490104578414,1.9636837492483914
A814,2021-07-21,-28.5,-49.25,4,6.5,6.102376664642624,2.2205513487212873,2.7481358033700505,2.927200942118744
A814,2021-07-22,-28.5,-49.25,4,6.2,5.49275584100931,1.9944138158227471,2.7540702924500184,3.1086828374393005
A814,2021-07-23,-28.5,-49.25,4,4.3,5.1073331425338955,1.4831398735600938,3.443595060440506,2.899254531993926
A814,2021-07-24,-28.5,-49.25,4,5.5,5.5668527189779695,2.2261122292187188,2.500706229412218,2.470675075501603
A814,2021-07-25,-28.5,-49.25,4,6.3,7.764326121701393,2.8390162338695486,2.734864996216911,2.219078540249545
A814,2021-07-26,-28.5,-49.25,4,7.7,6.351251459441259,3.059115179130419,2.076172712544501,2.5170676973950337
A814,2021-07-27,-28.5,-49.25,4,12.3,8.225952327807692,4.747173559815657,1.7328105290776692,2.591015442139772
A814,2021-07-28,-28.5,-49.25,4,13.2,12.693056190774474,5.498545117822717,2.308439035924579,2.400635025656907
A814,2021-07-29,-28.5,-49.25,4,12.2,12.247624300486452,5.38461661024522,2.274558280933707,2.2657137699993837
A814,2021-07-30,-28.5,-49.25,4,5.0,5.075049702648192,1.8229459769441403,2.7839825024083553,2.7428130417675085
A814,2021-07-31,-28.5,-49.25,4,7.0,9.17894479970531,3.8908583913835213,2.35910533779191,1.7990888631418227
A814,2021-08-01,-28.5,-49.25,4,5.8,8.381230357868494,3.6464129666274316,2.2984863301482545,1.5906042604286867
A814,2021-08-02,-28.5,-49.25,4,5.2,7.877452372064889,3.443882192561298,2.2873756800043843,1.5099238909019228
A814,2021-08-03,-28.5,-49.25,4,6.0,6.361402336250377,2.910564460102585,2.1856249615671337,2.061455804276716
A814,2021-08-04,-28.5,-49.25,4,6.7,4.301845015249475,1.5829654396123427,2.7175861883017274,4.232562399871966
A814,2021-08-05,-28.5,-49.25,4,6.1,11.610637775154487,4.379483989484955,2.651142875058197,1.3928581574098606
A814,2021-08-06,-28.5,-49.25,4,9.0,10.583849598760322,4.975504152961339,2.127191390737959,1.808861920986107
A814,2021-08-07,-28.5,-49.25,4,10.1,11.587736633354888,4.841709127728391,2.393315320615215,2.0860402253736106
A814,2021-08-08,-28.5,-49.25,4,4.0,8.280795241221917,3.0235619154748568,2.738754975990429,1.3229429764701186
A814,2021-08-09,-28.5,-49.25,4,7.7,5.583504143552094,2.4706145135440356,2.2599657344126483,3.116633516798434
A814,2021-08-10,-28.5,-49.25,4,5.9,7.632586444644963,3.7314467229506025,2.045476462976155,1.5811561675828074
A814,2021-08-11,-28.5,-49.25,4,7.3,7.67948882680806,4.2969854626762,1.7871805463417156,1.6988654170250548
A814,2021-08-12,-28.5,-49.25,4,4.8,5.801153702213799,2.8414059919087626,2.041649000084207,1.6893045251782264
A814,2021-08-13,-28.5,-49.25,4,4.1,2.7500734738390284,1.095321872199349,2.5107445981307985,3.743191936601626
A814,2021-08-14,-28.5,-49.25,4,6.1,7.690061741629897,3.9351912141351963,1.9541774015979747,1.5501152721852032
A814,2021-08-15,-28.5,-49.25,4,6.8,5.61718804545286,2.360955621706932,2.37920102936612,2.8801896729781444
A814,2021-08-16,-28.5,-49.25,4,4.1,4.867697103516545,2.683482254289297,1.8139479386293627,1.5278655163254875
A814,2021-08-17,-28.5,-49.25,4,5.4,5.985622973971405,2.283678920412789,2.6210440182586905,2.3646056158472213
A814,2021-08-18,-28.5,-49.25,4,10.2,11.8965868540002,4.970550963395189,2.3934141187990368,2.052086393463468
A814,2021-08-19,-28.5,-49.25,4,8.2,9.024947720381235,4.076967554305817,2.213642272146536,2.01129881235864
A814,2021-08-20,-28.5,-49.25,4,16.8,13.673361628145853,6.3362616028254575,2.1579540879512686,2.651405679416482
A814,2021-08-21,-28.5,-49.25,4,10.1,8.983363774357802,3.2400274466826007,2.772619652822907,3.1172575437103744
A814,2021-08-22,-28.5,-49.25,4,7.5,10.566098827436907,3.9643419195097036,2.6652844386196857,1.8918650692288355
A814,2021-08-23,-28.5,-49.25,4,7.1,10.31841188977507,3.523034833606656,2.928841858543801,2.0153079192610415
A814,2021-08-24,-28.5,-49.25,4,6.1,6.387104784007635,3.0859939256923647,2.0697075035799504,1.976672717731102
A814,2021-08-25,-28.5,-49.25,4,8.2,5.324380891068241,2.4182516591249086,2.2017480566910774,3.390879509607089
A814,2021-08-26,-28.5,-49.25,4,9.6,9.871916398819685,5.4664322684908315,1.8059157991808645,1.7561728616552237
A814,2021-08-27,-28.5,-49.25,4,5.1,5.603974227142934,2.356135389563696,2.3784601903461353,2.164561519932183
A814,2021-08-28,-28.5,-49.25,4,7.5,6.474823416162768,4.015072210073878,1.6126293818371027,1.867961423254701
A814,2021-08-29,-28.5,-49.25,4,6.5,7.432403350355174,3.981062620768259,1.8669395732642058,1.6327299063549119
A814,2021-08-30,-28.5,-49.25,4,3.8,10.801227380491525,4.723249990352071,2.2868210242004157,0.8045307802386188
A814,2021-10-01,-28.5,-49.25,4,7.8,8.999550118304228,4.5022706283931155,1.9988914174882055,1.7324591620081846
A814,2021-10-02,-28.5,-49.25,4,4.7,4.581219912397501,2.3952234253823144,1.9126482581332753,1.962238658069991
A814,2021-10-03,-28.5,-49.25,4,7.3,7.993041095499983,3.580924089895277,2.232116876773486,2.0385799354416045
A814,2021-10-04,-28.5,-49.25,4,7.3,5.753270585950811,4.252190094663775,1.3530134960736575,1.7167623830272851
A814,2021-10-05,-28.5,-49.25,4,3.9,6.829421432285684,3.2243772552920666,2.1180590518918883,1.209535885913801
A814,2021-10-06,-28.5,-49.25,4,7.1,5.837392399593332,2.4428288715658826,2.389603491075285,2.906466385199064
A814,2021-10-07,-28.5,-49.25,4,5.8,8.13050041173286,4.737381778593847,1.716243442416026,1.2243049581116006
A814,2021-10-08,-28.5,-49.25,4,4.2,7.3992626094112595,3.8583084109278523,1.9177478369677226,1.0885599471790222
A814,2021-10-09,-28.5,-49.25,4,8.0,5.047540416500563,3.857080263058832,1.3086428262443375,2.074107732893184
A814,2021-10-10,-28.5,-49.25,4,8.8,9.02775401993569,4.382637431446338,2.0598906848099436,2.0079233424280467
A814,2021-10-11,-28.5,-49.25,4,9.3,10.904769109609578,5.498100997127376,1.9833700972948758,1.6914931182346458
A814,2021-10-12,-28.5,-49.25,4,9.7,9.37181511497221,5.5326071042256375,1.6939238479114667,1.7532421546058157
A814,2021-10-13,-28.5,-49.25,4,10.1,12.176172772771048,5.996507346247519,2.0305441267224706,1.6843137874783654
A814,2021-10-14,-28.5,-49.25,4,16.3,13.334713905830538,6.475793824089886,2.059162825138988,2.517065929332736
A814,2021-10-15,-28.5,-49.25,4,6.7,10.267077541673576,2.9027668259037123,3.536996995436293,2.308142679670491
A814,2021-10-16,-28.5,-49.25,4,9.2,11.287282565380117,6.147145910311508,1.836182633382153,1.496629514612219
A814,2021-10-17,-28.5,-49.25,4,5.2,6.332921734813914,2.45292455149826,2.5817841526946808,2.1199184446271744
A814,2021-10-18,-28.5,-49.25,4,3.6,7.952139096967708,2.983917088737177,2.665000018594059,1.2064678383954546
A814,2021-10-19,-28.5,-49.25,4,6.7,6.441860111058881,3.5361907547193976,1.8216947438317856,1.8946941680276115
A814,2021-10-20,-28.5,-49.25,4,7.9,8.93442852441745,4.329557823777117,2.06358914421959,1.824666703055607
A814,2021-10-21,-28.5,-49.25,4,7.0,8.500411861195076,4.164969750959082,2.040930035383248,1.6806844751724994
A814,2021-10-22,-28.5,-49.25,4,8.4,5.6411195441225574,2.6766860448926346,2.1075013839917225,3.1382089117354575
A814,2021-10-23,-28.5,-49.25,4,9.5,13.936687414687272,4.953147633966016,2.8137032135115425,1.9179723081246602
A814,2021-10-24,-28.5,-49.25,4,9.2,13.34640365530468,5.679451980890922,2.34994568141609,1.6198745989849566
A814,2021-10-25,-28.5,-49.25,4,7.0,7.842963295185153,3.5845802609843376,2.1879725725631958,1.9528088340468004
A814,2021-10-26,-28.5,-49.25,4,7.4,5.932916774632804,2.4213079174109513,2.450294211641093,3.056199480780061
A814,2021-10-27,-28.5,-49.25,4,6.5,6.1952407640452085,2.4218611746151146,2.558049498865171,2.6838862888303203
A814,2021-10-28,-28.5,-49.25,4,9.3,8.473393907413723,4.005356767944559,2.115515395589102,2.321890542792399
A814,2021-10-29,-28.5,-49.25,4,3.5,7.9995753703316055,3.158692858211073,2.5325587923297386,1.1080532856816685
A814,2021-10-30,-28.5,-49.25,4,9.8,9.589907199709051,4.63252052981045,2.0701272963600754,2.115479022043533
A814,2021-10-31,-28.5,-49.25,4,9.8,14.143422076446326,5.359959827502978,2.638717925435509,1.8283719123629114
A814,2021-11-01,-28.5,-49.25,4,9.3,9.479219018545313,4.278196856207088,2.215704264471197,2.173813013421052
A814,2021-11-02,-28.5,-49.25,4,7.1,8.11681221823216,3.576165351003626,2.269697125708752,1.9853668114108407
A814,2021-11-03,-28.5,-49.25,4,6.7,10.841457523225959,3.948135781116277,2.745968762037028,1.697003439457615
A814,2021-11-04,-28.5,-49.25,4,6.3,10.414484172122815,2.946973032209774,3.533959781204229,2.137786783639474
A814,2021-11-05,-28.5,-49.25,4,5.6,7.290014293301976,3.8616594020577173,1.887793182748699,1.4501537854467417
A814,2021-11-06,-28.5,-49.25,4,6.7,6.008903277920855,3.1509880670747,1.9069901726093725,2.126317160642286
A814,2021-11-07,-28.5,-49.25,4,7.1,5.608186168304121,2.963026169423438,1.8927224559057445,2.3961988838531103
A814,2021-11-08,-28.5,-49.25,4,4.2,5.880662892836915,2.811131723889469,2.0919200771924187,1.4940601908860036
A814,2021-11-09,-28.5,-49.25,4,5.6,6.2051611490836205,3.0860754009411315,2.0106965459078836,1.8146024553684656
A814,2021-11-10,-28.5,-49.25,4,5.2,6.658550384574696,3.0486832095293557,2.1840742139956935,1.7056544227836505
A814,2021-11-11,-28.5,-49.25,4,4.4,5.227542425425346,2.5444018206957875,2.0545270730846403,1.7292866103974036
A814,2021-11-12,-28.5,-49.25,4,5.3,5.492925312528281,2.5047071169421438,2.1930409648990357,2.1160158663462707
A814,2021-11-13,-28.5,-49.25,4,8.2,9.803139901364926,4.878624056413947,2.009406707302379,1.6808017804158175
A814,2021-11-14,-28.5,-49.25,4,9.8,12.071024198057053,5.1364626064547405,2.350065623545665,1.90792783883695
A814,2021-11-15,-28.5,-49.25,4,11.2,12.97977685489482,6.112490482343634,2.1234841824928536,1.8323136915062692
A814,2021-11-16,-28.5,-49.25,4,7.5,11.597495763009114,4.514030080445858,2.5692110057590956,1.6614864913038445
A814,2021-11-17,-28.5,-49.25,4,6.4,12.28295580941658,4.671137179616461,2.6295429436360744,1.3701160453877943
A814,2021-11-18,-28.5,-49.25,4,6.0,3.0052343446529135,2.525079420208433,1.1901543850865675,2.3761628850092684
A814,2021-11-19,-28.5,-49.25,4,5.4,4.460216120654787,3.4567319336655693,1.2902985265406761,1.5621691538787508
A814,2021-11-20,-28.5,-49.25,4,7.4,8.396841398613757,3.180187664781446,2.6403603446436295,2.326906704893642
A814,2021-11-21,-28.5,-49.25,4,7.0,7.455662172913243,2.778237882013129,2.683593878401378,2.5195826625644293
A814,2021-11-22,-28.5,-49.25,4,6.2,9.067159425376138,2.6430153845339754,3.430611671212382,2.345805490304856
A814,2021-11-23,-28.5,-49.25,4,11.0,14.40965177316943,6.0133948501767875,2.3962590403897726,1.829249579324832
A814,2021-11-24,-28.5,-49.25,4,5.3,8.80857590247945,4.197492315034986,2.098532943330959,1.2626586547915633
A814,2021-11-25,-28.5,-49.25,4,5.9,9.719163656988592,4.16527698305199,2.3333775152372094,1.416472427645602
A814,2021-11-26,-28.5,-49.25,4,8.5,7.939417035880957,3.8070912986447354,2.0854285891980746,2.232675639542941
A814,2021-11-27,-28.5,-49.25,4,8.6,16.35412896528317,5.9211429206974815,2.7619885526013843,1.4524222967053397
A814,2021-11-28,-28.5,-49.25,4,6.6,6.9249163301315875,2.9619496322081416,2.337958841308535,2.228262063686641
A814,2021-11-29,-28.5,-49.25,4,7.7,5.558930481123974,2.756015504585267,2.017017129212594,2.7938884912618507
A814,2021-11-30,-28.5,-49.25,4,8.5,10.90336093793182,4.390690986963208,2.483290436586396,1.9359139655325568
A814,2021-12-01,-28.5,-49.25,4,9.1,8.707163434358634,5.465617906862901,1.5930794253702747,1.6649535615311835
A814,2021-12-02,-28.5,-49.25,4,4.0,5.915539117130309,2.8656505724576182,2.064291848415094,1.395843596021391
A814,2021-12-03,-28.5,-49.25,4,6.0,5.264221713396709,3.4129868456845602,1.5424090251191216,1.7579909537555072
A814,2021-12-04,-28.5,-49.25,4,7.7,11.311135113585818,5.581851468860003,2.0264127730177535,1.3794706009209867
A814,2021-12-05,-28.5,-49.25,4,5.5,8.2754182787984,3.706780126466212,2.2325085374533966,1.4837675320233574
A814,2021-12-06,-28.5,-49.25,4,9.4,4.503660304703522,2.769645168400554,1.6260784435806797,3.3939365617106896
A814,2021-12-07,-28.5,-49.25,4,7.6,8.247929013594995,3.125671098331467,2.638770604494462,2.431477836569881
A814,2021-12-08,-28.5,-49.25,4,7.3,7.409690149781004,3.207154437475722,2.3103627512284697,2.2761610462842765
A814,2021-12-09,-28.5,-49.25,4,7.0,6.725492304914293,2.8894212773448205,2.3276260743447414,2.4226304605995423
A814,2021-12-10,-28.5,-49.25,4,7.9,8.746950973993966,3.724024948364744,2.3487895745260348,2.121360654006619
A814,2021-12-11,-28.5,-49.25,4,7.3,6.5050045113683135,2.9297336627581685,2.2203398875665177,2.491694071988608
A814,2021-12-12,-28.5,-49.25,4,5.7,5.466811050831395,1.6737264702601886,3.26625117542746,3.405574388217633
A814,2021-12-13,-28.5,-49.25,4,5.2,5.149054467796793,1.955446781173826,2.6331856828677744,2.6592388246324536
A814,2021-12-14,-28.5,-49.25,4,7.0,5.903205254100846,4.432803809640576,1.3317091185633805,1.579135982688027
A814,2021-12-15,-28.5,-49.25,4,5.1,4.57796054653944,2.8607118293158402,1.6002872081087218,1.7827730663873618
A814,2021-12-16,-28.5,-49.25,4,6.0,8.879467047343416,3.8021129802176428,2.335403259593599,1.5780698867229728
A814,2021-12-17,-28.5,-49.25,4,5.8,6.869772877707524,3.2954794228842927,2.0846049985937745,1.7599867138371275
A814,2021-12-18,-28.5,-49.25,4,7.1,4.529263653254425,3.9587500317123245,1.1441145859101716,1.793495407167437
A814,2021-12-19,-28.5,-49.25,4,8.6,8.78636503873475,5.511198401748601,1.5942748560725015,1.5604591548131128
A814,2021-12-20,-28.5,-49.25,4,6.2,8.582358963395967,4.135750888164515,2.075163421461513,1.4991231744017393
A814,2021-12-21,-28.5,-49.25,4,9.0,7.977710103803878,1.8144133705120264,4.39685367924321,4.960280907464987
A814,2021-12-22,-28.5,-49.25,4,7.6,12.862264870674723,5.408930624742449,2.3779681720889463,1.405083652808337
A814,2021-12-23,-28.5,-49.25,4,10.3,10.78934914923792,5.681152055332158,1.8991481030878872,1.813012554440033
A814,2021-12-24,-28.5,-49.25,4,7.0,7.785153101276218,3.549296989268417,2.1934352421945107,1.9722215472993834
A814,2021-12-25,-28.5,-49.25,4,7.7,7.32414070699394,4.302805169178322,1.7021780952244654,1.7895302476524675
A814,2021-12-26,-28.5,-49.25,4,8.3,9.016524039969168,3.8950594183515093,2.314861744467353,2.130904591825913
A814,2021-12-27,-28.5,-49.25,4,8.2,6.890299645565886,2.4890970892910222,2.7681924000515674,3.2943672769050694
A814,2021-12-28,-28.5,-49.25,4,7.6,8.271222720747467,3.5439862315997246,2.3338755232730994,2.1444778572318057
A814,2021-12-29,-28.5,-49.25,4,8.0,8.97478863456198,3.5335632344855865,2.539869259158319,2.2640036329121003
A814,2021-12-30,-28.5,-49.25,4,9.0,8.279391492200665,5.131932359736917,1.6133087717908074,1.7537253745997103
A814,2021-12-31,-28.5,-49.25,4,6.9,8.743037480480178,3.885844513141902,2.2499710039635605,1.7756757833887185
A814,2022-01-01,-28.5,-49.25,4,6.7,8.185203699846836,3.252940291311857,2.5162477533658874,2.0596750631712335
A814,2022-01-02,-28.5,-49.25,4,8.8,5.991908709864354,2.6305659847118985,2.2778020945635364,3.3452876875710773
A814,2022-01-03,-28.5,-49.25,4,8.6,5.9718052119051634,2.4892178353039824,2.399068947365102,3.4549005225771134
A814,2022-01-04,-28.5,-49.25,4,6.1,7.254215974720491,2.4632761993395746,2.9449462373181734,2.476376786994273
A814,2022-01-05,-28.5,-49.25,4,10.0,10.119805254944064,4.786141194479444,2.114397558228477,2.0893658573078584
A814,2022-01-06,-28.5,-49.25,4,8.8,9.259195708894971,4.930865086677058,1.8778034981960545,1.7846766937057645
A814,2022-01-07,-28.5,-49.25,4,6.5,4.973409398132983,3.4975788441260445,1.4219577655798952,1.858428441410642
A814,2022-01-08,-28.5,-49.25,4,7.3,6.459334791493875,3.4576049916213862,1.868152899809668,2.111288020953714
A814,2022-01-09,-28.5,-49.25,4,8.3,7.478197861631893,3.23367185496595,2.312602575968747,2.5667415780774694
A814,2022-01-10,-28.5,-49.25,4,5.5,5.788104383238325,2.966636272667247,1.951066410320113,1.853951578315684
A814,2022-01-11,-28.5,-49.25,4,6.7,7.140771945101308,3.3448082133232613,2.134882327978541,2.0031043852715134
A814,2022-01-12,-28.5,-49.25,4,7.3,6.9605702271934575,3.11651815140667,2.2334444688062343,2.3423576072242915
A814,2022-01-13,-28.5,-49.25,4,6.4,7.600253384006937,3.337525555395003,2.2772120416340695,1.917588313190473
A814,2022-01-14,-28.5,-49.25,4,6.1,6.513307846405141,2.9778488789101427,2.187252648223349,2.0484585511379367
A814,2022-01-15,-28.5,-49.25,4,11.9,5.181446152334207,1.4755516093222776,3.5115316330508093,8.064780604634821
A814,2022-01-16,-28.5,-49.25,4,12.4,5.246892565818409,2.001475272136359,2.621512560691253,6.195430027353942
A814,2022-01-17,-28.5,-49.25,4,10.5,6.524788144027562,2.293000042529603,2.8455246502435796,4.579153861862365
A814,2022-01-18,-28.5,-49.25,4,8.1,6.896888558859415,4.203608802805653,1.64070656485831,1.9269157478673427
A814,2022-01-19,-28.5,-49.25,4,8.9,4.789795575508046,2.4635283426717693,1.9442827153810505,3.6127045286386625
A814,2022-01-20,-28.5,-49.25,4,6.2,5.487984930106368,2.3340846882096327,2.3512364216381303,2.6562875080405632
A814,2022-01-21,-28.5,-49.25,4,6.6,7.340263902035078,4.086971188673518,1.796015573189656,1.6148878216443017
A814,2022-01-22,-28.5,-49.25,4,6.1,8.30481911192891,3.0229831879499796,2.7472263640211576,2.017874272114852
A814,2022-01-23,-28.5,-49.25,4,5.8,7.806841368794849,2.9617876077507974,2.6358545590388975,1.958276813915283
A814,2022-01-24,-28.5,-49.25,4,2.2,7.181709866131249,2.8618662832587245,2.5094498328390253,0.768729137650318
A814,2022-01-27,-28.5,-49.25,4,6.2,6.440592751123222,5.382575056156926,1.1965634819631672,1.1518650339874132
A814,2022-01-28,-28.5,-49.25,4,3.4,6.335638211393684,3.922230554352332,1.6153150926743194,0.8668536825881296
A814,2022-01-29,-28.5,-49.25,4,5.2,6.249163624771967,2.8602503291485437,2.1848310132464017,1.8180226908838315
A814,2022-01-30,-28.5,-49.25,4,4.9,4.873223796617128,2.9554451705747407,1.648896702647825,1.6579566587077321
A814,2022-01-31,-28.5,-49.25,4,12.4,6.265924462197792,2.692102477196278,2.3275207817213235,4.606065372709782
A814,2022-02-01,-28.5,-49.25,4,8.2,6.916246301105978,3.376051690965295,2.048619788498693,2.4288727633952254
A814,2022-02-02,-28.5,-49.25,4,6.9,6.48905018302604,3.3431895162447245,1.940975870944624,2.063897355047495
A814,2022-02-03,-28.5,-49.25,4,6.0,8.012952565979145,4.806255383313718,1.6671924246469274,1.2483731140943335
A814,2022-02-04,-28.5,-49.25,4,7.8,9.039641332978393,3.962700053176045,2.2811823281283314,1.968354883117741
A814,2022-02-05,-28.5,-49.25,4,10.3,6.985171727478946,2.2808514960996185,3.062528068760274,4.515857353104122
A814,2022-02-06,-28.5,-49.25,4,9.5,8.699299048314963,4.564340496311072,1.9059268376988505,2.0813521707414155
A814,2022-02-07,-28.5,-49.25,4,8.6,6.714009811818305,4.276312643743437,1.5700465263318386,2.011078402460222
A814,2022-02-08,-28.5,-49.25,4,8.2,7.568933230213833,4.083138250441427,1.85370486277205,2.0082592106974335
A814,2022-02-09,-28.5,-49.25,4,7.4,5.445357035780316,2.716108519507412,2.004837802566105,2.7244861340599345
A814,2022-02-10,-28.5,-49.25,4,7.5,8.232044051934743,3.7284969648902893,2.207872000286574,2.011534425433195
A814,2022-02-11,-28.5,-49.25,4,7.9,7.919491182794505,3.2952518818310153,2.4033037433223523,2.39738881375294
A814,2022-02-12,-28.5,-49.25,4,8.3,7.25756237065663,4.30408846777049,1.6862019507735708,1.9283990238935274
A814,2022-02-13,-28.5,-49.25,4,6.5,8.260660987270287,3.0441523527193968,2.713616149957438,2.135241356824152
A814,2022-02-14,-28.5,-49.25,4,7.6,7.8657668536627705,3.0299908795624964,2.5959704719634393,2.5082583750540435
A814,2022-02-15,-28.5,-49.25,4,8.0,7.78899941030852,3.366563737908185,2.3136349158053418,2.3763102744553417
A814,2022-02-16,-28.5,-49.25,4,7.9,7.225816068609038,3.491733483175867,2.0694065292855277,2.2624865380088073
A814,2022-02-17,-28.5,-49.25,4,7.2,5.507196327942445,2.4798202206102,2.2208046705044246,2.903436281452824
A814,2022-02-18,-28.5,-49.25,4,7.2,6.23401639411269,2.351527929101418,2.6510492675691397,3.0618390327821086
A814,2022-02-19,-28.5,-49.25,4,6.3,5.846270575877465,2.822010019839949,2.0716689645946182,2.2324513221810975
A814,2022-02-20,-28.5,-49.25,4,6.5,6.100353170956669,2.30752997252735,2.6436723438418372,2.8168648196932398
A814,2022-02-21,-28.5,-49.25,4,6.2,5.081155527331976,2.8226358201016493,1.800145626703268,2.1965284915064687
A814,2022-02-22,-28.5,-49.25,4,7.3,7.252011926757407,3.4411679092593808,2.107427512398896,2.121372799146883
A814,2022-02-23,-28.5,-49.25,4,4.0,6.175578094029653,3.2822943013713997,1.88148213627565,1.2186597643997767
A814,2022-02-24,-28.5,-49.25,4,6.5,9.086799538964074,4.536785781544195,2.002915715335182,1.4327324041708627
A814,2022-02-25,-28.5,-49.25,4,4.5,6.050841452061452,2.3264885158613096,2.600847333141173,1.9342455246696182
A814,2022-02-26,-28.5,-49.25,4,7.1,5.37329625789218,2.473320038754171,2.1725034260421663,2.8706353762355477
A814,2022-02-27,-28.5,-49.25,4,6.9,7.596046331592611,3.414263364369629,2.2247980079284417,2.0209337311253193
A814,2022-02-28,-28.5,-49.25,4,6.3,7.835584489965194,3.2867853996800513,2.3839659537029525,1.9167664553375667
A814,2022-03-01,-28.5,-49.25,4,7.9,6.946911849216105,3.824678940610805,1.8163385625530901,2.065532851951846
A814,2022-03-02,-28.5,-49.25,4,5.2,5.245704624635049,2.187723475189313,2.397791441252015,2.3769000328297993
A814,2022-03-03,-28.5,-49.25,4,5.5,7.74290285582648,2.739025948056042,2.826881892565428,2.0080131054996
A814,2022-03-04,-28.5,-49.25,4,6.2,7.579601806511518,3.028762310058187,2.502540982281935,2.047040792673126
A814,2022-03-05,-28.5,-49.25,4,7.1,6.313402295525615,2.049134633646699,3.0810090229601466,3.4648772625372275
A814,2022-03-06,-28.5,-49.25,4,12.0,9.233336185969826,3.5155551991553518,2.6264233280103895,3.4134011045774857
A814,2022-03-07,-28.5,-49.25,4,10.9,7.474666529316855,2.908405404240725,2.5700222253809932,3.747758130316629
A814,2022-03-08,-28.5,-49.25,4,5.3,4.333815593150627,3.4883583092441195,1.2423653790569773,1.5193393367748507
A814,2022-03-09,-28.5,-49.25,4,6.5,4.974088997714355,1.9841382015505953,2.506926681733725,3.275981478971716
A814,2022-03-10,-28.5,-49.25,4,7.9,6.829559507791321,2.490737849370359,2.741982464962254,3.171750893815286
A814,2022-03-11,-28.5,-49.25,4,8.8,8.747197357089838,5.363050587002857,1.6310115325572965,1.6408571683672826
A814,2022-03-12,-28.5,-49.25,4,6.5,6.284360570686862,4.173508458961793,1.5057740106390407,1.557442632239674
A814,2022-03-13,-28.5,-49.25,4,2.1,3.5703257081545825,1.2751041517985515,2.8000267296742702,1.6469242900965555
A814,2022-03-14,-28.5,-49.25,4,5.1,3.94037391875369,1.761418754567111,2.2370455114871777,2.895393265670879
A814,2022-03-15,-28.5,-49.25,4,6.3,5.342658438852023,2.518640238010389,2.1212471548030534,2.5013496985090304
A814,2022-03-16,-28.5,-49.25,4,6.8,5.1030413047715095,2.1633649609492136,2.3588443914393724,3.1432514267109064
A814,2022-03-17,-28.5,-49.25,4,5.7,5.215404839092339,2.425326805279995,2.1503926100755897,2.350198739234219
A814,2022-03-18,-28.5,-49.25,4,12.4,7.497772888204042,1.8232219327267418,4.1123753250327875,6.801146792620594
A814,2022-03-19,-28.5,-49.25,4,7.4,7.255867570085913,5.557305375219955,1.3056449268452752,1.3315805953361186
A814,2022-03-20,-28.5,-49.25,4,8.9,6.673093482909977,4.999761565910363,1.3346823433358928,1.7800848865838819
A814,2022-03-21,-28.5,-49.25,4,4.8,4.920102527956848,2.717940196242364,1.8102320774971579,1.7660432730036324
A814,2022-03-22,-28.5,-49.25,4,10.1,11.115018597412758,5.713953672054291,1.945241287442337,1.7676027107809624
A814,2022-03-23,-28.5,-49.25,4,6.0,11.125289680465626,4.02700295741367,2.7626723392353325,1.489941791315068
A814,2022-03-24,-28.5,-49.25,4,11.0,9.074756400983418,5.279233711648437,1.7189533361556428,2.083635732157283
A814,2022-03-25,-28.5,-49.25,4,4.3,6.303762687248052,2.254673628956886,2.795864823311238,1.9071496400964134
A814,2022-03-26,-28.5,-49.25,4,7.1,5.824492850508857,3.0943323044414583,1.882310068039123,2.294517621720523
A814,2022-03-27,-28.5,-49.25,4,6.2,6.2992480949584335,2.955334407122826,2.131484030969979,2.097901335651564
A814,2022-03-28,-28.5,-49.25,4,6.5,6.37479374297709,3.3442730340322946,1.906182204056109,1.943621209708092
A814,2022-03-29,-28.5,-49.25,4,7.2,6.089430764161368,2.8660297540020956,2.1246920956274606,2.5121860615529172
A814,2022-03-30,-28.5,-49.25,4,9.0,11.15741453523825,4.713072692899039,2.367333428157939,1.9095822590557259
A814,2022-03-31,-28.5,-49.25,4,6.8,10.076795490552804,4.298354810495612,2.3443377605654017,1.5820006257733623
A814,2022-04-01,-28.5,-49.25,4,5.2,6.5597592949238,3.2965132334184273,1.98990837604539,1.5774242758333143
A814,2022-04-02,-28.5,-49.25,4,5.5,4.096909690384461,1.8691447751478483,2.1918632226122763,2.9425222022007116
A814,2022-04-03,-28.5,-49.25,4,4.4,5.915014314157742,3.08952513190142,1.9145383389444708,1.424167084632861
A814,2022-04-04,-28.5,-49.25,4,5.9,2.8869452645460134,2.7743203387077644,1.0405955016321973,2.1266469908619596
A814,2022-04-05,-28.5,-49.25,4,5.3,5.818904292967503,3.265093505087661,1.7821554831126583,1.6232306951520845
A814,2022-04-06,-28.5,-49.25,4,4.0,5.346568689309412,2.8227438432853615,1.8941033923526682,1.4170609244317551
A814,2022-04-07,-28.5,-49.25,4,4.1,6.087571877179503,3.164303639025457,1.9238267156480455,1.29570372117093
A814,2022-04-08,-28.5,-49.25,4,6.1,4.475377891540324,3.758587506738448,1.1907073823655308,1.622950108003029
A814,2022-04-09,-28.5,-49.25,4,7.7,3.1719198886965607,2.2665526680334205,1.3994468045821693,3.3972296821502597
A814,2022-04-10,-28.5,-49.25,4,6.0,4.945776642315909,2.563856799717502,1.929037785129364,2.3402243060771215
A814,2022-04-11,-28.5,-49.25,4,4.1,5.710546112010696,3.21165102888239,1.778071795676346,1.2766019605270573
A814,2022-04-12,-28.5,-49.25,4,5.3,5.208195749901164,2.5370575603688588,2.0528488715659856,2.0890341956725025
A814,2022-04-13,-28.5,-49.25,4,7.8,6.64391783189042,3.8360728290786974,1.7319582103674704,2.03332948761385
A814,2022-04-14,-28.5,-49.25,4,8.3,10.785285304336355,5.862782706198245,1.8396188030189056,1.4157099820917947
A814,2022-04-15,-28.5,-49.25,4,10.0,9.75175421848465,5.721288167358746,1.7044682828808788,1.7478581234646213
A814,2022-04-16,-28.5,-49.25,4,6.8,7.03970884354232,4.105036030509376,1.7148957502983948,1.6565019038715278
A814,2022-04-17,-28.5,-49.25,4,3.5,5.443255277239569,2.2309699527794584,2.4398604160751147,1.5688243562579218
A814,2022-04-18,-28.5,-49.25,4,6.9,5.42210914045006,3.3520928600417976,1.6175295156896254,2.0584155296682214
A814,2022-04-19,-28.5,-49.25,4,5.6,5.059972264168811,1.790527683725629,2.825967065552601,3.1275696270430378
A814,2022-04-20,-28.5,-49.25,4,5.6,4.866904963511393,2.2261156464558494,2.1862767872189783,2.515592578901118
A814,2022-04-21,-28.5,-49.25,4,5.8,5.047815084282885,2.214813907372204,2.2791147678280264,2.618730169922713
A814,2022-04-22,-28.5,-49.25,4,4.4,5.6759670955733865,3.039445869826039,1.8674348347247411,1.4476322949787659
A814,2022-04-23,-28.5,-49.25,4,9.2,7.1546667570319,3.4701243578719785,2.061789728313781,2.6512018161913407
A814,2022-04-24,-28.5,-49.25,4,6.0,5.6317255088692395,3.1480070840012067,1.788981205757376,1.9059677567096924
A814,2022-04-25,-28.5,-49.25,4,5.9,8.440364234210536,3.926636237806381,2.1495151888390236,1.5025583330571106
A814,2022-04-26,-28.5,-49.25,4,7.5,7.235053042258296,2.7247152492930016,2.6553428084404853,2.7525812108058156
A814,2022-04-27,-28.5,-49.25,4,6.6,7.540611744752669,3.264260265588452,2.3100522419260323,2.021897600989917
A814,2022-04-28,-28.5,-49.25,4,13.7,14.428167366118958,6.2500718065696645,2.308480256331298,2.191974816289224
A814,2022-04-29,-28.5,-49.25,4,7.2,6.216871038108303,3.9882656145501563,1.5587906220256886,1.8052960098075366
A814,2022-04-30,-28.5,-49.25,4,5.4,5.228631854600954,2.7121038094485717,1.9278878029613644,1.991074228496414
A814,2022-05-01,-28.5,-49.25,4,6.8,6.776416116358927,2.450518215124542,2.765299223052105,2.774923262365714
A814,2022-05-02,-28.5,-49.25,4,5.7,6.571942217625598,3.069045808126048,2.141363351509703,1.8572547809185054
A814,2022-05-03,-28.5,-49.25,4,6.1,5.448991885771552,3.224030999840457,1.6901177085583847,1.8920413607381137
A814,2022-05-04,-28.5,-49.25,4,11.3,6.221503756593508,5.3934519577707025,1.1535290951520902,2.0951331519175476
A814,2022-05-05,-28.5,-49.25,4,8.9,10.683127118149246,6.027087218858709,1.7725190842969427,1.4766668668991498
A814,2022-05-06,-28.5,-49.25,4,4.4,5.317471988704444,2.286577879910559,2.32551536312091,1.9242729664524303
A814,2022-05-07,-28.5,-49.25,4,4.1,2.566766908582267,1.506789382656077,1.7034676100900883,2.721017314823899
A814,2022-05-08,-28.5,-49.25,4,6.8,7.478606825692363,3.5783987534010766,2.0899310951817056,1.9002912946850776
A814,2022-05-09,-28.5,-49.25,4,3.4,6.413747709913308,3.432825899121056,1.8683579937903316,0.9904376452270822
A814,2022-05-10,-28.5,-49.25,4,4.5,6.838495923464908,2.708693209958111,2.52464764127742,1.6613177097562817
A814,2022-05-11,-28.5,-49.25,4,7.7,7.774827481446321,4.3220203482671575,1.7988872922737418,1.7815742128764358
A814,2022-05-12,-28.5,-49.25,4,6.7,7.005319958719484,3.408649759109219,2.055159800445494,1.9655876882319843
A814,2022-05-13,-28.5,-49.25,4,3.5,4.7025016588570585,2.002542827677631,2.3482652125400967,1.747777851052996
A814,2022-05-14,-28.5,-49.25,4,5.3,6.314828845045462,3.479619053347364,1.8148046519548313,1.5231552416352718
A814,2022-05-15,-28.5,-49.25,4,5.7,6.4115783089010225,3.7331351295374797,1.7174782284656787,1.526866776104675
A814,2022-05-16,-28.5,-49.25,4,6.4,8.706741541007174,3.7077678955251496,2.3482434139189814,1.726105889131859
A814,2022-05-17,-28.5,-49.25,4,7.2,15.471688823054118,6.081863126842063,2.543906118960558,1.1838477535318221
A814,2022-05-18,-28.5,-49.25,4,13.8,26.06732714371483,9.427085810221584,2.7651522080610103,1.463867018695954
A814,2022-05-19,-28.5,-49.25,4,9.5,13.394814210640206,6.343169343825742,2.1116910939289886,1.4976740309238357
A814,2022-05-20,-28.5,-49.25,4,5.7,5.3850713787981395,2.316830461588976,2.324326906123653,2.4602577074589695
A814,2022-05-21,-28.5,-49.25,4,4.7,3.5979867617477765,1.8953511647750583,1.8983219725273381,2.479751555990839
A814,2022-05-22,-28.5,-49.25,4,4.0,4.3196646772193406,1.7696943658553963,2.4409100015026577,2.2602772982591075
A814,2022-05-23,-28.5,-49.25,4,5.4,5.6841948150971815,2.035301784123192,2.7928019615754094,2.653169196884638
A814,2022-05-24,-28.5,-49.25,4,7.2,6.904388662427471,2.857881428968332,2.415911518386503,2.5193487479986643
A814,2022-05-25,-28.5,-49.25,4,6.8,7.003583173259909,3.200699950132034,2.1881411198731704,2.124535291013295
A814,2022-05-26,-28.5,-49.25,4,5.4,6.4022408198535885,2.2687016402371487,2.821984480596734,2.3802160249840236
A814,2022-05-27,-28.5,-49.25,4,4.5,3.9442154069007413,1.8771031535705356,2.1012246446862783,2.3973109796551757
A814,2022-05-28,-28.5,-49.25,4,3.1,3.5419340610307706,1.6068686594893853,2.204246152984458,1.9292180363920268
A814,2022-05-29,-28.5,-49.25,4,9.7,6.4953196659342645,2.5625240138810597,2.5347351403340825,3.7853303803030145
A814,2022-05-30,-28.5,-49.25,4,5.1,7.206343858715314,3.3622611097303325,2.143302861833147,1.5168363888338943
A814,2022-05-31,-28.5,-49.25,4,5.4,6.942133617387231,3.371120009991352,2.05929590071314,1.6018415197309612
A814,2022-06-01,-28.5,-49.25,4,3.8,4.134409772054079,2.051014184211673,2.0157879959485405,1.8527419406709595
A814,2022-06-02,-28.5,-49.25,4,6.1,7.129975683993634,3.739343911001894,1.9067451011969847,1.6313022137526816
A814,2022-06-03,-28.5,-49.25,4,4.4,6.447609194081373,3.09181530942289,2.0853798008021593,1.423112171865561
A814,2022-06-04,-28.5,-49.25,4,3.8,6.949469087239689,3.8430690519895068,1.8083123132128056,0.9887930579943104
A814,2022-06-05,-28.5,-49.25,4,5.0,4.323229030037654,2.4514524438421565,1.7635377920127486,2.039607177597747
A814,2022-06-06,-28.5,-49.25,4,9.9,3.4959867194463183,1.9325577519304802,1.808994694183959,5.122744709756096
A814,2022-06-07,-28.5,-49.25,4,4.5,2.9580019677582587,2.9640265068851654,0.997967447621365,1.5182050462595078
A814,2022-06-08,-28.5,-49.25,4,4.5,4.502945465407428,2.283328222238614,1.9720973189709288,1.9708073312334058
A814,2022-06-09,-28.5,-49.25,4,5.0,5.223275597457397,3.2041206324415894,1.6301744524135409,1.5604905599917824
A814,2022-06-10,-28.5,-49.25,4,7.5,10.18501811200274,5.397701303369534,1.886917696917521,1.3894803692301572
A814,2022-06-11,-28.5,-49.25,4,4.8,6.099866425624848,3.269373080086313,1.8657602776443636,1.4681713840603585
A814,2022-06-12,-28.5,-49.25,4,8.3,9.06084633628287,3.8538437455965187,2.3511192810128794,2.1536939606032943
A814,2022-06-13,-28.5,-49.25,4,6.6,5.856720329669389,3.0675839805553213,1.9092290111024615,2.1515303384799944
A814,2022-06-14,-28.5,-49.25,4,6.4,5.647076806449144,3.717672996257667,1.5189815812562533,1.721506976660522
A814,2022-06-15,-28.5,-49.25,4,5.4,4.988992298250325,2.191349227800024,2.2766760473222054,2.464235244430327
A814,2022-06-16,-28.5,-49.25,4,4.4,3.907458869382449,1.9609265299837866,1.9926594952105403,2.2438372538293825
A814,2022-06-17,-28.5,-49.25,4,10.5,12.313751211886933,4.780503985896697,2.575826994018748,2.1964211369714977
A814,2022-06-18,-28.5,-49.25,4,5.8,7.177232365726604,3.9350070271034387,1.8239439767938024,1.4739490832038955
A814,2022-06-19,-28.5,-49.25,4,6.1,4.533103305153063,2.0600991000410893,2.2004297293575097,2.9610226031739604
A814,2022-06-20,-28.5,-49.25,4,4.9,3.9647090505782607,2.007344185786227,1.975101768123229,2.4410362879950216
A814,2022-06-21,-28.5,-49.25,4,6.1,4.8740565224052,2.014765192479585,2.4191685168069967,3.027648096547017
A814,2022-06-22,-28.5,-49.25,4,10.8,5.753555812844474,2.220658502795142,2.590923280460492,4.863422262543315
A814,2022-06-23,-28.5,-49.25,4,9.4,3.764923837683508,2.241961663294085,1.679298936874663,4.192756795934104
A814,2022-06-24,-28.5,-49.25,4,3.6,5.623414779866012,2.185144541877487,2.5734749679462148,1.6474882695434243
A814,2022-06-25,-28.5,-49.25,4,7.9,9.389287435268809,4.439237429011557,2.115067640650938,1.7795849233860461
A814,2022-06-26,-28.5,-49.25,4,3.3,4.617386390476931,2.3601085755671036,1.9564296483128671,1.3982407564478478
A814,2022-06-27,-28.5,-49.25,4,5.0,3.9295269831787634,1.9237656715102454,2.0426224676802254,2.599069145502928
A814,2022-06-28,-28.5,-49.25,4,5.5,4.603836373336731,2.050582803536591,2.245135561166613,2.682164304954807
A814,2022-06-29,-28.5,-49.25,4,9.5,11.428871045559111,4.98393816532234,2.2931406182122926,1.9061231670368406
A814,2022-06-30,-28.5,-49.25,4,6.2,5.6420815114519804,2.4094138658363793,2.341682178994785,2.573239943502938
A814,2022-07-01,-28.5,-49.25,4,5.3,5.886309497910068,3.586659405703088,1.641167680586103,1.477698158786016
A814,2022-07-02,-28.5,-49.25,4,7.7,4.462994626194999,3.472262223545187,1.285327644879963,2.217574452697378
A814,2022-07-03,-28.5,-49.25,4,2.2,3.0814061737981313,2.2176367207552334,1.3894999775926935,0.9920470649722887
A814,2022-07-04,-28.5,-49.25,4,8.5,7.437497861926154,2.8709707039543066,2.5905864701726773,2.960671102736297
A814,2022-07-05,-28.5,-49.25,4,4.5,5.867703674778658,2.527555297376861,2.3214936903134262,1.7803764786749374
A814,2022-07-06,-28.5,-49.25,4,5.6,5.428507675508726,2.349314187171273,2.3106776033413405,2.383674363599176
A814,2022-07-07,-28.5,-49.25,4,7.0,5.791247835174276,2.474655449855311,2.3402239028923724,2.8286766145199236
A814,2022-07-08,-28.5,-49.25,4,4.9,3.6851734138510173,2.3841348635674096,1.5457067761413665,2.055252861269799
A814,2022-07-09,-28.5,-49.25,4,6.1,6.542137556693562,3.250648661367696,2.0125637182644605,1.8765485401407396
A814,2022-07-10,-28.5,-49.25,4,4.9,5.2564420767951745,2.333047626366415,2.2530367650410015,2.10025716775935
A814,2022-07-11,-28.5,-49.25,4,6.6,5.955107521990785,2.750688548655301,2.1649515809058038,2.3993992352302005
A814,2022-07-12,-28.5,-49.25,4,13.1,8.461969688193912,5.112723674678925,1.6550805845624577,2.5622350890736665
A814,2022-07-13,-28.5,-49.25,4,4.3,6.047129788587802,3.2134815549852256,1.8818000617450579,1.3381125506475078
A814,2022-07-14,-28.5,-49.25,4,4.0,7.9397274605748756,3.275835882625911,2.4237256520343102,1.2210623924155806
A814,2022-07-15,-28.5,-49.25,4,5.5,4.267248958334865,3.6089310701396173,1.182413538912446,1.5239969656132069
A814,2022-07-16,-28.5,-49.25,4,9.7,7.105931988074748,3.3837259947622873,2.100031739885,2.8666623760359893
A814,2022-07-17,-28.5,-49.25,4,10.7,6.057194874422907,4.122292527679026,1.4693753133121996,2.59564306224149
A814,2022-07-18,-28.5,-49.25,4,6.6,6.129649388462381,3.006093083123989,2.039075044905906,2.195540795809674
A814,2022-07-19,-28.5,-49.25,4,5.1,5.879948815693031,3.3860515381157645,1.736520767479235,1.5061790828021464
A814,2022-07-20,-28.5,-49.25,4,5.8,5.267089012762756,3.0676427306070435,1.7169825417448377,1.8907025717601285
A814,2022-07-21,-28.5,-49.25,4,6.7,5.928171577060943,2.3623860080756263,2.5094000543501216,2.836115680120264
A814,2022-07-22,-28.5,-49.25,4,6.6,6.062527163023571,2.1930014489365366,2.764488443892047,3.0095739349376953
A814,2022-07-23,-28.5,-49.25,4,2.8,5.058773721708755,1.8860084950277072,2.682264547082243,1.4846168547925154
A814,2022-08-01,-28.5,-49.25,4,3.9,4.888919900921423,2.3319237914818505,2.0965178702579714,1.672438873965815
A814,2022-08-02,-28.5,-49.25,4,4.9,4.053487773597389,2.1041049842807533,1.9264665042286349,2.3287811381117796
A814,2022-08-03,-28.5,-49.25,4,4.8,7.45421005367123,3.7358351214325056,1.9953262955600979,1.2848532775074506
A814,2022-08-04,-28.5,-49.25,4,12.4,6.674093185616336,3.0002715418158243,2.22449638060995,4.132959242914151
A814,2022-08-05,-28.5,-49.25,4,9.3,10.276156714190446,4.796901143773381,2.142249007472129,1.938751648462022
A814,2022-08-06,-28.5,-49.25,4,4.2,5.110673652627039,2.380885483598215,2.1465432452901156,1.7640495643043572
A814,2022-08-07,-28.5,-49.25,4,5.3,5.539457887022261,2.3456488201726424,2.3615887593158766,2.2595027671746335
A814,2022-08-08,-28.5,-49.25,4,6.6,6.318186479918485,2.273631331008944,2.7788966459723854,2.902845289817145
A814,2022-08-09,-28.5,-49.25,4,7.7,6.867525300291679,3.635829844719371,1.8888467264951845,2.1178108791816466
A814,2022-08-10,-28.5,-49.25,4,9.0,9.318912833220738,5.427597267786037,1.7169499455183417,1.658192300563077
A814,2022-08-11,-28.5,-49.25,4,8.6,8.39475738905342,4.344405429502998,1.9323144502224292,1.9795574192033556
A814,2022-08-12,-28.5,-49.25,4,8.5,7.1857180393754465,4.964449719524573,1.447434951574773,1.7121736507010112
A814,2022-08-13,-28.5,-49.25,4,8.0,7.325353312363562,3.7028460207658607,1.9783035187751226,2.1605003165498515
A814,2022-08-14,-28.5,-49.25,4,4.3,6.48348393954815,3.583504157480247,1.8092581045328082,1.1999427965010536
A814,2022-08-15,-28.5,-49.25,4,8.3,7.979748655643094,3.7351318171633476,2.1364034915649452,2.2221437974051073
A814,2022-08-16,-28.5,-49.25,4,12.1,8.180400794801859,4.413409024474868,1.85353334563755,2.741644822154168
A814,2022-08-17,-28.5,-49.25,4,9.3,9.20758146934995,3.8577722476327145,2.386761290794213,2.410717741491053
A814,2022-08-18,-28.5,-49.25,4,9.0,14.30392655515694,5.090542371735635,2.8099022678952723,1.7679844980705708
A814,2022-08-19,-28.5,-49.25,4,8.0,9.374339270436401,4.461854170140344,2.1009963376148484,1.7929765731784026
A814,2022-08-20,-28.5,-49.25,4,7.5,7.803001642280035,4.046271910275227,1.9284422340636211,1.8535580816885466
A814,2022-08-21,-28.5,-49.25,4,6.6,5.26273278083477,2.7100857324476126,1.941906382452977,2.4353473105956738
A814,2022-08-22,-28.5,-49.25,4,5.3,5.28713841317931,3.325319762463802,1.5899639104968222,1.5938316849484317
A814,2022-08-23,-28.5,-49.25,4,7.7,12.945234978809307,4.852657785655115,2.6676587450853355,1.586759326561597
A814,2022-08-24,-28.5,-49.25,4,5.8,6.714033533127552,2.901429110387534,2.3140436239129003,1.9990148920872008
A814,2022-08-25,-28.5,-49.25,4,5.6,5.310620609129993,1.903553220846148,2.7898461419268172,2.941866788211335
A814,2022-08-26,-28.5,-49.25,4,8.1,4.725651404704683,1.6273952338664486,2.9038129806225617,4.9772789248962015
A814,2022-08-27,-28.5,-49.25,4,6.1,6.781767217298485,2.596466049298535,2.6119221620982325,2.3493471064826688
A814,2022-08-28,-28.5,-49.25,4,9.5,11.435535114186466,5.751958688468542,1.988111482287293,1.651611305735816
A814,2022-08-29,-28.5,-49.25,4,6.5,9.437263982537695,4.784547002942843,1.9724467074381533,1.3585403165653986
A814,2022-09-26,-28.5,-49.25,4,5.1,10.86414053797718,4.0063606230905435,2.711723072396933,1.2729757702305422
A814,2022-09-27,-28.5,-49.25,4,6.5,5.171663393093152,2.899999913316347,1.7833322578203126,2.2413793773417074
A814,2022-09-28,-28.5,-49.25,4,8.2,4.251842945684237,3.6954168216514867,1.1505719519304678,2.2189648409771023
A814,2022-09-29,-28.5,-49.25,4,4.5,5.25511374023122,2.3960598593036324,2.193231408566944,1.8780832968454455
A814,2022-09-30,-28.5,-49.25,4,7.9,8.162197644053032,4.752885009524481,1.7173143527976176,1.6621483549820584
A814,2022-10-01,-28.5,-49.25,4,7.1,5.874213251730677,2.6349383966756186,2.229355061637078,2.6945601494736064
A814,2022-10-02,-28.5,-49.25,4,6.6,7.614850107242929,4.2948956211743985,1.7730000397915888,1.536707892844039
A814,2022-10-03,-28.5,-49.25,4,7.3,6.510299205786976,3.8944312646450854,1.6716944692000577,1.87447139362088
A814,2022-10-04,-28.5,-49.25,4,5.4,4.341813123139217,2.199392670164569,1.974096386714948,2.455223241057699
A814,2022-10-05,-28.5,-49.25,4,6.6,5.940237517145804,3.7401591015131075,1.588231237206631,1.7646308140554565
A814,2022-10-06,-28.5,-49.25,4,14.8,12.282627514865789,6.481135523529669,1.8951351148689743,2.283550459062122
A814,2022-10-07,-28.5,-49.25,4,9.5,17.73514295547604,5.919378967874051,2.996115479635464,1.604898090079867
A814,2022-10-08,-28.5,-49.25,4,8.2,8.511813756242674,3.592183920065213,2.36953729142247,2.282733897392185
A814,2022-10-09,-28.5,-49.25,4,9.2,7.666730817744811,4.572934727293776,1.6765449924280718,2.011837156802035
A814,2022-10-10,-28.5,-49.25,4,4.5,7.572969179722043,2.2973678208264734,3.296367743584779,1.9587633983578363
A814,2022-10-11,-28.5,-49.25,4,9.4,9.380108153863352,2.128164594520177,4.407604645813696,4.4169515949114615
A814,2022-10-12,-28.5,-49.25,4,8.2,7.029147596140824,3.0013767131441518,2.3419744563744884,2.7320795700483482
A814,2022-10-13,-28.5,-49.25,4,9.0,12.497968166425158,2.799574085616032,4.464239125029279,3.214774720998175
A814,2022-10-14,-28.5,-49.25,4,7.1,5.281737253379027,4.882963619778515,1.0816663126436727,1.4540349985900667
A814,2022-10-15,-28.5,-49.25,4,6.5,7.668799202659908,3.85221689763403,1.9907495882098336,1.687340088246899
A814,2022-10-16,-28.5,-49.25,4,4.7,6.0962901883448914,3.0666306275383177,1.987944075690191,1.5326267069121526
A814,2022-10-17,-28.5,-49.25,4,5.5,5.369087502084167,2.7545931955698437,1.9491398986678545,1.9966650643171333
A814,2022-10-18,-28.5,-49.25,4,3.2,4.038349498740258,1.7373866327402094,2.324381587056973,1.8418467943159862
A814,2022-10-19,-28.5,-49.25,4,5.5,4.872978113779558,2.614104757363583,1.86410973012961,2.103970770301854
A814,2022-10-20,-28.5,-49.25,4,4.9,6.375498176236,2.8570134662395974,2.231525420364026,1.7150776704071273
A814,2022-10-21,-28.5,-49.25,4,9.1,9.894756270506589,2.3768724415688482,4.162931126407264,3.828560523842655
A814,2022-10-22,-28.5,-49.25,4,9.5,6.520890236878242,3.858669182107333,1.6899324428006526,2.4619887198549035
A814,2022-10-23,-28.5,-49.25,4,8.8,7.29764044585736,2.970544289933,2.456667779904388,2.9624200621491097
A814,2022-10-24,-28.5,-49.25,4,7.5,6.047043639875484,3.5738464831261085,1.692026691248927,2.098579229804973
A814,2022-10-25,-28.5,-49.25,4,5.2,8.171757128792057,4.134778809543296,1.9763468628433507,1.2576247096938087
A814,2022-10-26,-28.5,-49.25,4,7.4,7.321766040504556,3.9245868185418757,1.865614491164411,1.885548808613021
A814,2022-10-27,-28.5,-49.25,4,9.7,7.922790976091252,3.464048151884811,2.2871480501159924,2.8001920223661343
A814,2022-10-28,-28.5,-49.25,4,7.2,9.133574758381398,4.127432661979156,2.212894917103683,1.7444257943502124
A814,2022-10-29,-28.5,-49.25,4,6.1,8.096134074864157,2.5128150530849034,3.2219379078156947,2.427556294885779
A814,2022-10-30,-28.5,-49.25,4,5.7,6.515305975052509,2.0808595336935842,3.131064768935968,2.739252653869596
A814,2022-10-31,-28.5,-49.25,4,9.7,4.672289756208741,7.832229385937669,0.5965465930553026,1.23847240958185
A814,2022-11-01,-28.5,-49.25,4,8.3,5.587307157404286,6.064217762211431,0.9213566162186712,1.3686843588831232
A814,2022-11-02,-28.5,-49.25,4,10.0,7.2044327947957365,4.507021202441373,1.5984909924304824,2.218760363182489
A814,2022-11-03,-28.5,-49.25,4,7.0,6.598819013623107,3.0946276497103264,2.132346686116112,2.261984572087449
A814,2022-11-04,-28.5,-49.25,4,8.7,9.210836331612311,4.390773244006263,2.0977708981409595,1.9814277614714348
A814,2022-11-05,-28.5,-49.25,4,9.7,6.183083413759144,2.6380921312586207,2.343770841243981,3.6768996370768057
A814,2022-11-06,-28.5,-49.25,4,9.0,6.004491781405643,2.848402731976736,2.108020651011889,3.1596655553529027
A814,2022-11-07,-28.5,-49.25,4,7.3,8.705005086675639,2.9392274304966164,2.961664346336353,2.4836458466116658
A814,2022-11-08,-28.5,-49.25,4,6.8,8.391716003182056,3.4928573740913347,2.402536119976888,1.9468301369645866
A814,2022-11-09,-28.5,-49.25,4,9.2,10.680150627079584,4.4527746682069935,2.398538309907377,2.0661274565920444
A814,2022-11-10,-28.5,-49.25,4,7.6,6.804808196048163,3.180740548522478,2.1393785793717575,2.3893806753683076
A814,2022-11-11,-28.5,-49.25,4,4.6,8.24197474649955,2.290624889737503,3.598133759667672,2.0081856355481853
A814,2022-11-12,-28.5,-49.25,4,6.8,8.15756822615303,3.3884079797774818,2.407492921406926,2.006842163217476
A814,2022-11-13,-28.5,-49.25,4,10.0,13.742252452960486,5.187108667214209,2.6493087642100446,1.9278562763117522
A814,2022-11-14,-28.5,-49.25,4,10.4,15.725795643870173,5.050474296389811,3.1137264979471957,2.0592125391934273
A814,2022-11-15,-28.5,-49.25,4,8.6,8.986612848792015,3.3575814473357095,2.6765137316097056,2.5613675006526577
A814,2022-11-16,-28.5,-49.25,4,9.9,9.292012150879913,4.206170535662129,2.209138234433754,2.3536848817856018
A814,2022-11-17,-28.5,-49.25,4,8.8,8.614872021222492,3.8666660922146834,2.227984474420498,2.2758624070793987
A814,2022-11-18,-28.5,-49.25,4,9.2,7.0280204369982435,3.4566851111593544,2.0331676768327567,2.6615094242455792
A814,2022-11-19,-28.5,-49.25,4,10.5,12.347900920053224,5.893838596300687,2.0950524379482465,1.781521469995871
A814,2022-11-20,-28.5,-49.25,4,10.2,12.188207128738442,6.191885400907801,1.9684161349225733,1.6473173096040445
A814,2022-11-21,-28.5,-49.25,4,6.6,10.847664100774365,4.4298170642010986,2.448783763202804,1.4899035116679893
A814,2022-11-22,-28.5,-49.25,4,7.1,10.61602684737381,3.8515467670317136,2.756302205193085,1.8434152379439452
A814,2022-11-23,-28.5,-49.25,4,5.8,6.971077051253944,3.624447447012818,1.9233489112938684,1.6002439226371512
A814,2022-11-24,-28.5,-49.25,4,6.8,6.895626992400695,3.429685661386299,2.0105711348524697,1.982688990002483
A814,2022-11-25,-28.5,-49.25,4,7.8,6.372723353251854,3.2622915490239937,1.9534499775651362,2.3909573631864967
A814,2022-11-26,-28.5,-49.25,4,7.3,8.193790638237438,4.018908953578691,2.038809719971677,1.8164133809250933
A814,2022-11-27,-28.5,-49.25,4,9.3,9.157917096421505,3.5838680147750313,2.5553165068207377,2.5949616340946045
A814,2022-11-28,-28.5,-49.25,4,8.9,12.475512134702567,3.355502661644954,3.7179264607070075,2.6523596901684443
A814,2022-11-29,-28.5,-49.25,4,8.8,7.087924974992768,3.1086405117300973,2.2800722528858834,2.8308194423878263
A814,2022-11-30,-28.5,-49.25,4,3.5,6.923597879964027,2.441035532891159,2.836336377194693,1.4338177190950616
A814,2022-12-01,-28.5,-49.25,4,7.3,7.705600047473751,3.9920399277488445,1.9302412267752602,1.8286390246894526
A814,2022-12-02,-28.5,-49.25,4,7.9,8.661614332492782,2.659633034749295,3.256695273116598,2.9703345900667375
A814,2022-12-03,-28.5,-49.25,4,6.6,9.057018496320246,2.670698375854256,3.3912547288022545,2.4712637187600444
A814,2022-12-04,-28.5,-49.25,4,8.1,7.849834801201935,2.1013424310649467,3.735628560654767,3.854678742624053
A814,2022-12-05,-28.5,-49.25,4,7.5,5.993079106386936,3.8292899924528396,1.5650627448427035,1.9585876271532778
A814,2022-12-06,-28.5,-49.25,4,5.2,5.932450649067294,3.210855901002101,1.847622824560825,1.6195058764166563
A814,2022-12-07,-28.5,-49.25,4,8.0,7.312266307098625,3.5579305819212856,2.055202072871808,2.2484980568901354
A814,2022-12-08,-28.5,-49.25,4,7.0,6.457763145931131,2.7825730159298234,2.3207883886465446,2.515657256764162
A814,2022-12-09,-28.5,-49.25,4,7.5,6.413698238856288,2.715050740978743,2.362275644448629,2.7623793127698013
A814,2022-12-10,-28.5,-49.25,4,4.9,6.778890050532031,2.551633470349308,2.656686443920971,1.9203385035270015
A814,2022-12-11,-28.5,-49.25,4,4.6,5.377505146677538,2.589529375123837,2.076634155355111,1.776384560140399
A814,2022-12-12,-28.5,-49.25,4,9.4,14.021252218339725,4.5047837134485915,3.1125250645176696,2.0866706590012787
A814,2022-12-13,-28.5,-49.25,4,11.5,14.0709436920624,6.44259740698808,2.1840482655023727,1.784994354532586
A814,2022-12-14,-28.5,-49.25,4,8.0,8.179547791807066,4.179197717790705,1.9572052686062216,1.9142430055281345
A814,2022-12-15,-28.5,-49.25,4,5.8,6.116630393291137,3.098110726542578,1.97430980787351,1.8721086855642084
A814,2022-12-16,-28.5,-49.25,4,13.9,12.521833453639216,4.899024980933791,2.555984813788898,2.837299269568239
A814,2022-12-17,-28.5,-49.25,4,5.4,8.299915099731075,3.2676351667172034,2.5400372674007854,1.6525712708083797
A814,2022-12-18,-28.5,-49.25,4,4.4,6.864434097394093,3.432723216607433,1.9997050925003579,1.2817811755730568
A814,2022-12-19,-28.5,-49.25,4,6.2,6.5026116991641185,3.7146596274414714,1.7505269261084069,1.669062746475737
A814,2022-12-20,-28.5,-49.25,4,8.4,9.75252120731077,3.423364561148401,2.848811756127776,2.4537263998497836
A814,2022-12-21,-28.5,-49.25,4,7.0,9.419714350024092,2.899179775502375,3.2490963235944306,2.4144760042646984
A814,2022-12-22,-28.5,-49.25,4,7.5,7.4090387940790805,4.007190135527946,1.8489361731029872,1.8716356714658058
A814,2022-12-23,-28.5,-49.25,4,7.4,8.090670131853953,5.190051404718831,1.5588805391210305,1.4258047604830788
A814,2022-12-24,-28.5,-49.25,4,9.8,10.851407607465742,6.008271185303315,1.8060782000002105,1.6310848325174705
A814,2022-12-25,-28.5,-49.25,4,5.5,8.125389399057912,3.617008661175671,2.2464390219117805,1.520593538809023
A814,2022-12-26,-28.5,-49.25,4,6.9,7.601463106102422,3.886773679814772,1.9557256820944298,1.775251292822593
A814,2022-12-27,-28.5,-49.25,4,5.2,5.903913904318478,3.0838536725317733,1.9144598062175562,1.6862019253108462
A814,2022-12-28,-28.5,-49.25,4,10.6,7.794357981904302,5.27132467612425,1.4786336378041347,2.0108797411040267
A814,2022-12-29,-28.5,-49.25,4,9.0,10.427363699990922,4.351246236428056,2.3964085536447963,2.068372946732638
A814,2022-12-30,-28.5,-49.25,4,6.9,10.079685966323016,4.615513568988211,2.1838709421306355,1.4949582309455938
A814,2022-12-31,-28.5,-49.25,4,8.0,7.844800851322118,2.7802473855632037,2.821619720625318,2.8774417850515897
A856,2021-01-01,-28.0,-53.25,4,6.2,8.247899891302087,3.880376236201635,2.1255412849800535,1.5977832103386356
A856,2021-01-02,-28.0,-53.25,4,7.9,7.160393514769005,4.223661733125887,1.6953046828088845,1.8704149383083513
A856,2021-01-03,-28.0,-53.25,4,8.3,9.052435855634663,5.674942398016914,1.5951590731208125,1.4625699113528274
A856,2021-01-04,-28.0,-53.25,4,10.6,11.562366703182924,5.250331006088732,2.2022167154364585,2.0189203285863946
A856,2021-01-05,-28.0,-53.25,4,9.5,10.170140820244042,4.455594038629417,2.2825555317810045,2.1321511604594683
A856,2021-01-06,-28.0,-53.25,4,5.2,9.025172306094149,3.7822547549148235,2.386188369349382,1.3748412883195924
A856,2021-01-07,-28.0,-53.25,4,7.4,10.097464572110354,4.42969476172148,2.2794944381644595,1.6705439986398052
A856,2021-01-08,-28.0,-53.25,4,6.5,7.093280358939677,2.2685385477466515,3.126806183648702,2.86528082428067
A856,2021-01-09,-28.0,-53.25,4,12.7,9.704164535613977,3.998185061307367,2.4271424125727714,3.17644126153761
A856,2021-01-10,-28.0,-53.25,4,8.4,10.387281984183087,3.0838274702179396,3.368308403922804,2.7238877924018094
A856,2021-01-11,-28.0,-53.25,4,12.6,14.003952560865004,5.819602096729767,2.406341933365909,2.1650964774860415
A856,2021-01-12,-28.0,-53.25,4,10.2,9.764411700447242,5.4486415601789275,1.7920818597813195,1.8720262449536216
A856,2021-01-13,-28.0,-53.25,4,10.7,9.410439972380892,6.618408946814325,1.4218583420884667,1.616702758319322
A856,2021-01-14,-28.0,-53.25,4,9.5,9.103479479738509,6.359948603099841,1.431376265415332,1.4937227630062444
A856,2021-01-15,-28.0,-53.25,4,9.6,10.957670688512737,5.205694121810459,2.104939405218421,1.8441344757039375
A856,2021-01-16,-28.0,-53.25,4,14.5,15.228578084957235,7.533748593191525,2.021381241566749,1.9246726673497023
A856,2021-01-17,-28.0,-53.25,4,10.3,11.065026969208501,4.366013484377343,2.5343547400395936,2.3591315136464655
A856,2021-01-18,-28.0,-53.25,4,7.6,7.757145750707668,4.866881735693579,1.5938636219197542,1.561574826086651
A856,2021-01-19,-28.0,-53.25,4,7.3,6.044888309156235,5.282026670348614,1.1444259346682306,1.382045274587415
A856,2021-01-20,-28.0,-53.25,4,9.1,9.776153457326277,5.382203245235312,1.816385040082012,1.6907574064684256
A856,2021-01-21,-28.0,-53.25,4,8.5,10.270790911327468,4.805159747410272,2.137450459761069,1.768931824708024
A856,2021-01-22,-28.0,-53.25,4,7.3,10.289834128162294,4.982190861597982,2.0653231507999563,1.4652188570830074
A856,2021-01-23,-28.0,-53.25,4,7.8,8.907706527530776,3.700767617115477,2.4069888869363245,2.107670842104813
A856,2021-01-24,-28.0,-53.25,4,12.4,8.713220888346008,3.1180671240534457,2.794430184369776,3.976822661816262
A856,2021-01-25,-28.0,-53.25,4,11.3,11.594191645297352,3.2592263214175263,3.5573447505341456,3.467080492613757
A856,2021-01-26,-28.0,-53.25,4,17.1,15.531376968568276,6.178949452201365,2.513595084199133,2.7674607362110417
A856,2021-01-27,-28.0,-53.25,4,16.5,23.69891486508263,7.921215621760193,2.99182802194904,2.0830136165809225
A856,2021-01-28,-28.0,-53.25,4,10.5,10.487429196356956,4.35534033075495,2.4079471177718683,2.4108334142925503
A856,2021-01-29,-28.0,-53.25,4,11.7,11.316862804702653,5.967863402537479,1.8963005754942095,1.960500636630736
A856,2021-01-30,-28.0,-53.25,4,12.8,12.72479383634741,5.367072842885861,2.3709001552334663,2.3849126655634274
A856,2021-01-31,-28.0,-53.25,4,14.5,12.565050988302449,5.015724172606974,2.505131972153811,2.89090857092795
A856,2021-02-01,-28.0,-53.25,4,5.8,6.324034119360864,2.1314362066211263,2.9670295079513926,2.7211698769040287
A856,2021-02-02,-28.0,-53.25,4,9.9,13.516314786062898,5.344859176234159,2.5288439489973844,1.8522471170092207
A856,2021-02-03,-28.0,-53.25,4,10.3,16.688052833226866,4.864650512111646,3.430473122720366,2.117315514106476
A856,2021-02-04,-28.0,-53.25,4,10.7,15.12709046187641,7.105981052049168,2.128782831121422,1.505773787127453
A856,2021-02-05,-28.0,-53.25,4,7.3,7.730296660021477,5.473519093461964,1.4123083391186484,1.3336940778592952
A856,2021-02-06,-28.0,-53.25,4,6.7,5.820487251686101,3.480912670764374,1.6721152761376172,1.924782559548886
A856,2021-02-07,-28.0,-53.25,4,4.5,6.417466244889533,3.2943373383781234,1.9480294777732132,1.3659803286009111
A856,2021-02-08,-28.0,-53.25,4,8.2,9.269634439107056,3.9425949178586266,2.351150608224734,2.079848468037323
A856,2021-02-09,-28.0,-53.25,4,12.2,7.564975816841732,3.8153248645110085,1.98278680990152,3.197630721693109
A856,2021-02-10,-28.0,-53.25,4,11.8,6.9289900665044035,3.9035492354915973,1.775048718101232,3.0228900131994765
A856,2021-02-11,-28.0,-53.25,4,8.3,8.549545169833607,3.180914679268968,2.687763122209379,2.6093123635455355
A856,2021-02-12,-28.0,-53.25,4,8.8,7.772470963056447,3.7706840008867473,2.061289400339197,2.3337940803128863
A856,2021-02-13,-28.0,-53.25,4,7.5,9.281525782344941,2.7214720764969815,3.4104798878891733,2.7558614562945776
A856,2021-02-14,-28.0,-53.25,4,12.2,9.068450317707375,3.737732259038075,2.4261904516513413,3.264011211744667
A856,2021-02-15,-28.0,-53.25,4,10.2,11.692219180812327,4.687108770400528,2.494548292680904,2.1761816291556593
A856,2021-02-16,-28.0,-53.25,4,9.0,7.664094432014401,4.9791516454837845,1.5392369981271663,1.8075368337421949
A856,2021-02-17,-28.0,-53.25,4,8.0,9.343943221497359,4.476262387757204,2.087443141638323,1.787205330474011
A856,2021-02-18,-28.0,-53.25,4,6.7,6.656352605843612,3.7336443100540295,1.7828030881032928,1.7944933806249597
A856,2021-02-19,-28.0,-53.25,4,4.1,6.279933236686388,2.2077336230200464,2.844515828905037,1.8571081027390646
A856,2021-02-20,-28.0,-53.25,4,5.4,7.032578842628107,2.984593818104669,2.3562934426682096,1.8092914242612772
A856,2021-02-21,-28.0,-53.25,4,5.0,8.69246488660185,4.406935468288008,1.9724511396076039,1.134575270271063
A856,2021-02-22,-28.0,-53.25,4,9.7,9.750316810810594,4.938118617660269,1.9745003240587187,1.9643108542005738
A856,2021-02-23,-28.0,-53.25,4,17.7,11.190124279900619,4.79875594762328,2.3318802627257686,3.6884559650853728
A856,2021-02-24,-28.0,-53.25,4,7.6,7.2571961806039065,3.4281934810063093,2.1169155769100976,2.2169110472052767
A856,2021-02-25,-28.0,-53.25,4,5.9,7.574942538957702,4.8556753319474915,1.5600183334167812,1.2150730015208113
A856,2021-02-26,-28.0,-53.25,4,8.3,5.500897625347324,5.421653465042298,1.014616234847169,1.5308982865682372
A856,2021-02-27,-28.0,-53.25,4,10.7,6.735843511294382,5.566553450716931,1.2100563788580625,1.9221947825942312
A856,2021-02-28,-28.0,-53.25,4,10.1,9.299186874920593,6.981056051585256,1.3320601935016605,1.446772511976393
A856,2021-03-01,-28.0,-53.25,4,10.2,12.54548768485301,5.480863899850055,2.2889617246646514,1.861020486255652
A856,2021-03-02,-28.0,-53.25,4,9.1,11.286332137883713,3.973307111814229,2.840538579141023,2.290283570817384
A856,2021-03-03,-28.0,-53.25,4,8.6,9.89917271214105,3.165327360402021,3.127377229912731,2.7169385724791932
A856,2021-03-04,-28.0,-53.25,4,9.4,10.430879910903117,3.062817454800455,3.405648578420648,3.0690696193033213
A856,2021-03-05,-28.0,-53.25,4,9.1,11.979730682121716,4.059741027653688,2.950860806272994,2.241522288740499
A856,2021-03-06,-28.0,-53.25,4,6.2,6.058013599364264,2.9178582034721114,2.0761850566129354,2.1248462288613945
A856,2021-03-07,-28.0,-53.25,4,5.4,6.573410849672107,3.4982836370372357,1.8790388463867544,1.5436141148844538
A856,2021-03-08,-28.0,-53.25,4,6.1,6.866563242986301,2.9831593313876335,2.301775560808641,2.0448120004245802
A856,2021-03-09,-28.0,-53.25,4,9.2,8.289348432251481,4.878454798375273,1.6991750000455423,1.8858430343689931
A856,2021-03-10,-28.0,-53.25,4,8.5,7.676845118966105,3.810426077658425,2.0146946725925368,2.2307216638679424
A856,2021-03-11,-28.0,-53.25,4,5.6,6.930702013281668,3.067372555322388,2.2594914338839533,1.825666722577632
A856,2021-03-12,-28.0,-53.25,4,4.6,5.083694453244191,2.418581465121817,2.101932279956565,1.901941309952241
A856,2021-03-13,-28.0,-53.25,4,10.6,6.306096441443607,2.6012528528498056,2.4242535417250792,4.0749594905344
A856,2021-03-14,-28.0,-53.25,4,6.3,7.066000955201975,2.6383737990273457,2.6781652235202245,2.387834507120461
A856,2021-03-15,-28.0,-53.25,4,7.7,7.587644963777732,4.2235557088815145,1.7965064241539503,1.823108425871603
A856,2021-03-16,-28.0,-53.25,4,12.1,11.098209412032581,5.025106979594396,2.2085518690645625,2.4079089358962578
A856,2021-03-17,-28.0,-53.25,4,11.3,12.05940430988386,5.463352064138689,2.2073269612334703,2.068327259041739
A856,2021-03-18,-28.0,-53.25,4,5.6,6.7984132071265195,4.340263802096927,1.5663594465944624,1.2902441545821366
A856,2021-03-19,-28.0,-53.25,4,9.6,7.708079495025297,4.638994972546218,1.6615839294161903,2.0694137538008195
A856,2021-03-20,-28.0,-53.25,4,12.0,12.451598750786117,5.7742812905134695,2.156389362472308,2.078180711375236
A856,2021-03-21,-28.0,-53.25,4,9.9,12.196233824523599,3.825965976852582,3.18775281806264,2.587581818525266
A856,2021-03-22,-28.0,-53.25,4,6.1,8.43433945149694,3.3261257307449217,2.5357849144229374,1.8339655484502202
A856,2021-03-23,-28.0,-53.25,4,8.2,11.50207866114708,4.421701368603077,2.601278942720835,1.8544897803875389
A856,2021-03-24,-28.0,-53.25,4,10.7,8.692014867425248,2.563264283064787,3.390994414759516,4.1743647234090355
A856,2021-03-25,-28.0,-53.25,4,8.7,10.520696261798731,3.9574817150293025,2.658432058408344,2.1983677061501172
A856,2021-03-26,-28.0,-53.25,4,16.0,12.593711343801424,6.280572080996646,2.0051853846095757,2.547538630821829
A856,2021-03-27,-28.0,-53.25,4,4.8,8.089104273743855,1.9614857235249135,4.1239679579248865,2.4471246170347327
A856,2021-03-28,-28.0,-53.25,4,8.2,10.906284052203286,4.391094496646619,2.483727931733688,1.8674159725467436
A856,2021-03-29,-28.0,-53.25,4,7.1,10.370376744628588,4.290778843668545,2.416898451881544,1.6547112444344991
A856,2021-03-30,-28.0,-53.25,4,7.9,7.476784408270632,3.685289734371742,2.0288186132386286,2.143657777112814
A856,2021-03-31,-28.0,-53.25,4,7.8,8.169489408485923,4.058882373193198,2.012743572575826,1.9217112699581869
A856,2021-04-01,-28.0,-53.25,4,5.4,9.195755813530418,5.055855951412674,1.8188326372235746,1.0680684046172573
A856,2021-04-02,-28.0,-53.25,4,10.1,9.26694798746617,4.61488350165777,2.008056754658546,2.1885709566388516
A856,2021-04-03,-28.0,-53.25,4,7.6,7.547877283792935,4.0065426237110495,1.8838879284907577,1.8968973286400532
A856,2021-04-04,-28.0,-53.25,4,7.1,8.603131351651506,4.080502400273426,2.108351008707905,1.7399818217296583
A856,2021-04-05,-28.0,-53.25,4,8.3,10.664130235729498,4.598680237984041,2.3189545008253094,1.8048656506803646
A856,2021-04-06,-28.0,-53.25,4,5.5,6.906058788542426,2.801619368784509,2.46502393062004,1.9631503341534193
A856,2021-04-07,-28.0,-53.25,4,7.9,9.33526349021465,4.326095606915217,2.1578957883622203,1.826127001763885
A856,2021-04-08,-28.0,-53.25,4,11.9,10.613830843244145,5.568641069941953,1.906000173100541,2.136966604695182
A856,2021-04-09,-28.0,-53.25,4,11.5,14.497400910185538,6.177528275283467,2.346796366467509,1.8615859754154347
A856,2021-04-10,-28.0,-53.25,4,11.1,12.760325872947947,5.3275849248752705,2.395142649602473,2.083495646999916
A856,2021-04-11,-28.0,-53.25,4,17.8,16.016423796125082,7.9111914788070905,2.0245273849117047,2.2499771428467588
A856,2021-04-12,-28.0,-53.25,4,10.5,7.08450300509289,5.485505176830999,1.291495090555295,1.9141354645600568
A856,2021-04-13,-28.0,-53.25,4,6.6,9.322078759856025,4.844809541282889,1.9241373020801082,1.3622826539951747
A856,2021-04-14,-28.0,-53.25,4,7.8,8.057514451444394,5.001129758965588,1.6111388505766298,1.5596475948293167
A856,2021-04-15,-28.0,-53.25,4,9.6,7.32413526585467,3.376615585091511,2.169075833859298,2.8430834834696843
A856,2021-04-16,-28.0,-53.25,4,9.0,7.779461417724759,3.765216272045747,2.0661393279005353,2.3903009414941385
A856,2021-04-17,-28.0,-53.25,4,6.5,9.34357625650769,4.86505498161998,1.9205489540832363,1.3360588985236117
A856,2021-04-18,-28.0,-53.25,4,9.3,10.178126823867114,5.326947354796962,1.9106865801295414,1.7458404186452623
A856,2021-04-19,-28.0,-53.25,4,7.5,8.414684028633898,5.257712323609351,1.6004458803971473,1.4264759154512563
A856,2021-04-20,-28.0,-53.25,4,6.7,7.871408953393394,4.889384216386979,1.609897812287288,1.3703157091939442
A856,2021-04-21,-28.0,-53.25,4,9.1,8.226806129777934,5.15606730297302,1.595558328929164,1.7649110194416748
A856,2021-04-22,-28.0,-53.25,4,10.3,9.405951798333588,5.105224619431199,1.8424168375536736,2.0175410031513126
A856,2021-04-23,-28.0,-53.25,4,8.0,8.96739255160091,3.8535132581239036,2.327069339309012,2.0760276309247288
A856,2021-04-24,-28.0,-53.25,4,10.5,9.492000328579937,3.886719852625868,2.4421622057908654,2.7015067712961613
A856,2021-04-25,-28.0,-53.25,4,6.7,8.09894841848501,4.364043056202377,1.855836047945131,1.5352735785861817
A856,2021-04-26,-28.0,-53.25,4,6.1,5.993492521983518,3.840616525617832,1.5605547916605282,1.5882866616105873
A856,2021-04-27,-28.0,-53.25,4,3.6,6.451960891840774,3.671111454006947,1.7574952361630383,0.9806294483570283
A856,2021-04-28,-28.0,-53.25,4,5.5,6.856633097225861,3.4498353347757105,1.987524745922878,1.5942789919732734
A856,2021-04-29,-28.0,-53.25,4,6.2,7.613451375054016,4.22499273953082,1.8020034221169998,1.4674581430614486
A856,2021-04-30,-28.0,-53.25,4,15.7,8.54993405360231,4.3123823593697415,1.9826474883483873,3.640679024179704
A856,2021-05-01,-28.0,-53.25,4,9.4,8.998651703891623,3.690601930651667,2.438261257372368,2.547009993662524
A856,2021-05-02,-28.0,-53.25,4,9.6,8.004138610358568,3.535859500929563,2.2637038061762107,2.715040005824948
A856,2021-05-03,-28.0,-53.25,4,12.3,12.48856078433704,5.469776824894081,2.2831938457706404,2.248720632260565
A856,2021-05-04,-28.0,-53.25,4,14.9,13.190682925848943,6.039604488704249,2.1840309163487794,2.467048964525272
A856,2021-05-05,-28.0,-53.25,4,7.8,11.917221899511864,5.362202148424508,2.2224492045704234,1.4546262494583035
A856,2021-05-06,-28.0,-53.25,4,10.7,9.319432116343803,5.522921662543913,1.6874097960772414,1.937380367454184
A856,2021-05-07,-28.0,-53.25,4,5.4,4.404957411819486,4.130033246555945,1.0665670586290805,1.3074955279120544
A856,2021-05-08,-28.0,-53.25,4,8.8,7.34681495438855,3.6952780742193467,1.9881629492634638,2.381417534283685
A856,2021-05-09,-28.0,-53.25,4,9.4,7.7601544988458535,4.137255672124779,1.87567680458589,2.272037491744479
A856,2021-05-10,-28.0,-53.25,4,5.8,7.888140906605609,3.238810142453412,2.4355058060397172,1.790781103212946
A856,2021-05-11,-28.0,-53.25,4,7.8,9.727736291454125,5.003226508103956,1.9442926031227374,1.5589939786587677
A856,2021-05-12,-28.0,-53.25,4,7.2,9.342909422940629,5.118869424482702,1.8251900269725663,1.4065605904232672
A856,2021-05-13,-28.0,-53.25,4,4.8,6.144866268803223,3.022905013789127,2.0327685589765867,1.5878765552025513
A856,2021-05-14,-28.0,-53.25,4,4.6,5.154673377718052,2.825248192677312,1.8245028493703022,1.628175539381857
A856,2021-05-15,-28.0,-53.25,4,3.4,4.461133032071351,2.328479059970094,1.9159000004615236,1.4601806210976482
A856,2021-05-16,-28.0,-53.25,4,0.0,5.0061263406180325,2.4371967706392854,2.0540509494048393,0.0
A856,2021-05-17,-28.0,-53.25,4,6.8,8.452112340011391,4.557135089980226,1.8546986589436538,1.4921655526409918
A856,2021-05-18,-28.0,-53.25,4,0.0,3.2738098259684234,2.5614070370052393,1.278129472852591,0.0
A856,2021-05-19,-28.0,-53.25,4,4.0,5.286203781671902,2.280670957304972,2.3178283411468152,1.7538698369390069
A856,2021-05-20,-28.0,-53.25,4,9.8,6.508409743079607,4.108541461789026,1.5841168462361288,2.3852746993412794
A856,2021-05-21,-28.0,-53.25,4,10.6,7.1756659280154125,3.5770869185013074,2.0060082663637937,2.9633051255128806
A856,2021-05-22,-28.0,-53.25,4,9.4,10.295862147605947,5.365032882629412,1.9190678552858986,1.7520861857966925
A856,2021-05-23,-28.0,-53.25,4,11.6,13.663879920021502,7.959688626605655,1.7166349792062598,1.4573434394439027
A856,2021-05-24,-28.0,-53.25,4,8.9,9.190067785157636,5.753301924140052,1.5973553806723395,1.546937761541219
A856,2021-05-25,-28.0,-53.25,4,4.9,6.105551779766825,2.7948400598256544,2.1845800292943047,1.7532309166577742
A856,2021-05-26,-28.0,-53.25,4,3.7,4.40069462886388,2.721813080110519,1.616824704466917,1.35938798554446
A856,2021-05-27,-28.0,-53.25,4,5.7,5.342292441604493,2.8417230228203936,1.879948326667776,2.005825322955924
A856,2021-05-28,-28.0,-53.25,4,15.8,16.086871506133214,7.201250808123888,2.2338996286569084,2.1940632844193786
A856,2021-05-29,-28.0,-53.25,4,30.5,10.075561576616602,4.013751734364896,2.5102602859942156,7.598875570420918
A856,2021-05-30,-28.0,-53.25,4,5.5,10.2520420652971,3.9255066382383696,2.611648128532489,1.4010930325335555
A856,2021-05-31,-28.0,-53.25,4,4.0,5.625381968953905,2.5889158197567173,2.1728717195148226,1.5450483053465538
A856,2021-06-01,-28.0,-53.25,4,7.0,10.948360288132303,3.716387028155277,2.945968814654592,1.8835497882669738
A856,2021-06-02,-28.0,-53.25,4,8.3,10.112280740951762,4.699790288212479,2.151645099210985,1.766036246514486
A856,2021-06-03,-28.0,-53.25,4,0.0,6.595570175787623,2.7862649589849404,2.3671726389547834,0.0
A856,2021-06-04,-28.0,-53.25,4,10.1,12.797497820270282,5.126043534200203,2.4965644038891344,1.9703305156529194
A856,2021-06-05,-28.0,-53.25,4,11.8,13.323223748672106,6.174396973084655,2.157817809050911,1.911117806554777
A856,2021-06-06,-28.0,-53.25,4,17.6,6.677665896491876,2.9453912494892798,2.26715751180756,5.975437050358514
A856,2021-06-07,-28.0,-53.25,4,5.9,6.3665849004751465,4.467362588325412,1.4251327879928495,1.3206897544915
A856,2021-06-08,-28.0,-53.25,4,10.8,7.8567485064840294,3.912371799467929,2.0081804361110374,2.760473838776971
A856,2021-06-09,-28.0,-53.25,4,8.0,12.25151058908324,4.286856132801596,2.8579243645101036,1.8661694612951119
A856,2021-06-10,-28.0,-53.25,4,9.7,12.460777847696006,4.4166858952173484,2.8212959090410483,2.196216853569718
A856,2021-06-11,-28.0,-53.25,4,7.0,5.4652548536529455,3.507324618448784,1.5582403821149904,1.9958232446405126
A856,2021-06-12,-28.0,-53.25,4,0.0,4.644603116603488,2.452960956932912,1.8934680160628896,0.0
A856,2021-06-13,-28.0,-53.25,4,3.5,6.6291087877799475,3.570871331228554,1.8564401158355965,0.9801529305722224
A856,2021-06-14,-28.0,-53.25,4,6.9,4.92773425979486,3.1256891030996514,1.5765273183785857,2.207513214656403
A856,2021-06-15,-28.0,-53.25,4,8.6,5.937337901208994,4.804232133098729,1.2358557489975848,1.790088355795789
A856,2021-06-16,-28.0,-53.25,4,7.7,9.609596123337873,5.391456343635477,1.7823748373075188,1.4281855419435454
A856,2021-06-17,-28.0,-53.25,4,4.4,7.277599205435257,4.541302305883339,1.6025357298955842,0.9688850694435649
A856,2021-06-18,-28.0,-53.25,4,5.1,6.932291582941891,4.008748877093917,1.7292905580973565,1.272217381622859
A856,2021-06-19,-28.0,-53.25,4,7.2,7.534687733181327,3.975422134822265,1.8953176487050454,1.8111284175163203
A856,2021-06-20,-28.0,-53.25,4,6.2,4.2183836022243195,4.457156186323211,0.946429388130583,1.3910214811463657
A856,2021-06-21,-28.0,-53.25,4,5.4,5.205672136402413,3.898276073812004,1.335378007569368,1.3852277000791036
A856,2021-06-22,-28.0,-53.25,4,9.2,2.9031787783727383,3.1747083887314225,0.91447100737741,2.897903956361868
A856,2021-06-23,-28.0,-53.25,4,10.0,9.747744076338966,5.86648877776856,1.6615976686563647,1.7045971412909966
A856,2021-06-24,-28.0,-53.25,4,17.3,25.792014664281467,9.498151365167129,2.715477325289776,1.821407064899475
A856,2021-06-25,-28.0,-53.25,4,6.8,7.400613059419921,3.6543269021420453,2.025164485170149,1.8608077991090686
A856,2021-06-26,-28.0,-53.25,4,15.5,17.7836829871416,6.651000064371247,2.6738359367047733,2.3304765975017765
A856,2021-06-27,-28.0,-53.25,4,11.1,13.704158583783213,5.352304426853931,2.5604221080971805,2.0738730675161814
A856,2021-06-28,-28.0,-53.25,4,6.8,7.7066467472279605,4.79952344907238,1.6057108229604442,1.416807329343137
A856,2021-06-29,-28.0,-53.25,4,30.1,14.832021022900069,6.106189025489184,2.4290143919532254,4.929424862930542
A856,2021-06-30,-28.0,-53.25,4,4.9,7.4788627464260236,3.667285271778856,2.039345780918298,1.3361382158370252
A856,2021-07-01,-28.0,-53.25,4,6.7,9.08706681334617,3.732411985169647,2.434636596777818,1.7950858658212858
A856,2021-07-02,-28.0,-53.25,4,9.3,10.158239708232063,3.7090767632772415,2.7387515429194065,2.507362503811533
A856,2021-07-03,-28.0,-53.25,4,0.5,4.606384406845556,2.7637650958083215,1.666706195049591,0.18091262559120078
A856,2021-07-04,-28.0,-53.25,4,7.3,8.40462532119229,3.3641423014906957,2.4982966141081753,2.169943880425413
A856,2021-07-05,-28.0,-53.25,4,5.2,6.313850371300965,3.0650707824229815,2.059936236222831,1.696535045722281
A856,2021-07-06,-28.0,-53.25,4,7.0,6.85662339905671,3.3878021733688226,2.0239149301443713,2.06623635081951
A856,2021-07-07,-28.0,-53.25,4,10.5,10.433379506494266,5.328661792076916,1.9579736739921185,1.9704759674581422
A856,2021-07-08,-28.0,-53.25,4,0.0,5.733851618328668,2.8790594635039817,1.9915710984830577,0.0
A856,2021-07-09,-28.0,-53.25,4,7.9,8.377858815508027,4.046122578823699,2.0705894723396305,1.9524865710560635
A856,2021-07-10,-28.0,-53.25,4,9.3,7.474210148013852,3.6123169602672642,2.0690903456768805,2.574524910823972
A856,2021-07-11,-28.0,-53.25,4,9.4,8.463455368186455,4.0175947331320305,2.1065975864590323,2.3397083639324574
A856,2021-07-12,-28.0,-53.25,4,10.2,9.077538900820375,4.411619525886979,2.0576431960086787,2.312076084564259
A856,2021-07-13,-28.0,-53.25,4,9.1,9.277546299187327,4.30920126093532,2.152961938281253,2.1117602657585843
A856,2021-07-14,-28.0,-53.25,4,11.0,11.284869015994346,4.9051636542224815,2.3006100940750596,2.242534760390907
A856,2021-07-15,-28.0,-53.25,4,11.1,13.82901393412773,4.40156912382724,3.1418372732729374,2.5218279408385977
A856,2021-07-16,-28.0,-53.25,4,5.8,6.300617016613117,3.904883718087427,1.6135223149997142,1.4853195174889309
A856,2021-07-17,-28.0,-53.25,4,8.4,8.477162894623714,4.975667082285855,1.7037238935867967,1.6882158434404304
A856,2021-07-18,-28.0,-53.25,4,11.6,14.215657309154965,7.473233817718968,1.9022096265006152,1.5522062179422926
A856,2021-07-19,-28.0,-53.25,4,6.6,6.516706067333089,4.948810892646635,1.3168226082383077,1.3336537085720617
A856,2021-07-20,-28.0,-53.25,4,2.6,4.905832643495348,2.5911666613539226,1.8932910478757004,1.0034090198742607
A856,2021-07-21,-28.0,-53.25,4,3.9,4.968831551252609,2.717112898272056,1.8287173692386982,1.4353470562375965
A856,2021-07-22,-28.0,-53.25,4,6.4,6.450694620224833,3.095495123824879,2.0838975227504726,2.0675206207697023
A856,2021-07-23,-28.0,-53.25,4,10.8,8.247001245684178,3.7991475018837915,2.1707504753618903,2.8427430086999426
A856,2021-07-24,-28.0,-53.25,4,11.9,10.420911262580212,5.318924256810375,1.9592140740183,2.2372945026925675
A856,2021-07-25,-28.0,-53.25,4,13.6,12.727397347625072,6.308680229140499,2.017442140883255,2.155759922206879
A856,2021-07-26,-28.0,-53.25,4,16.3,14.422274650238151,6.5049204520486805,2.2171331312277545,2.5057954390305306
A856,2021-07-27,-28.0,-53.25,4,13.6,18.525499441504063,6.891874995144549,2.688020234632174,1.9733381713367475
A856,2021-07-28,-28.0,-53.25,4,11.4,18.237992684273173,8.369884116380195,2.179001815399176,1.362026025866923
A856,2021-07-29,-28.0,-53.25,4,5.9,8.032700994340647,5.402030425737022,1.4869781103176054,1.0921819269825823
A856,2021-07-30,-28.0,-53.25,4,6.6,5.751093446386433,3.216004162287477,1.7882730109079832,2.0522361498766086
A856,2021-07-31,-28.0,-53.25,4,6.9,6.701383728985059,3.173363075994526,2.1117607939913583,2.1743493684023387
A856,2021-08-01,-28.0,-53.25,4,2.9,5.69219791368889,2.8401740282933376,2.0041722292310853,1.02106419223283
A856,2021-08-02,-28.0,-53.25,4,2.6,5.861408291856182,3.163403361630806,1.8528804650553616,0.8218996134149776
A856,2021-08-03,-28.0,-53.25,4,4.6,7.676636365561402,3.8271957083605828,2.005812336377688,1.201924424703762
A856,2021-08-04,-28.0,-53.25,4,4.1,7.157366112455408,4.113974804525133,1.7397690682458047,0.9966030894234543
A856,2021-08-05,-28.0,-53.25,4,8.6,8.06154879438264,4.871573483182495,1.6548141626545274,1.7653433802627982
A856,2021-08-06,-28.0,-53.25,4,8.8,7.848128787692611,5.326754764574651,1.4733414873698047,1.6520377582471066
A856,2021-08-07,-28.0,-53.25,4,13.2,8.441482542852494,5.471963383808183,1.5426789162791676,2.4122968437726517
A856,2021-08-08,-28.0,-53.25,4,9.9,9.974517257624543,4.44857634057149,2.242181878875694,2.2254310687468584
A856,2021-08-09,-28.0,-53.25,4,12.8,12.789602520821417,6.1021128355652845,2.0959301909789447,2.097634105583405
A856,2021-08-10,-28.0,-53.25,4,6.7,8.855136972172653,4.488017276687309,1.9730621399721524,1.4928641283986763
A856,2021-08-11,-28.0,-53.25,4,9.0,7.105355953726049,5.017336777343871,1.4161608576507703,1.7937803259769443
A856,2021-08-12,-28.0,-53.25,4,7.6,8.664381366305705,5.273274995322128,1.6430740619428714,1.4412295976868053
A856,2021-08-13,-28.0,-53.25,4,6.7,7.36665684478979,5.030117167315544,1.464509990474278,1.331976925614167
A856,2021-08-14,-28.0,-53.25,4,6.1,5.7413155353393615,3.6942604375117996,1.5541177002686681,1.6512100603574504
A856,2021-08-15,-28.0,-53.25,4,5.0,4.489685146094709,2.7557902634982567,1.629182454689208,1.8143615884805753
A856,2021-08-16,-28.0,-53.25,4,7.4,5.828857939101594,3.129343084085638,1.8626458596835913,2.364713552065578
A856,2021-08-17,-28.0,-53.25,4,9.2,10.727315537458537,4.517929308127477,2.374387646606324,2.0363311093535184
A856,2021-08-18,-28.0,-53.25,4,13.3,13.5460745569808,6.763767073773999,2.002741136593052,1.966359848725388
A856,2021-08-19,-28.0,-53.25,4,13.5,16.47529667867631,7.098106662809696,2.3210832777419514,1.9019156292385435
A856,2021-08-20,-28.0,-53.25,4,13.0,11.950623458287435,6.586647597625437,1.8143711624401726,1.9736899245507913
A856,2021-08-21,-28.0,-53.25,4,12.7,9.54615724725451,5.896917473590191,1.6188385355582346,2.1536675825764813
A856,2021-08-22,-28.0,-53.25,4,15.1,18.411558563072315,7.364221042278337,2.5001366006493693,2.050454476218217
A856,2021-08-23,-28.0,-53.25,4,12.6,14.655463756533837,5.487753525172255,2.6705761636905545,2.29602148533165
A856,2021-08-24,-28.0,-53.25,4,22.6,13.12645559453304,6.271761530585416,2.0929455832335826,3.6034533344080257
A856,2021-08-25,-28.0,-53.25,4,17.4,10.67923748774072,5.1983897503591345,2.0543356694258903,3.3471903484724104
A856,2021-08-26,-28.0,-53.25,4,13.5,10.97833927071172,6.4407978764216764,1.7044998898197021,2.0960136087208214
A856,2021-08-27,-28.0,-53.25,4,5.2,5.074208729197426,3.62696691168541,1.3990226138676018,1.433704835642854
A856,2021-08-28,-28.0,-53.25,4,10.6,8.045225112210119,5.363132045755788,1.500098271601732,1.9764570235387926
A856,2021-08-29,-28.0,-53.25,4,4.9,7.88613944167545,5.059487559270032,1.5586834337059303,0.968477527140507
A856,2021-08-30,-28.0,-53.25,4,7.9,8.1150087858668,4.552312134884918,1.7826125593806514,1.7353818819806632
A856,2021-08-31,-28.0,-53.25,4,9.2,9.975717986435011,5.123287079700288,1.947132345162003,1.795722132466994
A856,2021-09-01,-28.0,-53.25,4,11.3,8.70937855086835,5.093008303712688,1.7100656491212491,2.218727974930368
A856,2021-09-02,-28.0,-53.25,4,11.9,12.180789354657595,5.6923215902757995,2.139863175591845,2.0905354364252338
A856,2021-09-03,-28.0,-53.25,4,6.7,6.269845377790066,4.196729387277842,1.4939837190352951,1.596481302871395
A856,2021-09-04,-28.0,-53.25,4,9.9,9.836900445208048,4.701198421724446,2.092424008259531,2.10584602305907
A856,2021-09-05,-28.0,-53.25,4,12.4,9.091708574805084,5.121584666559954,1.7751749051747623,2.4211256490520507
A856,2021-09-06,-28.0,-53.25,4,7.6,8.847728353652268,3.9692663363803713,2.229058874824871,1.914711524984374
A856,2021-09-07,-28.0,-53.25,4,14.3,13.040215581427628,6.394972675082945,2.039135465306502,2.236131524958318
A856,2021-09-08,-28.0,-53.25,4,12.8,16.447491424846486,7.475525766777728,2.200178547700473,1.7122541476460391
A856,2021-09-09,-28.0,-53.25,4,11.8,9.408722953646302,6.7349827278989025,1.3969928853227394,1.7520460670403561
A856,2021-09-10,-28.0,-53.25,4,8.3,7.4476189042677206,4.572754296095547,1.6286943102599851,1.8150986172790802
A856,2021-09-11,-28.0,-53.25,4,6.4,5.079749035797407,2.386889475106721,2.1281877894954833,2.6813139304298317
A856,2021-09-12,-28.0,-53.25,4,11.0,12.375826639644297,5.192045508354393,2.383612897793492,2.1186254978505428
A856,2021-09-13,-28.0,-53.25,4,18.8,20.9182991015387,8.05718365943031,2.5962296486881558,2.333321517127893
A856,2021-09-14,-28.0,-53.25,4,18.8,15.164487118243194,5.374640005540826,2.8214889002072354,3.4979086935345807
A856,2021-09-15,-28.0,-53.25,4,9.9,11.33855856221092,5.748024146223514,1.9726010666918337,1.7223309694174405
A856,2021-09-16,-28.0,-53.25,4,7.0,4.947873609533971,4.373397992372348,1.1313568118345432,1.6005860916863075
A856,2021-09-17,-28.0,-53.25,4,10.1,12.193011275970068,3.6352228372461814,3.3541303578535877,2.778371630073476
A856,2021-09-18,-28.0,-53.25,4,9.4,7.72556757465768,3.7836832219519114,2.0418114100662597,2.484351741039982
A856,2021-09-19,-28.0,-53.25,4,7.6,9.47397171163264,3.751091978966054,2.5256569992837212,2.02607668450051
A856,2021-09-20,-28.0,-53.25,4,13.1,16.449343320185132,6.029552398559221,2.728120137759438,2.1726322509661387
A856,2021-09-21,-28.0,-53.25,4,13.6,12.376882644320954,6.48748057617021,1.907810358582602,2.096345390220584
A856,2021-09-22,-28.0,-53.25,4,13.6,11.520971108388403,6.697632425972073,1.7201557767954527,2.030568286677234
A856,2021-09-23,-28.0,-53.25,4,9.1,12.554838704684327,5.71899384988155,2.1952880234246726,1.5911889816402716
A856,2021-09-24,-28.0,-53.25,4,5.3,6.705210228679424,4.021491716901804,1.6673440356717142,1.3179189149451167
A856,2021-09-25,-28.0,-53.25,4,7.1,6.593262934634245,4.013553420172845,1.6427495150544935,1.7690059796673234
A856,2021-09-26,-28.0,-53.25,4,5.0,5.431384342018087,2.72104018832663,1.9960691375742778,1.8375325809042429
A856,2021-09-27,-28.0,-53.25,4,7.2,7.323825488287135,3.7061665836286424,1.9761188071358915,1.942708142641178
A856,2021-09-28,-28.0,-53.25,4,9.6,12.102942483177499,6.068513783443223,1.9943832897270595,1.5819359307037846
A856,2021-09-29,-28.0,-53.25,4,7.4,9.983199779226904,5.33830537104677,1.8701065385604443,1.386207698071225
A856,2021-09-30,-28.0,-53.25,4,11.7,11.06189096604705,6.693893372512951,1.6525346835475976,1.747861722453417
A856,2021-10-01,-28.0,-53.25,4,15.4,11.546479157522118,4.992419716836966,2.3128021705750315,3.084676544334485
A856,2021-10-02,-28.0,-53.25,4,8.4,7.981601698834524,4.131449719725892,1.9319130669134892,2.0331846131137987
A856,2021-10-03,-28.0,-53.25,4,17.6,5.757527685007127,4.229903284193446,1.361148777685343,4.16085163596263
A856,2021-10-04,-28.0,-53.25,4,8.7,9.72532119798905,4.786387049876671,2.0318710327113303,1.817654926219176
A856,2021-10-05,-28.0,-53.25,4,5.8,6.252099362557633,3.2710628989928985,1.9113357204114119,1.773123959733613
A856,2021-10-06,-28.0,-53.25,4,6.7,10.59941660920044,5.773047994300831,1.8360174070377058,1.1605654424862324
A856,2021-10-07,-28.0,-53.25,4,9.7,10.075444490050433,5.99831171834524,1.679713386557702,1.617121692814582
A856,2021-10-08,-28.0,-53.25,4,8.7,14.143061317225332,5.256895879256336,2.690382621621578,1.6549690539487611
A856,2021-10-09,-28.0,-53.25,4,9.4,14.087888370749516,4.819779856314097,2.922931916131779,1.95029654470331
A856,2021-10-10,-28.0,-53.25,4,8.2,9.247048419813403,4.778241780317115,1.9352407946170753,1.716112406403971
A856,2021-10-11,-28.0,-53.25,4,11.9,9.842150747308962,5.450420395944905,1.8057599290196937,2.18331782422757
A856,2021-10-12,-28.0,-53.25,4,8.0,7.707030469295892,3.027306384848147,2.5458376158653944,2.6426132617565528
A856,2021-10-13,-28.0,-53.25,4,11.2,13.467522086382584,6.093548267797257,2.210128072268627,1.8380095648358035
A856,2021-10-14,-28.0,-53.25,4,14.3,35.942853390624904,11.791062869786044,3.0483132680707272,1.2127829490794229
A856,2021-10-15,-28.0,-53.25,4,17.9,24.69233490696674,6.930926407954018,3.5626312347840696,2.5826273352805673
A856,2021-10-16,-28.0,-53.25,4,9.6,12.393956228536052,7.111904074815714,1.742705764610191,1.3498494775815375
A856,2021-10-17,-28.0,-53.25,4,7.0,5.880378991972594,5.981070912866254,0.9831649010084373,1.1703589711571325
A856,2021-10-18,-28.0,-53.25,4,7.1,8.847549110592965,4.828279835531441,1.8324433156263258,1.4705030035233064
A856,2021-10-19,-28.0,-53.25,4,7.2,6.731549161303895,5.124169736721704,1.313685827591368,1.4051056795410435
A856,2021-10-20,-28.0,-53.25,4,6.1,7.37886961166318,4.943851035034532,1.4925347789350694,1.2338559468666095
A856,2021-10-21,-28.0,-53.25,4,9.6,9.461044140355888,3.909296965078711,2.4201395352848043,2.4556845094541724
A856,2021-10-22,-28.0,-53.25,4,8.1,7.4685224718621335,3.494768209280665,2.137058032068855,2.3177502812603525
A856,2021-10-23,-28.0,-53.25,4,18.3,14.300887336340015,6.637688333149336,2.1544981654109656,2.7569839199300477
A856,2021-10-24,-28.0,-53.25,4,9.5,13.416280676184627,6.31275157662105,2.1252666944587415,1.5048905195608775
A856,2021-10-25,-28.0,-53.25,4,9.9,8.932682168267746,4.440141265007758,2.011801344850261,2.22965878991751
A856,2021-10-26,-28.0,-53.25,4,5.6,6.672498342280812,2.741514664839033,2.4338729344979027,2.0426664397685435
A856,2021-10-27,-28.0,-53.25,4,8.8,9.045386904978695,4.62230926657039,1.9568978152104675,1.9038103018427686
A856,2021-10-28,-28.0,-53.25,4,8.1,10.37010889940572,5.409223124057136,1.9171161295390824,1.4974423894580766
A856,2021-10-29,-28.0,-53.25,4,9.5,13.373564252513976,5.554927002730458,2.407513950397613,1.7101934904509797
A856,2021-10-30,-28.0,-53.25,4,11.9,12.691660812993444,5.0401849343321015,2.518094272006167,2.3610244772847655
A856,2021-10-31,-28.0,-53.25,4,8.4,11.374041080620941,3.6962078746335147,3.077218994818763,2.272599454605316
A856,2021-11-01,-28.0,-53.25,4,8.2,8.741283306891756,4.2609782365844415,2.051473352255064,1.924440714011494
A856,2021-11-02,-28.0,-53.25,4,8.0,7.94649754812927,3.419130859976101,2.3241279358886002,2.339775904352464
A856,2021-11-03,-28.0,-53.25,4,7.9,10.69231467431016,4.196403214675522,2.5479712332974467,1.8825645668110211
A856,2021-11-04,-28.0,-53.25,4,6.1,7.547242673002184,2.9669209826944463,2.5437963184810073,2.056003525398984
A856,2021-11-05,-28.0,-53.25,4,10.6,7.653103594728984,4.251539652281135,1.8000781412500204,2.4932144274633874
A856,2021-11-06,-28.0,-53.25,4,9.2,12.151811129527138,6.161361338232897,1.972260749279854,1.4931765067748155
A856,2021-11-07,-28.0,-53.25,4,8.2,11.558842588193366,6.611145656728683,1.7483872218771983,1.240329653250676
A856,2021-11-08,-28.0,-53.25,4,8.6,8.069406761237246,4.60267037966277,1.753201097539485,1.8684805320840956
A856,2021-11-09,-28.0,-53.25,4,8.3,9.036318716412866,5.575695326462296,1.6206622111374027,1.4886035757025913
A856,2021-11-10,-28.0,-53.25,4,8.5,10.936446902951829,6.811385930153453,1.605612575046888,1.247910496800833
A856,2021-11-11,-28.0,-53.25,4,9.5,10.711754805495321,6.93467045097131,1.5446667410121806,1.3699281122536076
A856,2021-11-12,-28.0,-53.25,4,8.9,9.045651168801147,5.972696095104331,1.5145004910287736,1.4901143232944847
A856,2021-11-13,-28.0,-53.25,4,11.9,8.65701695151541,5.055279173531071,1.7124705984276143,2.3539748432306555
A856,2021-11-14,-28.0,-53.25,4,12.0,12.492719694449983,6.098084275386056,2.0486302140616277,1.9678311184442112
A856,2021-11-15,-28.0,-53.25,4,9.6,9.892017891293234,5.049335740966048,1.9590731135261517,1.9012401813794444
A856,2021-11-16,-28.0,-53.25,4,10.7,11.266735571672372,5.515968622906021,2.0425670162236402,1.9398224920218698
A856,2021-11-17,-28.0,-53.25,4,8.1,8.996968117319163,4.942491081166892,1.820330673251318,1.6388496948157645
A856,2021-11-18,-28.0,-53.25,4,6.2,8.00840023173171,4.748484214690887,1.6865171852009693,1.3056798169020771
A856,2021-11-19,-28.0,-53.25,4,8.5,7.8074667191915115,4.597144513467928,1.6983296253399323,1.8489738521593466
A856,2021-11-20,-28.0,-53.25,4,7.5,8.311510709516886,4.452461088301574,1.8667228179387363,1.6844616609240113
A856,2021-11-21,-28.0,-53.25,4,7.0,7.020673099475324,3.2055636707724227,2.190152441359432,2.1837033105361026
A856,2021-11-22,-28.0,-53.25,4,10.6,9.281417624986599,4.094219392711309,2.2669565879908014,2.5890161184011142
A856,2021-11-23,-28.0,-53.25,4,9.7,9.363882754686715,5.150715394321785,1.8179771231409096,1.8832335427993954
A856,2021-11-24,-28.0,-53.25,4,8.4,8.572484203333447,5.171369923956131,1.6576814904735035,1.6243278132332772
A856,2021-11-25,-28.0,-53.25,4,17.1,16.00856218903319,6.625902743971971,2.416057525685425,2.580780409968592
A856,2021-11-26,-28.0,-53.25,4,12.0,11.56036149769774,7.085923397030854,1.6314544837644966,1.6934984091174687
A856,2021-11-27,-28.0,-53.25,4,7.1,7.245325069070912,4.2113825801347415,1.7204148355571867,1.6859071492319366
A856,2021-11-28,-28.0,-53.25,4,8.7,7.798895850900135,4.125341174279263,1.8904850584297863,2.1089164828942843
A856,2021-11-29,-28.0,-53.25,4,13.0,14.402607476198636,7.413915273197073,1.9426452751985466,1.7534594773422683
A856,2021-11-30,-28.0,-53.25,4,8.8,8.939678803464453,4.794347389640663,1.8646289217132601,1.8354948619314717
A856,2021-12-01,-28.0,-53.25,4,7.0,8.336628119371477,3.509243397749556,2.3756198058868407,1.9947319711391442
A856,2021-12-02,-28.0,-53.25,4,8.4,9.920840911929151,6.281566359883819,1.5793578135681179,1.3372460814304543
A856,2021-12-03,-28.0,-53.25,4,7.9,12.820123527752472,7.111996537840076,1.8026054230400346,1.1107991909117607
A856,2021-12-04,-28.0,-53.25,4,9.4,10.110585988603454,5.39653399245674,1.8735332720475777,1.7418587584437148
A856,2021-12-05,-28.0,-53.25,4,10.0,8.82376471233189,5.538093541012635,1.5932856039694978,1.8056755318313946
A856,2021-12-06,-28.0,-53.25,4,12.3,9.9916271983016,7.100432342874974,1.4071857481084,1.7322888813020807
A856,2021-12-07,-28.0,-53.25,4,10.5,8.801059506539936,6.791863743923667,1.2958239208514442,1.5459674098135159
A856,2021-12-08,-28.0,-53.25,4,10.4,9.308000010133817,5.84233646732949,1.593198211397857,1.7801097314673835
A856,2021-12-09,-28.0,-53.25,4,7.7,8.433697938066729,5.712073488769377,1.4764687384797117,1.3480218724669992
A856,2021-12-10,-28.0,-53.25,4,8.7,9.295256212803354,6.152490375868137,1.51081198749405,1.414061537442454
A856,2021-12-11,-28.0,-53.25,4,9.8,9.695806979772787,5.54289031968771,1.7492330572254684,1.7680306545470557
A856,2021-12-12,-28.0,-53.25,4,13.0,8.608193332605131,3.436511698430698,2.5049218766041474,3.7829057895937095
A856,2021-12-13,-28.0,-53.25,4,9.7,11.417359667185211,4.670112088717827,2.4447720847573557,2.0770379416445914
A856,2021-12-14,-28.0,-53.25,4,9.7,11.33917945849988,4.052587809641334,2.7980095660168876,2.393532344178491
A856,2021-12-15,-28.0,-53.25,4,10.3,11.66846187441081,5.659361212030906,2.0617983968942477,1.8199933904384529
A856,2021-12-16,-28.0,-53.25,4,10.4,9.57640487285131,5.511320407818296,1.737588121217981,1.8870251102161797
A856,2021-12-17,-28.0,-53.25,4,9.3,10.78377427853864,6.141247230425335,1.7559583377645211,1.5143503674506678
A856,2021-12-18,-28.0,-53.25,4,8.6,9.959918261790438,6.568411109891005,1.5163360050335994,1.3092968537017633
A856,2021-12-19,-28.0,-53.25,4,18.4,11.73509276999188,5.659161093412237,2.073645294114805,3.2513652988990227
A856,2021-12-20,-28.0,-53.25,4,12.1,9.882465902479467,4.393708370837856,2.249231188868126,2.7539378990901477
A856,2021-12-21,-28.0,-53.25,4,8.3,8.769796479262814,4.228037954313385,2.074200036524268,1.963085499630498
A856,2021-12-22,-28.0,-53.25,4,14.3,12.004513906217555,6.351647396040079,1.8899843076461935,2.251384421766754
A856,2021-12-23,-28.0,-53.25,4,10.4,12.510226894428024,6.437689975301762,1.943278869038986,1.615486306407992
A856,2021-12-24,-28.0,-53.25,4,8.9,12.077355666349373,6.404562565727246,1.8857424753688816,1.3896343284436936
A856,2021-12-25,-28.0,-53.25,4,9.2,9.488834042503925,4.589060019936718,2.0677075482300564,2.0047678522467582
A856,2021-12-26,-28.0,-53.25,4,11.7,6.8604234768975045,4.794309522044385,1.4309513070345299,2.440393125684321
A856,2021-12-27,-28.0,-53.25,4,9.3,9.700021790346243,5.331579083922059,1.8193525103280723,1.744323746044607
A856,2021-12-28,-28.0,-53.25,4,8.5,9.814790226720088,6.308839038901769,1.55572050042802,1.34731603510361
A856,2021-12-29,-28.0,-53.25,4,8.9,12.39002671960588,7.267829446834866,1.7047767576606694,1.224574691124039
A856,2021-12-30,-28.0,-53.25,4,11.6,12.773703464878558,6.060188659380693,2.1078062388546064,1.9141318285601747
A856,2021-12-31,-28.0,-53.25,4,9.7,8.631012329671233,3.686908263842875,2.3409891735887953,2.63093066218297
A856,2022-01-01,-28.0,-53.25,4,8.0,8.746801127508947,4.2561515441770625,2.0550962616628734,1.8796323197055758
A856,2022-01-02,-28.0,-53.25,4,13.1,10.270783951604265,5.930215115081043,1.7319412116239739,2.2090261054250093
A856,2022-01-03,-28.0,-53.25,4,12.7,13.24567768316806,5.321866555301377,2.488915786506029,2.386380768482234
A856,2022-01-04,-28.0,-53.25,4,11.2,9.718223877531607,3.469430283428555,2.801100781286742,3.228195722362795
A856,2022-01-05,-28.0,-53.25,4,12.0,14.175437370825613,6.5834426271188144,2.1531952465771496,1.8227545495071313
A856,2022-01-06,-28.0,-53.25,4,9.1,12.107636230187879,6.648619755705667,1.8210751516955728,1.3687051349553603
A856,2022-01-07,-28.0,-53.25,4,9.2,9.508244153506698,5.51760984263967,1.7232541670539496,1.6673886451526705
A856,2022-01-08,-28.0,-53.25,4,8.0,8.328285082088636,5.705764492699118,1.4596265045192798,1.4020908171440478
A856,2022-01-09,-28.0,-53.25,4,9.7,8.541105358333295,5.418784309981743,1.5762032348473511,1.7900694039679688
A856,2022-01-10,-28.0,-53.25,4,8.3,7.8905952043784895,3.9325480283936955,2.006484128714256,2.1105908790108923
A856,2022-01-11,-28.0,-53.25,4,6.7,8.30580206950231,3.866354114299138,2.148225905843578,1.7328986952387633
A856,2022-01-12,-28.0,-53.25,4,9.8,7.340789633310605,4.3586498340671715,1.6841888916918843,2.248402687319197
A856,2022-01-13,-28.0,-53.25,4,9.6,8.717338290165593,4.89303685569938,1.781580345141216,1.9619717331207054
A856,2022-01-14,-28.0,-53.25,4,11.9,12.689742513973977,5.27612422481335,2.4051258031974965,2.2554434833120287
A856,2022-01-15,-28.0,-53.25,4,13.5,13.316710647119425,4.980578535520174,2.673727670821402,2.710528486544596
A856,2022-01-16,-28.0,-53.25,4,14.1,18.895467882241878,6.439826708501899,2.934157817833198,2.189499910204896
A856,2022-01-17,-28.0,-53.25,4,14.9,13.502796293994415,6.084324795079923,2.219276049318311,2.4489159441404005
A856,2022-01-18,-28.0,-53.25,4,13.7,13.09643811573162,5.524542558041174,2.370592312058358,2.479843327491278
A856,2022-01-19,-28.0,-53.25,4,11.8,13.449994258789314,5.1455714650704865,2.6138970860848922,2.2932341101666847
A856,2022-01-20,-28.0,-53.25,4,10.1,11.815828336020134,4.165056045945928,2.8368953996480104,2.4249373570448998
A856,2022-01-21,-28.0,-53.25,4,12.0,10.606316077091178,4.644308268960026,2.283723530579978,2.583807814869079
A856,2022-01-22,-28.0,-53.25,4,10.4,11.415424803226559,4.104607416877577,2.781124634791604,2.533738051838196
A856,2022-01-23,-28.0,-53.25,4,10.2,10.229026819954493,4.528918881011693,2.2586023483091138,2.2521931321767177
A856,2022-01-24,-28.0,-53.25,4,15.9,8.613909368524077,4.4210182926395625,1.9483993954209937,3.596456505613536
A856,2022-01-25,-28.0,-53.25,4,13.8,11.646992198752786,4.242604576610454,2.745245753743547,3.252718878417192
A856,2022-01-26,-28.0,-53.25,4,23.4,13.414858009624297,6.047100589688628,2.2183950491081617,3.8696230785214856
A856,2022-01-27,-28.0,-53.25,4,12.8,16.925516044805065,7.630198585026443,2.2182274623913223,1.6775448053368902
A856,2022-01-28,-28.0,-53.25,4,9.8,12.937620158440295,6.758228288280594,1.9143508633579824,1.4500841909993076
A856,2022-01-29,-28.0,-53.25,4,8.6,8.654096432059223,5.769797699470765,1.4998959899153865,1.4905201963647416
A856,2022-01-30,-28.0,-53.25,4,9.3,8.688362541514246,4.696250669564771,1.850063625824183,1.980303151250205
A856,2022-01-31,-28.0,-53.25,4,10.0,9.214443463149125,4.483654243029286,2.055119097881995,2.230323628443685
A856,2022-02-01,-28.0,-53.25,4,7.6,8.338322045512042,3.2006522876189054,2.6051945966661867,2.3745159789456376
A856,2022-02-02,-28.0,-53.25,4,10.8,10.538145339247771,4.786808250986157,2.201497278917899,2.256200673543803
A856,2022-02-03,-28.0,-53.25,4,12.0,13.807318968777695,5.568675996930921,2.4794617205934335,2.154910791472442
A856,2022-02-04,-28.0,-53.25,4,9.7,8.908356559982488,4.927631720912117,1.8078373272452122,1.9684912650502429
A856,2022-02-05,-28.0,-53.25,4,8.9,10.525888166021193,4.703240789730888,2.238007500913741,1.8923122157454424
A856,2022-02-06,-28.0,-53.25,4,8.0,9.172064686668111,4.9935336272777,1.8367884090265754,1.6020719188310182
A856,2022-02-07,-28.0,-53.25,4,8.6,7.3841468760672555,3.9473260637650673,1.8706706151921118,2.178690045128191
A856,2022-02-08,-28.0,-53.25,4,7.4,6.772609108947123,3.2302375495080016,2.0966288098467127,2.2908531916258283
A856,2022-02-09,-28.0,-53.25,4,6.4,6.182753929071657,3.7805001408412244,1.6354327995596611,1.6928977017775997
A856,2022-02-10,-28.0,-53.25,4,11.7,9.459452814138322,5.492076552612256,1.7223818210689397,2.1303417546929495
A856,2022-02-11,-28.0,-53.25,4,9.4,11.232520827798542,4.461649466831686,2.5175713402189346,2.1068441323955343
A856,2022-02-12,-28.0,-53.25,4,11.1,10.578952169740349,4.4398916068766825,2.382705053734925,2.5000610336540365
A856,2022-02-13,-28.0,-53.25,4,8.7,10.799467457075087,5.571011414701499,1.9385110984651848,1.561655389368136
A856,2022-02-14,-28.0,-53.25,4,6.6,6.79992178330036,3.218294313417944,2.1128961869489804,2.0507757704081957
A856,2022-02-15,-28.0,-53.25,4,6.2,7.062483562836319,3.603324205236572,1.9599911527729545,1.7206334059504775
A856,2022-02-16,-28.0,-53.25,4,9.1,7.190142504228685,4.020680170670972,1.788290089989623,2.263298649412691
A856,2022-02-17,-28.0,-53.25,4,9.0,9.062471727247877,6.309446500657326,1.4363338727578936,1.4264325720270976
A856,2022-02-18,-28.0,-53.25,4,7.4,7.246189461679449,5.730185546524879,1.2645645420808342,1.291406698773968
A856,2022-02-19,-28.0,-53.25,4,10.2,11.624386877532785,5.907674948692954,1.9676754355120079,1.7265675732983081
A856,2022-02-20,-28.0,-53.25,4,14.9,11.25219859479508,5.454610726027384,2.0628783904053414,2.7316339787370554
A856,2022-02-21,-28.0,-53.25,4,10.3,11.404130360858018,4.252931090118186,2.681475462265509,2.4218591323833962
A856,2022-02-22,-28.0,-53.25,4,9.7,10.370436341440936,4.302739396099922,2.410193922234956,2.2543777596180354
A856,2022-02-23,-28.0,-53.25,4,6.2,6.656888021731403,3.8621211957507064,1.7236351953573168,1.6053354324617108
A856,2022-02-24,-28.0,-53.25,4,10.6,8.982377425746373,4.725020319720766,1.9010240841201722,2.2433765958124865
A856,2022-02-25,-28.0,-53.25,4,12.2,10.81861484127089,4.3649270383654395,2.478532801620941,2.795006627320077
A856,2022-02-26,-28.0,-53.25,4,5.9,7.13332501575678,2.0285613477988216,3.5164452992743374,2.90846515753741
A856,2022-02-27,-28.0,-53.25,4,10.5,14.701231493546477,5.122308572099703,2.8700401950834142,2.0498569838591174
A856,2022-02-28,-28.0,-53.25,4,16.0,15.612540467233957,4.0670158839523545,3.838819643866643,3.9340883971299094
A856,2022-03-01,-28.0,-53.25,4,6.1,11.188869600058842,4.595128370638189,2.434941681184173,1.3274928376272561
A856,2022-03-02,-28.0,-53.25,4,6.9,12.365570556370129,4.478131345478743,2.7613237760108986,1.540821263977987
A856,2022-03-03,-28.0,-53.25,4,5.1,5.727599063270365,2.2059381821717188,2.5964458612487564,2.3119414864922065
A856,2022-03-04,-28.0,-53.25,4,11.0,11.57365573372056,4.212505127655576,2.747452022725905,2.611272785826122
A856,2022-03-05,-28.0,-53.25,4,13.8,12.046916668226224,4.298366149718712,2.802673445819543,3.210522212237104
A856,2022-03-06,-28.0,-53.25,4,12.6,13.353709652801774,5.490769087907641,2.432028999764485,2.2947604968034563
A856,2022-03-07,-28.0,-53.25,4,15.9,13.238346047109113,5.940304919509302,2.2285633863055407,2.67663027663459
A856,2022-03-08,-28.0,-53.25,4,13.9,11.987337302577785,5.0157022236521325,2.3899619172067452,2.7712968952688057
A856,2022-03-09,-28.0,-53.25,4,7.8,10.89007469985914,4.484595340938902,2.4283293969571793,1.7392873619600604
A856,2022-03-10,-28.0,-53.25,4,7.9,14.068790722520221,5.118836311820491,2.748435360207234,1.5433195200552137
A856,2022-03-11,-28.0,-53.25,4,10.7,13.83653899816759,5.331578030664414,2.5952051941446124,2.0069105128836653
A856,2022-03-12,-28.0,-53.25,4,8.9,9.579340037834228,7.139636193924217,1.341712627596653,1.2465621158083435
A856,2022-03-13,-28.0,-53.25,4,7.8,10.724255261439254,4.954813508881682,2.1644114843506497,1.574226756671713
A856,2022-03-14,-28.0,-53.25,4,5.8,6.219922249617646,3.613217911358444,1.721435684812924,1.6052173276810204
A856,2022-03-15,-28.0,-53.25,4,7.4,7.711297510660997,4.719930029995579,1.6337736919096277,1.5678198517716018
A856,2022-03-16,-28.0,-53.25,4,13.2,10.838599086242095,5.69061926506224,1.9046431647230488,2.3196069505197565
A856,2022-03-17,-28.0,-53.25,4,11.7,10.644384571345322,3.6351749680596934,2.928162926096197,3.2185520924856545
A856,2022-03-18,-28.0,-53.25,4,11.8,11.477365011822886,4.271524753699123,2.6869480276061926,2.762479601641369
A856,2022-03-19,-28.0,-53.25,4,7.4,10.273012213746968,6.606986308326285,1.5548711219214526,1.1200265377687162
A856,2022-03-20,-28.0,-53.25,4,10.2,9.924345105147296,6.891890469220259,1.440003312512035,1.4800003055118223
A856,2022-03-21,-28.0,-53.25,4,9.6,8.72026217667076,7.015235128609904,1.2430463151701536,1.368450212145958
A856,2022-03-22,-28.0,-53.25,4,13.2,11.706111202000095,6.857213129956662,1.7071237221518414,1.9249802725737102
A856,2022-03-23,-28.0,-53.25,4,11.1,16.92582470609044,7.400644759755736,2.2870743368377933,1.4998693168413022
A856,2022-03-24,-28.0,-53.25,4,16.2,18.792378716932586,6.269528467149503,2.997415007428255,2.5839263805696495
A856,2022-03-25,-28.0,-53.25,4,11.1,9.258214887877436,5.138927438183113,1.801585058214154,2.1599837969154994
A856,2022-03-26,-28.0,-53.25,4,10.6,7.723923908096986,4.933357466551125,1.565652592674726,2.148638137793486
A856,2022-03-27,-28.0,-53.25,4,4.4,4.7838729987353155,2.4421915524146165,1.9588442986814274,1.801660478126575
A856,2022-03-28,-28.0,-53.25,4,6.5,8.37534909425388,4.054580139616985,2.065651388270514,1.6031252993346978
A856,2022-03-29,-28.0,-53.25,4,12.9,12.252262558645514,5.763502346252649,2.125836309689675,2.238222390659285
A856,2022-03-30,-28.0,-53.25,4,21.2,13.605960189017864,7.057100490898079,1.9279816415489903,3.0040666173512447
A856,2022-03-31,-28.0,-53.25,4,8.7,11.145117679658783,5.3439597156335505,2.085554209372905,1.6280062842817622
A856,2022-04-01,-28.0,-53.25,4,8.4,6.483402235837349,4.958481472835275,1.3075378563691837,1.6940670336309342
A856,2022-04-02,-28.0,-53.25,4,8.4,6.789453499176463,4.009740270387208,1.6932402203998185,2.094898779862577
A856,2022-04-03,-28.0,-53.25,4,11.3,15.772565400966114,5.547965548009458,2.842945808599175,2.0367826552301325
A856,2022-04-04,-28.0,-53.25,4,9.8,10.197236663651928,3.348086216693983,3.0456911810715064,2.9270452926618065
A856,2022-04-05,-28.0,-53.25,4,5.6,8.047929658399683,3.077147028703891,2.615386779808669,1.8198675421625032
A856,2022-04-06,-28.0,-53.25,4,5.3,6.6762875434318,3.2224270397010626,2.0718196133468223,1.6447230409572497
A856,2022-04-07,-28.0,-53.25,4,8.5,9.805548520104091,3.4637424789956417,2.8309115298165413,2.453993058532656
A856,2022-04-08,-28.0,-53.25,4,8.5,8.042855456599248,3.7956765745238794,2.1189517332909547,2.2393899567341875
A856,2022-04-09,-28.0,-53.25,4,4.2,5.88426750388408,2.498193212978914,2.3554092907279647,1.6812150390048515
A856,2022-04-10,-28.0,-53.25,4,9.6,8.821758057605006,3.735412676099355,2.3616555445266054,2.5699971682980545
A856,2022-04-11,-28.0,-53.25,4,11.0,13.32194032816205,6.588038134842521,2.022140742887563,1.6696928243058722
A856,2022-04-12,-28.0,-53.25,4,9.9,8.851546107301584,3.861184982500871,2.2924429022223327,2.563979722511978
A856,2022-04-13,-28.0,-53.25,4,6.5,9.749813429060579,4.604261116326045,2.117563097038339,1.411735745601382
A856,2022-04-14,-28.0,-53.25,4,9.8,9.530682361712383,5.516087625371614,1.727797491445816,1.7766215233645393
A856,2022-04-15,-28.0,-53.25,4,7.2,6.4623504894318815,3.9313728371132677,1.643789779596957,1.831421312176238
A856,2022-04-16,-28.0,-53.25,4,6.8,8.223707602163369,4.479965607647063,1.8356631104769952,1.5178687953302055
A856,2022-04-17,-28.0,-53.25,4,9.2,9.826490410300325,4.660517341258053,2.108454853994337,1.9740297753117177
A856,2022-04-18,-28.0,-53.25,4,7.9,7.381119835343098,3.78499971466288,1.9500978578014279,2.0871864189040323
A856,2022-04-19,-28.0,-53.25,4,5.9,6.304962184246627,2.7616799542698027,2.283016963822544,2.13638078912007
A856,2022-04-20,-28.0,-53.25,4,7.8,6.988021257506527,3.2468218293875557,2.1522650840451782,2.402349254092364
A856,2022-04-21,-28.0,-53.25,4,7.9,10.318989443176152,4.063755583591941,2.5392741347045362,1.9440145543933565
A856,2022-04-22,-28.0,-53.25,4,13.7,16.0063851183087,6.502211974476151,2.4616830674146466,2.106975296065111
A856,2022-04-23,-28.0,-53.25,4,16.9,13.428337191087024,5.47382177399785,2.4531922568022395,3.0874224075543744
A856,2022-04-24,-28.0,-53.25,4,7.9,10.350573212454382,4.674467010297394,2.214278802193508,1.6900322502216985
A856,2022-04-25,-28.0,-53.25,4,13.6,17.562096455161438,7.06336348475224,2.4863645334227704,1.9254283075419336
A856,2022-04-26,-28.0,-53.25,4,9.9,11.876718367210577,4.583616355740812,2.5911240045941937,2.159866627493946
A856,2022-04-27,-28.0,-53.25,4,17.5,19.830317322869956,7.681841050952146,2.581453741536612,2.2780997268657255
A856,2022-04-28,-28.0,-53.25,4,18.3,15.147985916834187,6.283488752951677,2.4107604091307397,2.9123948047815875
A856,2022-04-29,-28.0,-53.25,4,11.0,12.876304354139501,6.266238488099248,2.0548698200034994,1.7554390917120448
A856,2022-04-30,-28.0,-53.25,4,7.3,11.967410143083397,5.664361241145179,2.1127554606075782,1.28875961281808
A856,2022-05-01,-28.0,-53.25,4,9.9,11.153602136824043,4.746419275883166,2.349898205052417,2.0857828658969257
A856,2022-05-02,-28.0,-53.25,4,12.0,15.704049875517665,6.7419629364862175,2.329299348492461,1.7798970586234297
A856,2022-05-03,-28.0,-53.25,4,9.0,13.468960072937303,5.583240981022192,2.412390960504695,1.6119669615894423
A856,2022-05-04,-28.0,-53.25,4,11.7,8.910768734039959,7.552545123966708,1.179836543546514,1.5491466529437943
A856,2022-05-05,-28.0,-53.25,4,8.2,6.22882657606732,5.176278599334495,1.2033406735232817,1.5841496632453784
A856,2022-05-06,-28.0,-53.25,4,5.7,6.571692854121995,3.233915459346622,2.032116465855213,1.7625692667771915
A856,2022-05-07,-28.0,-53.25,4,6.0,5.775926919101015,3.1185135074343524,1.8521410618653873,1.9239935904386347
A856,2022-05-08,-28.0,-53.25,4,8.1,7.129129942853159,3.8423464259428934,1.855410510285705,2.108086856851357
A856,2022-05-09,-28.0,-53.25,4,6.7,6.276487427065373,3.033573132250434,2.069008114668133,2.20861660751513
A856,2022-05-10,-28.0,-53.25,4,6.1,6.436448439420635,2.787929864287984,2.3086837735297387,2.188003392100358
A856,2022-05-11,-28.0,-53.25,4,6.3,6.924349190711256,3.768293824975886,1.8375290018037715,1.671844153511653
A856,2022-05-12,-28.0,-53.25,4,5.2,5.9329008839913255,3.58808457495917,1.6535008470525916,1.4492412013613623
A856,2022-05-13,-28.0,-53.25,4,5.5,5.396402294822006,2.5583368697050832,2.109340000812358,2.1498341618451606
A856,2022-05-14,-28.0,-53.25,4,9.9,6.991765436386538,3.6662816130337794,1.907045386674752,2.7002835692722296
A856,2022-05-15,-28.0,-53.25,4,8.3,8.600230381822215,5.20906163929999,1.6510133642760927,1.593377190505924
A856,2022-05-16,-28.0,-53.25,4,8.7,9.797592366672834,6.391407180173363,1.5329319648207862,1.3612025888427306
A856,2022-05-17,-28.0,-53.25,4,13.4,15.120602819573831,9.162249170738507,1.650315608951624,1.4625229842903211
A856,2022-05-18,-28.0,-53.25,4,13.2,15.679458083470898,8.994273863912445,1.743271143475105,1.4676004088514705
A856,2022-05-19,-28.0,-53.25,4,8.3,4.290230027045856,5.521069371858165,0.7770650462959029,1.5033319527384532
A856,2022-05-20,-28.0,-53.25,4,7.0,3.996753602175543,2.610231810654677,1.5311872247749176,2.681754153568574
A856,2022-05-21,-28.0,-53.25,4,8.7,5.453258346872708,2.889191914904939,1.8874683674490804,3.011222603496123
A856,2022-05-23,-28.0,-53.25,4,7.0,7.474060955847155,3.7070566911409752,2.016171204963891,1.8882905181160063
A856,2022-05-24,-28.0,-53.25,4,8.6,9.560225466750294,4.516503770981001,2.1167314257934913,1.9041277138427029
A856,2022-05-25,-28.0,-53.25,4,10.1,13.892261997395616,5.826734431545491,2.384227762669941,1.7333894514428834
A856,2022-06-03,-28.0,-53.25,4,6.4,9.46911816698989,5.204808762403936,1.8193018416715863,1.2296321137155561
A856,2022-06-04,-28.0,-53.25,4,9.8,8.457218875567705,4.33423434040467,1.9512601791572923,2.261068329564528
A856,2022-06-10,-28.0,-53.25,4,9.1,9.142681361615162,5.948449015074684,1.536985748460748,1.5298105400144792
A856,2022-06-13,-28.0,-53.25,4,5.8,6.49443569746376,3.156939985590239,2.0571932716831562,1.8372221285402737
A856,2022-06-16,-28.0,-53.25,4,7.6,11.008596910304465,4.183920283362458,2.6311679393320744,1.816478203521643
A856,2022-06-19,-28.0,-53.25,4,6.4,7.3674890347701645,3.4040905248181335,2.1643046743487466,1.8800910120749288
A856,2022-06-28,-28.0,-53.25,4,11.2,10.962082910646426,6.07838772255588,1.8034523974125523,1.8425938770635957
A856,2022-06-29,-28.0,-53.25,4,5.3,10.527167190323768,6.429542617238094,1.6373119857856808,0.8243199113091335
A856,2022-09-26,-28.0,-53.25,4,2.7,4.279754534389203,3.3567308671599347,1.2749769653145355,0.8043540298136616
A856,2022-09-27,-28.0,-53.25,4,5.8,3.912062266505186,3.9015438046122517,1.0026959743167563,1.486591024082177
A856,2022-09-28,-28.0,-53.25,4,10.2,8.716240571824168,7.229171680544234,1.205703911456697,1.410950030063764
A856,2022-09-29,-28.0,-53.25,4,9.6,13.220356607157667,7.267140651159514,1.8191964682902184,1.3210147513063841
A856,2022-09-30,-28.0,-53.25,4,9.6,9.459997294090707,4.567846434601568,2.070997225832934,2.1016468345519943
A856,2022-10-01,-28.0,-53.25,4,5.1,6.8196717124839346,3.7203681367285624,1.8330636812949075,1.3708320823553206
A856,2022-10-02,-28.0,-53.25,4,6.5,7.439989310814559,4.235894217128426,1.7564152760779363,1.53450479799905
A856,2022-10-03,-28.0,-53.25,4,8.5,7.102689381524008,4.466446561012773,1.5902327016565634,1.9030788533765899
A856,2022-10-04,-28.0,-53.25,4,7.3,6.372670219729946,4.449689363071775,1.432160697017886,1.6405639594941426
A856,2022-10-05,-28.0,-53.25,4,8.1,10.044676964784777,4.47809747294313,2.243067960328058,1.8088038612246764
A856,2022-10-06,-28.0,-53.25,4,13.6,19.426489271210496,9.388231036831732,2.0692385173518693,1.4486222107918665
A856,2022-10-07,-28.0,-53.25,4,12.5,12.964645662340244,8.340629894038466,1.554396469696711,1.4986877680466888
A856,2022-10-08,-28.0,-53.25,4,12.6,12.676384554440558,5.5996085844223975,2.2637983286376673,2.2501572761803486
A856,2022-10-09,-28.0,-53.25,4,12.0,10.852645402563171,6.184872316336678,1.7547080760094385,1.9402179036587845
A856,2022-10-10,-28.0,-53.25,4,8.4,11.504940519347281,5.906716902355088,1.9477724613414444,1.4221098012418383
A856,2022-10-11,-28.0,-53.25,4,9.6,8.00695763463088,4.886362750554893,1.6386334873974744,1.9646515189462403
A856,2022-10-12,-28.0,-53.25,4,6.1,4.650629485082367,2.974417430501423,1.563542977321233,2.0508217634307204
A856,2022-10-13,-28.0,-53.25,4,6.7,7.522475437793572,3.881893972676781,1.9378363991241132,1.7259616174884804
A856,2022-10-14,-28.0,-53.25,4,10.2,10.894694473291976,7.187339426662278,1.515817443222012,1.4191621397706506
A856,2022-10-15,-28.0,-53.25,4,8.7,15.073780652415278,6.41441161269049,2.3499864933196366,1.356320817140519
A856,2022-10-16,-28.0,-53.25,4,9.0,8.642355930456024,3.33270536365715,2.593195313543205,2.7005087512818218
A856,2022-10-17,-28.0,-53.25,4,8.4,9.710904488489803,4.759624625299427,2.0402668808948126,1.7648450584423048
A856,2022-10-18,-28.0,-53.25,4,9.3,8.84823205874715,5.038455509921731,1.7561397617430983,1.8458037352292647
A856,2022-10-19,-28.0,-53.25,4,5.2,8.349910400956164,3.3642237905503913,2.481972342152098,1.545676008417167
A856,2022-10-20,-28.0,-53.25,4,10.5,10.117881397479987,5.541772083604434,1.8257483788288884,1.8947007999597623
A856,2022-10-21,-28.0,-53.25,4,11.1,11.165223738541176,5.4406558155902545,2.0521834346784287,2.0401952220893733
A856,2022-10-22,-28.0,-53.25,4,8.7,6.688730171026394,3.591118060418654,1.8625759606039292,2.4226438266932804
A856,2022-10-23,-28.0,-53.25,4,7.3,6.911610030686011,3.6660451731611357,1.8853041095307368,1.9912466036814813
A856,2022-10-24,-28.0,-53.25,4,6.5,7.138065176094741,4.199439727629949,1.6997660733479019,1.5478255247321826
A856,2022-10-25,-28.0,-53.25,4,7.3,9.168121680260858,3.9180450723208495,2.3399735100112395,1.863174074124638
A856,2022-10-26,-28.0,-53.25,4,16.2,20.773336246666204,8.294680118588518,2.504416800849596,1.9530590412637523
A856,2022-10-27,-28.0,-53.25,4,12.9,9.503201167039435,5.017943964949431,1.8938436206979852,2.570774024203357
A856,2022-10-28,-28.0,-53.25,4,8.1,9.384048631758588,3.188721498498481,2.942887497756512,2.5402030261388973
A856,2022-10-29,-28.0,-53.25,4,16.4,16.10678033990382,6.103737418322006,2.6388389991278127,2.6868783625538994
A856,2022-10-30,-28.0,-53.25,4,16.9,19.34804395344735,8.026133140485095,2.410630824930218,2.105621686582011
A856,2022-10-31,-28.0,-53.25,4,16.6,26.97085230774535,8.607244130626308,3.1335061372057087,1.9286080129798875
A856,2022-11-01,-28.0,-53.25,4,12.6,13.931461084438263,6.6264056888340725,2.1024159610260034,1.9014833367706152
A856,2022-11-02,-28.0,-53.25,4,9.4,6.587343286795386,5.046635366015849,1.3052940838869989,1.8626271403120984
A856,2022-11-03,-28.0,-53.25,4,7.6,7.4963114210301836,4.6251885178464,1.6207580279388585,1.6431762663673533
A856,2022-11-04,-28.0,-53.25,4,7.6,9.507276687294908,4.890762438810065,1.9439252685534347,1.5539499403387702
A856,2022-11-05,-28.0,-53.25,4,7.5,8.914333070571702,5.793311175516961,1.5387285095688374,1.2945964359200408
A856,2022-11-06,-28.0,-53.25,4,10.2,8.88263754549485,5.9438768553347625,1.494418165396964,1.7160517029967186
A856,2022-11-07,-28.0,-53.25,4,9.6,8.81559134614649,6.013095309364074,1.466065460898008,1.5965155225546002
A856,2022-11-08,-28.0,-53.25,4,8.5,7.67334804315023,5.800080082501628,1.3229727752035871,1.4654970067816497
A856,2022-11-09,-28.0,-53.25,4,8.2,7.893075194091079,5.009274171310805,1.5756923905855313,1.6369637036365807
A856,2022-11-10,-28.0,-53.25,4,8.3,7.783846613345663,4.72502583913516,1.6473659358380082,1.7566041504482401
A856,2022-11-11,-28.0,-53.25,4,7.0,9.064085913555665,3.640610451864933,2.489715951046757,1.922754464547063
A856,2022-11-12,-28.0,-53.25,4,17.2,10.652365844722437,4.342770010801216,2.4528966116621813,3.960605778620706
A856,2022-11-13,-28.0,-53.25,4,16.7,20.458921358005632,7.731069227602056,2.6463249462262763,2.160115180494876
A856,2022-11-14,-28.0,-53.25,4,17.9,16.33383922706655,8.061440192017487,2.0261688777695666,2.220446914401814
A856,2022-11-15,-28.0,-53.25,4,14.3,13.762661272800528,5.742285979206602,2.3967216754157694,2.4902974271538802
A856,2022-11-16,-28.0,-53.25,4,8.0,7.415605801856945,3.606343043553523,2.0562674466347914,2.218313649973013
A856,2022-11-17,-28.0,-53.25,4,9.7,9.380080859588245,4.468572067110398,2.099122654556151,2.1707158023463418
A856,2022-11-18,-28.0,-53.25,4,9.5,10.468071061834202,5.718947487949223,1.83041916084947,1.661144820794051
A856,2022-11-19,-28.0,-53.25,4,11.7,11.192620073413622,5.433479705063809,2.059935930741123,2.1533162236892163
A856,2022-11-20,-28.0,-53.25,4,12.3,12.687277265262257,5.641459857069111,2.2489351314561397,2.1802867186207684
A856,2022-11-21,-28.0,-53.25,4,9.3,10.058391673422177,4.203529664206175,2.392844223051695,2.2124263994592934
A856,2022-11-22,-28.0,-53.25,4,8.3,10.061998893248328,5.107567641036271,1.9700177462959365,1.6250396633643054
A856,2022-11-23,-28.0,-53.25,4,8.7,6.897342787100848,3.5297501547185264,1.9540597732903462,2.4647636854325077
A856,2022-11-24,-28.0,-53.25,4,10.3,7.935976946528106,5.0314641323719025,1.5772699034996351,2.0471178426436354
A856,2022-11-25,-28.0,-53.25,4,13.5,11.279611828667809,6.40176853402839,1.7619524618410372,2.108792270173655
A856,2022-11-26,-28.0,-53.25,4,9.8,12.738563113702947,5.966098160989381,2.13515815026256,1.6426146093403917
A856,2022-11-27,-28.0,-53.25,4,15.3,13.270668590944192,6.830252525401559,1.94292502972487,2.240034309580742
A856,2022-11-28,-28.0,-53.25,4,10.1,11.708334452600356,6.053298890788544,1.9342072254877782,1.6685116962206215
A856,2022-11-29,-28.0,-53.25,4,11.7,12.579716828422184,6.14236045722377,2.048026473866038,1.9048051773386443
A856,2022-11-30,-28.0,-53.25,4,12.8,12.463038446076423,5.325179726141312,2.3403977118171913,2.40367474118569
A856,2022-12-01,-28.0,-53.25,4,9.4,9.231790187761025,3.4442519232638142,2.6803469645776867,2.7291848010619524
A856,2022-12-02,-28.0,-53.25,4,10.1,9.833413215767324,3.76537161995195,2.611538569967978,2.68233816457375
A856,2022-12-03,-28.0,-53.25,4,8.1,12.156327688911134,3.9728746496276326,3.05983167378576,2.0388259671769893
A856,2022-12-04,-28.0,-53.25,4,12.4,9.902634590268017,4.280478459784702,2.313441051813188,2.896872421272198
A856,2022-12-05,-28.0,-53.25,4,8.8,12.027154701542367,5.323359859939463,2.2593164877039027,1.653091324188644
A856,2022-12-06,-28.0,-53.25,4,10.9,10.519015007709951,5.113867493530448,2.0569588517922206,2.1314592162956094
A856,2022-12-07,-28.0,-53.25,4,6.5,9.417546466385339,4.7804881810883435,1.969996809874197,1.3596937705471297
A856,2022-12-08,-28.0,-53.25,4,9.2,10.531101491591572,5.043669664194135,2.087983986412442,1.8240687064246808
A856,2022-12-09,-28.0,-53.25,4,9.1,7.571267658595055,2.8098014365880886,2.6945917102913732,3.238663017786065
A856,2022-12-10,-28.0,-53.25,4,11.4,10.902909057447895,3.2595109651895973,3.3449524096979686,3.4974571712590916
A856,2022-12-11,-28.0,-53.25,4,9.2,8.721999093567646,3.296188893058831,2.6460859424454033,2.7911021784502434
A856,2022-12-12,-28.0,-53.25,4,17.9,13.658513772206579,5.233892014202127,2.609628501150636,3.420017064056439
A856,2022-12-13,-28.0,-53.25,4,11.3,15.597704666999492,7.7248289060352855,2.0191650658842755,1.4628155700861531
A856,2022-12-14,-28.0,-53.25,4,7.6,8.258503750709021,4.431121952698792,1.8637500477004807,1.7151412398774515
A856,2022-12-15,-28.0,-53.25,4,11.2,9.205995147268817,4.698176494347052,1.959482611678312,2.3839036301586547
A856,2022-12-16,-28.0,-53.25,4,9.7,9.673954439145737,5.442217182030187,1.7775759613358402,1.7823617976931734
A856,2022-12-17,-28.0,-53.25,4,9.2,11.019243216939547,6.415514546780141,1.717593052995251,1.4340237143749215
A856,2022-12-18,-28.0,-53.25,4,9.4,17.730446996788924,6.9591817708060635,2.5477775377514322,1.3507335071248217
A856,2022-12-19,-28.0,-53.25,4,10.7,8.939692636534154,3.618632565538112,2.4704615554701306,2.9569180639949404
A856,2022-12-20,-28.0,-53.25,4,7.1,9.828719117442436,4.334505541183486,2.2675525556621667,1.6380184389062815
A856,2022-12-21,-28.0,-53.25,4,7.7,10.322414982487528,4.5005634946861175,2.293582791282771,1.7108968708232881
A856,2022-12-22,-28.0,-53.25,4,8.4,9.25566015026486,4.987642627197044,1.8557183908475732,1.6841623644396178
A856,2022-12-23,-28.0,-53.25,4,10.5,9.442633483896502,5.12586282301679,1.8421549327258637,2.0484356219701367
A856,2022-12-24,-28.0,-53.25,4,9.5,9.670749487536387,4.894286833957351,1.9759261799776768,1.9410386686140804
A856,2022-12-25,-28.0,-53.25,4,11.5,10.804213611131868,3.9722916843782157,2.7198943253894146,2.895054269359401
A856,2022-12-26,-28.0,-53.25,4,8.5,8.830216727092754,4.264303146521528,2.070729125882086,1.9932916839961552
A856,2022-12-27,-28.0,-53.25,4,8.1,9.202524502575196,5.423094438185116,1.6969139312379184,1.49361219730312
A856,2022-12-28,-28.0,-53.25,4,11.9,10.021973403323068,4.960275953264992,2.020446744848203,2.399060074907141
A856,2022-12-29,-28.0,-53.25,4,8.1,7.6832431704517195,3.972138968152589,1.9342835766959927,2.039203578964219
A856,2022-12-30,-28.0,-53.25,4,6.4,6.642259403509465,2.660781454373955,2.4963566220707505,2.4053084064755823
A856,2022-12-31,-28.0,-53.25,4,6.5,6.8155264932170985,2.9802143740968465,2.286924911327073,2.1810511540700235
A858,2021-01-01,-27.0,-52.5,4,6.2,6.5252217562421455,2.361698484296365,2.7629359969658633,2.6252292751278974
A858,2021-01-02,-27.0,-52.5,4,6.9,7.560500289165377,3.5070701337740395,2.155788165270977,1.9674542386680902
A858,2021-01-03,-27.0,-52.5,4,8.8,9.356564201583991,3.8935869753830907,2.403070551843367,2.260126730348477
A858,2021-01-04,-27.0,-52.5,4,10.2,12.456486629640855,4.152608069991456,2.9996778939136637,2.456287669840459
A858,2021-01-05,-27.0,-52.5,4,8.6,8.097110419105602,2.422721635257284,3.3421546665825357,3.549726834006133
A858,2021-01-06,-27.0,-52.5,4,8.7,11.907670864255124,3.7839830367459664,3.1468615870157595,2.2991646409391833
A858,2021-01-07,-27.0,-52.5,4,7.3,8.862895826674512,3.944822144752757,2.246716202012701,1.8505270281222095
A858,2021-01-08,-27.0,-52.5,4,5.8,7.003740885896862,2.713734825670383,2.5808493960594343,2.137275884561494
A858,2021-01-09,-27.0,-52.5,4,8.7,9.466646152808174,3.0434281502192886,3.110520664707025,2.858618495518988
A858,2021-01-10,-27.0,-52.5,4,8.6,8.91364790038059,3.2903141754579464,2.709056772409883,2.6137321670211175
A858,2021-01-11,-27.0,-52.5,4,10.2,11.532258109314466,4.1148502776438365,2.802594828776574,2.478826521445276
A858,2021-01-12,-27.0,-52.5,4,8.6,7.454796198702674,3.323384245820271,2.243134000553311,2.58772364670621
A858,2021-01-13,-27.0,-52.5,4,11.2,8.667250466615293,4.682230689936216,1.8510942840224225,2.392022252144217
A858,2021-01-14,-27.0,-52.5,4,8.1,9.271961128094672,4.070061697350071,2.278088593627818,1.990141821504508
A858,2021-01-15,-27.0,-52.5,4,10.0,9.72903495740037,3.542372401572068,2.7464743551758493,2.822966889523559
A858,2021-01-16,-27.0,-52.5,4,12.2,16.039989557474637,6.848213977580594,2.3422150081737674,1.781486390457405
A858,2021-01-17,-27.0,-52.5,4,10.6,11.357697032595945,4.322070506070585,2.6278370555601622,2.45252824661507
A858,2021-01-18,-27.0,-52.5,4,7.9,9.934794721103778,4.550146154826359,2.183401232192487,1.7362079658958731
A858,2021-01-19,-27.0,-52.5,4,8.7,9.386160739564453,3.421632581806328,2.7431819504738777,2.542645883798297
A858,2021-01-20,-27.0,-52.5,4,9.3,9.415743564315216,3.669416143594139,2.5660059246081133,2.5344631505574586
A858,2021-01-21,-27.0,-52.5,4,10.5,10.045966617992354,3.188863152680269,3.1503285456287538,3.2927095009312812
A858,2021-01-22,-27.0,-52.5,4,10.8,9.728604870551658,3.561038005274056,2.731957607906223,3.032823571106155
A858,2021-01-23,-27.0,-52.5,4,7.5,11.313021020480509,3.010414646471567,3.7579610615236088,2.4913511528355623
A858,2021-01-24,-27.0,-52.5,4,11.2,9.616372476363784,2.767157813624588,3.475180356182031,4.047474251325613
A858,2021-01-25,-27.0,-52.5,4,11.2,11.74297323749002,3.5077099945096224,3.347760577661919,3.1929663562639417
A858,2021-01-26,-27.0,-52.5,4,14.9,10.717897295587502,4.847434942964539,2.211045103584778,3.073790607881295
A858,2021-01-27,-27.0,-52.5,4,16.9,17.692698229837635,8.130670215247372,2.176044257293658,2.0785494372047686
A858,2021-01-28,-27.0,-52.5,4,12.8,11.745579346660477,5.027195601977732,2.3364078656576814,2.5461511772019363
A858,2021-01-29,-27.0,-52.5,4,11.9,12.777681758463032,5.206523756801008,2.454167570400926,2.285594103830921
A858,2021-01-30,-27.0,-52.5,4,10.6,10.496807451596615,4.487900609310075,2.338912637642011,2.361906138921721
A858,2021-01-31,-27.0,-52.5,4,12.5,13.079055765029084,5.758175954114298,2.2713886948320696,2.1708263345215375
A858,2021-02-01,-27.0,-52.5,4,7.1,7.040905360846379,3.1497305538409255,2.235399263679992,2.2541610714421063
A858,2021-02-02,-27.0,-52.5,4,11.3,10.057931663275617,4.1390070481618455,2.4300349205112846,2.7301234012197173
A858,2021-02-03,-27.0,-52.5,4,9.2,11.96147705091145,3.4362802010868707,3.480937627591638,2.677313682711353
A858,2021-02-04,-27.0,-52.5,4,9.9,12.393311695495914,5.298206862058791,2.3391520977118074,1.8685567131957985
A858,2021-02-05,-27.0,-52.5,4,8.6,8.511087331735345,4.758592316502695,1.7885724948991906,1.8072571525355063
A858,2021-02-06,-27.0,-52.5,4,7.8,8.407902183414999,3.462818567142978,2.4280516060510777,2.252500340043932
A858,2021-02-07,-27.0,-52.5,4,6.7,7.559705764807161,2.909986041039033,2.5978494941879204,2.302416542729433
A858,2021-02-08,-27.0,-52.5,4,7.3,7.412159316187654,2.381021628863374,3.1130163734489003,3.065910830673468
A858,2021-02-09,-27.0,-52.5,4,6.4,6.410355464423558,2.418515256332546,2.650533399629766,2.6462516551187716
A858,2021-02-10,-27.0,-52.5,4,6.7,5.801670648636865,2.4476575315489915,2.370295098009605,2.737311046844012
A858,2021-02-11,-27.0,-52.5,4,7.6,8.683130017489463,2.374398877992421,3.656980340569879,3.2008101378593468
A858,2021-02-12,-27.0,-52.5,4,11.2,8.736860889984573,3.045246242181127,2.8690162289558843,3.677863499136317
A858,2021-02-13,-27.0,-52.5,4,7.9,6.3094639768404015,2.712467180639413,2.3260978130445302,2.912477635264042
A858,2021-02-14,-27.0,-52.5,4,10.3,9.581129401384826,4.045784368600044,2.368175989740197,2.5458598535156467
A858,2021-02-15,-27.0,-52.5,4,8.9,11.367768166875678,4.005132416038659,2.8383002073422463,2.2221487520262038
A858,2021-02-16,-27.0,-52.5,4,8.5,8.293959341884834,4.4955517727431555,1.844925775779447,1.8907578935106684
A858,2021-02-17,-27.0,-52.5,4,7.7,7.534716237141097,3.809398657156742,1.9779279921216901,2.0213164052898374
A858,2021-02-18,-27.0,-52.5,4,8.0,6.933697339706605,2.9459676542745163,2.3536230377974463,2.7155763195132927
A858,2021-02-19,-27.0,-52.5,4,5.8,6.784391265759241,2.5027454048287003,2.710779631307962,2.3174550590762064
A858,2021-02-20,-27.0,-52.5,4,6.1,6.404444537914277,2.7389685928602514,2.3382687025360305,2.227115716441965
A858,2021-02-21,-27.0,-52.5,4,6.4,7.235733363141149,2.9544387926369042,2.449105861043441,2.1662320491966782
A858,2021-02-22,-27.0,-52.5,4,8.6,9.435374591401963,3.559063726582991,2.6510833511994285,2.416365836825502
A858,2021-02-23,-27.0,-52.5,4,10.8,10.53609865154005,3.682916337810865,2.860803147595455,2.9324586847442613
A858,2021-02-24,-27.0,-52.5,4,8.8,6.938305710959991,2.7132443960948724,2.5571989463780627,3.243349553274926
A858,2021-02-25,-27.0,-52.5,4,7.4,6.0491574353923445,2.9976781873121507,2.0179475772268547,2.4685771912812173
A858,2021-02-26,-27.0,-52.5,4,8.4,7.504885671826992,3.8916363716064435,1.9284652920254781,2.158475046971702
A858,2021-02-27,-27.0,-52.5,4,10.9,8.082952460628041,5.0265637688070814,1.608047332610745,2.168479402895712
A858,2021-02-28,-27.0,-52.5,4,11.4,10.369561317855899,5.910281588158375,1.7544953084184642,1.928842108443805
A858,2021-03-01,-27.0,-52.5,4,9.8,14.413041118761717,4.021862415047739,3.5836733411952473,2.4366820613587987
A858,2021-03-02,-27.0,-52.5,4,8.1,9.869732095128514,3.181081337769415,3.102634308008359,2.546303957659802
A858,2021-03-03,-27.0,-52.5,4,11.3,11.905561763351079,4.003351564859278,2.973898637295816,2.8226349389819845
A858,2021-03-04,-27.0,-52.5,4,11.3,12.471150554138713,4.07539163464417,3.0601109469145764,2.772739656218739
A858,2021-03-05,-27.0,-52.5,4,7.1,9.599540505628337,4.408952898047031,2.1772835245939017,1.6103596849821151
A858,2021-03-06,-27.0,-52.5,4,7.0,6.729803479522592,3.28943068213044,2.045887002903479,2.1280278189252995
A858,2021-03-07,-27.0,-52.5,4,8.0,7.963899821520455,2.611073457153628,3.0500481706868663,3.0638739703328475
A858,2021-03-08,-27.0,-52.5,4,8.6,10.221100341094333,3.745873154887735,2.728629592744622,2.2958599088648914
A858,2021-03-09,-27.0,-52.5,4,7.8,7.169041274338991,3.7442128924003044,1.91469915850408,2.0832148769723533
A858,2021-03-10,-27.0,-52.5,4,7.3,8.488947685069833,3.184837265817534,2.6654258841356393,2.2921108335267237
A858,2021-03-11,-27.0,-52.5,4,7.0,7.092265530178644,2.3358042766802174,3.0363269735333263,2.9968264335695163
A858,2021-03-12,-27.0,-52.5,4,5.7,6.673842732737404,2.5544513752215536,2.6126325196378284,2.231398904395127
A858,2021-03-13,-27.0,-52.5,4,8.8,8.186797940067718,2.775546577115273,2.9496164854767293,3.170546685311317
A858,2021-03-14,-27.0,-52.5,4,9.5,9.246251542913027,3.101975176382401,2.9807625842113383,3.0625648046220446
A858,2021-03-15,-27.0,-52.5,4,7.9,8.23075637484004,2.6103173588874844,3.153163099810968,3.0264519266603567
A858,2021-03-16,-27.0,-52.5,4,9.1,10.625080918895927,4.251849458527639,2.4989315878966365,2.1402451071612525
A858,2021-03-17,-27.0,-52.5,4,11.0,12.97726102433923,5.291324953943098,2.4525541593639164,2.0788744021103436
A858,2021-03-18,-27.0,-52.5,4,6.1,6.626031235538279,3.0496119352562414,2.172745705424166,2.0002545010657076
A858,2021-03-19,-27.0,-52.5,4,6.8,9.116052838340519,3.568301293471212,2.5547318145527176,1.905668675580088
A858,2021-03-20,-27.0,-52.5,4,11.1,9.793758409536903,4.342979635697682,2.255078133232733,2.555848963408006
A858,2021-03-21,-27.0,-52.5,4,8.1,11.507842868977255,4.372972656364938,2.6315835412845283,1.85228690790241
A858,2021-03-22,-27.0,-52.5,4,8.6,7.130298402736293,2.5173313042167016,2.832483110503793,3.4163163130710736
A858,2021-03-23,-27.0,-52.5,4,7.0,11.093603262770877,3.4440670272470237,3.2210764700588372,2.0324807689922837
A858,2021-03-24,-27.0,-52.5,4,10.7,5.633188683295044,1.6842070882463442,3.344712608448002,6.353137969001909
A858,2021-03-25,-27.0,-52.5,4,12.1,9.359328294584706,2.9645368159358165,3.1570963275860833,4.081581964155972
A858,2021-03-26,-27.0,-52.5,4,10.4,9.688619499439797,4.061880162899369,2.3852548846552044,2.5603906523368436
A858,2021-03-27,-27.0,-52.5,4,10.3,5.861638495014135,2.371599682405887,2.471596930333433,4.343060119468007
A858,2021-03-28,-27.0,-52.5,4,8.7,12.630780520951022,4.373158044368896,2.8882515547808905,1.989409006427876
A858,2021-03-29,-27.0,-52.5,4,4.9,7.7966143554162795,3.1808239595704206,2.4511304160539695,1.540481353976521
A858,2021-03-30,-27.0,-52.5,4,6.1,7.807509256437639,3.0213906422561867,2.584078055728496,2.018937874066128
A858,2021-03-31,-27.0,-52.5,4,9.1,8.691393745945476,3.840139602355635,2.2633015061780473,2.3697055165436796
A858,2021-04-01,-27.0,-52.5,4,9.5,9.179323050943056,4.045724215256405,2.2688949030010197,2.3481580786390603
A858,2021-04-02,-27.0,-52.5,4,5.5,7.50970594918172,2.905119793860308,2.584990114711539,1.8932093649369373
A858,2021-04-03,-27.0,-52.5,4,5.0,6.354277796878068,2.5792970921313256,2.46356955787028,1.9385126340247987
A858,2021-04-04,-27.0,-52.5,4,6.5,6.701806180664714,2.6665505417998157,2.5132867634083023,2.4376061500086017
A858,2021-04-05,-27.0,-52.5,4,8.0,8.264563857367634,3.0628291751510224,2.6983430628187492,2.611964148998135
A858,2021-04-06,-27.0,-52.5,4,8.1,6.91065523729933,2.467215485752694,2.800993783155928,3.2830533233820334
A858,2021-04-07,-27.0,-52.5,4,9.0,10.139971311616211,3.4053947792841446,2.977619914525081,2.6428653895722216
A858,2021-04-08,-27.0,-52.5,4,10.9,10.985185805677311,3.9486511407232836,2.7820097076656736,2.760436313956928
A858,2021-04-09,-27.0,-52.5,4,10.8,13.260573890387867,5.161571333064973,2.5690963148064556,2.0923860784050996
A858,2021-04-10,-27.0,-52.5,4,12.1,11.31226377999482,4.229805544139632,2.6744169825177635,2.8606516005835
A858,2021-04-11,-27.0,-52.5,4,12.8,14.706384577503853,6.645115019508625,2.2131121183499576,1.9262270047127794
A858,2021-04-12,-27.0,-52.5,4,7.5,6.817205577872965,3.5122020041046484,1.941006118072314,2.1354124823215983
A858,2021-04-13,-27.0,-52.5,4,8.3,7.841710704445085,2.4759479973670824,3.167154848479832,3.3522513432536556
A858,2021-04-14,-27.0,-52.5,4,7.0,8.545299593331931,2.879710702169084,2.9674159931743684,2.4307997309338716
A858,2021-04-15,-27.0,-52.5,4,7.9,8.172630719614443,3.2130603640005684,2.543565882291341,2.4587150893622622
A858,2021-04-16,-27.0,-52.5,4,8.3,8.893382261382397,2.217415724931513,4.010696849214902,3.743096031420249
A858,2021-04-17,-27.0,-52.5,4,5.0,7.3634430997430895,2.651229646576919,2.77736902544457,1.8859173540306657
A858,2021-04-18,-27.0,-52.5,4,7.4,8.039996557382766,3.791722465799974,2.1204074480399755,1.9516196311163176
A858,2021-04-19,-27.0,-52.5,4,6.4,8.159464682987512,3.6428461577055913,2.239859804600331,1.7568680429894887
A858,2021-04-20,-27.0,-52.5,4,6.0,6.866412031624228,2.3322589724044787,2.9441035977857957,2.572613106431404
A858,2021-04-21,-27.0,-52.5,4,8.2,8.547674846219461,3.207333170485121,2.665041139123877,2.5566411607808486
A858,2021-04-22,-27.0,-52.5,4,7.4,8.93631785735983,3.586184783775494,2.4918732291178194,2.063474261973017
A858,2021-04-23,-27.0,-52.5,4,5.0,7.453436185312834,2.9046677882955425,2.566020188383232,1.7213672490009597
A858,2021-04-26,-27.0,-52.5,4,7.0,6.138396543509268,2.545176692592629,2.411776188810069,2.7503002130942398
A858,2021-04-27,-27.0,-52.5,4,5.8,7.768244031812178,2.938214835624222,2.6438652264723927,1.9739877185555743
A858,2021-04-28,-27.0,-52.5,4,7.3,7.157908112424064,3.1087424759454763,2.3025091874961743,2.348216378965201
A858,2021-04-29,-27.0,-52.5,4,6.3,6.537783394846409,2.964499746729934,2.2053580547807687,2.1251477612536056
A858,2021-04-30,-27.0,-52.5,4,9.0,7.794294356989678,3.103904168984068,2.511125966733957,2.8995740557756235
A858,2021-05-01,-27.0,-52.5,4,7.3,8.78270603595734,3.02422703039033,2.904115976644708,2.413839942121609
A858,2021-05-02,-27.0,-52.5,4,8.5,8.807038897802823,2.9986585065006977,2.936992951584957,2.8346008662117135
A858,2021-05-03,-27.0,-52.5,4,8.7,11.142962860441347,3.7406438731892684,2.978888992963896,2.3258028015862386
A858,2021-05-04,-27.0,-52.5,4,10.1,12.593608531330501,4.71226235582384,2.672518544254265,2.143344159842354
A858,2021-05-06,-27.0,-52.5,4,6.4,12.809683355226719,4.427843214977592,2.8929848536408813,1.4453989649749575
A858,2021-05-07,-27.0,-52.5,4,11.2,6.835645990687568,4.278975947205778,1.5974957735276185,2.6174486929083423
A858,2021-05-08,-27.0,-52.5,4,7.9,5.89286152399046,2.3405978308853634,2.517673667056849,3.3752060673369573
A858,2021-05-09,-27.0,-52.5,4,8.7,7.579307033483783,2.861671350760509,2.6485595669361297,3.040181395284233
A858,2021-05-10,-27.0,-52.5,4,8.1,8.50890769295691,2.860548462933062,2.97457211552791,2.8316248107520847
A858,2021-05-11,-27.0,-52.5,4,5.2,7.035437478944395,2.312934764241322,3.0417794689735342,2.2482259683211083
A858,2021-05-12,-27.0,-52.5,4,7.5,8.091765176668453,3.6452178842342455,2.21983031841958,2.057490179788123
A858,2021-05-13,-27.0,-52.5,4,6.4,5.551243387781976,2.6408620377827967,2.1020573238436433,2.4234510960569846
A858,2021-05-14,-27.0,-52.5,4,6.4,5.483853473143444,2.146930220034682,2.5542765302613595,2.9810004723379477
A858,2021-05-15,-27.0,-52.5,4,5.9,5.917453372983329,2.3349304020227972,2.5343168121229307,2.5268419113857576
A858,2021-05-16,-27.0,-52.5,4,6.3,7.237104162496436,2.464703949858894,2.9362975471803687,2.5560879229980866
A858,2021-05-17,-27.0,-52.5,4,7.5,7.767691566185196,3.412673278722018,2.276131036222152,2.19769060424343
A858,2021-05-18,-27.0,-52.5,4,4.5,5.9503975482227185,2.529334962127273,2.3525541841315447,1.7791237884188016
A858,2021-05-19,-27.0,-52.5,4,5.2,6.32841789879863,2.2189195519984186,2.852026741167379,2.3434828880194147
A858,2021-05-20,-27.0,-52.5,4,7.3,7.729653341594019,2.6315281665023433,2.937324950569605,2.774053530159507
A858,2021-05-21,-27.0,-52.5,4,16.4,13.259232412433828,5.829284997107053,2.2745898371779893,2.8133810592789614
A858,2021-05-22,-27.0,-52.5,4,17.7,12.258542695605161,4.994894343986661,2.454214614241678,3.5436184994201088
A858,2021-05-23,-27.0,-52.5,4,11.8,8.443511882027222,7.150430552364747,1.1808396459755608,1.6502502770406708
A858,2021-05-24,-27.0,-52.5,4,8.1,5.717043644078981,3.7232987145251277,1.5354781021936181,2.1754902362254005
A858,2021-05-25,-27.0,-52.5,4,5.5,6.437585021753675,2.2189946754338243,2.901126844973206,2.4785999087288135
A858,2021-05-26,-27.0,-52.5,4,4.4,4.476337930544306,2.068533402885317,2.1640152991005297,2.1271109249976874
A858,2021-05-27,-27.0,-52.5,4,5.2,6.539446891161775,2.381429764785171,2.7460171145344274,2.183562193138664
A858,2021-05-28,-27.0,-52.5,4,15.9,22.00923207883843,6.8514032774415154,3.2123685013995007,2.320692470745563
A858,2021-05-29,-27.0,-52.5,4,13.9,15.010844715688716,7.404548964882453,2.0272463301790067,1.8772244016379007
A858,2021-05-30,-27.0,-52.5,4,5.9,6.879958307286681,3.3992402182402826,2.0239694359842257,1.735681982209045
A858,2021-05-31,-27.0,-52.5,4,6.7,6.416502131937581,2.533165645395633,2.532997454627743,2.6449119157202157
A858,2021-06-01,-27.0,-52.5,4,6.9,6.586156463192568,2.6488418708642767,2.486428705177333,2.604912009242981
A858,2021-06-02,-27.0,-52.5,4,9.0,9.952841687678502,3.3360834237753108,2.98339112767608,2.697774263035384
A858,2021-06-03,-27.0,-52.5,4,6.1,6.1504944092294735,2.1040946111937826,2.9231073434192765,2.8991091786215324
A858,2021-06-04,-27.0,-52.5,4,9.0,11.559509278932845,3.819035355161164,3.026813895113844,2.356616046467629
A858,2021-06-05,-27.0,-52.5,4,13.2,14.236763830193503,5.283502788162947,2.6945691903653883,2.498342582419567
A858,2021-06-06,-27.0,-52.5,4,14.0,9.17724118367755,2.6568932628280137,3.4541249029737977,5.269312168415194
A858,2021-06-07,-27.0,-52.5,4,7.4,8.433472716724141,3.1383590162878288,2.6872236965098963,2.357920161968277
A858,2021-06-08,-27.0,-52.5,4,8.0,8.010409391769153,3.37104269764811,2.3762408578680447,2.373152972990047
A858,2021-06-09,-27.0,-52.5,4,9.7,8.553078770753697,2.1934146747810814,3.8994353731162827,4.422328395777752
A858,2021-06-10,-27.0,-52.5,4,9.9,11.303644802848913,3.923032998166643,2.8813534854617493,2.5235576668935953
A858,2021-06-11,-27.0,-52.5,4,5.7,5.492888039966796,3.039763691274276,1.8070115304470147,1.875145760955697
A858,2021-06-12,-27.0,-52.5,4,4.9,5.424660517412183,2.084557798315086,2.602307559808055,2.3506184400166745
A858,2021-06-13,-27.0,-52.5,4,6.1,5.92678854138724,2.393975130773753,2.475710154713116,2.5480632282209332
A858,2021-06-14,-27.0,-52.5,4,7.5,6.386627871948351,2.551211736699789,2.5033703710574806,2.9397795142248335
A858,2021-06-15,-27.0,-52.5,4,5.4,6.109025795788813,2.4384813825225855,2.505258329866388,2.214493019591461
A858,2021-06-16,-27.0,-52.5,4,7.5,6.538157930594496,3.569113369883102,1.8318717432079321,2.1013622215776366
A858,2021-06-17,-27.0,-52.5,4,6.8,5.267915459288676,2.9573566338137223,1.78129191422386,2.299350684408635
A858,2021-06-18,-27.0,-52.5,4,5.6,4.571897470067405,2.007824813597674,2.277040028146359,2.789087953328842
A858,2021-06-19,-27.0,-52.5,4,7.3,5.819612775899279,2.8326610318754333,2.0544684698988713,2.5770820856623478
A858,2021-06-20,-27.0,-52.5,4,6.6,5.230735473629804,2.995443360326807,1.746230806066426,2.20334661887245
A858,2021-06-21,-27.0,-52.5,4,8.4,5.726407527975826,2.386175267063245,2.39982687232507,3.520277875622353
A858,2021-06-22,-27.0,-52.5,4,5.1,4.341454384099581,2.1001745029559236,2.0671874541801802,2.428369639199945
A858,2021-06-23,-27.0,-52.5,4,10.3,10.995980854336063,4.094706693962043,2.685413553686391,2.5154426848663265
A858,2021-06-24,-27.0,-52.5,4,17.9,20.907916990270152,8.47570152020674,2.4668066637816386,2.111919580618193
A858,2021-06-25,-27.0,-52.5,4,6.4,8.13836980098717,3.145641145579059,2.587189518558079,2.0345613831363685
A858,2021-06-26,-27.0,-52.5,4,15.3,16.164897486897605,6.689716429383796,2.416380074930409,2.287092459225408
A858,2021-06-27,-27.0,-52.5,4,16.0,18.39184474362882,6.950733564396179,2.6460293108971364,2.3019153089045132
A858,2021-06-28,-27.0,-52.5,4,6.8,6.92118691413978,3.317450856829594,2.086296741937027,2.0497666110112607
A858,2021-06-29,-27.0,-52.5,4,8.9,11.196272042060306,4.65107739493072,2.4072426862350844,1.9135351326770536
A858,2021-06-30,-27.0,-52.5,4,7.3,7.682345199854137,3.8811486795829153,1.97939987207079,1.8808864598262411
A858,2021-07-01,-27.0,-52.5,4,7.8,7.191042312660895,2.734588524281178,2.6296615555903986,2.852348691856787
A858,2021-07-02,-27.0,-52.5,4,11.0,7.317082455178644,3.035512803296621,2.410493030117403,3.6237699238342214
A858,2021-07-03,-27.0,-52.5,4,4.5,6.132176351005659,2.10338872161039,2.9153794959548707,2.139404834573195
A858,2021-07-04,-27.0,-52.5,4,7.6,8.134873348245712,2.6127521864681564,3.1135265680294775,2.908810119597857
A858,2021-07-05,-27.0,-52.5,4,7.6,7.0256657935178595,2.5815491104449757,2.721492209887443,2.9439687857381127
A858,2021-07-06,-27.0,-52.5,4,5.8,6.741740850243731,2.971201755635739,2.269028293839716,1.9520720829538523
A858,2021-07-07,-27.0,-52.5,4,12.9,10.105639714443761,3.759785010857579,2.6878238211122447,3.431047244123569
A858,2021-07-08,-27.0,-52.5,4,6.0,7.872481538068226,2.8224531578750387,2.7892337260240803,2.125810302027214
A858,2021-07-09,-27.0,-52.5,4,9.3,6.782755576170653,2.4576124800994186,2.7598962941042147,3.7841604709070262
A858,2021-07-10,-27.0,-52.5,4,10.3,9.646990633016507,3.0891245601864794,3.1228881986015327,3.3342779804833205
A858,2021-07-11,-27.0,-52.5,4,5.3,8.059941557554247,2.5780732312658285,3.1263431386690406,2.0557988561859863
A858,2021-07-12,-27.0,-52.5,4,8.9,9.513719424245739,3.8735882141035947,2.456048216381553,2.297611286505732
A858,2021-07-13,-27.0,-52.5,4,9.4,10.002785369235752,3.715610261173328,2.692097573785104,2.529867057970616
A858,2021-07-14,-27.0,-52.5,4,10.5,12.941443261029775,4.827297664917558,2.680887767721859,2.1751300062370036
A858,2021-07-15,-27.0,-52.5,4,9.1,13.938009314327806,3.1906531908131304,4.368387436923452,2.8520805790493595
A858,2021-07-16,-27.0,-52.5,4,7.7,6.598549422947176,2.9725387992727432,2.219836264058712,2.5903782994805216
A858,2021-07-17,-27.0,-52.5,4,10.5,7.263765869208886,4.6590180566889074,1.5590765652389706,2.2536937767230265
A858,2021-07-18,-27.0,-52.5,4,9.9,8.605471210229245,5.302531408716247,1.622898677428607,1.867032788099375
A858,2021-07-19,-27.0,-52.5,4,7.1,5.924785246949379,2.765875038937362,2.1421015640770444,2.566999557119468
A858,2021-07-20,-27.0,-52.5,4,6.9,5.203304726550093,2.1177567099200227,2.4569888987609896,3.258164626597065
A858,2021-07-21,-27.0,-52.5,4,4.3,5.792451892438358,2.2207162889901504,2.608370966231089,1.9363121805871852
A858,2021-07-22,-27.0,-52.5,4,6.5,7.1461715985795555,2.7459269484153563,2.6024623862275473,2.3671423610708495
A858,2021-07-23,-27.0,-52.5,4,8.8,8.939194648636297,2.9120184799761115,3.069758900949567,3.0219588441870706
A858,2021-07-24,-27.0,-52.5,4,11.3,11.321727521129722,3.6903429953034643,3.067933667829354,3.0620459979955816
A858,2021-07-25,-27.0,-52.5,4,17.5,13.228160590929784,5.288460899525238,2.5013252139421733,3.3090913088855456
A858,2021-07-26,-27.0,-52.5,4,16.6,16.192755403473413,6.400184430878067,2.530045122660921,2.593675257217952
A858,2021-07-27,-27.0,-52.5,4,10.5,18.923079810208414,5.538540759418955,3.41661831738395,1.8958062161307538
A858,2021-07-28,-27.0,-52.5,4,12.0,14.745146138616391,6.486134701292645,2.2733333206413024,1.8501003375104863
A858,2021-07-29,-27.0,-52.5,4,9.8,7.801598088717555,4.131865944237236,1.88815372860742,2.371809766400621
A858,2021-07-30,-27.0,-52.5,4,7.5,7.772884175740224,2.8040565283046517,2.772014079345167,2.674696435073134
A858,2021-07-31,-27.0,-52.5,4,8.1,8.141123676616898,2.5799329401085846,3.15555631313202,3.1396164892794016
A858,2021-08-01,-27.0,-52.5,4,5.8,6.8531209354117095,2.271159145751283,3.017455182844418,2.5537620341798646
A858,2021-08-02,-27.0,-52.5,4,4.4,6.642357041681964,2.7821478521665433,2.3874924679180363,1.5815119230897763
A858,2021-08-03,-27.0,-52.5,4,5.6,7.775902258305645,2.692431138915576,2.8880598452139155,2.0799046330505218
A858,2021-08-04,-27.0,-52.5,4,7.4,7.093386643587876,2.3885943579260474,2.9696907807095694,3.0980563842682867
A858,2021-08-05,-27.0,-52.5,4,8.7,8.80311435970173,3.0737598836671496,2.863956422386245,2.830409768254397
A858,2021-08-06,-27.0,-52.5,4,9.8,10.07735258959332,3.412819385523201,2.952793995586266,2.871526117546831
A858,2021-08-07,-27.0,-52.5,4,12.1,10.324440656237337,3.843671958707023,2.6860878782460893,3.148031395496699
A858,2021-08-08,-27.0,-52.5,4,10.8,10.196046992674395,3.2035810978143133,3.182702944411423,3.371227282920494
A858,2021-08-09,-27.0,-52.5,4,12.4,14.836485577226682,5.690909552189492,2.607049969985653,2.1789135614058894
A858,2021-08-10,-27.0,-52.5,4,6.7,10.364439496226012,2.681338499863354,3.8653976350819574,2.498752022671306
A858,2021-08-11,-27.0,-52.5,4,6.7,8.952116291696926,4.0393004261163865,2.2162541399041222,1.6587030656795592
A858,2021-08-12,-27.0,-52.5,4,8.0,8.077384240886541,3.6416508264526404,2.218055663715234,2.196805894153466
A858,2021-08-13,-27.0,-52.5,4,8.4,7.897511866049383,2.699699385717215,2.925330097058674,3.1114575365095387
A858,2021-08-14,-27.0,-52.5,4,8.0,6.853743578257238,2.563268031630417,2.673830240803097,3.121015789718816
A858,2021-08-15,-27.0,-52.5,4,5.8,5.503896230193834,3.0404251546504937,1.8102390127168002,1.90762794839024
A858,2021-08-16,-27.0,-52.5,4,7.7,7.265369620370189,3.292054726447378,2.2069407176018045,2.338964762080203
A858,2021-08-17,-27.0,-52.5,4,9.1,12.087634292638267,4.350082499048106,2.778713804918253,2.0919143492086136
A858,2021-08-18,-27.0,-52.5,4,13.5,12.957381893477603,5.47840880444538,2.3651725082953856,2.4642191705455807
A858,2021-08-19,-27.0,-52.5,4,13.5,15.586166492763118,6.021066845995637,2.5886054567105217,2.2421275739495057
A858,2021-08-20,-27.0,-52.5,4,14.7,17.71140974279033,6.897894314936742,2.5676545528449073,2.1310851295834627
A858,2021-08-21,-27.0,-52.5,4,11.8,11.874926668563278,5.460371108593557,2.174747179706241,2.1610252792944986
A858,2021-08-22,-27.0,-52.5,4,15.0,18.225757870157647,6.525978486678148,2.7928007895464146,2.29850589158704
A858,2021-08-23,-27.0,-52.5,4,12.1,17.669284583467842,6.212981562565764,2.84392998845002,1.9475351533158396
A858,2021-08-24,-27.0,-52.5,4,13.0,16.503135461564227,6.721919936825774,2.4551222889687287,1.9339712644865066
A858,2021-08-25,-27.0,-52.5,4,14.3,12.33440614971213,5.431182339288015,2.2710351778263207,2.6329441927509687
A858,2021-08-26,-27.0,-52.5,4,9.9,9.912869184741755,4.971001463618458,1.9941392609299389,1.9915504094005354
A858,2021-08-27,-27.0,-52.5,4,7.7,6.734496076117194,3.1917516985481402,2.1099686667921485,2.4124683644728897
A858,2021-08-28,-27.0,-52.5,4,12.0,10.269880258899352,4.685741353068687,2.191730077498541,2.5609608161878614
A858,2021-08-29,-27.0,-52.5,4,7.5,8.931137329914346,3.346767746699354,2.6685859330162374,2.2409681721704895
A858,2021-08-30,-27.0,-52.5,4,10.0,9.855413049305925,3.3554487758620395,2.937137088845589,2.980227286417426
A858,2021-08-31,-27.0,-52.5,4,12.8,12.110231986154668,3.8121906171108644,3.176712080397653,3.3576495211303747
A858,2021-09-01,-27.0,-52.5,4,11.8,11.074366816226258,4.349081948332118,2.546368853884968,2.7132162925845362
A858,2021-09-02,-27.0,-52.5,4,10.9,11.584130955513652,4.98122596353607,2.325558214044624,2.1882163306364673
A858,2021-09-03,-27.0,-52.5,4,8.4,8.85006470880701,3.069625129708913,2.883109283655833,2.736490498042201
A858,2021-09-04,-27.0,-52.5,4,10.7,12.262646181302696,4.593888871882893,2.6693388811289673,2.3291812880999014
A858,2021-09-05,-27.0,-52.5,4,9.4,10.006255931940201,4.233103115622268,2.3638110527031837,2.2205932015474175
A858,2021-09-06,-27.0,-52.5,4,7.8,8.171575046362436,2.540380718966172,3.2166733849593707,3.0704059205638563
A858,2021-09-07,-27.0,-52.5,4,11.9,10.599039440155499,4.151764440923768,2.552899999740162,2.8662512455432685
A858,2021-09-08,-27.0,-52.5,4,15.6,18.90530809432207,6.542655035316101,2.889546826521426,2.3843531281710475
A858,2021-09-09,-27.0,-52.5,4,11.0,10.980479943446737,4.889922966882425,2.245532295255635,2.249524189746707
A858,2021-09-10,-27.0,-52.5,4,6.9,6.445645944282203,3.3560177933728466,1.920623292585179,2.056008169451748
A858,2021-09-11,-27.0,-52.5,4,5.9,6.17522209207408,1.8162456006231187,3.3999928698825097,3.2484593482158055
A858,2021-09-12,-27.0,-52.5,4,9.5,9.232325505874647,4.044510251087519,2.2826807036506307,2.3488628808507945
A858,2021-09-13,-27.0,-52.5,4,14.8,22.201251345572608,7.589722809494297,2.925172882176955,1.9500053389942082
A858,2021-09-14,-27.0,-52.5,4,12.4,15.247255807506495,5.007705146629929,3.0447590984400406,2.476184127642762
A858,2021-09-15,-27.0,-52.5,4,6.6,7.580060428208619,3.250552692129004,2.3319297196945086,2.0304239386678633
A858,2021-09-16,-27.0,-52.5,4,9.3,6.7007579190552455,3.2415433865747874,2.0671504650553745,2.869003709318526
A858,2021-09-17,-27.0,-52.5,4,11.9,13.2188948863391,3.8334815385277596,3.4482740437080044,3.104227809734065
A858,2021-09-18,-27.0,-52.5,4,7.1,8.0886364355484,2.583799324425096,3.1305203771380925,2.7478914220940025
A858,2021-09-19,-27.0,-52.5,4,9.7,11.638750110441725,3.9455598754213352,2.9498348720912153,2.4584597132654498
A858,2021-09-20,-27.0,-52.5,4,11.7,18.55419898258475,5.383996329343238,3.4461760089736297,2.1731069793331774
A858,2021-09-21,-27.0,-52.5,4,17.9,13.51965622229106,4.739143430187106,2.8527636737420483,3.777053862936849
A858,2021-09-22,-27.0,-52.5,4,16.3,11.866681999512632,5.305125527005631,2.236833405563268,3.0725003427393363
A858,2021-09-23,-27.0,-52.5,4,9.9,8.518329556923314,3.883882518730886,2.1932510872411246,2.5489957413117033
A858,2021-09-24,-27.0,-52.5,4,6.0,10.64000557747002,4.271636484053745,2.4908499628163,1.4046139043896484
A858,2021-09-25,-27.0,-52.5,4,5.7,7.005485293433849,2.6489028753881203,2.6446742757253405,2.151834275601679
A858,2021-09-26,-27.0,-52.5,4,7.0,8.008136519726914,3.044787262179309,2.6301136434717884,2.299011194295967
A858,2021-09-27,-27.0,-52.5,4,5.5,8.463432160500828,4.091760414007747,2.0684085342648815,1.3441647221502218
A858,2021-09-28,-27.0,-52.5,4,10.1,10.435162576278834,3.9235125605742946,2.659648061570475,2.574223949603372
A858,2021-09-29,-27.0,-52.5,4,9.8,10.437362895088041,3.727375453700656,2.800190918445175,2.629195830076697
A858,2021-09-30,-27.0,-52.5,4,10.7,11.296556957184173,5.268830511197532,2.1440349871145545,2.03081119752475
A858,2021-10-01,-27.0,-52.5,4,14.2,9.410870182816037,4.058915096380445,2.318567883129219,3.4984717991915897
A858,2021-10-02,-27.0,-52.5,4,13.9,12.784510238510627,3.4955921533184187,3.6573231881110897,3.9764364348983103
A858,2021-10-03,-27.0,-52.5,4,15.4,10.65936219031327,4.917628765024432,2.1675817146112517,3.131590596982261
A858,2021-10-04,-27.0,-52.5,4,8.5,9.55942689584342,3.761908169937064,2.5411111765663716,2.25949162393887
A858,2021-10-05,-27.0,-52.5,4,6.5,7.077490670129408,2.1719557116047206,3.2585796442876354,2.992694540349334
A858,2021-10-06,-27.0,-52.5,4,10.3,7.712088579309126,3.322193970263527,2.321384196208561,3.100360813424441
A858,2021-10-07,-27.0,-52.5,4,9.1,12.992916980173895,4.3812366027472445,2.9655821308592913,2.077039161567733
A858,2021-10-08,-27.0,-52.5,4,7.2,10.168858058290379,2.8113907938093328,3.617020472814434,2.5610100224608976
A858,2021-10-09,-27.0,-52.5,4,10.8,11.040648845074458,3.2856913193849158,3.360220961700467,3.2869794969120134
A858,2021-10-10,-27.0,-52.5,4,10.1,11.051115553647616,3.599574313262077,3.0701173505243333,2.8058873413970384
A858,2021-10-11,-27.0,-52.5,4,11.3,10.970968965624673,4.849018306452315,2.2625134145247965,2.330368599550084
A858,2021-10-12,-27.0,-52.5,4,7.2,10.229597014030652,3.1207822834423076,3.277895118895359,2.3071138407188743
A858,2021-10-13,-27.0,-52.5,4,10.0,13.023336640234263,4.666163854631705,2.7910157135410283,2.1430880508136996
A858,2021-10-14,-27.0,-52.5,4,28.2,18.951260068083045,6.0783881252145715,3.1178101295422054,4.639387847416295
A858,2021-10-15,-27.0,-52.5,4,12.5,16.13960252428994,3.423134762296476,4.714860396983722,3.6516236923182466
A858,2021-10-16,-27.0,-52.5,4,10.2,9.446220350462612,4.662072193539247,2.026184914843938,2.1878683076026313
A858,2021-10-17,-27.0,-52.5,4,8.8,7.040169678846235,3.5234369612122967,1.9980972432167334,2.497561357525243
A858,2021-10-18,-27.0,-52.5,4,8.9,10.324104305481942,3.91967430964023,2.6339189151737323,2.2705968141564528
A858,2021-10-19,-27.0,-52.5,4,9.2,9.173681136461797,3.556553061393014,2.579374180029439,2.586774284311278
A858,2021-10-20,-27.0,-52.5,4,9.7,8.232193295110822,2.7181534705768056,3.028597680087545,3.5685990894184543
A858,2021-10-21,-27.0,-52.5,4,8.2,9.699272654446117,3.039575386139277,3.1909959195865407,2.6977452302689047
A858,2021-10-22,-27.0,-52.5,4,7.8,8.079046975847174,2.3466849341415226,3.4427489000787808,3.3238377621636026
A858,2021-10-23,-27.0,-52.5,4,14.1,14.608299455549664,4.856160891949194,3.0081992299242173,2.903528180743711
A858,2021-10-24,-27.0,-52.5,4,9.2,12.35726055709194,4.875227692855368,2.534704291904452,1.8870913482630918
A858,2021-10-25,-27.0,-52.5,4,8.5,7.979725700776302,3.499976603136294,2.279936869756715,2.4285876632384444
A858,2021-10-26,-27.0,-52.5,4,7.0,7.350270631507171,2.585675757266017,2.842688458076055,2.7072226594263697
A858,2021-10-27,-27.0,-52.5,4,7.7,8.505808580425596,3.4123648175714725,2.4926433822744216,2.2564996451580965
A858,2021-10-28,-27.0,-52.5,4,12.5,9.72303990255702,3.8370628379366005,2.5339798468835166,3.2577001023840246
A858,2021-10-29,-27.0,-52.5,4,9.9,9.949652128508042,3.7181666383966308,2.6759564850483915,2.662602557337004
A858,2021-10-30,-27.0,-52.5,4,7.9,9.110243612913354,3.523746206850605,2.5853858587210103,2.241932175660497
A858,2021-10-31,-27.0,-52.5,4,11.5,9.666797388403722,2.887559353987137,3.3477398049171962,3.982602118332501
A858,2021-11-01,-27.0,-52.5,4,6.5,9.21809596508316,3.2653599613269653,2.8229953433180284,1.9905921788048608
A858,2021-11-02,-27.0,-52.5,4,7.3,6.41383290843797,2.7688200132617213,2.3164499236923515,2.636502179641668
A858,2021-11-03,-27.0,-52.5,4,11.0,15.555102989380817,3.64981717019869,4.261885531250877,3.0138495949377044
A858,2021-11-04,-27.0,-52.5,4,6.1,11.129061183518411,2.94062111745159,3.784595409953089,2.07439168677616
A858,2021-11-05,-27.0,-52.5,4,10.5,11.250595872451639,4.465675339581278,2.5193492623013984,2.3512681065132086
A858,2021-11-06,-27.0,-52.5,4,6.7,7.628023657655115,3.6514327374504925,2.089049478967306,1.8348961850733918
A858,2021-11-07,-27.0,-52.5,4,8.2,6.487035067659893,3.4515991719892085,1.8794288515028579,2.3757103856512445
A858,2021-11-08,-27.0,-52.5,4,7.0,7.604234244390361,2.9890839422718622,2.5440015707992263,2.3418546066925203
A858,2021-11-09,-27.0,-52.5,4,6.8,6.456114494510691,3.87327094927957,1.6668378171972533,1.7556220799024667
A858,2021-11-10,-27.0,-52.5,4,9.6,7.43231755277881,4.321459420208272,1.7198628588349931,2.221471745195129
A858,2021-11-11,-27.0,-52.5,4,9.2,8.631612519937025,3.0675515377734026,2.8138443359951903,2.999134614924144
A858,2021-11-12,-27.0,-52.5,4,8.3,8.741540334062435,3.3163445929852022,2.6358962674001716,2.5027555995104747
A858,2021-11-13,-27.0,-52.5,4,7.8,8.302438240260004,3.8949956253578706,2.1315654852621764,2.0025696432671447
A858,2021-11-14,-27.0,-52.5,4,9.9,9.444503186619963,4.249717589617109,2.222383720201721,2.329566563243552
A858,2021-11-15,-27.0,-52.5,4,10.9,9.747036824373625,3.1041983378439664,3.1399529809501376,3.5113735701471445
A858,2021-11-16,-27.0,-52.5,4,8.5,11.236176036186704,3.7603694557525955,2.9880510860435945,2.2604161904880757
A858,2021-11-17,-27.0,-52.5,4,8.6,6.694154366833216,3.041503856185543,2.2009356829251536,2.82754860971492
A858,2021-11-18,-27.0,-52.5,4,7.5,10.20660727946462,2.7036656377988795,3.7750996782923463,2.774011658522218
A858,2021-11-19,-27.0,-52.5,4,5.9,6.729813662609623,3.208834761205572,2.0972764767984517,1.8386736741107066
A858,2021-11-20,-27.0,-52.5,4,7.8,6.519906218979329,3.7944982360205173,1.7182525365506784,2.0556077549215717
A858,2021-11-21,-27.0,-52.5,4,7.8,7.050038091727798,2.691423513318354,2.619445827399921,2.8980946184805734
A858,2021-11-22,-27.0,-52.5,4,7.5,9.17090284244839,2.8112977102242307,3.26215996587459,2.6678071030057486
A858,2021-11-23,-27.0,-52.5,4,10.7,9.060805533537254,2.9514561173615124,3.069944181191914,3.625329184824671
A858,2021-11-24,-27.0,-52.5,4,7.2,6.7323319485364825,2.2409610045869672,3.004216465505754,3.21290731309581
A858,2021-11-25,-27.0,-52.5,4,24.2,12.39306327469413,5.228417159604332,2.3703279398677504,4.628551865940125
A858,2021-11-26,-27.0,-52.5,4,11.7,14.700950673135361,6.801748051280366,2.161348900650333,1.7201460436038325
A858,2021-11-27,-27.0,-52.5,4,5.9,5.809548151586663,3.1604848409857103,1.8381825713091373,1.8668021828447923
A858,2021-11-28,-27.0,-52.5,4,10.4,9.488066184840587,3.8077551601066717,2.491774230718864,2.7312680471053845
A858,2021-11-29,-27.0,-52.5,4,11.4,9.471382297722744,4.7313043945642965,2.001854353020328,2.4094835270157713
A858,2021-11-30,-27.0,-52.5,4,7.5,6.740022410050533,4.1021860944321045,1.6430318505537236,1.8282934580124843
A858,2021-12-01,-27.0,-52.5,4,7.0,7.536181097232788,2.484023582757127,3.0338605275510506,2.8180086729411773
A858,2021-12-02,-27.0,-52.5,4,9.5,7.804580755856724,2.8596428723043825,2.7292151867787493,3.3220931508641938
A858,2021-12-03,-27.0,-52.5,4,10.1,8.781984118715002,4.058217554887643,2.164000327714846,2.488777366761854
A858,2021-12-04,-27.0,-52.5,4,7.9,8.803784834281819,3.9933208615602087,2.2046274615764636,1.978303340471728
A858,2021-12-05,-27.0,-52.5,4,9.6,10.556794590011275,4.186286849983233,2.521756145318508,2.293201671079575
A858,2021-12-06,-27.0,-52.5,4,10.5,6.937073540174412,4.476924715384876,1.5495175776209227,2.3453599663887417
A858,2021-12-07,-27.0,-52.5,4,9.7,10.5309065439669,5.630434312487023,1.8703542141698986,1.7227800666260513
A858,2021-12-08,-27.0,-52.5,4,11.5,9.749449961101975,3.899952859295852,2.4998891814457127,2.948753591364271
A858,2021-12-09,-27.0,-52.5,4,6.8,8.432149562973652,2.5286185795713716,3.3346862318804105,2.6892153901489855
A858,2021-12-10,-27.0,-52.5,4,7.4,8.813994264751749,3.3077082058310983,2.664683132935886,2.2371985494230344
A858,2021-12-11,-27.0,-52.5,4,8.2,12.176074413596456,4.7082436770197535,2.586118146991008,1.7416260844830518
A858,2021-12-12,-27.0,-52.5,4,7.8,7.980999423188141,3.5080858998668347,2.2750296460788193,2.2234347227062154
A858,2021-12-13,-27.0,-52.5,4,8.3,8.784653511063766,3.134697165068455,2.802393037820586,2.64778368146409
A858,2021-12-14,-27.0,-52.5,4,9.8,10.310328700887029,3.1031040516067736,3.3225855560816226,3.158128066935301
A858,2021-12-15,-27.0,-52.5,4,8.0,8.685860537231168,3.062074648518109,2.83659333433778,2.6126077637825063
A858,2021-12-16,-27.0,-52.5,4,7.8,8.8881231385271,4.592833643144934,1.9352155617029867,1.6982979585254396
A858,2021-12-17,-27.0,-52.5,4,11.0,7.211149122578632,4.705323907475523,1.5325510558629156,2.3377774232553663
A858,2021-12-18,-27.0,-52.5,4,10.0,10.87033810671165,4.425253172740443,2.456433040638878,2.2597577154681217
A858,2021-12-19,-27.0,-52.5,4,6.5,10.3589812273409,4.247025841199216,2.439114244808992,1.5304827997384214
A858,2021-12-20,-27.0,-52.5,4,7.2,7.814145527255463,3.9117670475121593,1.9975999164431772,1.8406004019536697
A858,2021-12-21,-27.0,-52.5,4,9.2,8.157014250974173,3.1918085488827908,2.555608873793299,2.8823783942869063
A858,2021-12-22,-27.0,-52.5,4,10.6,10.384432757735372,5.953315684426813,1.7443107854837683,1.780520396008627
A858,2021-12-23,-27.0,-52.5,4,10.0,9.677473317113359,5.240680390016666,1.8466062795106997,1.908149182127132
A858,2021-12-24,-27.0,-52.5,4,10.8,10.198725604869093,4.555012654964536,2.239011475358568,2.371014268912956
A858,2021-12-25,-27.0,-52.5,4,8.1,9.08680621979404,3.4595515948491697,2.6265849693709247,2.341343893254798
A858,2021-12-26,-27.0,-52.5,4,9.4,7.475965933458367,4.2599660900797165,1.754935550042951,2.206590334578015
A858,2021-12-27,-27.0,-52.5,4,8.5,8.368297682319499,3.197604842416992,2.6170518543479893,2.6582396571475844
A858,2021-12-28,-27.0,-52.5,4,9.0,9.467853882646827,4.350923476948669,2.1760561712491193,2.068526382429451
A858,2021-12-29,-27.0,-52.5,4,13.4,10.358703454216013,4.4017235295542045,2.3533289595916798,3.0442620737148203
A858,2021-12-30,-27.0,-52.5,4,11.9,12.764979591540063,4.13954897886162,3.083664345252039,2.874709312721434
A858,2021-12-31,-27.0,-52.5,4,8.3,7.184292808029792,2.9065179856694856,2.4717868058796704,2.8556506585966246
A858,2022-01-01,-27.0,-52.5,4,7.7,8.080583801812589,2.9122976599460064,2.7746421366703298,2.6439605078495845
A858,2022-01-02,-27.0,-52.5,4,10.2,11.011696776803038,4.6735637171202775,2.3561670372578436,2.1824886997122106
A858,2022-01-03,-27.0,-52.5,4,11.2,7.910058644403507,3.13395461624095,2.5239863409034613,3.5737594737201204
A858,2022-01-04,-27.0,-52.5,4,6.9,9.241065946640115,2.7004373702325832,3.422062680847955,2.5551416507784874
A858,2022-01-05,-27.0,-52.5,4,13.1,10.485143047260868,4.992346466811056,2.1002434660666545,2.6240165996267164
A858,2022-01-06,-27.0,-52.5,4,10.5,11.424542773219896,5.18456992889262,2.2035661452945394,2.025240308069817
A858,2022-01-07,-27.0,-52.5,4,10.0,9.042136351424922,3.813310585427393,2.371203747730264,2.622393265897382
A858,2022-01-08,-27.0,-52.5,4,8.7,10.109827920180024,4.011925891193054,2.519943836044687,2.168534573158035
A858,2022-01-09,-27.0,-52.5,4,9.9,9.299219333962107,4.321621845303456,2.1517892279418382,2.290806635652047
A858,2022-01-10,-27.0,-52.5,4,10.4,8.171734040857642,3.8190466040710214,2.1397314272485572,2.723192743684726
A858,2022-01-11,-27.0,-52.5,4,7.6,8.190635225661957,3.046651738649555,2.688405478629632,2.494541763204199
A858,2022-01-12,-27.0,-52.5,4,8.8,7.04205175245346,3.1660514180303405,2.2242379616293317,2.7794873923666863
A858,2022-01-13,-27.0,-52.5,4,14.7,9.945526049662549,4.4755287663052155,2.222201346249664,3.284528101052878
A858,2022-01-14,-27.0,-52.5,4,9.8,10.528996099208326,4.509052679049881,2.335079416598639,2.1734055238549566
A858,2022-01-15,-27.0,-52.5,4,13.3,10.387946776906345,4.3007557057066865,2.415377084339514,3.092479766370405
A858,2022-01-16,-27.0,-52.5,4,12.6,14.029419588660373,5.317619723151381,2.638289369881101,2.36948120700381
A858,2022-01-17,-27.0,-52.5,4,10.7,14.187944365420565,4.972398263261417,2.853340302656013,2.1518791201937684
A858,2022-01-18,-27.0,-52.5,4,15.5,10.58380373965135,4.684468881493246,2.2593391070361,3.30880626856873
A858,2022-01-19,-27.0,-52.5,4,11.3,11.284908540280387,3.8984408023228734,2.894723586300531,2.8985947390215423
A858,2022-01-20,-27.0,-52.5,4,9.6,9.478561206234719,2.7730298503297246,3.4181244767731873,3.461917295574197
A858,2022-01-21,-27.0,-52.5,4,8.9,10.429157947240425,3.4777382439023343,2.9988334991934225,2.5591345224456576
A858,2022-01-22,-27.0,-52.5,4,9.5,9.845888881508229,2.4918136175156493,3.951294275100972,3.8124841814900856
A858,2022-01-23,-27.0,-52.5,4,7.0,9.870504809484649,3.8385666650388237,2.5714037740659683,1.8235973504785286
A858,2022-01-24,-27.0,-52.5,4,14.6,7.1078838590008155,2.994634326973137,2.373539832552843,4.875386576750133
A858,2022-01-25,-27.0,-52.5,4,8.4,10.996344562157697,2.733293841123297,4.0231110159888805,3.073215134655214
A858,2022-01-26,-27.0,-52.5,4,13.7,10.840728546532523,5.055782865975516,2.144223522629625,2.7097682719324174
A858,2022-01-27,-27.0,-52.5,4,11.4,13.361431244543475,5.091466838141387,2.6242793421435686,2.2390404106337085
A858,2022-01-28,-27.0,-52.5,4,10.7,10.21385117770329,4.920878516898966,2.0756153891276803,2.1744084848375635
A858,2022-01-29,-27.0,-52.5,4,8.7,8.5056199240079,4.263669920169253,1.9949058166468612,2.040495667557361
A858,2022-01-30,-27.0,-52.5,4,10.7,10.75452725909882,3.599028219215809,2.988175308456492,2.973024757869617
A858,2022-01-31,-27.0,-52.5,4,9.9,11.027278408767655,3.1909776622205883,3.45576797334702,3.1024974311824645
A858,2022-02-01,-27.0,-52.5,4,5.2,7.984991243151348,3.0155768569750077,2.64791501655218,1.724379860514063
A858,2022-02-02,-27.0,-52.5,4,9.4,9.443729319809442,3.8655798554892304,2.443030456711193,2.431717970242353
A858,2022-02-03,-27.0,-52.5,4,11.3,13.316064137856019,4.005168478145038,3.3247200986719165,2.821354472767025
A858,2022-02-04,-27.0,-52.5,4,12.0,10.557893754427107,4.302964564875721,2.4536325120148983,2.788774998974826
A858,2022-02-05,-27.0,-52.5,4,8.5,10.531486617274876,4.848546836461477,2.1720913445812706,1.753102586548054
A858,2022-02-06,-27.0,-52.5,4,6.6,8.46265391822566,4.635440725505647,1.82564170687406,1.423812834815195
A858,2022-02-07,-27.0,-52.5,4,6.8,7.751601538607714,3.2536961195261576,2.3823987409545166,2.089930881741439
A858,2022-02-08,-27.0,-52.5,4,6.3,6.851664476823558,2.7630939167854898,2.479707416096302,2.280052792171919
A858,2022-02-09,-27.0,-52.5,4,6.5,7.370991881962689,2.7553103824918908,2.6751947543914802,2.359080864828531
A858,2022-02-10,-27.0,-52.5,4,9.0,9.705051045920984,3.7523596426780434,2.586386159668461,2.398490778345739
A858,2022-02-11,-27.0,-52.5,4,13.7,9.15281547788004,3.200100623236842,2.860164899634355,4.281115381347823
A858,2022-02-12,-27.0,-52.5,4,8.2,8.469303364175877,2.650334345363048,3.195560355995664,3.0939492650602722
A858,2022-02-13,-27.0,-52.5,4,8.6,10.24177708308503,4.252386092670399,2.408477701669237,2.0223939718981163
A858,2022-02-14,-27.0,-52.5,4,5.8,6.7898042274010315,3.2017468618081644,2.1206561669171236,1.8115111063853717
A858,2022-02-15,-27.0,-52.5,4,6.9,7.174351541884661,3.0179921824822284,2.3771935472622476,2.286288228329641
A858,2022-02-16,-27.0,-52.5,4,8.7,8.718634547340647,3.0053053211108267,2.9010811267981413,2.894880576321706
A858,2022-02-17,-27.0,-52.5,4,10.6,9.804177685890979,3.819986304256806,2.566547863002986,2.7748790586468535
A858,2022-02-18,-27.0,-52.5,4,10.5,8.957871896141786,5.168142485856471,1.733286557144385,2.0316777311645513
A858,2022-02-19,-27.0,-52.5,4,9.6,11.429911058512268,4.459336491892719,2.5631416421013253,2.1527866348397895
A858,2022-02-20,-27.0,-52.5,4,11.6,13.812424883309104,6.002128262905807,2.3012545347743205,1.9326478028951846
A858,2022-02-21,-27.0,-52.5,4,9.4,5.2336882076360105,1.4584209076665242,3.5885992720784015,6.445327237553125
A858,2022-02-22,-27.0,-52.5,4,7.6,10.896732952031735,3.2771778699119416,3.325035559429227,2.319068510066624
A858,2022-02-23,-27.0,-52.5,4,6.4,8.523091095676458,2.766346176137396,3.0809922377744896,2.313521010207123
A858,2022-02-24,-27.0,-52.5,4,11.4,10.840343898062436,4.464520645517596,2.428109254897545,2.553465624903239
A858,2022-02-25,-27.0,-52.5,4,13.3,8.321344549906373,4.066300920787124,2.0464163159610895,3.270785969628998
A858,2022-02-26,-27.0,-52.5,4,7.9,6.728358136234615,1.98290201753535,3.393187397427551,3.984059691370587
A858,2022-02-27,-27.0,-52.5,4,10.2,13.278037903036598,4.204039822240274,3.1583996499730866,2.426237721640934
A858,2022-02-28,-27.0,-52.5,4,21.2,14.208956726095131,4.799827827022382,2.9603055022308564,4.416825095401728
A858,2022-03-01,-27.0,-52.5,4,10.5,6.9689093306024334,2.590218075089159,2.6904720485214564,4.053712735997557
A858,2022-03-02,-27.0,-52.5,4,12.3,7.431117315185109,3.5223688228445873,2.109693132357418,3.4919682232670888
A858,2022-03-03,-27.0,-52.5,4,12.4,7.561851063365699,2.348196016852985,3.2202810195973215,5.280649447918869
A858,2022-03-04,-27.0,-52.5,4,8.2,9.894268315224748,3.6201509668237044,2.733109311158344,2.2650989075172805
A858,2022-03-05,-27.0,-52.5,4,11.2,9.904118563064046,4.096168509646821,2.4178982236055506,2.7342625123021813
A858,2022-03-06,-27.0,-52.5,4,13.1,14.982638577977326,4.834122272508989,3.0993503542890504,2.70990249346773
A858,2022-03-07,-27.0,-52.5,4,10.5,12.446488064303091,4.782195410433217,2.6026724121621725,2.1956442802593066
A858,2022-03-08,-27.0,-52.5,4,12.6,9.091837179861235,3.8960481169103383,2.333604952258979,3.2340463007402764
A858,2022-03-09,-27.0,-52.5,4,21.8,11.021010500848439,2.9755272470228578,3.7038849205213737,7.326432658888213
A858,2022-03-10,-27.0,-52.5,4,21.8,12.040288818694263,4.037714996765293,2.9819560886144805,5.39909330338186
A858,2022-03-11,-27.0,-52.5,4,8.5,10.93201761424905,3.879093494732692,2.8181887415431772,2.191233599175143
A858,2022-03-12,-27.0,-52.5,4,11.0,11.470764031931656,5.105967373936438,2.2465408005708207,2.1543420069916284
A858,2022-03-13,-27.0,-52.5,4,7.7,11.15606823589845,3.0280348189348376,3.684260222550144,2.5429033879830367
A858,2022-03-14,-27.0,-52.5,4,5.8,8.601956690420339,3.5174030919202393,2.4455419141979298,1.6489437941653804
A858,2022-03-15,-27.0,-52.5,4,8.8,8.507411917267808,2.5792338732475915,3.2984259417141835,3.4118658611286206
A858,2022-03-16,-27.0,-52.5,4,11.9,13.706558109610247,4.251800268016361,3.223706958371522,2.798814443264485
A858,2022-03-17,-27.0,-52.5,4,8.0,10.856154846839955,3.3108520557390553,3.2789610239520717,2.416296429232693
A858,2022-03-18,-27.0,-52.5,4,11.6,10.0848463021974,4.098250433210136,2.460768678379178,2.8304761236647478
A858,2022-03-19,-27.0,-52.5,4,7.0,8.107222061561666,4.7688064251433335,1.7000526628249524,1.4678725399908856
A858,2022-03-20,-27.0,-52.5,4,9.2,8.548996887724265,4.2141629794028255,2.0286346136844746,2.183114427459495
A858,2022-03-21,-27.0,-52.5,4,9.2,9.584915288675665,3.660825708890233,2.618238629989653,2.513094239274491
A858,2022-03-22,-27.0,-52.5,4,11.5,12.436889546232555,4.518540903540957,2.752412739361589,2.545069358780844
A858,2022-03-23,-27.0,-52.5,4,12.7,16.124292441349183,4.522623443587492,3.5652520362294124,2.8081046672163237
A858,2022-03-24,-27.0,-52.5,4,14.1,15.796863934133967,5.633666992373478,2.8040109497985624,2.502810339888342
A858,2022-03-25,-27.0,-52.5,4,10.2,8.127068298385588,3.998462950404722,2.0325481064074813,2.5509802457885877
A858,2022-03-26,-27.0,-52.5,4,8.4,8.74015737059147,3.8043751451623753,2.2973962969202475,2.207984144434704
A858,2022-03-27,-27.0,-52.5,4,5.1,7.123451762419131,2.4355102428665583,2.9248293179153033,2.094017060670366
A858,2022-03-28,-27.0,-52.5,4,5.3,7.720107820186967,2.5789929984681526,2.993458231477359,2.0550656799564972
A858,2022-03-29,-27.0,-52.5,4,10.8,12.219724142521962,4.61099007712302,2.650130218919563,2.3422301543399873
A858,2022-03-30,-27.0,-52.5,4,14.6,11.651061542809591,5.392416665149773,2.160638219614653,2.7075059118404545
A858,2022-03-31,-27.0,-52.5,4,9.7,10.570878538486344,4.6457530113179715,2.2753853923645093,2.087928474968188
A858,2022-04-01,-27.0,-52.5,4,10.4,8.786017929009166,3.41872034790773,2.5699726900406588,3.042073917032974
A858,2022-04-02,-27.0,-52.5,4,7.8,9.506541119956738,3.4316263837008605,2.770272767778509,2.2729747145690253
A858,2022-04-03,-27.0,-52.5,4,11.3,11.913930142500917,4.303070544888768,2.768704351512993,2.626031779428357
A858,2022-04-04,-27.0,-52.5,4,19.2,13.049747745176331,3.8993588503251746,3.346639344077832,4.92388639696469
A858,2022-04-05,-27.0,-52.5,4,5.7,6.588653505745629,2.297765784571552,2.867417362546448,2.4806705880437847
A858,2022-04-06,-27.0,-52.5,4,6.8,7.618883777657881,1.8819223621885033,4.048458071776041,3.6133265306929148
A858,2022-04-07,-27.0,-52.5,4,10.0,8.975253171045349,2.441216595769667,3.6765493019334605,4.096318211718202
A858,2022-04-08,-27.0,-52.5,4,10.9,9.527447088361459,3.057653271607783,3.1159344248838625,3.564825384622022
A858,2022-04-09,-27.0,-52.5,4,4.2,5.104516389393418,1.924581559533602,2.6522733547496076,2.1822925503961583
A858,2022-04-10,-27.0,-52.5,4,5.8,7.354313427966855,2.6119653633364406,2.8156244072749463,2.2205501196199884
A858,2022-04-11,-27.0,-52.5,4,14.7,12.6380338119447,5.803168634320503,2.1777815893893107,2.5330988855058894
A858,2022-04-12,-27.0,-52.5,4,11.5,10.040301665452553,3.1147554706986096,3.2234638513053517,3.6921036364439423
A858,2022-04-13,-27.0,-52.5,4,6.0,5.400448722021079,2.6481953309928286,2.0392939519292974,2.2656938971909426
A858,2022-04-14,-27.0,-52.5,4,9.0,7.297631543559007,4.373832771406629,1.6684752081209726,2.0576918392574
A858,2022-04-15,-27.0,-52.5,4,7.7,7.830041631134866,3.4120131257202586,2.294845108335269,2.2567322329320083
A858,2022-04-16,-27.0,-52.5,4,7.1,6.488446939382129,2.8098142612134707,2.309208487175936,2.5268574147437532
A858,2022-04-17,-27.0,-52.5,4,6.6,7.695516222285098,3.2166715191400943,2.39238485387601,2.051810376262592
A858,2022-04-18,-27.0,-52.5,4,8.7,6.641161907824829,2.645071255736413,2.510768620475544,3.2891363441087473
A858,2022-04-19,-27.0,-52.5,4,6.1,7.757337449229373,2.7930905177591923,2.777331203520335,2.183960727808362
A858,2022-04-20,-27.0,-52.5,4,6.9,6.569865820938594,2.579720107760364,2.546735904090911,2.6747087714063578
A858,2022-04-21,-27.0,-52.5,4,11.8,11.866047255262462,3.7467704009314082,3.167006777974088,3.1493789950584223
A858,2022-04-22,-27.0,-52.5,4,12.1,13.336615473747836,3.5302875954131725,3.7777702561898403,3.4274827965067978
A858,2022-04-23,-27.0,-52.5,4,17.7,15.107625780800602,4.682767091291843,3.226217637194686,3.779816432236238
A858,2022-04-24,-27.0,-52.5,4,7.1,9.81482542730492,3.2931517015163174,2.9803745217038515,2.1559893510920967
A858,2022-04-25,-27.0,-52.5,4,12.5,13.376360593968272,5.15225081148931,2.5962168930401313,2.4261241265905586
A858,2022-04-26,-27.0,-52.5,4,11.6,12.185161330157433,4.155558009690819,2.9322563424073174,2.7914422017328695
A858,2022-04-27,-27.0,-52.5,4,17.5,17.88955659657521,6.078036724592758,2.9433116986922863,2.879219194117742
A858,2022-04-28,-27.0,-52.5,4,17.9,14.12866620772557,6.09930197234,2.316439860134536,2.934762056572296
A858,2022-04-29,-27.0,-52.5,4,9.6,8.22304731800533,4.8968311969145475,1.6792588895419966,1.9604514866775231
A858,2022-04-30,-27.0,-52.5,4,7.6,10.793965152014517,3.0782340218100703,3.5065446861858227,2.4689480871668845
A858,2022-05-01,-27.0,-52.5,4,12.2,13.767408580399321,4.435677245239627,3.103789527331935,2.7504255439444
A858,2022-05-02,-27.0,-52.5,4,10.4,10.795486127968669,4.814412347270756,2.2423268613641967,2.160180568225665
A858,2022-05-03,-27.0,-52.5,4,12.4,11.873774820661863,4.525878751428396,2.623529147110807,2.7397994248269426
A858,2022-05-04,-27.0,-52.5,4,10.3,8.234746966434564,3.3374251879389525,2.4673952231780163,3.086211501376254
A858,2022-05-05,-27.0,-52.5,4,11.9,8.30166650370891,3.6875329709763687,2.251279261514191,3.227089789748828
A858,2022-05-06,-27.0,-52.5,4,6.1,6.68871831650599,2.4055654681080845,2.780518096548208,2.5357863175503152
A858,2022-05-07,-27.0,-52.5,4,5.6,6.361623243913321,2.0942169255292677,3.0377097837204996,2.6740305322404563
A858,2022-05-08,-27.0,-52.5,4,8.6,6.728005011036255,2.613375284881224,2.574450386042446,3.2907635002719724
A858,2022-05-09,-27.0,-52.5,4,8.7,7.673108981746432,2.4168296309436,3.1748654863812757,3.5997572557910376
A858,2022-05-10,-27.0,-52.5,4,11.4,12.011741797677777,2.9395848045526307,4.086203527475989,3.8780986969127236
A858,2022-05-11,-27.0,-52.5,4,6.9,6.297368127215254,3.649814152656835,1.725394188257823,1.8905072180119733
A858,2022-05-12,-27.0,-52.5,4,6.1,5.130209166049593,2.6572220670223237,1.9306663262052812,2.2956304915966785
A858,2022-05-13,-27.0,-52.5,4,6.4,6.101225534812223,2.1710284223028857,2.81029279586328,2.947911659862701
A858,2022-05-14,-27.0,-52.5,4,12.2,8.03369564060895,2.8576605659067886,2.8112840749719026,4.269226424422704
A858,2022-05-15,-27.0,-52.5,4,6.2,6.564802615858393,3.2747754092576207,2.004657356745759,1.8932596056733908
A858,2022-05-16,-27.0,-52.5,4,8.0,7.252251740552733,4.441633006491552,1.632789501058146,1.8011393530955417
A858,2022-05-17,-27.0,-52.5,4,12.8,15.07576142968255,7.864459583099179,1.9169481730290214,1.627575278981325
A858,2022-05-18,-27.0,-52.5,4,11.6,13.462657693070732,6.68791724446006,2.012982099056703,1.7344712226528918
A858,2022-05-19,-27.0,-52.5,4,11.7,5.90339371471602,4.014425544941211,1.47054507516155,2.9144892261717956
A858,2022-05-20,-27.0,-52.5,4,6.9,6.3523864209810235,2.7448538166516965,2.314289519698345,2.5137950728527136
A858,2022-05-21,-27.0,-52.5,4,6.2,6.6749281486693235,2.4870106423020997,2.683916198481033,2.4929527419556896
A858,2022-05-22,-27.0,-52.5,4,8.1,6.056370909171355,2.6237468734339395,2.3082908532425708,3.0871880523286848
A858,2022-05-23,-27.0,-52.5,4,8.7,6.560342873380458,2.856593903361034,2.2965612527778756,3.0455851599219907
A858,2022-05-24,-27.0,-52.5,4,10.2,9.50686299083104,3.836724246881804,2.47785933496719,2.6585178771421423
A858,2022-05-25,-27.0,-52.5,4,13.3,13.120877075291894,5.082413908225299,2.5816230854510436,2.6168667566558264
A858,2022-05-26,-27.0,-52.5,4,11.5,8.690752364901426,3.1344708643537724,2.7726377883219473,3.668880808809474
A858,2022-05-27,-27.0,-52.5,4,11.3,12.029993562933992,3.785537163472563,3.177882832326653,2.98504532171446
A858,2022-09-29,-27.0,-52.5,4,7.1,11.008427323535777,4.324599858872986,2.5455366236830597,1.6417703907177894
A858,2022-09-30,-27.0,-52.5,4,7.6,10.305101734248726,3.0206245322882483,3.411579831950244,2.516035978242779
A858,2022-10-01,-27.0,-52.5,4,8.4,7.348969781581325,2.683951001883855,2.7381162235909344,3.129714362931392
A858,2022-10-02,-27.0,-52.5,4,6.1,6.519318745186981,2.711992123671664,2.4038855748447827,2.249269069314788
A858,2022-10-03,-27.0,-52.5,4,7.4,6.25343201853172,2.545920712712303,2.456255604232706,2.9066105488086436
A858,2022-10-04,-27.0,-52.5,4,8.0,6.870787460839831,2.576203983401787,2.6670199662400944,3.1053441620085844
A858,2022-10-05,-27.0,-52.5,4,9.1,13.04124308817985,4.0824497841661325,3.1944650339020915,2.2290537498573872
A858,2022-10-06,-27.0,-52.5,4,14.4,11.927746395217339,7.345722987979333,1.6237675195125254,1.9603243987779564
A858,2022-10-07,-27.0,-52.5,4,7.7,20.587491527832057,6.322893422958461,3.25602380914389,1.2177968984960679
A858,2022-10-08,-27.0,-52.5,4,9.7,10.161519978196212,4.324214424649758,2.349911216305896,2.2431820088999532
A858,2022-10-09,-27.0,-52.5,4,10.5,8.734248371208484,3.7167887480246518,2.349944794643075,2.825019314207835
A858,2022-10-10,-27.0,-52.5,4,10.5,13.703786337587996,4.8869578134274345,2.804154826124218,2.1485759445580106
A858,2022-10-12,-27.0,-52.5,4,5.1,6.720566922279488,2.9424656661022968,2.2839916195799863,1.7332402749003546
A858,2022-10-13,-27.0,-52.5,4,9.3,7.8037324853977585,3.1343057627889337,2.4897802180135504,2.967164247474304
A858,2022-10-14,-27.0,-52.5,4,10.3,10.449829646282044,3.760982048783782,2.77848431891912,2.7386464137287736
A858,2022-10-15,-27.0,-52.5,4,10.2,9.921935340284607,4.3101380440442165,2.3019994345644723,2.366513530603606
A858,2022-10-16,-27.0,-52.5,4,7.6,12.381547156818575,3.553764414437341,3.484065265136298,2.138577326376681
A858,2022-10-17,-27.0,-52.5,4,6.0,8.556657124664483,2.6034072588176547,3.286714783360677,2.304672071447215
A858,2022-10-18,-27.0,-52.5,4,8.7,7.664181533263726,3.1956660625513895,2.398304886445086,2.7224371475954534
A858,2022-10-19,-27.0,-52.5,4,6.9,8.431487015188784,2.794233210518096,3.01746002568821,2.469371552104854
A858,2022-10-20,-27.0,-52.5,4,10.4,13.401145229450224,4.925303034083365,2.7208773017037875,2.111545204027333
A858,2022-10-21,-27.0,-52.5,4,9.7,18.83095618924864,4.770264581889796,3.9475705940378965,2.0334301868340456
A858,2022-10-22,-27.0,-52.5,4,6.4,6.6465853962106065,3.5791775647221553,1.8570147124641379,1.788120283017258
A858,2022-10-23,-27.0,-52.5,4,6.7,6.202589986227416,2.735870613147748,2.2671357177564198,2.448946221287612
A858,2022-10-24,-27.0,-52.5,4,6.9,6.73846644909029,2.94536939062155,2.2878170970834653,2.3426603202880165
A858,2022-10-25,-27.0,-52.5,4,6.8,8.880660921317343,2.8181178175481363,3.1512738275235903,2.412958023847365
A858,2022-10-26,-27.0,-52.5,4,14.1,15.37608241740983,6.414196391434611,2.3971954519419985,2.1982488747661133
A858,2022-10-27,-27.0,-52.5,4,11.6,12.709382788398631,3.3797360413227686,3.7604660935072327,3.4322206995372238
A858,2022-10-28,-27.0,-52.5,4,7.3,6.737038844177198,2.4038945537096787,2.8025517316392397,3.036738857257559
A858,2022-10-29,-27.0,-52.5,4,15.7,11.765494901605008,4.410865370425533,2.6673892566505484,3.5593922465344616
A858,2022-10-30,-27.0,-52.5,4,15.6,22.489812781165117,8.514415778764208,2.641380614423003,1.8321867765616915
A858,2022-10-31,-27.0,-52.5,4,15.8,20.153630575393557,6.437194894098381,3.1308094452554793,2.4544852625924745
A858,2022-11-01,-27.0,-52.5,4,14.2,14.840862355206738,6.038145862438076,2.457850918694818,2.3517152986208814
A858,2022-11-02,-27.0,-52.5,4,10.9,7.680533575868097,4.798149291165171,1.600728345408147,2.2717092234020653
A858,2022-11-03,-27.0,-52.5,4,8.5,8.361581881615548,3.5670041778612847,2.3441469268558612,2.3829520729904097
A858,2022-11-04,-27.0,-52.5,4,7.0,8.578521868994489,3.178771447193213,2.698690991631103,2.202108618466688
A858,2022-11-05,-27.0,-52.5,4,7.1,7.463158320798043,2.794321009462468,2.670830693941531,2.540867701297424
A858,2022-11-06,-27.0,-52.5,4,10.0,9.491229390984717,3.4735144188338123,2.7324571734961376,2.8789285991671143
A858,2022-11-07,-27.0,-52.5,4,9.5,10.16016391655172,3.3754820284212332,3.0099890418625015,2.81441285126418
A858,2022-11-08,-27.0,-52.5,4,9.7,7.986048530063983,3.199004163935248,2.4964170475601892,3.0321936149240787
A858,2022-11-09,-27.0,-52.5,4,8.7,8.038450808068303,3.844836329646261,2.0907133929437953,2.2627751233302646
A858,2022-11-10,-27.0,-52.5,4,6.6,8.655566372819754,2.7371117787648656,3.1622991943447847,2.4113008650959373
A858,2022-11-11,-27.0,-52.5,4,8.3,11.320932601101656,3.716113510106266,3.046444240821353,2.2335162737702956
A858,2022-11-12,-27.0,-52.5,4,13.7,10.733964101753516,3.7557225674193675,2.8580290234613996,3.64776677565232
A858,2022-11-13,-27.0,-52.5,4,13.4,14.873471174605937,6.394514494336849,2.3259734867718693,2.0955461140743985
A858,2022-11-14,-27.0,-52.5,4,12.0,13.869882641346752,5.769447495301984,2.404022682005667,2.0799218659622967
A858,2022-11-15,-27.0,-52.5,4,9.6,10.234944897499538,4.4465246193933385,2.301785275821984,2.158989507924905
A858,2022-11-16,-27.0,-52.5,4,9.8,8.109862054494183,3.444352088546416,2.3545392126031763,2.845237579685355
A858,2022-11-17,-27.0,-52.5,4,7.3,8.974923854040556,3.1943652966341713,2.809610993300367,2.285274012866293
A858,2022-11-18,-27.0,-52.5,4,6.6,9.172155418764278,2.796291097984764,3.2801146580820872,2.360269288400088
A858,2022-11-19,-27.0,-52.5,4,13.2,9.457092382908796,3.7561510772346893,2.5177614500722343,3.5142356440353706
A858,2022-11-20,-27.0,-52.5,4,9.4,12.570534744161625,4.5585811002117795,2.7575542625703493,2.062045139344631
A858,2022-11-21,-27.0,-52.5,4,14.3,11.505939993603828,3.569656319662068,3.223262679442785,4.0059878933537645
A858,2022-11-22,-27.0,-52.5,4,8.8,11.299784535126644,3.444405892903908,3.2806193249193485,2.5548673047301347
A858,2022-11-23,-27.0,-52.5,4,6.9,7.37491942259807,3.107416489260494,2.3733282770708217,2.2204941062284407
A858,2022-11-24,-27.0,-52.5,4,7.2,7.528673899731228,3.6543662545620497,2.060185918784839,1.970245864385279
A858,2022-11-25,-27.0,-52.5,4,9.5,7.8897691563407735,4.4904564464592776,1.7570082797622617,2.1155978491876355
A858,2022-11-26,-27.0,-52.5,4,9.3,9.31353103845963,4.731633602766542,1.9683542345743117,1.9654945375657105
A858,2022-11-27,-27.0,-52.5,4,13.8,13.2159605679785,6.792338354707992,1.9457158754198525,2.031700907601985
A858,2022-11-28,-27.0,-52.5,4,11.2,11.481105793334743,5.930692506910705,1.935879457577079,1.888480980416581
A858,2022-11-29,-27.0,-52.5,4,16.8,10.287849822427747,4.785365614714335,2.149856594195026,3.5107035392117862
A858,2022-11-30,-27.0,-52.5,4,11.0,10.27102645447176,4.732848993827305,2.170157228313745,2.324181484418046
A858,2022-12-01,-27.0,-52.5,4,10.2,7.759970621593749,3.716411185969248,2.08802800155439,2.7445832792960494
A858,2022-12-02,-27.0,-52.5,4,10.0,9.79793504661713,3.278579933909143,2.9884691677883777,3.0501010198268124
A858,2022-12-03,-27.0,-52.5,4,7.9,10.850520506892071,3.941800917429709,2.7526810039831395,2.0041600693398984
A858,2022-12-04,-27.0,-52.5,4,8.6,9.923857354738528,3.8600659632686645,2.570903567237257,2.227941201480818
A858,2022-12-05,-27.0,-52.5,4,9.8,9.457528280333907,2.9410477873938765,3.215700309553426,3.3321457889958275
A858,2022-12-06,-27.0,-52.5,4,8.5,10.252188866760601,3.2956250265593345,3.110848104422847,2.5791769183383355
A858,2022-12-07,-27.0,-52.5,4,7.1,7.743277708623007,2.0607246933500836,3.7575507944415896,3.445389878090729
A858,2022-12-08,-27.0,-52.5,4,11.0,12.203206016223719,3.916604316518372,3.1157617747487043,2.808555348215095
A858,2022-12-09,-27.0,-52.5,4,8.1,8.188623232709284,1.6339563009397873,5.011531353684007,4.9572929186301975
A858,2022-12-10,-27.0,-52.5,4,10.1,11.456155801832624,3.739446076370844,3.0635970055091413,2.700934789198007
A858,2022-12-11,-27.0,-52.5,4,17.1,9.450304855695167,3.3995302366283453,2.779885512966633,5.0301067529141275
A858,2022-12-12,-27.0,-52.5,4,8.0,12.080477854333614,3.8449200502048506,3.141932132942527,2.080667450958772
A858,2022-12-13,-27.0,-52.5,4,11.3,9.362097050430977,5.109386770286076,1.8323328163130606,2.21161570028634
A858,2022-12-14,-27.0,-52.5,4,7.1,8.998576313631023,3.1242906321123405,2.8801982188024113,2.2725158559271654
A858,2022-12-15,-27.0,-52.5,4,7.3,9.31678372584748,3.2163724401060567,2.8966744055114053,2.269637654201293
A858,2022-12-16,-27.0,-52.5,4,9.4,9.076622218827122,3.616986688727074,2.509443080649395,2.598848380973208
A858,2022-12-17,-27.0,-52.5,4,10.0,8.594924690854066,4.556203455056245,1.8864224953158866,2.1948098013275734
A858,2022-12-18,-27.0,-52.5,4,10.0,9.857052752842959,4.386458881151672,2.2471549420417625,2.279743244139219
A858,2022-12-19,-27.0,-52.5,4,10.7,8.187739702933426,2.807518639908205,2.9163616535066472,3.8111946428073753
A858,2022-12-20,-27.0,-52.5,4,8.3,7.978601386087545,2.954336754523925,2.7006404648590077,2.809429218686852
A858,2022-12-21,-27.0,-52.5,4,9.2,8.853374225524368,3.080069933375748,2.874406885892066,2.9869451665069255
A858,2022-12-22,-27.0,-52.5,4,9.5,7.985963183931713,3.3759105129763,2.3655731256013235,2.8140556343196805
A858,2022-12-23,-27.0,-52.5,4,7.9,8.070951068288428,3.7610876732122396,2.1459087821250535,2.100456220754044
A858,2022-12-24,-27.0,-52.5,4,9.3,9.696809524594398,3.4221902713212726,2.8335097571446717,2.7175578394737725
A858,2022-12-25,-27.0,-52.5,4,10.4,11.212783469742886,3.349452894277284,3.347646264528907,3.104984702955204
A858,2022-12-26,-27.0,-52.5,4,6.2,6.703237112722731,2.5079833725715894,2.672759790209251,2.472105703652556
A858,2022-12-27,-27.0,-52.5,4,11.8,9.887361909127243,3.521077224201174,2.808050286761429,3.351247146440267
A858,2022-12-28,-27.0,-52.5,4,8.6,10.525802202923598,5.040873916879636,2.0880907510258067,1.7060533831648597
A858,2022-12-29,-27.0,-52.5,4,6.7,5.944884884965059,2.552178887242673,2.329337067507757,2.625207830646447
A858,2022-12-30,-27.0,-52.5,4,6.1,6.248087368383582,2.334588623288224,2.6763119232472183,2.612880033403172
A858,2022-12-31,-27.0,-52.5,4,9.1,7.194889598795804,2.6854930915648776,2.6791689099461555,3.388576953924425
A865,2021-01-01,-27.75,-50.25,4,8.4,9.570591089130073,3.5455458372041675,2.699327981802921,2.3691697655850366
A865,2021-01-02,-27.75,-50.25,4,10.9,8.419755794284292,3.992745608125866,2.1087633975850513,2.7299510336488217
A865,2021-01-03,-27.75,-50.25,4,10.1,11.423317939274233,4.752220297306121,2.4037854359886763,2.125322347898173
A865,2021-01-05,-27.75,-50.25,4,7.0,10.095461596747752,3.9772760019817683,2.5382853972712627,1.7599985508956608
A865,2021-01-06,-27.75,-50.25,4,8.9,7.972625594432427,4.565194660654839,1.7463933494763222,1.9495335164357195
A865,2021-01-07,-27.75,-50.25,4,5.0,11.592785929381842,4.4768155101202085,2.58951611992395,1.1168653228387657
A865,2021-01-08,-27.75,-50.25,4,7.8,8.755813112263267,3.218038428875512,2.7208541183651542,2.4238368100301324
A865,2021-01-09,-27.75,-50.25,4,8.3,8.84673415046348,3.5910872198632307,2.463525280458216,2.311277752901839
A865,2021-01-10,-27.75,-50.25,4,9.3,10.384279295189678,4.173928592872427,2.487890979477297,2.2281166994282233
A865,2021-01-11,-27.75,-50.25,4,9.4,10.921173337112432,4.841119821468363,2.2559188245416997,1.9416995130578862
A865,2021-01-12,-27.75,-50.25,4,8.5,11.002084567279697,4.182425971456497,2.630550939183344,2.0323133172013903
A865,2021-01-13,-27.75,-50.25,4,8.3,7.603871717147444,3.5034479983966738,2.170396626588235,2.3690946758160623
A865,2021-01-14,-27.75,-50.25,4,7.1,6.97306272750468,3.901671497999803,1.7871988277535487,1.8197329025879867
A865,2021-01-15,-27.75,-50.25,4,9.2,10.787315735913264,5.730839580650466,1.8823272897631649,1.605349420539141
A865,2021-01-16,-27.75,-50.25,4,9.3,11.444936695293835,4.958124877528382,2.30831957201512,1.875709109738284
A865,2021-01-17,-27.75,-50.25,4,8.2,8.925307631909682,3.0815334565480215,2.896385114023049,2.661012809247821
A865,2021-01-18,-27.75,-50.25,4,8.2,6.911717364610166,3.3975738376491895,2.03430968534666,2.4134869150257083
A865,2021-01-19,-27.75,-50.25,4,6.3,7.620436884096323,3.6919275214102787,2.0640808466319496,1.706425698626246
A865,2021-01-20,-27.75,-50.25,4,7.6,5.055669947170894,3.9309993443632973,1.2861029738965166,1.933350615002702
A865,2021-01-21,-27.75,-50.25,4,7.9,7.46582541081548,4.099468294710772,1.8211692039301923,1.9270791800470226
A865,2021-01-22,-27.75,-50.25,4,7.4,7.094372707709867,3.8810502789722716,1.8279517650537895,1.9067003692514828
A865,2021-01-23,-27.75,-50.25,4,7.8,6.2457101291087,3.731684569417087,1.673697230547093,2.0902088198784736
A865,2021-01-24,-27.75,-50.25,4,7.6,7.2655199437511735,4.026550669662209,1.8044029592109132,1.8874715913205113
A865,2021-01-25,-27.75,-50.25,4,8.7,5.5223536852594135,2.837070787240398,1.9464983778677494,3.0665431539910353
A865,2021-01-26,-27.75,-50.25,4,5.9,6.270153929358956,3.2643025661066076,1.9208249855458348,1.8074304941153285
A865,2021-01-27,-27.75,-50.25,4,14.0,8.349877781541753,5.33791327244881,1.5642587946565085,2.622747745314601
A865,2021-01-28,-27.75,-50.25,4,7.0,9.568296952221624,3.432166315647675,2.787830213413191,2.0395282035390085
A865,2021-01-29,-27.75,-50.25,4,5.6,4.576045665218675,4.220196417371411,1.08432054166543,1.3269524558025223
A865,2021-01-30,-27.75,-50.25,4,5.8,6.109625518114896,2.66702978582744,2.29079763210046,2.174703871258252
A865,2021-01-31,-27.75,-50.25,4,8.0,9.782878110076592,4.799511922894358,2.038306866873455,1.666836155117952
A865,2021-02-01,-27.75,-50.25,4,4.5,8.317136712692298,2.587265109723959,3.214644174434707,1.7392883253777247
A865,2021-02-02,-27.75,-50.25,4,6.1,6.4358362180508175,1.818903750444299,3.538304990837889,3.353668383228067
A865,2021-02-03,-27.75,-50.25,4,7.8,7.735737752665278,3.4841828646429653,2.220244474297414,2.2386884681494146
A865,2021-02-04,-27.75,-50.25,4,13.9,12.023702182533686,6.2314251984173135,1.9295268417227447,2.2306293596415774
A865,2021-02-05,-27.75,-50.25,4,13.4,11.838199548170884,6.052033100885164,1.9560698612899923,2.2141319745987724
A865,2021-02-06,-27.75,-50.25,4,8.2,7.324525588838651,3.4995690442929894,2.0929793057757515,2.3431456548549474
A865,2021-02-07,-27.75,-50.25,4,7.7,5.197588072366637,2.485092903431708,2.0915065449622414,3.0984757106532865
A865,2021-02-08,-27.75,-50.25,4,11.8,7.37299923934469,2.90403110965921,2.5388843855084997,4.063317352473107
A865,2021-02-09,-27.75,-50.25,4,9.8,9.763210415028173,3.58837101240947,2.720791796964302,2.73104424434073
A865,2021-02-10,-27.75,-50.25,4,7.6,9.316054757334346,3.3705894921460327,2.763924464560908,2.254798461132426
A865,2021-02-11,-27.75,-50.25,4,8.9,10.43837910624066,4.328423412873968,2.4115891886163303,2.056175921590494
A865,2021-02-12,-27.75,-50.25,4,8.2,9.584910256257418,3.7656149515647592,2.5453771507558187,2.177599171841131
A865,2021-02-13,-27.75,-50.25,4,7.7,9.035248806569376,3.0031621682108396,3.0085783918729256,2.563964104738088
A865,2021-02-14,-27.75,-50.25,4,8.5,8.785580189682305,3.317229776141407,2.648468988452669,2.5623790251536867
A865,2021-02-15,-27.75,-50.25,4,10.5,11.30869128111939,4.468079661339303,2.530995894941054,2.350002863837176
A865,2021-02-16,-27.75,-50.25,4,11.3,12.014528544054137,4.777128535661876,2.515010524494818,2.3654377133970867
A865,2021-02-17,-27.75,-50.25,4,12.2,9.022116524497319,4.618562284822208,1.9534469750784418,2.641514663576663
A865,2021-02-18,-27.75,-50.25,4,12.7,8.301337457047197,3.9128138134225208,2.121577425578053,3.2457460552899056
A865,2021-02-19,-27.75,-50.25,4,8.7,7.497389883350524,2.8339603002489833,2.6455521916421434,3.069908918355576
A865,2021-02-20,-27.75,-50.25,4,7.4,7.568024300978713,3.0804410220922547,2.456798960506786,2.4022534263531767
A865,2021-02-21,-27.75,-50.25,4,8.8,10.01148453749924,3.846817021564656,2.6025372356876915,2.2876055582234804
A865,2021-02-22,-27.75,-50.25,4,10.5,11.878128288027249,4.24427513892144,2.7986235338752645,2.473920671096802
A865,2021-02-23,-27.75,-50.25,4,11.1,9.173061027946336,3.1969721772483437,2.8692964841006696,3.472035221011478
A865,2021-02-24,-27.75,-50.25,4,9.5,8.489505461077812,2.7627928981387946,3.0727983508271364,3.438549449870038
A865,2021-02-25,-27.75,-50.25,4,10.7,7.487577942126225,3.5636472200201785,2.101099654326566,3.0025418733618117
A865,2021-02-26,-27.75,-50.25,4,10.0,7.618268167605447,4.144600890223494,1.8381186438423602,2.4127775544295558
A865,2021-02-27,-27.75,-50.25,4,12.5,10.315758319752815,5.22345245718651,1.974892736998157,2.3930532731856875
A865,2021-02-28,-27.75,-50.25,4,14.3,15.983430782814816,6.176262287592087,2.587880831247244,2.315316178966078
A865,2021-03-01,-27.75,-50.25,4,12.6,14.696749714638262,5.310597641890053,2.767437999578454,2.3726143175696577
A865,2021-03-02,-27.75,-50.25,4,10.2,10.986411770194287,4.516010006931093,2.4327695805218625,2.258630956163786
A865,2021-03-03,-27.75,-50.25,4,7.9,8.070113392450466,2.5182733785888414,3.204621651114263,3.13707005250832
A865,2021-03-04,-27.75,-50.25,4,7.5,7.941264555284943,2.5442463337947956,3.121264026129256,2.9478277713831256
A865,2021-03-05,-27.75,-50.25,4,9.3,14.082899755661439,4.749904285862772,2.9648807445608187,1.9579341898908917
A865,2021-03-06,-27.75,-50.25,4,7.6,8.533547873710015,3.073210313376847,2.776753623585671,2.4729840216008876
A865,2021-03-07,-27.75,-50.25,4,8.5,10.416919885987825,3.2356893341594004,3.2193819647688877,2.626951824535471
A865,2021-03-08,-27.75,-50.25,4,8.9,9.37308597668472,3.9547543037564337,2.3700804795336263,2.2504558605692173
A865,2021-03-09,-27.75,-50.25,4,7.9,9.335734503226567,4.605396247153337,2.027129480768809,1.71537899803586
A865,2021-03-10,-27.75,-50.25,4,7.4,7.737777873233892,3.1427524296710545,2.462102264302056,2.3546239055090137
A865,2021-03-11,-27.75,-50.25,4,7.9,7.127764125849138,2.608243475504111,2.7327832668963206,3.028858338646134
A865,2021-03-12,-27.75,-50.25,4,8.0,7.70128125116893,2.535446528252347,3.037445738000766,3.1552627558327186
A865,2021-03-13,-27.75,-50.25,4,8.3,9.275645178256095,3.7873306329051024,2.449124747036183,2.191517140829455
A865,2021-03-14,-27.75,-50.25,4,8.7,10.689266754688534,3.6808713692706303,2.9040044278446566,2.363570776374051
A865,2021-03-15,-27.75,-50.25,4,8.0,9.156918342624635,3.9462841356811222,2.3203900245880713,2.0272235158300917
A865,2021-03-16,-27.75,-50.25,4,7.9,10.930685313469644,4.545017451464543,2.4049820336657772,1.7381671433306334
A865,2021-03-17,-27.75,-50.25,4,10.7,10.056504292922844,4.497492602958269,2.2360246432218878,2.3791034126352915
A865,2021-03-18,-27.75,-50.25,4,6.9,9.173508195315812,3.114117749088809,2.945780774667233,2.2157158322028576
A865,2021-03-19,-27.75,-50.25,4,6.5,8.259456751681842,3.6319948916116496,2.27408270060006,1.7896500942256863
A865,2021-03-20,-27.75,-50.25,4,10.3,11.018345809066128,4.920969987961527,2.2390597455422383,2.093083279352958
A865,2021-03-21,-27.75,-50.25,4,9.3,12.168115451088179,3.991581565948751,3.0484446453234293,2.3299035348133996
A865,2021-03-22,-27.75,-50.25,4,13.8,6.63641366867582,2.5062689155239526,2.6479256186634834,5.50619285684873
A865,2021-03-23,-27.75,-50.25,4,12.8,9.669184316099766,3.7777150583628814,2.5595324598912508,3.388291547205002
A865,2021-03-24,-27.75,-50.25,4,6.3,6.371002478539627,2.467935610395019,2.581510818882297,2.552740830621435
A865,2021-03-25,-27.75,-50.25,4,9.0,6.39503386101029,3.7751385969565465,1.6939865111616987,2.3840184323975944
A865,2021-03-26,-27.75,-50.25,4,11.1,8.995220640336711,3.265397140783202,2.754709535324459,3.3992802472221424
A865,2021-03-27,-27.75,-50.25,4,8.0,7.9747942005122,3.686214344254067,2.163410332593114,2.1702481876752775
A865,2021-03-28,-27.75,-50.25,4,10.6,8.943892584064463,4.3479737974378265,2.057025410165746,2.437917175638539
A865,2021-03-29,-27.75,-50.25,4,9.1,12.174208623379496,4.2296707733105485,2.878287525402547,2.1514676880814205
A865,2021-03-31,-27.75,-50.25,4,10.1,8.408236419562291,4.347243832515707,1.934153395462184,2.3233111343918407
A865,2021-04-01,-27.75,-50.25,4,5.6,8.10323889843272,3.259720548184671,2.485869196040559,1.717938675178344
A865,2021-04-02,-27.75,-50.25,4,6.0,6.954803344466502,2.7900748871858947,2.492694148249621,2.150479912763803
A865,2021-04-03,-27.75,-50.25,4,6.6,6.917534912520607,3.3897458209550653,2.0407237822249407,1.9470486427623772
A865,2021-04-04,-27.75,-50.25,4,8.0,8.154598256414705,3.7134963127062552,2.1959354661300154,2.1543040106507885
A865,2021-04-05,-27.75,-50.25,4,8.6,9.178836272104611,3.71627854223685,2.4698999732619114,2.31414300684351
A865,2021-04-06,-27.75,-50.25,4,10.6,7.5850701622396475,3.3131228863422186,2.2894020000006035,3.199398381417328
A865,2021-04-07,-27.75,-50.25,4,10.4,12.183984245992347,4.6916794624406535,2.5969344972373984,2.216690224312517
A865,2021-04-08,-27.75,-50.25,4,11.1,11.384858214724577,5.525168274258367,2.060545063897216,2.0089885862326846
A865,2021-04-09,-27.75,-50.25,4,9.7,11.331594783118373,5.734796640768946,1.9759366361069406,1.6914287650659192
A865,2021-04-10,-27.75,-50.25,4,5.5,6.041955213512629,1.9067573932881652,3.168706850058883,2.884478129918437
A865,2021-04-11,-27.75,-50.25,4,9.7,10.170162091722132,4.7718795448237,2.131269659301066,2.0327420063488573
A865,2021-04-12,-27.75,-50.25,4,9.6,10.637442968759524,3.917822954207344,2.71514131523886,2.450340434523866
A865,2021-04-13,-27.75,-50.25,4,7.4,8.814996098839693,3.2218001853497626,2.736046803561384,2.296852558904626
A865,2021-04-14,-27.75,-50.25,4,10.4,9.781709603721811,3.755191054949386,2.6048500490619255,2.769499566817693
A865,2021-04-15,-27.75,-50.25,4,7.5,8.42816525358589,4.1733681218773775,2.0195115809229174,1.7971096200893362
A865,2021-04-16,-27.75,-50.25,4,6.1,6.870684780410548,3.5790526278742756,1.9196936996400884,1.7043616381866402
A865,2021-04-17,-27.75,-50.25,4,9.4,6.7385312966586675,2.3445705949203175,2.874100405105389,4.009262941523613
A865,2021-04-18,-27.75,-50.25,4,9.7,6.002524166495415,2.0441828224409906,2.936393017591111,4.745172444222518
A865,2021-04-19,-27.75,-50.25,4,6.8,5.629045685099189,2.5905615662635877,2.172905580938599,2.6249134892430908
A865,2021-04-20,-27.75,-50.25,4,5.5,6.157680637125055,2.7347801741494453,2.251618135647842,2.0111305661745105
A865,2021-04-21,-27.75,-50.25,4,8.8,9.602220486036831,4.289891109796072,2.238336647778757,2.0513341189255327
A865,2021-04-22,-27.75,-50.25,4,8.0,8.8039892851549,3.2111510486910384,2.741692667725385,2.491318495671837
A865,2021-04-23,-27.75,-50.25,4,8.5,8.592200637302769,3.828401612273691,2.244331057054344,2.2202477328265053
A865,2021-04-24,-27.75,-50.25,4,7.0,6.521219586434234,2.4732309373408277,2.6367208528637156,2.8303058538990586
A865,2021-04-25,-27.75,-50.25,4,8.6,10.508441791967575,4.617083921144081,2.275991073899228,1.8626475383338885
A865,2021-04-26,-27.75,-50.25,4,7.8,8.610156745388887,3.9381868700504357,2.1863250855027654,1.980606877575646
A865,2021-04-27,-27.75,-50.25,4,7.8,5.9703895452684845,2.617045923796716,2.281346877018825,2.980459734800542
A865,2021-04-28,-27.75,-50.25,4,6.4,5.236367196733708,2.4139470056668495,2.169213816393276,2.6512595284717153
A865,2021-04-29,-27.75,-50.25,4,6.6,6.003388167527507,2.9826735694857045,2.0127540033027005,2.2127798588224397
A865,2021-04-30,-27.75,-50.25,4,10.1,8.85016431967313,3.799775949772419,2.329127937188822,2.658051457114181
A865,2021-05-01,-27.75,-50.25,4,10.1,9.094879314903709,3.8201496477718804,2.380765193376217,2.6438754842734684
A865,2021-05-02,-27.75,-50.25,4,7.6,7.860905172672536,3.032486301890585,2.5922310573247116,2.5061943380459217
A865,2021-05-03,-27.75,-50.25,4,6.4,5.360757952976038,2.0550722218227313,2.608549663632431,3.114245782721722
A865,2021-05-04,-27.75,-50.25,4,7.4,8.244502513605736,3.354601876854515,2.4576694392528924,2.2059249567160872
A865,2021-05-05,-27.75,-50.25,4,6.0,8.760572464842232,4.044857572733327,2.1658543736862024,1.4833649620808473
A865,2021-05-06,-27.75,-50.25,4,8.4,7.7312417201909645,4.093812974695002,1.8885185444425339,2.051876832655214
A865,2021-05-07,-27.75,-50.25,4,7.3,6.9153481101422845,3.789600768918979,1.8248223313810854,1.9263242872104434
A865,2021-05-08,-27.75,-50.25,4,8.1,7.514934536246093,3.0899438750255146,2.4320618238362144,2.621406837020014
A865,2021-05-09,-27.75,-50.25,4,9.1,7.468753236996498,3.618033920616805,2.0643126628628234,2.515178187839827
A865,2021-05-10,-27.75,-50.25,4,8.4,8.738992003275845,3.3002915821899355,2.647945427136173,2.5452296534435637
A865,2021-05-11,-27.75,-50.25,4,7.8,5.869765404379738,2.2376519516043953,2.6231806962522115,3.485796794451167
A865,2021-05-12,-27.75,-50.25,4,6.7,6.241268124209461,1.9959308036714005,3.1269962429203484,3.356829799748435
A865,2021-05-13,-27.75,-50.25,4,5.3,6.260599624579655,1.939659228291033,3.227680168384863,2.732438730832966
A865,2021-05-14,-27.75,-50.25,4,6.6,5.170756438537148,2.1698303603047573,2.383023361241431,3.0417124401711364
A865,2021-05-15,-27.75,-50.25,4,6.1,4.684827594702842,1.8132863604914462,2.5836115556690866,3.364057731260244
A865,2021-05-16,-27.75,-50.25,4,5.5,5.656988146528535,2.1247679212991155,2.6624028393038643,2.5885179952440245
A865,2021-05-17,-27.75,-50.25,4,11.0,11.318118809651427,5.3604426275683155,2.111414969995812,2.0520693465550597
A865,2021-05-18,-27.75,-50.25,4,6.5,6.923324177196629,2.854051106375092,2.425788438662505,2.2774644733869533
A865,2021-05-19,-27.75,-50.25,4,7.6,7.141255386015838,3.019960440833947,2.364685076485246,2.516589256348437
A865,2021-05-20,-27.75,-50.25,4,6.0,5.074987175035745,2.2722877196468496,2.233426309157927,2.6405106836261463
A865,2021-05-21,-27.75,-50.25,4,9.6,10.749428765140273,4.820318287201797,2.230024683988313,1.9915697321250576
A865,2021-05-22,-27.75,-50.25,4,13.2,12.156497267754515,5.4559859118412195,2.228102759827708,2.4193610858400154
A865,2021-05-23,-27.75,-50.25,4,14.6,17.65223770227746,8.188992065246604,2.155605666928422,1.7828811999905552
A865,2021-05-24,-27.75,-50.25,4,16.8,13.789928944456582,7.411287843729794,1.8606656812180542,2.266812510083977
A865,2021-05-25,-27.75,-50.25,4,7.5,7.285926733620808,3.1156675612309157,2.338480146046883,2.407188781410605
A865,2021-05-26,-27.75,-50.25,4,4.1,5.6710502575625945,2.507552618081876,2.2615877396425685,1.6350604052872273
A865,2021-05-27,-27.75,-50.25,4,6.8,7.2353516941006015,3.3118533882275587,2.184683573197914,2.053230986664911
A865,2021-05-28,-27.75,-50.25,4,2.3,10.735393262167623,3.3664262279527772,3.188958419176805,0.6832171104485179
A865,2021-05-29,-27.75,-50.25,4,12.1,9.445834127988874,5.459218445717385,1.7302539222256048,2.2164344805605163
A865,2021-05-30,-27.75,-50.25,4,5.3,6.321694573167731,2.4382092547937035,2.592761290171794,2.1737264714174143
A865,2021-05-31,-27.75,-50.25,4,5.5,4.793054904351793,1.9999806900973505,2.3965505907551976,2.7500265513724953
A865,2021-06-01,-27.75,-50.25,4,4.4,4.105110204324318,2.032238505734861,2.019994303198139,2.165100202354916
A865,2021-06-02,-27.75,-50.25,4,7.6,9.43743479865704,4.7766147458507575,1.9757580003400816,1.5910849847377364
A865,2021-06-03,-27.75,-50.25,4,7.2,6.102415975156894,2.9896258075411755,2.0411972494229436,2.408328153255292
A865,2021-06-04,-27.75,-50.25,4,6.4,6.562930239874679,2.7803319485051037,2.360484417482365,2.30188341483508
A865,2021-06-05,-27.75,-50.25,4,7.4,6.357277667075783,3.2330005504128714,1.9663707345375876,2.288895372769108
A865,2021-06-06,-27.75,-50.25,4,7.7,3.259763941869795,2.4580703500249546,1.3261475375742202,3.1325384970864762
A865,2021-06-07,-27.75,-50.25,4,7.9,5.265839408091537,4.4216976551442535,1.1909089717984673,1.7866440937699688
A865,2021-06-08,-27.75,-50.25,4,8.9,9.721733000115364,4.788062326586824,2.0304107041658983,1.858789504593683
A865,2021-06-09,-27.75,-50.25,4,8.5,9.947218396938526,4.52158747307291,2.1999393921220127,1.8798707424371304
A865,2021-06-10,-27.75,-50.25,4,12.7,7.014268949830897,3.9585622546910084,1.7719233647314223,3.2082355115042436
A865,2021-06-11,-27.75,-50.25,4,9.7,9.969684373425276,5.447338488722529,1.8301936613752259,1.7806861130589984
A865,2021-06-12,-27.75,-50.25,4,6.6,5.783076441140837,3.2204972619783767,1.795709162500032,2.049372957996421
A865,2021-06-13,-27.75,-50.25,4,6.6,6.360213090401062,2.8220770946564153,2.253734705704562,2.338702940645051
A865,2021-06-14,-27.75,-50.25,4,6.1,5.2031594287681395,2.2190500534711557,2.34476884405067,2.748924022898022
A865,2021-06-15,-27.75,-50.25,4,7.8,6.224157348767461,2.7486506303319365,2.264441060672673,2.8377560661676546
A865,2021-06-16,-27.75,-50.25,4,6.0,5.382506229700018,2.778171497526156,1.9374276334246867,2.1596938869118576
A865,2021-06-17,-27.75,-50.25,4,5.5,6.357586465832093,2.8546199901295695,2.227121819301604,1.9267012838897546
A865,2021-06-18,-27.75,-50.25,4,7.7,6.306433338458921,3.494484856385462,1.8046818337000927,2.2034721329325015
A865,2021-06-19,-27.75,-50.25,4,10.6,8.00437460372793,5.642796984822923,1.4185118878557554,1.8785010392027488
A865,2021-06-20,-27.75,-50.25,4,6.6,7.7444275016896995,2.8172611721033034,2.7489206816803162,2.3427007993982287
A865,2021-06-21,-27.75,-50.25,4,9.2,6.201539775079731,3.7619389868623037,1.6484955754830597,2.4455473712170392
A865,2021-06-22,-27.75,-50.25,4,7.4,6.515917610008982,3.2827741426635475,1.9848814834157784,2.2541910221078614
A865,2021-06-23,-27.75,-50.25,4,10.7,14.215348728675444,5.651388946542071,2.515372568255707,1.8933398676350233
A865,2021-06-24,-27.75,-50.25,4,15.0,15.986472693122167,6.600127587494315,2.4221460087245528,2.272683338489011
A865,2021-06-25,-27.75,-50.25,4,6.3,7.553501250786486,3.7338265972814466,2.0229919772616376,1.687277069745808
A865,2021-06-26,-27.75,-50.25,4,10.5,9.857644777370915,5.987923931092438,1.6462541760400227,1.7535292900897586
A865,2021-06-27,-27.75,-50.25,4,9.9,11.680591276912304,5.088590003689061,2.295447514624731,1.9455291137275406
A865,2021-06-28,-27.75,-50.25,4,7.0,11.231075653397138,4.227092580251528,2.6569268214912976,1.6559845489789282
A865,2021-06-29,-27.75,-50.25,4,14.6,15.974341489853106,6.599069939421074,2.4206958914659586,2.212432984348827
A865,2021-06-30,-27.75,-50.25,4,11.6,7.981851485940099,5.484395308865368,1.4553749386076646,2.115091882827799
A865,2021-07-01,-27.75,-50.25,4,11.7,9.602749614159617,4.913710106244649,1.9542767901500424,2.381092849806282
A865,2021-07-02,-27.75,-50.25,4,9.9,6.953736602833476,3.8491202960472632,1.8065781446151226,2.572016263083932
A865,2021-07-03,-27.75,-50.25,4,7.0,4.727989956275047,2.0295929066951026,2.3295262516333346,3.448967513095266
A865,2021-07-04,-27.75,-50.25,4,7.5,8.556276909467774,2.8962336864283262,2.954277118439116,2.589570045795959
A865,2021-07-05,-27.75,-50.25,4,5.2,6.646822259823971,2.1200501490879025,3.1352193544495144,2.4527721677891288
A865,2021-07-06,-27.75,-50.25,4,9.4,7.655800213680991,3.7358104774521004,2.0493010177813957,2.516187600183346
A865,2021-07-07,-27.75,-50.25,4,10.7,10.74093774302189,4.828459352854235,2.224506195060465,2.2160277674647784
A865,2022-04-03,-27.75,-50.25,4,12.9,10.040424921124153,5.117650341280619,1.9619208526488896,2.52068803840396
A865,2022-04-04,-27.75,-50.25,4,4.3,8.796635499386323,4.089948728571515,2.150793587688494,1.0513579228906005
A865,2022-04-05,-27.75,-50.25,4,5.9,4.229646367026478,1.9891511685925292,2.1263574301490946,2.9660893013851153
A865,2022-04-06,-27.75,-50.25,4,6.5,6.244254004560879,3.285663147475483,1.9004547101423375,1.9782916593243074
A865,2022-04-07,-27.75,-50.25,4,6.2,8.45743038749598,3.526307326596839,2.3983815374532482,1.7582131747953695
A865,2022-04-08,-27.75,-50.25,4,6.4,8.220128019173128,4.031634639762898,2.0389069828154263,1.5874454338889168
A865,2022-04-09,-27.75,-50.25,4,6.1,7.260330350254113,2.909199892343977,2.4956450635657004,2.0967964477288485
A865,2022-04-10,-27.75,-50.25,4,7.3,6.855646874325202,3.130464189670148,2.189977734595191,2.331922538545055
A865,2022-04-11,-27.75,-50.25,4,12.9,9.537251409068405,5.645825349237866,1.6892572509980044,2.2848740798794602
A865,2022-04-12,-27.75,-50.25,4,7.0,10.199698879700692,3.6633553103665135,2.784250506861216,1.9108165621258453
A865,2022-04-13,-27.75,-50.25,4,6.6,6.298800691274631,2.8021603857999313,2.2478373198029904,2.355325567175164
A865,2022-04-14,-27.75,-50.25,4,10.4,11.15935718941953,5.237952095431758,2.1304809563172755,1.9855088039217244
A865,2022-04-15,-27.75,-50.25,4,8.6,7.4682719606386465,3.7066616084087496,2.014824321620429,2.320147051052749
A865,2022-04-16,-27.75,-50.25,4,5.5,6.028521812514665,3.0716483142942073,1.962634128542765,1.790569569571239
A865,2022-04-17,-27.75,-50.25,4,8.1,5.808747886002204,2.6529199390197866,2.18956772896375,3.053239519543445
A865,2022-04-18,-27.75,-50.25,4,8.2,8.402168360273519,3.4199599068409805,2.4568031758110895,2.397688927170595
A865,2022-04-19,-27.75,-50.25,4,5.0,6.017487576165584,3.111140234111723,1.9341743294588796,1.607127812876482
A865,2022-04-20,-27.75,-50.25,4,6.0,5.599739173286243,2.2659951163596683,2.471205314105994,2.647843305875711
A865,2022-04-21,-27.75,-50.25,4,7.7,8.105274962079298,3.6030637660022795,2.249550795786324,2.1370701436526085
A865,2022-04-22,-27.75,-50.25,4,4.7,7.903258136683616,3.126297823778786,2.5279927192383966,1.5033756426695986
A865,2022-04-23,-27.75,-50.25,4,10.6,13.575369073487666,6.133013507447922,2.2134908160567,1.7283509953348997
A865,2022-04-24,-27.75,-50.25,4,9.4,8.928317739065546,3.3043441667736815,2.701993886969419,2.8447399924379058
A865,2022-04-25,-27.75,-50.25,4,4.2,10.31087313983841,4.593805925086014,2.2445164876322785,0.9142745837529825
A865,2022-04-26,-27.75,-50.25,4,5.2,5.139992691003192,2.483843995807287,2.0693701777082083,2.09352922678621
A865,2022-04-27,-27.75,-50.25,4,7.5,7.997033761434339,3.300433034311996,2.4230256085475737,2.2724290788597807
A865,2022-04-28,-27.75,-50.25,4,12.6,9.86594746411062,5.227054519086282,1.8874774364961553,2.410535408420142
A865,2022-04-29,-27.75,-50.25,4,8.2,7.009881015917992,2.9433508892560343,2.3815988238119377,2.7859403477621534
A865,2022-04-30,-27.75,-50.25,4,10.2,7.822168797653594,3.5109831572443335,2.2279140762933713,2.9051691629320366
A865,2022-05-01,-27.75,-50.25,4,8.8,11.95876506180146,4.481859544961453,2.6682596680758572,1.9634707227478916
A865,2022-05-02,-27.75,-50.25,4,9.2,9.067163761842842,6.114472758169573,1.4829019803429766,1.5046268687202573
A865,2022-05-03,-27.75,-50.25,4,3.9,17.785575870891442,6.989011598839847,2.5447912940713664,0.5580188192343803
A865,2022-05-04,-27.75,-50.25,4,6.1,11.347905424645912,5.247143771465664,2.1626823885323323,1.1625372327650383
A865,2022-05-08,-27.75,-50.25,4,4.2,8.878794709795471,3.904259072531527,2.2741305187102885,1.0757482846231088
A865,2022-05-11,-27.75,-50.25,4,5.5,8.09470424793938,4.841503894543796,1.671940046782122,1.1360106528465888
A865,2022-05-12,-27.75,-50.25,4,3.9,5.894247749754693,3.026715546693983,1.9474072336242019,1.2885254460928406
A865,2022-05-13,-27.75,-50.25,4,2.4,4.674642782142947,2.456859555948961,1.902690274185155,0.9768568147042498
A865,2022-05-14,-27.75,-50.25,4,7.1,3.5941351587532253,3.595568113606466,0.9996014663585935,1.974653177374654
A865,2022-05-17,-27.75,-50.25,4,14.7,18.73409363153889,8.160125243499309,2.2958095706267794,1.8014429388458988
A865,2022-05-18,-27.75,-50.25,4,16.2,26.64861579961045,10.377922407598033,2.5678179844647984,1.5610060823098295
A865,2022-05-20,-27.75,-50.25,4,4.7,4.257170944716505,2.2298474645427477,1.9091758572775201,2.1077674929499186
A865,2022-05-21,-27.75,-50.25,4,4.8,3.8180713331329894,1.458234873185784,2.6182828317578952,3.2916508089766854
A865,2022-05-22,-27.75,-50.25,4,6.0,5.242701307205902,1.9859630819893235,2.639878532864936,3.021204197809079
A865,2022-05-23,-27.75,-50.25,4,5.3,5.722330581529708,2.7790764845592526,2.0590763202536473,1.9071083611578084
A865,2022-05-24,-27.75,-50.25,4,10.0,5.941653137044958,3.2596728003186746,1.822775935199412,3.0677925707826788
A865,2022-05-25,-27.75,-50.25,4,8.3,7.617448451112764,3.2130649160661293,2.3707732803727724,2.5832033328981066
A865,2022-05-26,-27.75,-50.25,4,4.6,4.190565587952891,2.1722187596291938,1.9291637038749434,2.117650434427349
A865,2022-05-27,-27.75,-50.25,4,6.5,5.890533049333796,3.6384635433159347,1.6189616796229942,1.7864683602343279
A865,2022-05-28,-27.75,-50.25,4,5.0,6.8838769962344974,3.0807952170833643,2.2344480925128054,1.622957596231786
A865,2022-05-30,-27.75,-50.25,4,6.3,8.170558558016614,3.684178793257691,2.2177421391625503,1.7100147287991148
A865,2022-05-31,-27.75,-50.25,4,5.7,6.251072530122351,3.2814909184160994,1.9049489044874763,1.7370153206918701
A865,2022-06-02,-27.75,-50.25,4,7.5,5.472680009255922,3.760262065723058,1.4553985636114393,1.9945418348276294
A865,2022-06-03,-27.75,-50.25,4,5.3,5.182557130610435,3.0388645364141875,1.7054255194691146,1.744072477233196
A865,2022-06-04,-27.75,-50.25,4,8.9,8.524546476241081,4.005210514266563,2.128364151116812,2.222105421999217
A865,2022-06-06,-27.75,-50.25,4,6.2,3.7682106431882363,2.51421701322903,1.4987610947508037,2.4659764719503223
A865,2022-06-07,-27.75,-50.25,4,5.2,2.0979291482101328,2.7401641065954125,0.7656217170207221,1.8976965603935576
A865,2022-06-08,-27.75,-50.25,4,6.7,4.395080716937441,2.757871898892512,1.5936493347288496,2.4294094307609218
A865,2022-06-09,-27.75,-50.25,4,7.5,9.501278546745116,4.822012529890677,1.9703969012624123,1.5553671736663939
A865,2022-06-10,-27.75,-50.25,4,11.6,11.242537517373167,6.015569413709355,1.8689066228296964,1.9283295066903967
A865,2022-06-11,-27.75,-50.25,4,11.3,10.279187468528981,4.908963035806857,2.0939631025026557,2.3019118126528504
A865,2022-06-12,-27.75,-50.25,4,11.6,11.94120931360494,5.553051240184423,2.1503870209575733,2.0889416463613886
A865,2022-06-13,-27.75,-50.25,4,4.7,6.491716744956636,3.393246480338486,1.9131285577312585,1.385104214277756
A865,2022-06-14,-27.75,-50.25,4,11.0,7.994344714509831,3.6747243815681565,2.1754950533455557,2.9934217801950758
A865,2022-06-15,-27.75,-50.25,4,5.7,7.924473578314119,3.2770698090307886,2.4181583060807075,1.7393587357499127
A865,2022-06-16,-27.75,-50.25,4,3.6,5.16686805616415,2.2416329604634946,2.3049572107896803,1.6059721031473595
A865,2022-06-18,-27.75,-50.25,4,7.0,13.258196891542626,5.800684790017978,2.2856261582008037,1.2067540735959048
A865,2022-06-19,-27.75,-50.25,4,7.2,6.404789645956521,3.0545708325794885,2.096788713374795,2.3571232734910352
A865,2022-06-20,-27.75,-50.25,4,3.9,3.570193394670064,2.3123481124093703,1.5439688235133728,1.6865972640842397
A865,2022-06-21,-27.75,-50.25,4,6.5,4.34436840442759,3.3885377566389554,1.282077614722142,1.9182315402167045
A865,2022-06-22,-27.75,-50.25,4,4.0,9.887258500607217,3.1868566727317575,3.102511193932016,1.2551552864695419
A865,2022-06-24,-27.75,-50.25,4,8.5,5.2637817572814765,2.9270888134379294,1.798299297621602,2.903909154029585
A865,2022-06-25,-27.75,-50.25,4,5.1,4.526425819824836,3.139061960674342,1.4419676567494248,1.624689179089795
A865,2022-06-26,-27.75,-50.25,4,8.1,4.036361434279858,3.5513088126654195,1.1365841854936811,2.280849238205387
A865,2022-06-27,-27.75,-50.25,4,5.4,5.581171536570821,3.2676072397263156,1.7080301049395037,1.6525853947037672
A865,2022-06-28,-27.75,-50.25,4,8.2,9.332482303259974,4.999159024921974,1.8668104488645734,1.6402758862282807
A865,2022-06-29,-27.75,-50.25,4,13.5,16.40766735546842,6.8085810658256865,2.4098512152294744,1.9827919899141033
A865,2022-06-30,-27.75,-50.25,4,5.3,5.610008981490947,2.560214153895244,2.1912264538322255,2.070139324843706
A865,2022-07-01,-27.75,-50.25,4,8.0,7.157838216763691,3.7369895667454474,1.9154022479643873,2.140760592748247
A865,2022-07-02,-27.75,-50.25,4,8.9,6.207164309200131,4.248277609357698,1.4611013874252439,2.094966670821119
A865,2022-07-03,-27.75,-50.25,4,8.1,7.425994913256753,3.1196983977187847,2.3803566776477045,2.596404833852836
A865,2022-07-04,-27.75,-50.25,4,8.5,7.4350268686676015,3.10527554040694,2.3943211389522157,2.737277220457574
A865,2022-07-05,-27.75,-50.25,4,3.5,6.469867082787268,2.225781689689341,2.906784215522182,1.5724812618476096
A865,2022-07-06,-27.75,-50.25,4,8.3,5.435251800768767,3.1875635305041548,1.7051430500929063,2.6038696705402598
A865,2022-07-07,-27.75,-50.25,4,6.7,7.5960689269847625,3.0912808827288094,2.457256139170174,2.1673863534799906
A865,2022-07-08,-27.75,-50.25,4,7.3,5.7281089428684355,3.515872954856637,1.6292138585257852,2.0762980044304995
A865,2022-07-09,-27.75,-50.25,4,7.5,8.103400117405265,4.133936635502937,1.960213915184842,1.8142513205424462
A865,2022-07-10,-27.75,-50.25,4,6.9,5.673829795244156,3.078021790936269,1.8433364610840839,2.241699529326973
A865,2022-07-11,-27.75,-50.25,4,8.0,8.132526010119824,3.7057796035043697,2.1945519918209118,2.158790013425192
A865,2022-07-12,-27.75,-50.25,4,14.0,19.666207179372023,7.394020686081069,2.6597446794262867,1.8934218058592138
A865,2022-07-13,-27.75,-50.25,4,10.2,12.213859582399431,4.703396546293639,2.59681688800494,2.168645552125045
A865,2022-07-15,-27.75,-50.25,4,8.0,9.982264787130434,4.656499051397623,2.1437274392087144,1.7180289122143906
A865,2022-07-16,-27.75,-50.25,4,11.8,13.68357182796764,6.3033469298181375,2.1708422494146986,1.8720213453871324
A865,2022-07-17,-27.75,-50.25,4,9.0,13.77547964880467,6.189388931950576,2.2256606912668757,1.454101543617758
A865,2022-07-18,-27.75,-50.25,4,8.6,8.155396368489205,3.3099328490020037,2.4639159585815116,2.5982400224805264
A865,2022-07-19,-27.75,-50.25,4,6.4,7.957281205417107,2.325203393734263,3.4221871630067424,2.7524473847088435
A865,2022-07-20,-27.75,-50.25,4,6.8,8.45660792931988,3.333718103330466,2.5366895661848314,2.039764547940221
A865,2022-07-23,-27.75,-50.25,4,7.7,7.433452046918202,2.5178161187967536,2.95234111475567,3.0582058564625343
A865,2022-07-24,-27.75,-50.25,4,2.5,7.699731092733147,2.404599621678561,3.2020844648383724,1.0396741218210972
A865,2022-07-25,-27.75,-50.25,4,5.4,5.628612490008444,2.1007089435314406,2.679387121828666,2.5705607702713054
A865,2022-07-26,-27.75,-50.25,4,7.3,5.160916988361598,2.516286215344186,2.051005548133033,2.9011008189310776
A865,2022-07-27,-27.75,-50.25,4,6.0,5.805880021105775,2.403845370176192,2.4152468761666763,2.4960008137129988
A865,2022-07-28,-27.75,-50.25,4,10.0,12.018911144883694,5.06273412388452,2.373996115692099,1.9752172947070008
A865,2022-07-29,-27.75,-50.25,4,12.9,19.01054623139456,7.515772801522641,2.529420025515295,1.7163903620645042
A865,2022-07-30,-27.75,-50.25,4,4.7,9.94139553478118,4.059487263898173,2.4489288642908145,1.1577816838589527
A865,2022-07-31,-27.75,-50.25,4,6.7,6.116074025521326,2.9204261992131393,2.0942402267070475,2.294185691734037
A865,2022-08-01,-27.75,-50.25,4,7.5,5.799718366407441,2.551868745122152,2.2727338063501468,2.939022633642936
A865,2022-08-02,-27.75,-50.25,4,4.6,6.416942195147569,2.1555003199424903,2.9770082313505646,2.1340753037432765
A865,2022-08-03,-27.75,-50.25,4,7.2,9.425509607859974,3.840885497635333,2.4539939067860397,1.874567727789003
A865,2022-08-04,-27.75,-50.25,4,5.8,10.13720425222572,5.4447808594936165,1.861820432047382,1.0652403006976887
A865,2022-08-05,-27.75,-50.25,4,10.6,12.215745662494387,6.0222541178547715,2.0284341084639985,1.7601382792156068
A865,2022-08-06,-27.75,-50.25,4,10.8,9.122380211369105,4.628686708563724,1.9708355276003913,2.3332752203812963
A865,2022-08-07,-27.75,-50.25,4,8.9,11.005527217860076,4.120980858188741,2.6706086722026754,2.1596800146050037
A865,2022-08-08,-27.75,-50.25,4,6.8,7.271987105137636,3.506722787070276,2.073727393551141,1.9391324643831123
A865,2022-08-09,-27.75,-50.25,4,9.6,11.434239284123212,5.541204415199659,2.0634934984096263,1.7324753394166374
A865,2022-08-10,-27.75,-50.25,4,8.2,15.29730790494784,6.582222386267696,2.324033891176661,1.2457798474125437
A865,2022-08-11,-27.75,-50.25,4,9.9,7.229205383408093,3.7225724604687183,1.9419918511130463,2.6594512545105613
A865,2022-08-12,-27.75,-50.25,4,11.3,8.357706216336865,5.036758368096525,1.6593423002532046,2.243506472650277
A865,2022-08-13,-27.75,-50.25,4,8.2,11.410461486216688,5.273182519161297,2.1638662126247676,1.5550381520464067
A865,2022-08-14,-27.75,-50.25,4,8.5,8.438039650869639,3.601643058978514,2.3428306227721545,2.3600339791613725
A865,2022-08-15,-27.75,-50.25,4,14.9,11.710149020061344,5.154350785142988,2.2718960172084,2.8907617314188396
A865,2022-08-16,-27.75,-50.25,4,4.5,9.77023224328535,4.277171137235772,2.2842743322165977,1.0520972520422076
A865,2022-08-17,-27.75,-50.25,4,9.3,6.935524210593492,4.515524886005899,1.5359286872911349,2.0595612325870927
A865,2022-08-18,-27.75,-50.25,4,13.1,16.579321718284756,6.062800818964755,2.734597789593183,2.160717528278765
A865,2022-08-19,-27.75,-50.25,4,9.0,9.791196322076086,5.266392285030561,1.8591847686521643,1.7089497919822685
A865,2022-08-20,-27.75,-50.25,4,12.5,12.1194220503409,5.19653106919707,2.3322139113494234,2.405450835095538
A865,2022-08-21,-27.75,-50.25,4,9.2,7.605205633980812,3.4549098297979706,2.201274710091503,2.6628770223325855
A865,2022-08-22,-27.75,-50.25,4,8.3,6.390180548311001,3.162808760224227,2.020413193701275,2.624249718914897
A865,2022-08-23,-27.75,-50.25,4,10.4,11.291074936879575,4.322789594668195,2.6119880900070145,2.405853852527901
A865,2022-08-24,-27.75,-50.25,4,7.6,9.555960948533754,3.534810606019974,2.7033869741873677,2.150044471139921
A865,2022-08-25,-27.75,-50.25,4,6.8,5.8302349526029875,2.0845773321673495,2.7968427280849553,3.2620521652367738
A865,2022-08-26,-27.75,-50.25,4,6.2,5.2738538351066,2.1709546611925297,2.4292786622313027,2.8558864497862295
A865,2022-08-27,-27.75,-50.25,4,11.7,9.965759145414566,4.301337906037102,2.3168975242394274,2.7200839030987485
A865,2022-08-28,-27.75,-50.25,4,10.8,10.932064530072019,4.645644057949108,2.353185993956272,2.3247583898555995
A865,2022-08-29,-27.75,-50.25,4,9.3,11.043036614767072,4.2132530124243,2.6210238459932707,2.2073205602833696
A865,2022-08-30,-27.75,-50.25,4,11.5,13.100139564292778,5.121615298546187,2.557814049019137,2.245385357870274
A865,2022-08-31,-27.75,-50.25,4,13.1,14.533702586326854,5.476695271903172,2.653735850685068,2.391953422569684
A865,2022-09-01,-27.75,-50.25,4,9.1,11.82135485179363,5.192739049764314,2.2765162544284165,1.7524470058654358
A865,2022-09-02,-27.75,-50.25,4,19.3,11.951790025379822,3.278498378289241,3.6455073775624087,5.886841405140778
A865,2022-09-03,-27.75,-50.25,4,9.0,10.790233547547981,4.136724040936021,2.6084006186466486,2.175634611092782
A865,2022-09-04,-27.75,-50.25,4,9.0,8.48967776834633,3.882360825499789,2.1867307419200084,2.3181771104032816
A865,2022-09-05,-27.75,-50.25,4,12.3,10.957185883604385,4.3862544452649335,2.4980734748374958,2.804214883903542
A865,2022-09-06,-27.75,-50.25,4,11.9,17.414899484366824,7.541912575742029,2.3090826510480222,1.5778491039892744
A865,2022-09-07,-27.75,-50.25,4,11.1,17.078544749821447,6.796090980232781,2.5129953085525747,1.6332918485472954
A865,2022-09-08,-27.75,-50.25,4,6.1,9.159443146846918,3.4927541251564027,2.6224128062369023,1.7464727780478526
A865,2022-09-09,-27.75,-50.25,4,9.7,11.194046544124829,5.2949541501462,2.114096973590555,1.8319327655995228
A865,2022-09-10,-27.75,-50.25,4,9.5,8.200812947279873,5.065960303302041,1.6188071868495506,1.8752614373641676
A865,2022-09-11,-27.75,-50.25,4,10.5,10.730319235251445,4.564839624455966,2.3506453934907463,2.3001903382862836
A865,2022-09-12,-27.75,-50.25,4,12.1,12.73811899539755,4.944135120770531,2.5764099653919543,2.4473441167025074
A865,2022-10-25,-27.75,-50.25,4,7.7,11.221936165995428,4.09173925172568,2.74258340417528,1.8818403437493105
A865,2022-10-26,-27.75,-50.25,4,10.8,9.973434479651514,4.685853071298245,2.12841382943497,2.3048097829084924
A865,2022-10-27,-27.75,-50.25,4,9.6,20.97954295978715,5.143812785205956,4.078597693159849,1.8663198683300486
A865,2022-10-28,-27.75,-50.25,4,8.1,8.646244647915113,3.0153565496160177,2.8674037400373584,2.686249492131029
A865,2022-10-29,-27.75,-50.25,4,8.5,10.94831508079838,4.1239006281695865,2.654844543540285,2.0611553881628732
A865,2022-10-30,-27.75,-50.25,4,16.4,18.00543126657278,5.049664735768171,3.5656686549971,3.247740366570134
A865,2022-10-31,-27.75,-50.25,4,12.6,14.703690383866707,6.315975631314986,2.3280156926136524,1.9949411991915302
A865,2022-11-01,-27.75,-50.25,4,10.9,8.83130692159033,5.222149709555479,1.6911248073625356,2.087263025044112
A865,2022-11-02,-27.75,-50.25,4,9.5,7.518214213265065,3.026697390142717,2.4839662655904164,3.1387346587535956
A865,2022-11-03,-27.75,-50.25,4,8.1,8.220349031127235,3.39373654313942,2.42221189730977,2.386749795406036
A865,2022-11-04,-27.75,-50.25,4,4.5,8.01838319813618,3.508700033962038,2.2852860377128876,1.2825262793749235
A875,2021-01-01,-26.5,-51.25,4,7.3,6.850864648797807,2.4693839696567164,2.7743213420755244,2.956202878815487
A875,2021-01-02,-26.5,-51.25,4,7.2,6.099667898785182,3.71360204482063,1.6425206107618353,1.9388184067923642
A875,2021-01-03,-26.5,-51.25,4,7.6,8.658272337718687,4.420825026851469,1.958519571602486,1.7191361236508274
A875,2021-01-04,-26.5,-51.25,4,10.3,9.436134498877093,4.619953461663676,2.042473929051025,2.2294596873040584
A875,2021-01-05,-26.5,-51.25,4,4.4,7.465271046801673,3.90008000909691,1.9141327945552347,1.1281819833790667
A875,2021-01-06,-26.5,-51.25,4,10.6,8.301065083857088,4.025135542383325,2.062306969901923,2.6334516908525343
A875,2021-01-07,-26.5,-51.25,4,10.8,12.101779235664685,4.1065382373152355,2.9469539880813485,2.6299523773729194
A875,2021-01-08,-26.5,-51.25,4,5.1,6.1417664901160185,2.489843857615651,2.4667275706186484,2.048321216770562
A875,2021-01-09,-26.5,-51.25,4,6.3,6.049818538143232,3.8753742348067033,1.5610927284923197,1.6256494517139795
A875,2021-01-10,-26.5,-51.25,4,6.6,7.894913724148455,3.3150242654511417,2.381555334731173,1.9909356528048838
A875,2021-01-11,-26.5,-51.25,4,6.7,9.21940689819511,4.3670042648937075,2.111151338300676,1.5342325295766748
A875,2021-01-12,-26.5,-51.25,4,9.3,7.718114569676527,3.2149574013021254,2.400689529058932,2.892728841829539
A875,2021-01-13,-26.5,-51.25,4,7.8,8.051335545087829,3.957920211497416,2.034233919546785,1.9707319964009566
A875,2021-01-14,-26.5,-51.25,4,8.2,7.906045523114692,4.390469282119283,1.800729037169903,1.8676818975583067
A875,2021-01-15,-26.5,-51.25,4,6.7,7.573201687226969,4.7474597940293695,1.5952113373874985,1.4112810409529404
A875,2021-01-16,-26.5,-51.25,4,10.9,8.59308313791447,5.127175459468672,1.6759877257652829,2.125926855081641
A875,2021-01-17,-26.5,-51.25,4,8.9,7.540136648736137,4.209484991496475,1.7912254501365055,2.1142728903841617
A875,2021-01-18,-26.5,-51.25,4,6.2,7.073705293624412,3.7296289759500243,1.896624393267583,1.6623637471662216
A875,2021-01-19,-26.5,-51.25,4,6.2,8.11231601353454,4.881069858886043,1.6619954739565912,1.2702133301191807
A875,2021-01-20,-26.5,-51.25,4,6.7,6.0453903939081375,4.861024816285262,1.2436452440347658,1.3783101821562107
A875,2021-01-21,-26.5,-51.25,4,5.3,4.788860150210076,4.645559204575902,1.0308468667223143,1.1408744925216903
A875,2021-01-22,-26.5,-51.25,4,5.8,6.080760591232692,4.95989242193942,1.2259863871916377,1.1693802015431778
A875,2021-01-23,-26.5,-51.25,4,5.8,5.833297657162603,4.100687299886244,1.422517063743052,1.4143970451394567
A875,2021-01-24,-26.5,-51.25,4,6.4,5.433668144087187,2.687223083562727,2.022038355253787,2.381640749942824
A875,2021-01-25,-26.5,-51.25,4,6.6,4.676912768108938,2.4496516993612962,1.909215407777506,2.694260576603945
A875,2021-01-26,-26.5,-51.25,4,10.2,8.408349457868148,4.138595324291477,2.0316916245749757,2.464604340543063
A875,2021-01-27,-26.5,-51.25,4,12.8,10.321607270238442,6.379821942099752,1.617851934413291,2.006325586539366
A875,2021-01-28,-26.5,-51.25,4,8.5,8.325178185990946,3.9203188059192797,2.123597237403443,2.168191012212035
A875,2021-01-29,-26.5,-51.25,4,10.0,6.207005115818155,4.714026057860853,1.3167099713985866,2.121328961116909
A875,2021-01-30,-26.5,-51.25,4,7.8,7.780032385220045,3.7939063840081575,2.050665355901759,2.0559284311489825
A875,2021-01-31,-26.5,-51.25,4,13.8,7.890453222130401,3.723395141703246,2.1191554809090065,3.706294786023508
A875,2021-02-01,-26.5,-51.25,4,7.4,12.129237551557756,3.75173414563487,3.232968296986097,1.9724212091653337
A875,2021-02-02,-26.5,-51.25,4,8.7,5.971270517613741,3.3361248405135284,1.7898822145680213,2.607816078807414
A875,2021-02-03,-26.5,-51.25,4,7.7,9.476659443611611,3.2855931949955974,2.884306997605743,2.3435646298903166
A875,2021-02-04,-26.5,-51.25,4,11.2,12.156383636366916,5.9589166911287625,2.0400324868552917,1.8795362614607134
A875,2021-02-05,-26.5,-51.25,4,8.2,8.441941264119137,4.445542110357778,1.8989677871794424,1.844544443948606
A875,2021-02-06,-26.5,-51.25,4,7.0,6.128080455125716,2.8013754887046636,2.1875255494433192,2.498772488095393
A875,2021-02-07,-26.5,-51.25,4,7.8,7.223379347256251,2.5254664222548957,2.8602159520326396,3.088538390875008
A875,2021-02-08,-26.5,-51.25,4,6.6,6.792631569288211,2.87792629195467,2.3602520982824395,2.2933179416201517
A875,2021-02-09,-26.5,-51.25,4,5.9,6.9881920872122905,3.398386496196777,2.056326464053738,1.7361180097092677
A875,2021-02-10,-26.5,-51.25,4,6.1,6.27166530844384,3.007275539700385,2.08549739644698,2.0284140643154176
A875,2021-02-11,-26.5,-51.25,4,6.0,7.102706946201169,3.8687943974793906,1.8358967203914347,1.5508707322128927
A875,2021-02-12,-26.5,-51.25,4,4.7,6.362831004362662,3.7180652594372328,1.711328489518159,1.2640983070618275
A875,2021-02-13,-26.5,-51.25,4,7.3,7.164556261402314,2.5106891881411446,2.8536213463789135,2.9075681826649156
A875,2021-02-14,-26.5,-51.25,4,11.1,10.419236206004074,4.452227802671624,2.34022980579562,2.4931338853190046
A875,2021-02-15,-26.5,-51.25,4,9.4,8.009110905480027,4.3222364770992,1.8530015532271877,2.174800025358321
A875,2021-02-16,-26.5,-51.25,4,10.6,8.68608752405943,4.535030892897103,1.9153315003132245,2.3373600423763436
A875,2021-02-17,-26.5,-51.25,4,8.8,8.360595767159658,3.999799202540556,2.0902538712066474,2.20011044414692
A875,2021-02-18,-26.5,-51.25,4,8.3,7.682985042028077,3.3649651250322408,2.2832287279513674,2.466593171577217
A875,2021-02-19,-26.5,-51.25,4,5.3,7.10561420400391,2.819275955636379,2.520368461908866,1.8799152986085255
A875,2021-02-20,-26.5,-51.25,4,5.8,7.240873092329317,2.99244582907416,2.4197173502618052,1.9382138662789012
A875,2021-02-21,-26.5,-51.25,4,6.2,8.182344089406916,3.853639821375173,2.123276815861593,1.6088685729294565
A875,2021-02-22,-26.5,-51.25,4,6.5,8.184385295168585,3.855062135987362,2.1230229258217634,1.6860947426299302
A875,2021-02-23,-26.5,-51.25,4,6.0,8.176042988574661,2.967141266776058,2.7555287239351185,2.022148411733456
A875,2021-02-24,-26.5,-51.25,4,5.3,5.095636352991385,2.3121929710442584,2.203811021313691,2.2921962251301
A875,2021-02-25,-26.5,-51.25,4,7.1,5.968720937788659,3.654908309682313,1.6330699519812208,1.9425931920620838
A875,2021-02-26,-26.5,-51.25,4,8.3,8.530548940252341,4.432081374964912,1.9247275080367576,1.8727092979121374
A875,2021-02-27,-26.5,-51.25,4,8.6,8.595283504731748,5.292960437059033,1.6239085114922205,1.6247995998206404
A875,2021-02-28,-26.5,-51.25,4,7.5,8.86136670037215,4.797331909314923,1.847144802127645,1.5633690021399893
A875,2021-03-01,-26.5,-51.25,4,7.6,9.606100159065427,4.798960168673999,2.001704498772635,1.5836764075705916
A875,2021-03-02,-26.5,-51.25,4,9.4,8.23794311600603,3.5574084696682595,2.315714708121287,2.6423729746380746
A875,2021-03-03,-26.5,-51.25,4,7.5,8.341147860804687,3.2849637702967898,2.539190214585253,2.2831302030836067
A875,2021-03-04,-26.5,-51.25,4,8.5,5.84181733558547,4.256561881316608,1.3724262676003958,1.9969168162006947
A875,2021-03-05,-26.5,-51.25,4,8.2,10.599373591635485,3.923216866528402,2.7017047367597393,2.0901215199087533
A875,2021-03-06,-26.5,-51.25,4,10.3,6.8577176754078275,2.9069148277500108,2.3591051275196078,3.543275469124196
A875,2021-03-07,-26.5,-51.25,4,4.8,7.777660019109343,3.755833357187981,2.0708213808859006,1.2780119732452118
A875,2021-03-08,-26.5,-51.25,4,7.3,8.210477293942441,3.289738934842013,2.4957838468531066,2.2190210665912846
A875,2021-03-09,-26.5,-51.25,4,9.1,10.413562987518471,3.821884699414253,2.7247192959835935,2.3810242107499153
A875,2021-03-10,-26.5,-51.25,4,4.3,7.424809304314061,3.2715626734288445,2.2694993327247803,1.314356602404097
A875,2021-03-11,-26.5,-51.25,4,11.0,7.468478165620525,2.9426490023992815,2.538011893206128,3.7381284655530367
A875,2021-03-12,-26.5,-51.25,4,6.8,8.560871869569658,2.3938145771704886,3.5762468618971686,2.8406544370022444
A875,2021-03-13,-26.5,-51.25,4,9.1,8.542169350546194,3.275923820462905,2.6075604375132087,2.7778423732436255
A875,2021-03-14,-26.5,-51.25,4,9.5,9.352685336228532,3.6310436316234087,2.5757568030233298,2.61632769082222
A875,2021-03-15,-26.5,-51.25,4,8.4,6.855447996581663,2.30372448138395,2.975810715204663,3.6462693641879196
A875,2021-03-16,-26.5,-51.25,4,9.8,9.763827948588021,3.4541210614380145,2.826718512443556,2.837190655940727
A875,2021-03-17,-26.5,-51.25,4,8.6,10.031475499213329,4.190332431871427,2.393956962200541,2.0523431350192873
A875,2021-03-18,-26.5,-51.25,4,5.3,6.881879530107295,2.9765176019542663,2.3120573940462905,1.7806042862035234
A875,2021-03-19,-26.5,-51.25,4,5.4,8.18909803744564,4.412735600888663,1.8557871529389776,1.2237306941554613
A875,2021-03-20,-26.5,-51.25,4,7.7,9.697116343970288,4.568982899499647,2.122379653693216,1.685276607369932
A875,2021-03-21,-26.5,-51.25,4,7.8,9.449610810036194,3.4862213365511123,2.710559628260611,2.2373794567261958
A875,2021-03-22,-26.5,-51.25,4,11.4,8.719717095984207,2.426738497927767,3.5931836509908757,4.69766314324129
A875,2021-03-23,-26.5,-51.25,4,9.3,7.39168002464061,3.429995283930261,2.1550117165673917,2.7113739903874134
A875,2021-03-24,-26.5,-51.25,4,6.7,5.406000084375041,1.7873634987604292,3.02456668054607,3.7485380028441773
A875,2021-03-25,-26.5,-51.25,4,8.3,6.662942190611204,3.7932002643476466,1.7565490156784789,2.188125967935793
A875,2021-03-26,-26.5,-51.25,4,16.9,6.462865978215658,2.840037460989435,2.275627017949289,5.950625733687414
A875,2021-03-27,-26.5,-51.25,4,7.8,6.718412314005087,3.5501689956135802,1.8924204234519644,2.1970785079913964
A875,2021-03-28,-26.5,-51.25,4,10.6,6.819032927332991,3.7682838886950445,1.8095857766423271,2.812951548528573
A875,2021-03-29,-26.5,-51.25,4,8.9,14.338671070716332,3.877618505717005,3.697803445484895,2.2952232115867504
A875,2021-03-30,-26.5,-51.25,4,7.9,7.000786359940504,4.162265597044832,1.6819653135328496,1.8980047802833446
A875,2021-03-31,-26.5,-51.25,4,7.4,6.76096752650561,3.3561113481426186,2.0145241993378287,2.2049328023920904
A875,2021-04-01,-26.5,-51.25,4,5.2,7.315173908328586,3.0824192785915745,2.373192368453863,1.6869865939769217
A875,2021-04-02,-26.5,-51.25,4,5.3,8.124749731153637,3.0832624988766724,2.635114504234957,1.7189584091302486
A875,2021-04-03,-26.5,-51.25,4,5.8,5.894483405311842,2.6923330643651138,2.189358918229471,2.1542654126887206
A875,2021-04-04,-26.5,-51.25,4,5.8,7.285527465582741,3.355991539048559,2.17090161903335,1.7282522713523676
A875,2021-04-05,-26.5,-51.25,4,7.5,6.928880930875918,3.7949122825359964,1.8258342789008046,1.9763302657915542
A875,2021-04-06,-26.5,-51.25,4,5.3,6.216344082201689,2.485253097001993,2.5012921580102168,2.132579577666954
A875,2021-04-07,-26.5,-51.25,4,6.6,8.31896650416282,4.520888720066578,1.840117512124985,1.4598899483424583
A875,2021-04-08,-26.5,-51.25,4,8.2,9.708131709250141,5.386594153261501,1.802276435356099,1.5222977203573103
A875,2021-04-09,-26.5,-51.25,4,6.5,8.94177809756984,4.02065477949257,2.223960670082285,1.6166521018301245
A875,2021-04-10,-26.5,-51.25,4,6.9,6.18662951776732,2.5064337515614534,2.4682996364508676,2.7529153705744074
A875,2021-04-11,-26.5,-51.25,4,8.8,10.588781996251726,4.500404756137638,2.3528510367452564,1.9553796773498178
A875,2021-04-12,-26.5,-51.25,4,7.1,6.926945482298783,3.0283322606609104,2.2873796155997197,2.3445247710204953
A875,2021-04-13,-26.5,-51.25,4,4.9,6.483397151616876,3.0258229867850575,2.1426888419885715,1.6193941355459989
A875,2021-04-14,-26.5,-51.25,4,6.1,7.1860356661294835,3.450588134380692,2.08255386800002,1.7678145760780057
A875,2021-04-15,-26.5,-51.25,4,6.1,7.022124403339879,3.8695155983349734,1.8147295765809683,1.5764247087218846
A875,2021-04-16,-26.5,-51.25,4,4.9,6.33287589250591,3.093725725160596,2.0470062491325627,1.5838508113855634
A875,2021-04-17,-26.5,-51.25,4,4.7,5.443308528709594,2.6501381862533306,2.0539715841780866,1.773492425557133
A875,2021-04-18,-26.5,-51.25,4,4.8,5.669216969848878,2.4237990355014034,2.3389797944515256,1.9803622040005637
A875,2021-04-19,-26.5,-51.25,4,6.0,5.248821202394214,2.9224871928651908,1.796011703732497,2.0530457805420292
A875,2021-04-20,-26.5,-51.25,4,4.6,5.482681591538898,2.6934463193112737,2.035563713384436,1.7078491473987276
A875,2021-04-21,-26.5,-51.25,4,6.8,6.834384742526722,3.725724373722724,1.8343774409962166,1.8251484323316907
A875,2021-04-22,-26.5,-51.25,4,6.3,7.2042736125404145,4.252385251227122,1.6941723731313991,1.4815214586171355
A875,2021-04-23,-26.5,-51.25,4,4.7,5.040788578023691,2.807270731903935,1.7956189692488083,1.6742239879416212
A875,2021-04-24,-26.5,-51.25,4,5.2,4.865856233029505,2.1515879542120975,2.261518625582453,2.416819628414502
A875,2021-04-25,-26.5,-51.25,4,6.5,6.881032638338958,3.3262414044739086,2.0687111371663325,1.95415762405497
A875,2021-04-26,-26.5,-51.25,4,6.2,6.4970298049141775,2.801405636401814,2.3192035171525904,2.2131746718277525
A875,2021-04-27,-26.5,-51.25,4,4.5,6.27778779747062,2.9413804573819116,2.1342998256874277,1.529893893429005
A875,2021-04-28,-26.5,-51.25,4,4.0,5.7299525563713285,2.820401607412438,2.0316087401567757,1.418237739436611
A875,2021-04-29,-26.5,-51.25,4,7.4,6.03575309261434,3.1546081714878893,1.9133130850185878,2.345774688242739
A875,2021-04-30,-26.5,-51.25,4,6.3,6.9268364011252,3.8378074443456485,1.8048942010706417,1.6415622960140874
A875,2021-05-01,-26.5,-51.25,4,6.5,5.810324951962382,3.224371276485004,1.8020024537299606,2.015896881169922
A875,2021-05-02,-26.5,-51.25,4,4.2,5.979363755601573,2.5709861625587234,2.3257082603862513,1.633614393249022
A875,2021-05-03,-26.5,-51.25,4,5.5,4.874646670786564,1.9034125701804645,2.561003718875511,2.889546956957702
A875,2021-05-04,-26.5,-51.25,4,6.4,8.01754599381435,2.7897614707570395,2.8739181029834353,2.2941029428810893
A875,2021-05-05,-26.5,-51.25,4,9.2,8.712539810655734,3.5300968892719067,2.4680738472457966,2.6061607623176393
A875,2021-05-06,-26.5,-51.25,4,6.5,11.067870915018382,4.627253043562583,2.3918879756135145,1.404721103170006
A875,2021-05-07,-26.5,-51.25,4,5.6,5.195556107767573,3.5636396533124977,1.4579353170397478,1.5714271208074169
A875,2021-05-08,-26.5,-51.25,4,5.1,6.831885704188922,3.85726862355511,1.7711718759924506,1.3221791111088104
A875,2021-05-09,-26.5,-51.25,4,7.3,5.523036613869885,3.507714539958293,1.5745399321848903,2.0811271603893964
A875,2021-05-10,-26.5,-51.25,4,4.2,5.891622126666528,2.381649564983882,2.4737569343903036,1.7634836214992966
A875,2021-05-11,-26.5,-51.25,4,6.7,6.572039254498451,2.71202345681704,2.4232973494306385,2.470480107079693
A875,2021-05-12,-26.5,-51.25,4,5.3,4.743656683143754,2.875268427555215,1.649813505300162,1.8433061585510773
A875,2021-05-13,-26.5,-51.25,4,5.3,4.38180694749179,2.892505236736998,1.5148829782015734,1.8323216610590718
A875,2021-05-14,-26.5,-51.25,4,6.4,4.124285688381801,2.6201257805518083,1.5740792747412344,2.442630826162909
A875,2021-05-15,-26.5,-51.25,4,3.6,4.574866983915262,2.375613497886889,1.9257623295980646,1.5153980237956235
A875,2021-05-16,-26.5,-51.25,4,4.1,4.820383785065146,2.2818004992324967,2.112535161021537,1.7968266732254068
A875,2021-05-17,-26.5,-51.25,4,7.3,8.121307471547485,3.9081246147069497,2.078057450109344,1.8679035905172614
A875,2021-05-18,-26.5,-51.25,4,5.6,5.897347320298093,2.341699910900539,2.5184043834336447,2.3914251240870685
A875,2021-05-19,-26.5,-51.25,4,5.7,5.768991472277736,1.9757609966880567,2.9198832662190535,2.8849643299745455
A875,2021-05-20,-26.5,-51.25,4,9.7,8.440168855914736,3.020194929760772,2.794577519730913,3.2117132256653154
A875,2021-05-21,-26.5,-51.25,4,10.8,11.150153115988125,5.039497417548666,2.21255260041622,2.1430708471824924
A875,2021-05-22,-26.5,-51.25,4,21.7,11.132719962762838,4.942427524590714,2.252480164326688,4.390555024233156
A875,2021-05-23,-26.5,-51.25,4,12.5,14.473872886933622,6.22381326644851,2.325563487735042,2.0084150126073537
A875,2021-05-24,-26.5,-51.25,4,9.6,6.7486743270326635,4.535016856902712,1.4881255219063985,2.116860929720232
A875,2021-05-25,-26.5,-51.25,4,3.5,6.48627146109648,2.249620856955276,2.8832731706956394,1.5558177233194024
A875,2021-05-26,-26.5,-51.25,4,4.0,3.7356626503851174,1.3116287064397065,2.8481098591728937,3.0496435312533117
A875,2021-05-27,-26.5,-51.25,4,8.4,7.3450030951310445,2.936007338661233,2.501697798371388,2.861028271077228
A875,2021-05-28,-26.5,-51.25,4,15.1,13.799066745236535,6.0161871701022065,2.2936564895806106,2.50989531626282
A875,2021-05-29,-26.5,-51.25,4,13.1,16.146346902715074,6.255571026000654,2.5811147912164056,2.094133364572341
A875,2021-05-30,-26.5,-51.25,4,4.2,5.303169604542163,2.974621182253592,1.782805029487636,1.4119444939937034
A875,2021-05-31,-26.5,-51.25,4,3.5,4.407282124531032,1.982882035809162,2.2226648105834177,1.7651075236917673
A875,2021-06-01,-26.5,-51.25,4,4.6,4.491380432547015,2.0827026700888265,2.156515424429479,2.2086686045319235
A875,2021-06-02,-26.5,-51.25,4,10.0,9.719021916254349,4.92060072807484,1.9751697919324713,2.032272186390634
A875,2021-06-03,-26.5,-51.25,4,7.0,7.123079294802277,2.4889871610377403,2.861838504555577,2.8123889546627754
A875,2021-06-04,-26.5,-51.25,4,4.2,7.609308244940193,2.972315914352096,2.5600603920323413,1.4130395694885327
A875,2021-06-05,-26.5,-51.25,4,7.1,7.448100312693456,4.2830902165233296,1.738954805098462,1.657681636639261
A875,2021-06-06,-26.5,-51.25,4,5.1,5.995075807297727,2.752910300212266,2.1777229017725244,1.8525848806649308
A875,2021-06-07,-26.5,-51.25,4,5.8,6.614819291289145,5.566796030757088,1.1882632765313526,1.0418919550769308
A875,2021-06-08,-26.5,-51.25,4,6.2,6.567928472288186,5.140233345356496,1.27774908861315,1.2061709232715787
A875,2021-06-09,-26.5,-51.25,4,5.8,5.021450748487936,3.745541772560645,1.3406473758414432,1.5485076264507447
A875,2021-06-10,-26.5,-51.25,4,6.9,4.2686660277429995,3.5899500762691243,1.189059997229609,1.922032299449374
A875,2021-06-11,-26.5,-51.25,4,7.2,6.061851788000715,3.87692951503286,1.5635702853239353,1.8571397731328048
A875,2021-06-12,-26.5,-51.25,4,3.9,4.45114559496277,2.7953115209310684,1.59236119539198,1.3951933338367166
A875,2021-06-13,-26.5,-51.25,4,4.6,4.253657784393498,2.4878328525127644,1.7097843933113162,1.8489988165217375
A875,2021-06-14,-26.5,-51.25,4,3.1,4.262931446101359,2.3644775338652413,1.802906301728607,1.311071877655945
A875,2021-06-15,-26.5,-51.25,4,6.3,6.588539092397478,2.99369386998203,2.2008058868213625,2.104423589589612
A875,2021-06-16,-26.5,-51.25,4,5.0,4.334157961173582,2.6638006228616122,1.6270579426915117,1.8770173552361078
A875,2021-06-17,-26.5,-51.25,4,5.0,4.062502296316258,2.366672592109714,1.7165459683186837,2.112670766826631
A875,2021-06-18,-26.5,-51.25,4,4.4,3.597034587381804,2.9517488483642933,1.2186113291363168,1.490641726662569
A875,2021-06-19,-26.5,-51.25,4,6.2,4.364279675912003,4.894896931551786,0.8915978695650357,1.2666252398565763
A875,2021-06-20,-26.5,-51.25,4,3.5,4.856611230820731,2.5034434171417006,1.9399724385885075,1.3980743387426406
A875,2021-06-21,-26.5,-51.25,4,5.5,3.0034600216074843,3.010183111728899,0.9977665511127151,1.827131372363947
A875,2021-06-22,-26.5,-51.25,4,4.7,2.6868529582278295,3.1979103422904873,0.8401902088047236,1.4697097469698444
A875,2021-06-23,-26.5,-51.25,4,7.2,9.021301986901554,4.777229932551519,1.8883960190886762,1.5071495619124364
A875,2021-06-24,-26.5,-51.25,4,6.4,7.910495008816219,5.467616229719318,1.4467904615943221,1.1705283858828086
A875,2021-06-25,-26.5,-51.25,4,7.3,5.548175508674788,3.3621533094496523,1.6501851635025424,2.1712275818841023
A875,2021-06-26,-26.5,-51.25,4,5.3,5.959816391058961,4.775350436429624,1.248037493875512,1.1098661910899756
A875,2021-06-27,-26.5,-51.25,4,9.7,7.9788982724146615,4.663328769038185,1.7109877230595336,2.0800592195863197
A875,2021-06-28,-26.5,-51.25,4,3.9,9.287554265384479,3.72021159247519,2.496512371546355,1.0483274682247818
A875,2021-06-29,-26.5,-51.25,4,10.2,8.069945264888572,4.875894910352949,1.65506956430782,2.0919236750452557
A875,2021-06-30,-26.5,-51.25,4,7.9,6.1523391483881325,3.6477614505265374,1.68660676741898,2.165711795342229
A875,2021-07-01,-26.5,-51.25,4,9.8,6.958246806198355,4.164628127555341,1.6707966697336032,2.3531512778195283
A875,2021-07-02,-26.5,-51.25,4,6.4,6.7209144063908,3.7083498103150156,1.8123733601657914,1.725835028345488
A875,2021-07-03,-26.5,-51.25,4,3.4,3.9507057693322833,1.626133587847183,2.4295087432285136,2.0908491315902378
A875,2021-07-04,-26.5,-51.25,4,4.7,4.7350940571418025,2.6082873917499887,1.81540349890848,1.801948671325904
A875,2021-07-05,-26.5,-51.25,4,3.9,4.034149718715138,1.8096499645543238,2.229243112056015,2.155112909341273
A875,2021-07-06,-26.5,-51.25,4,2.9,3.6310692389338994,2.792285465684662,1.3003932740965543,1.0385757601216201
A875,2021-07-07,-26.5,-51.25,4,6.8,6.970261398121121,4.179652081683756,1.6676654568131373,1.6269296743140993
A875,2021-07-08,-26.5,-51.25,4,6.6,5.440652825192411,2.756824813346364,1.9735214217650234,2.394058544470444
A875,2021-07-09,-26.5,-51.25,4,5.0,4.68949760433665,2.7544924098684676,1.7024906612687247,1.8152164740358678
A875,2021-07-10,-26.5,-51.25,4,5.3,4.974796229688849,2.6019199129135284,1.9119713120294568,2.0369573919995356
A875,2021-07-11,-26.5,-51.25,4,4.2,5.8842536230878775,2.4922114244235,2.361057158081613,1.685250279667403
A875,2021-07-12,-26.5,-51.25,4,6.1,7.087040745691896,3.453354911060217,2.0522190531282805,1.7663982292880618
A875,2021-07-13,-26.5,-51.25,4,5.1,5.91441596375812,2.7355463705674534,2.1620602112225398,1.8643441964180893
A875,2021-07-14,-26.5,-51.25,4,5.0,8.495487229345414,4.0065414393468535,2.1204041834970635,1.247959137748267
A875,2021-07-15,-26.5,-51.25,4,4.7,7.842106917172636,3.1975212962381097,2.4525581507147085,1.4698885682261318
A875,2021-07-16,-26.5,-51.25,4,5.1,3.2386389302730727,3.2643701986498126,0.9921175397363379,1.5623228033724326
A875,2021-07-17,-26.5,-51.25,4,9.2,7.080977710022715,4.62509417891062,1.5309910319903033,1.989148684139214
A875,2021-07-18,-26.5,-51.25,4,12.5,10.108584301277954,5.533402642870231,1.8268297020284303,2.2590078486528
A875,2021-07-19,-26.5,-51.25,4,10.3,10.768932580886394,5.298575793592475,2.0324202201484365,1.943918592701025
A875,2021-07-20,-26.5,-51.25,4,4.3,6.354474808574743,2.7713741032053067,2.292896798460123,1.5515768856419347
A875,2021-07-21,-26.5,-51.25,4,5.0,4.303010558160027,1.6160385069386656,2.66269061020793,3.093985680744529
A875,2021-07-22,-26.5,-51.25,4,4.7,6.278294581171548,2.401937725386432,2.6138456941723893,1.9567534787954788
A875,2021-07-23,-26.5,-51.25,4,4.5,8.428616250670617,2.8816372762690072,2.9249400401925487,1.5616122254728617
A875,2021-07-24,-26.5,-51.25,4,5.0,6.649948918495467,2.250908918098733,2.9543394070838085,2.2213248878250176
A875,2021-07-25,-26.5,-51.25,4,10.2,8.733660743377726,3.3988409601020058,2.5695997094008223,3.0010230310081583
A875,2021-07-26,-26.5,-51.25,4,11.5,11.729026078459553,5.05279632034289,2.321294058744803,2.275967458593224
A875,2021-07-27,-26.5,-51.25,4,6.4,11.15485853733886,4.4599620907263935,2.5011106171806206,1.4349897756547147
A875,2021-07-28,-26.5,-51.25,4,13.3,14.572275093124802,6.276526235457459,2.32171021779577,2.119006517469076
A875,2021-07-29,-26.5,-51.25,4,10.3,12.253022115803878,5.84816840636253,2.095189684085221,1.7612351909692083
A875,2021-07-30,-26.5,-51.25,4,5.1,7.132524510446085,2.8339771585155704,2.5167896957158544,1.7995910745700456
A875,2021-07-31,-26.5,-51.25,4,7.3,7.525027962124363,2.9466959217914734,2.5537171672431835,2.477350969950741
A875,2021-08-01,-26.5,-51.25,4,5.4,5.408760291269242,2.323630962106959,2.3277191513943474,2.32394906422814
A875,2021-08-02,-26.5,-51.25,4,4.0,5.990280682333163,2.4229059138788305,2.4723538161427494,1.650910164149296
A875,2021-08-03,-26.5,-51.25,4,5.4,6.317906085573914,2.5157786280394343,2.5113124084759026,2.1464527680673804
A875,2021-08-04,-26.5,-51.25,4,7.7,8.119923768416035,3.7973641372513907,2.1383052756940506,2.027722315188192
A875,2021-08-05,-26.5,-51.25,4,7.7,9.915395433504335,4.619192495039714,2.1465646742697797,1.666958025297406
A875,2021-08-06,-26.5,-51.25,4,6.0,7.860823771173545,4.611045714442879,1.7047811403282336,1.30122327375905
A875,2021-08-07,-26.5,-51.25,4,5.9,6.246189774912407,4.028273714691917,1.5505872285022015,1.4646472454147108
A875,2021-08-08,-26.5,-51.25,4,5.7,5.33782884165426,2.6588479725877723,2.0075720374712214,2.1437856014205923
A875,2021-08-09,-26.5,-51.25,4,10.0,8.005789342429782,3.6734578366137023,2.179360618389388,2.722230782215343
A875,2021-08-10,-26.5,-51.25,4,13.5,12.622490933978687,5.59089245354031,2.2576880236688814,2.4146413318058766
A875,2021-08-11,-26.5,-51.25,4,5.6,7.833178531921559,3.3872456746016244,2.312551047199381,1.6532606542212556
A875,2021-08-12,-26.5,-51.25,4,4.8,6.115801025580414,3.2034935695934736,1.9091035748064618,1.4983641751492962
A875,2021-08-13,-26.5,-51.25,4,6.8,6.866142388159058,3.914708447579266,1.7539345471320773,1.7370386814386927
A875,2021-08-14,-26.5,-51.25,4,4.6,5.009477424857519,3.4890115293937063,1.43578700805498,1.3184249926509566
A875,2021-08-15,-26.5,-51.25,4,8.3,5.524214443149155,3.519683144661039,1.5695203846768888,2.3581668175415627
A875,2021-08-16,-26.5,-51.25,4,4.6,7.22238682894285,3.561967907669487,2.0276395004547614,1.2914209558417031
A875,2021-08-17,-26.5,-51.25,4,6.9,6.486053712584339,2.80025449113593,2.316237232407136,2.464061756473069
A875,2021-08-18,-26.5,-51.25,4,9.0,9.750777530219006,4.001675959360001,2.4366734411395155,2.2490576676876644
A875,2021-08-19,-26.5,-51.25,4,8.1,9.00735284100151,4.468218480884658,2.015871175399228,1.8128030298098337
A875,2021-08-20,-26.5,-51.25,4,10.9,11.505250267823728,4.93089643059009,2.3332978961894097,2.210551398398683
A875,2021-08-21,-26.5,-51.25,4,7.4,9.12764639013568,3.868296593903494,2.3596035538022133,1.9129867165983434
A875,2021-08-22,-26.5,-51.25,4,12.0,9.97982989946783,4.491595887794182,2.221889535206809,2.6716561996616277
A875,2021-08-23,-26.5,-51.25,4,9.2,13.26555280914355,4.836890685316503,2.742578584505578,1.9020483609292063
A875,2021-08-24,-26.5,-51.25,4,10.9,13.876122556776123,6.709689787759766,2.0680721457629545,1.6245162361879173
A875,2021-08-25,-26.5,-51.25,4,11.1,18.96888157164096,7.383557385204966,2.569070785533603,1.5033403847096756
A875,2021-08-26,-26.5,-51.25,4,12.9,9.570797960382865,5.055869886584784,1.8930071728661304,2.5514897118355018
A875,2021-08-27,-26.5,-51.25,4,6.4,5.702561391832275,3.359276000008508,1.6975566734670902,1.9051724240532162
A875,2021-08-28,-26.5,-51.25,4,8.9,9.587050065760724,5.002658417999422,1.9163910994336117,1.7790541061084753
A875,2021-08-29,-26.5,-51.25,4,6.0,7.111643839474635,4.05176346891794,1.7551971861214946,1.4808366890188567
A875,2021-08-30,-26.5,-51.25,4,7.6,7.362998844774583,4.585558981531759,1.6056927572906388,1.6573770025876535
A875,2021-08-31,-26.5,-51.25,4,8.5,8.63275542254899,4.390759299089235,1.9661190319268156,1.9358838462775982
A875,2021-09-01,-26.5,-51.25,4,7.3,7.406307044140871,4.454130024940308,1.6627954286628908,1.6389283561828285
A875,2021-09-02,-26.5,-51.25,4,9.6,6.62597419195818,3.3913401331456408,1.9537922861816432,2.830739360577056
A875,2021-09-03,-26.5,-51.25,4,9.2,10.319752106496761,4.420155425113021,2.3347034468211922,2.0813747742286144
A875,2021-09-04,-26.5,-51.25,4,7.7,8.398166283054747,3.740859873786592,2.244982855921281,2.0583502883805878
A875,2021-09-05,-26.5,-51.25,4,9.4,13.651074600446448,4.918339157898002,2.775545598258547,1.9112142734006512
A875,2021-09-06,-26.5,-51.25,4,4.8,7.676623010396797,3.6485711278799036,2.1040080462560415,1.3155835070122817
A875,2021-09-07,-26.5,-51.25,4,7.4,8.694235947244014,5.158264855204489,1.6854962262110031,1.434590934688762
A875,2021-09-08,-26.5,-51.25,4,14.5,6.408111239263812,4.586554006213458,1.397151593676357,3.1614148618672497
A875,2021-09-09,-26.5,-51.25,4,10.5,10.638808060316759,4.417514267214802,2.4083245501376545,2.3769023402883414
A875,2021-09-10,-26.5,-51.25,4,7.1,5.5763500347538075,3.408626518757582,1.6359521948407372,2.0829504085968016
A875,2021-09-11,-26.5,-51.25,4,6.9,5.23853226589035,1.9912415750456118,2.630786907796637,3.465174736441482
A875,2021-09-12,-26.5,-51.25,4,7.7,7.216335996758614,2.8601512445632924,2.523060978147837,2.6921653232976808
A875,2021-09-13,-26.5,-51.25,4,11.2,14.821919536065982,6.569575633077597,2.2561456574817567,1.7048285346786127
A875,2021-09-14,-26.5,-51.25,4,11.0,14.981078715456157,4.346287693744861,3.4468677112692734,2.530895507867807
A875,2021-09-15,-26.5,-51.25,4,4.3,7.959820967404171,2.926154363739515,2.720232762167687,1.4695055234559677
A875,2021-09-16,-26.5,-51.25,4,8.9,5.827608357851272,4.016716692184807,1.4508387831259937,2.2157400389518225
A875,2021-09-17,-26.5,-51.25,4,6.9,5.667398437737836,4.379816251055492,1.2939808688028978,1.57540855699989
A875,2021-09-18,-26.5,-51.25,4,5.2,6.710401549972989,2.8656135773694342,2.3416979885100138,1.8146201012815824
A875,2021-09-19,-26.5,-51.25,4,5.9,8.41883277650004,3.5870897033673974,2.3469813895640304,1.6447874148397648
A875,2021-09-20,-26.5,-51.25,4,10.8,13.985517587616071,5.336754901786503,2.6206033151221457,2.0237017061406832
A875,2021-09-21,-26.5,-51.25,4,8.0,11.481563229840848,4.185032527906056,2.7434824349108573,1.9115741506560593
A875,2021-09-22,-26.5,-51.25,4,10.3,9.609792486639796,5.132949977610226,1.872177311011684,2.0066433619903354
A875,2021-09-23,-26.5,-51.25,4,6.2,7.046453568772336,3.99656447690442,1.7631277086839943,1.5513324095805088
A875,2021-09-24,-26.5,-51.25,4,8.3,5.4628555313642915,3.6314556734234467,1.5043156306006475,2.285584830552378
A875,2021-09-25,-26.5,-51.25,4,5.1,5.928810923532874,2.7773451917865217,2.134704372026287,1.8362859665706281
A875,2021-09-26,-26.5,-51.25,4,6.3,6.619810842521149,2.704472826808994,2.447726882999176,2.3294743202997408
A875,2021-09-27,-26.5,-51.25,4,7.2,8.270826809015785,2.8728088511919503,2.8790035249244506,2.5062579422966706
A875,2021-09-28,-26.5,-51.25,4,8.1,9.013827465599391,3.6558296908187273,2.465603769299421,2.2156393172095483
A875,2021-09-29,-26.5,-51.25,4,8.4,8.262864006854205,3.044490023291142,2.7140387860170807,2.7590827809379603
A875,2021-09-30,-26.5,-51.25,4,6.7,9.872037239772174,4.920544609194874,2.0062895520395436,1.3616378942038065
A875,2021-10-01,-26.5,-51.25,4,13.3,10.909442136150298,4.410635036331382,2.473440229419754,3.0154387951950095
A875,2021-10-02,-26.5,-51.25,4,5.9,14.67752707604735,3.282884051966415,4.470924602791151,1.7972002381460774
A875,2021-10-03,-26.5,-51.25,4,7.2,8.20181459280266,4.32839545636717,1.894885685811725,1.6634339612866549
A875,2021-10-04,-26.5,-51.25,4,6.1,8.114550449164543,2.9038685715797685,2.7943931514607248,2.10064603463836
A875,2021-10-05,-26.5,-51.25,4,6.4,6.064356359145693,3.153143255854466,1.9232733393530264,2.0297206567183617
A875,2021-10-06,-26.5,-51.25,4,5.0,5.296698608116912,3.959006457003741,1.3378858220215089,1.262943128358549
A875,2021-10-07,-26.5,-51.25,4,5.0,9.865306240887584,3.2423876273338506,3.042605442273916,1.5420734886381855
A875,2021-10-08,-26.5,-51.25,4,5.1,6.3103515562751085,4.556927065342581,1.3847822152494136,1.1191752527240835
A875,2021-10-09,-26.5,-51.25,4,7.5,4.077359690530419,4.384269228774893,0.9299975612286396,1.7106613687808911
A875,2021-10-10,-26.5,-51.25,4,7.4,9.042002946450767,4.93228850473733,1.833226693403309,1.5003177516668986
A875,2021-10-11,-26.5,-51.25,4,8.0,6.934328647096792,4.945936810324802,1.4020253215975502,1.6174893264507026
A875,2021-10-12,-26.5,-51.25,4,7.6,5.59457448518869,3.764874645003927,1.4859922341937242,2.0186595083810746
A875,2021-10-13,-26.5,-51.25,4,6.2,6.038454213333606,4.0366934769470335,1.4958911910994321,1.5359105256337382
A875,2021-10-14,-26.5,-51.25,4,9.7,8.16902740017734,5.03862362039005,1.6212815275821217,1.9251289103529234
A875,2021-10-15,-26.5,-51.25,4,10.1,7.555299279327849,2.272517963650037,3.32463786873341,4.444409312293286
A875,2021-10-16,-26.5,-51.25,4,5.8,5.689064007026323,3.0964280887990063,1.8372989276275773,1.8731260128342306
A875,2021-10-17,-26.5,-51.25,4,6.4,4.544212958614763,4.632346522155006,0.9809743154751637,1.381589216046529
A875,2021-10-18,-26.5,-51.25,4,5.8,7.205446539134661,4.8371752420632745,1.4895979943991466,1.1990469043924976
A875,2021-10-19,-26.5,-51.25,4,6.4,6.912754014855009,3.4341583574334797,2.0129397934989988,1.8636298428541438
A875,2021-10-20,-26.5,-51.25,4,5.6,5.539480068353276,3.8380662230609954,1.4432997625391002,1.4590681021480132
A875,2021-10-21,-26.5,-51.25,4,6.4,5.359228346713034,3.8082928619678547,1.4072521575832186,1.6805430233359038
A875,2021-10-22,-26.5,-51.25,4,6.8,6.366101917286975,2.4032587722535586,2.6489456694326017,2.8294913883216894
A875,2021-10-23,-26.5,-51.25,4,5.7,7.730666746705139,3.8757694201167774,1.9946147225838355,1.470675724519303
A875,2021-10-24,-26.5,-51.25,4,9.6,8.948586813289623,5.05049285266752,1.7718244682918909,1.900804590769704
A875,2021-10-25,-26.5,-51.25,4,5.5,8.955565877410463,4.090833733412109,2.1891786518394496,1.3444692105373162
A875,2021-10-26,-26.5,-51.25,4,5.2,5.426905972840519,2.2243789971894805,2.4397398013996066,2.337731118020013
A875,2021-10-27,-26.5,-51.25,4,5.8,6.978439420734751,3.3560293552132157,2.0793737724297694,1.7282327971864577
A875,2021-10-28,-26.5,-51.25,4,6.3,8.706439952424917,4.019087178657169,2.1662729782671337,1.5675201158748975
A875,2021-10-29,-26.5,-51.25,4,7.8,6.2201860986566055,4.088253079043855,1.5214777506169845,1.9079053691617922
A875,2021-10-30,-26.5,-51.25,4,7.0,8.742632875045498,5.2825901947367795,1.6549897971938223,1.3251075214909407
A875,2021-10-31,-26.5,-51.25,4,7.6,9.329305838599593,4.537883158711949,2.0558717605341914,1.674789705726406
A875,2021-11-01,-26.5,-51.25,4,6.5,7.1637207955062365,4.301873426502081,1.6652560606208182,1.5109696068592258
A875,2021-11-02,-26.5,-51.25,4,5.9,5.538529333587051,3.3759794026247834,1.6405696460354322,1.7476409943179219
A875,2021-11-03,-26.5,-51.25,4,8.1,5.577609315841689,3.1492948335804587,1.771066099105259,2.5720043463796767
A875,2021-11-04,-26.5,-51.25,4,7.6,10.07691564954758,2.638182612054809,3.81964296311503,2.8807710145889276
A875,2021-11-05,-26.5,-51.25,4,6.0,10.144586315429885,2.694935717758302,3.7643147658706835,2.2263981884476682
A875,2021-11-06,-26.5,-51.25,4,7.5,8.403866253757702,3.352105582033092,2.5070410367744613,2.237399692956915
A875,2021-11-07,-26.5,-51.25,4,4.7,8.535694992300026,3.9595270792313606,2.155735980963921,1.1870104449222212
A875,2021-11-08,-26.5,-51.25,4,4.6,7.4077312542035445,3.071683380152385,2.4116194078036943,1.4975501803743183
A875,2021-11-09,-26.5,-51.25,4,5.8,8.034527469332877,3.430477943178144,2.3421014804395863,1.6907265098537925
A875,2021-11-10,-26.5,-51.25,4,7.3,7.034234794683771,3.8113778696709426,1.845588402729293,1.9153178324536604
A875,2021-11-11,-26.5,-51.25,4,7.6,8.324409623867624,4.578983483782226,1.8179601768276499,1.659757024002721
A875,2021-11-12,-26.5,-51.25,4,6.1,6.214254576911475,4.056938999212047,1.5317594319555778,1.503596677491272
A875,2021-11-13,-26.5,-51.25,4,7.3,5.818153756237253,4.117803289591759,1.4129265890246223,1.77278988009253
A875,2021-11-14,-26.5,-51.25,4,8.3,6.3591498329648175,4.471390477738833,1.4221862001595125,1.8562458459671995
A875,2021-11-15,-26.5,-51.25,4,7.8,6.465789251571482,3.4816500608231182,1.8571048608035194,2.2403170518969255
A875,2021-11-16,-26.5,-51.25,4,5.1,7.514442317332169,3.493695520904597,2.1508578158483913,1.4597723154419289
A875,2021-11-17,-26.5,-51.25,4,7.8,6.444999753106868,2.844231629670842,2.2659897618298888,2.742392679495896
A875,2021-11-18,-26.5,-51.25,4,7.5,6.113214838495294,3.8625129523593467,1.5827040359207458,1.9417410614555375
A875,2021-11-19,-26.5,-51.25,4,5.1,6.758104185986093,2.8471717125039304,2.3736201635842726,1.7912512889905159
A875,2021-11-20,-26.5,-51.25,4,5.8,6.981537712893649,3.723276051340186,1.8751061206919262,1.557767922663779
A875,2021-11-21,-26.5,-51.25,4,5.3,6.597560060009756,2.925431587185169,2.2552433250910116,1.8116984937253737
A875,2021-11-22,-26.5,-51.25,4,7.0,6.493868077699867,1.9850019463411461,3.2714668565790004,3.5264449049547517
A875,2021-11-23,-26.5,-51.25,4,8.1,8.233663049938825,3.1079324925257557,2.649241278483333,2.6062342150222473
A875,2021-11-24,-26.5,-51.25,4,5.7,8.198581968838694,3.759408888210494,2.1808167753578083,1.5161958088345218
A875,2021-11-25,-26.5,-51.25,4,6.2,7.925677721214411,3.2841062049800693,2.4133439135420747,1.8878804804175409
A875,2021-11-26,-26.5,-51.25,4,18.3,17.628811739057756,6.897991409224712,2.555644200351232,2.6529461859763024
A875,2021-11-27,-26.5,-51.25,4,7.8,9.94981247684496,3.996358895816117,2.4897194511888445,1.9517766555366198
A875,2021-11-28,-26.5,-51.25,4,13.0,6.787346307277796,3.785169990198935,1.793141741283085,3.434456057102145
A875,2021-11-29,-26.5,-51.25,4,11.1,12.354916985506387,5.230652490442941,2.362022139318254,2.122106184702787
A875,2021-11-30,-26.5,-51.25,4,8.6,6.948482466134101,3.8198647468591216,1.819038873522284,2.2513886144977615
A875,2021-12-01,-26.5,-51.25,4,8.1,8.001946440690244,2.7982322101481043,2.8596434604927654,2.8946847122352595
A875,2021-12-02,-26.5,-51.25,4,6.3,10.538696731803054,4.031794436100549,2.6138973350029766,1.5625796651709263
A875,2021-12-03,-26.5,-51.25,4,6.5,10.31683463281738,4.523519028176401,2.280709900534337,1.4369343777515604
A875,2021-12-04,-26.5,-51.25,4,6.5,9.723083108709615,4.611969200544455,2.108228109494265,1.4093762810108659
A875,2021-12-05,-26.5,-51.25,4,13.6,9.88906602920861,3.4504881411179302,2.865990440994425,3.941471306026199
A875,2021-12-06,-26.5,-51.25,4,8.0,7.812739452253166,3.7870322424535283,2.063024276548403,2.112472112151068
A875,2021-12-07,-26.5,-51.25,4,8.9,8.13111174337927,5.149389069611565,1.579043966858893,1.728360370460676
A875,2021-12-08,-26.5,-51.25,4,7.4,8.720133773808394,4.17344745871253,2.089431785131057,1.773114451112039
A875,2021-12-09,-26.5,-51.25,4,6.0,7.191215540015747,3.4723085722459692,2.0710185717637137,1.7279570277704501
A875,2021-12-10,-26.5,-51.25,4,7.8,6.563205925188495,2.9111574794008326,2.2545004767448438,2.6793466362408456
A875,2021-12-11,-26.5,-51.25,4,9.9,9.816761398040667,3.5887326960438073,2.7354395630698805,2.7586339910224265
A875,2021-12-12,-26.5,-51.25,4,13.5,7.214526493902236,3.144233016345493,2.2945266640217397,4.293574913124886
A875,2021-12-13,-26.5,-51.25,4,6.6,8.374585971678218,2.8984934414717998,2.8892892603633986,2.2770450005395375
A875,2021-12-14,-26.5,-51.25,4,6.3,6.824100914050681,3.700900179979773,1.8439029917548269,1.7022885497102036
A875,2021-12-15,-26.5,-51.25,4,7.7,9.191780363020285,4.66813941550309,1.9690458113770106,1.6494794423722592
A875,2021-12-16,-26.5,-51.25,4,7.5,10.047077307062803,3.14588074607378,3.193724784260201,2.3840700285159833
A875,2021-12-17,-26.5,-51.25,4,5.4,9.11478466513864,3.1920263859637066,2.8554853760667736,1.6917153391166857
A875,2021-12-18,-26.5,-51.25,4,6.5,9.081514782539134,5.030732079551622,1.805207401016782,1.2920584712552077
A875,2021-12-19,-26.5,-51.25,4,6.9,7.341742287697374,4.544147208481703,1.6156479864899465,1.5184367238634064
A875,2021-12-20,-26.5,-51.25,4,9.4,7.825978883336269,3.478414120557277,2.249869800460236,2.70238093401427
A875,2021-12-21,-26.5,-51.25,4,7.9,7.329415914070889,2.390267141454298,3.066358478078517,3.305069907455383
A875,2021-12-22,-26.5,-51.25,4,10.2,11.526270813778078,5.5000397530429375,2.095670455363724,1.8545320503105045
A875,2021-12-23,-26.5,-51.25,4,7.3,7.712572320514172,3.4022583266781,2.266897918960957,2.145633664192566
A875,2021-12-24,-26.5,-51.25,4,7.2,8.158067122257217,4.109213061754491,1.9853112991843764,1.7521603021786003
A875,2021-12-25,-26.5,-51.25,4,6.2,7.661397101141728,3.7526614321953318,2.0415902792114555,1.6521607696362204
A875,2021-12-26,-26.5,-51.25,4,9.8,8.874595811233302,3.680650792796333,2.411148547045651,2.6625726132944445
A875,2021-12-27,-26.5,-51.25,4,10.2,8.02699743482481,4.016553854183657,1.9984787273457967,2.53949041150678
A875,2021-12-28,-26.5,-51.25,4,6.9,9.489439948849876,4.084001597313892,2.3235642109178456,1.6895194175580712
A875,2021-12-29,-26.5,-51.25,4,8.7,9.437589118178826,4.485995916137908,2.103789057013644,1.9393686848226157
A875,2021-12-30,-26.5,-51.25,4,10.1,8.322147556810698,4.440954392694309,1.8739547450658878,2.2742859094917143
A875,2021-12-31,-26.5,-51.25,4,6.9,8.309781558754278,4.054475147925283,2.049533233174824,1.7018232319245568
A875,2022-01-01,-26.5,-51.25,4,6.5,6.898186899671284,2.560076446296337,2.694523794260477,2.5389866811999116
A875,2022-01-02,-26.5,-51.25,4,13.1,7.973488838670197,2.760500906209594,2.8884210183500665,4.745515558619189
A875,2022-01-03,-26.5,-51.25,4,6.9,8.241899121104924,2.4763742074570576,3.3282123098707186,2.7863317180505938
A875,2022-01-04,-26.5,-51.25,4,5.7,6.176944618776424,4.150332225220396,1.488301245196921,1.373384030647646
A875,2022-01-05,-26.5,-51.25,4,11.0,15.4897709291369,4.28361407656624,3.6160519253764236,2.5679250752714027
A875,2022-01-06,-26.5,-51.25,4,8.3,7.9673407861991175,2.9831958285209152,2.670740120386052,2.782251141761346
A875,2022-01-07,-26.5,-51.25,4,8.3,8.031831308571991,4.761833169226849,1.6867099335771296,1.7430262054618817
A875,2022-01-08,-26.5,-51.25,4,7.3,7.983360354481317,4.506414359017861,1.7715548812118622,1.6199131767348132
A875,2022-01-09,-26.5,-51.25,4,9.3,8.587752336217019,4.29940088006062,1.9974300084564187,2.163092081766721
A875,2022-01-10,-26.5,-51.25,4,5.7,7.793522850028024,3.3076470631417854,2.3562135564201663,1.72327938597712
A875,2022-01-11,-26.5,-51.25,4,9.5,5.51333375747637,2.2623086322320907,2.43703873066898,4.199250210448471
A875,2022-01-12,-26.5,-51.25,4,6.9,7.350669454363905,2.4906941002616785,2.9512534090764597,2.7703120986535716
A875,2022-01-13,-26.5,-51.25,4,5.7,7.620984417890762,3.2712586926078226,2.329679531341305,1.7424485605129576
A875,2022-01-14,-26.5,-51.25,4,8.1,5.308154633025462,3.6315504898478923,1.4616772224052967,2.230452260719985
A875,2022-01-15,-26.5,-51.25,4,7.7,8.182873688946817,3.4806203173980004,2.350981417893943,2.212249340013125
A875,2022-01-16,-26.5,-51.25,4,10.6,10.789599470351934,3.9816709279188376,2.709816975254533,2.662198908924015
A875,2022-01-17,-26.5,-51.25,4,8.9,9.563684161437,3.120847562887575,3.064450912363104,2.851789400365728
A875,2022-01-18,-26.5,-51.25,4,7.5,5.62992468728284,1.872978189860311,3.0058677232662956,4.004317850897857
A875,2022-01-19,-26.5,-51.25,4,7.8,6.225721992687553,2.9646141104432666,2.1000109156724913,2.631033824106622
A875,2022-01-20,-26.5,-51.25,4,5.4,7.108173700523229,2.6668575564373405,2.6653743404349837,2.0248550534561995
A875,2022-01-21,-26.5,-51.25,4,5.9,7.101530397147661,2.8037829068077382,2.5328388941614404,2.1042998677517
A875,2022-01-22,-26.5,-51.25,4,7.1,6.163148286279427,2.6117465344530677,2.3597804017264896,2.7184873824238953
A875,2022-01-23,-26.5,-51.25,4,7.1,5.941452470663749,1.6497503710487895,3.601425145845921,4.303681408167433
A875,2022-01-24,-26.5,-51.25,4,8.3,5.637176588033163,2.3496191357729344,2.3991873841199154,3.532487403440226
A875,2022-01-25,-26.5,-51.25,4,6.3,6.484142310565867,3.237460196148938,2.0028485039843766,1.9459698709173476
A875,2022-01-26,-26.5,-51.25,4,8.7,8.658564945084125,2.9464400521517935,2.9386530157845057,2.952715767506067
A875,2022-01-27,-26.5,-51.25,4,6.4,9.748125718432268,3.4084233841661575,2.860010221651811,1.8777010009176742
A875,2022-01-28,-26.5,-51.25,4,7.5,8.058906398228508,5.147032815322717,1.5657382976531922,1.457150220156456
A875,2022-01-29,-26.5,-51.25,4,6.9,6.3879404707277665,4.2301231951855005,1.5101074309131655,1.6311581676517626
A875,2022-01-30,-26.5,-51.25,4,6.4,7.240673672928572,4.6559626551426785,1.555139980543226,1.3745814719821625
A875,2022-01-31,-26.5,-51.25,4,8.9,7.828300665968791,3.6946910908780883,2.1187970721818314,2.4088617373109824
A875,2022-02-01,-26.5,-51.25,4,4.7,5.407778425551372,1.6777680641229131,3.223197855049409,2.801340721941217
A875,2022-02-02,-26.5,-51.25,4,7.7,7.371588722912274,3.6144694005085864,2.0394663520667873,2.1303265145685133
A875,2022-02-03,-26.5,-51.25,4,6.1,7.931772284465616,4.022644184774752,1.9717807293238778,1.5164155017955112
A875,2022-02-04,-26.5,-51.25,4,10.7,6.586154887682102,4.642996050873981,1.4185139973234195,2.304546435697672
A875,2022-02-05,-26.5,-51.25,4,8.4,9.620512358025872,4.283426452617681,2.2459851860294227,1.9610468611797003
A875,2022-02-06,-26.5,-51.25,4,7.7,9.006775510284905,4.270801534633672,2.1089192361773987,1.8029402531486323
A875,2022-02-07,-26.5,-51.25,4,6.9,6.976952731625119,3.177552119688164,2.1957004854132234,2.171482871121921
A875,2022-02-08,-26.5,-51.25,4,5.2,6.8811310914,3.116477349796048,2.207983668435878,1.6685505512627277
A875,2022-02-09,-26.5,-51.25,4,6.2,6.656520199035064,3.8536752674323353,1.7273173625421314,1.6088537745763403
A875,2022-02-10,-26.5,-51.25,4,7.1,7.014203095450276,3.643233763908098,1.9252684702631155,1.9488181269993028
A875,2022-02-11,-26.5,-51.25,4,6.9,6.944458867205097,3.309863544442491,2.098110322060063,2.084678086377796
A875,2022-02-12,-26.5,-51.25,4,6.0,5.831884385127613,2.9019095312939998,2.0096713292530173,2.067604084585132
A875,2022-02-13,-26.5,-51.25,4,8.3,8.605344112957622,2.9579375623280777,2.9092379171738467,2.806009195632714
A875,2022-02-14,-26.5,-51.25,4,8.6,8.158992925723062,3.5825841441169843,2.2774044090830547,2.40050188747756
A875,2022-02-15,-26.5,-51.25,4,5.9,6.362009717040564,2.991046055221663,2.1270183071684876,1.972554046668719
A875,2022-02-16,-26.5,-51.25,4,8.7,6.923629870152016,3.9500598596907146,1.752791126232231,2.2024982681354097
A875,2022-02-17,-26.5,-51.25,4,12.6,9.948220087470267,4.636775796893038,2.1455037990269585,2.7174054886248493
A875,2022-02-18,-26.5,-51.25,4,5.9,8.724100029616158,3.8338209651866038,2.2755627111532397,1.538934669504795
A875,2022-02-19,-26.5,-51.25,4,8.6,7.425159334234445,3.6249233231124567,2.048363143819275,2.3724639760423423
A875,2022-02-20,-26.5,-51.25,4,8.2,10.078189358783028,3.6210157031135264,2.78324928282341,2.2645579782902456
A875,2022-02-21,-26.5,-51.25,4,11.2,7.5958187584194965,3.5469562242165176,2.1415033843834164,3.157636940521856
A875,2022-02-22,-26.5,-51.25,4,8.3,8.14178082640291,2.306513547677397,3.5299080877289817,3.5985047685316647
A875,2022-02-23,-26.5,-51.25,4,5.5,5.985717278840673,2.5233624362447182,2.3721195151611476,2.1796314001507966
A875,2022-02-24,-26.5,-51.25,4,9.3,6.445362800896593,3.9940439049894945,1.6137436027793355,2.328467142882963
A875,2022-02-25,-26.5,-51.25,4,4.7,6.217766856438466,3.8540964293698257,1.6132878277399818,1.2194816829656974
A875,2022-02-26,-26.5,-51.25,4,5.9,4.620232544927669,2.1153560050450104,2.1841394705707513,2.7891286317427504
A875,2022-02-27,-26.5,-51.25,4,12.5,7.95204559300567,4.278318192065257,1.858684940207079,2.921708820812582
A875,2022-02-28,-26.5,-51.25,4,11.5,7.192178960473958,3.278498601745687,2.193741658649594,3.5077031888549985
A875,2022-03-01,-26.5,-51.25,4,7.3,7.4906704141248,2.5345588687057226,2.955413861801492,2.8801856173606097
A875,2022-03-02,-26.5,-51.25,4,8.5,6.548922405434227,2.9647924021171437,2.208897459652714,2.8669798242636455
A875,2022-03-03,-26.5,-51.25,4,5.0,5.129332131137059,1.6611433461246066,3.0878323313298783,3.009975034162366
A875,2022-03-04,-26.5,-51.25,4,8.2,5.562973060156371,2.8890704990370226,1.9255234726915134,2.8382831096483114
A875,2022-03-05,-26.5,-51.25,4,7.8,7.283314880119773,2.7681412750639325,2.631121086820816,2.81777525961707
A875,2022-03-06,-26.5,-51.25,4,8.0,7.521888546529607,3.316868107641469,2.267768359314778,2.4119138115770826
A875,2022-03-07,-26.5,-51.25,4,7.5,7.171811577712079,3.0841266779384093,2.3253946178715625,2.4318067262442637
A875,2022-03-08,-26.5,-51.25,4,9.8,5.887203459822788,2.4071081113979136,2.44575780869428,4.071275383766918
A875,2022-03-09,-26.5,-51.25,4,5.1,7.152927244735578,3.874570189451263,1.846121477992534,1.3162750319725887
A875,2022-03-10,-26.5,-51.25,4,7.9,8.462786561983108,3.9384248477341273,2.1487744184967648,2.0058780617700664
A875,2022-03-11,-26.5,-51.25,4,9.2,12.519801341909275,3.9775254363836465,3.1476357705690097,2.312995893337293
A875,2022-03-12,-26.5,-51.25,4,6.3,7.845287928552818,4.806064056827506,1.6323727349009804,1.3108439516219523
A875,2022-03-13,-26.5,-51.25,4,4.4,7.681808751710323,4.457771997440352,1.7232394918630225,0.9870401632309763
A875,2022-03-14,-26.5,-51.25,4,4.6,7.7346166852117975,3.100281067600455,2.494811443401875,1.4837364418576062
A875,2022-03-15,-26.5,-51.25,4,5.2,7.354038392219765,3.697994819258663,1.9886556773743747,1.4061674648431346
A875,2022-03-16,-26.5,-51.25,4,7.8,9.183354189080228,4.337057940411007,2.117415611055903,1.7984541841884694
A875,2022-03-17,-26.5,-51.25,4,5.9,9.054430165209956,3.4853230610756576,2.597874000929926,1.6928129463496888
A875,2022-03-18,-26.5,-51.25,4,18.7,6.9783819065026345,2.9849032677911715,2.3378921460549162,6.264859636083952
A875,2022-03-19,-26.5,-51.25,4,6.3,9.143080855148945,3.265950365404599,2.799516169014486,1.9289944105502443
A875,2022-03-20,-26.5,-51.25,4,7.1,4.362102646647239,3.606712395010129,1.2094401130187673,1.968551750847342
A875,2022-03-21,-26.5,-51.25,4,10.2,10.788111549467256,4.992234881293555,2.160978360591862,2.043173096326157
A875,2022-03-22,-26.5,-51.25,4,9.7,11.8727322524864,5.584857308876617,2.1258792473741064,1.7368393610670663
A875,2022-03-23,-26.5,-51.25,4,7.8,11.773209494799339,4.502482284495401,2.6148263892877877,1.7323777212538563
A875,2022-03-24,-26.5,-51.25,4,8.3,11.870108840156668,6.299251505055617,1.8843681397115235,1.3176168618348758
A875,2022-03-25,-26.5,-51.25,4,10.0,7.048074379151934,5.302961390840716,1.3290827256116515,1.8857387906447927
A875,2022-03-26,-26.5,-51.25,4,8.8,8.263868038627406,3.773419916249458,2.190020782749557,2.3321019646142767
A875,2022-03-27,-26.5,-51.25,4,5.5,6.910320184221787,2.58729258779811,2.6708692386827217,2.125774265322161
A875,2022-03-28,-26.5,-51.25,4,4.0,7.733676163955642,3.1187158718928223,2.4797629799029726,1.2825791653704912
A875,2022-03-29,-26.5,-51.25,4,7.9,7.584459215488134,3.92457174453799,1.9325571576169502,2.0129584867431203
A875,2022-03-30,-26.5,-51.25,4,8.5,10.228009200415027,4.905859365433073,2.0848557690997187,1.7326220274252906
A875,2022-03-31,-26.5,-51.25,4,6.6,7.2584107840641625,4.237276881862586,1.712989494534417,1.5576041368103442
A875,2022-04-01,-26.5,-51.25,4,7.1,6.244442026555006,3.7274926906099335,1.6752392411890207,1.9047656398859951
A875,2022-04-02,-26.5,-51.25,4,6.2,7.279484265601138,4.136193075676384,1.7599478874449634,1.498962907814966
A875,2022-04-03,-26.5,-51.25,4,8.5,8.345411190066528,4.924088192064353,1.6948135095378614,1.726207912705255
A875,2022-04-04,-26.5,-51.25,4,6.5,6.814949755159926,4.18725588094958,1.6275455689644744,1.5523293022460185
A875,2022-04-05,-26.5,-51.25,4,4.8,4.4026212327996355,1.9873805906764084,2.2152884321473603,2.415239447601887
A875,2022-04-06,-26.5,-51.25,4,5.0,6.241688374073558,2.5513225497436074,2.4464520860762233,1.959767886072449
A875,2022-04-07,-26.5,-51.25,4,5.0,5.170355170421074,3.6844474813775663,1.4032918630415507,1.3570555762489973
A875,2022-04-08,-26.5,-51.25,4,4.7,6.777698970894454,4.37699187508205,1.5484833338347015,1.0737968299088734
A875,2022-04-09,-26.5,-51.25,4,6.4,7.02961499273368,2.6092632368006887,2.69409958090428,2.452799667636168
A875,2022-04-10,-26.5,-51.25,4,4.0,5.295257046569112,2.7802171983263175,1.904619915939244,1.438736513970199
A875,2022-04-11,-26.5,-51.25,4,8.7,6.104063208261396,5.236680772109734,1.165635919754989,1.6613577146683653
A875,2022-04-12,-26.5,-51.25,4,12.6,7.790989053259942,4.021319236144927,1.9374211784113022,3.1333001087670675
A875,2022-04-13,-26.5,-51.25,4,5.9,5.812116314322273,2.256908192028848,2.575255978444329,2.6141958369587885
A875,2022-04-14,-26.5,-51.25,4,8.1,7.801308316640421,4.693250677912391,1.662239852935051,1.7258826676615893
A875,2022-04-15,-26.5,-51.25,4,4.6,7.599794433564765,3.532891352527252,2.151154302587951,1.302049664422709
A875,2022-04-16,-26.5,-51.25,4,4.0,5.290586711610612,2.6572395636409762,1.9910085579041268,1.5053215580303794
A875,2022-04-17,-26.5,-51.25,4,5.3,5.250001184947599,2.921516421037161,1.7970123827282158,1.8141263769171143
A875,2022-04-18,-26.5,-51.25,4,5.0,5.9947145127999,3.442042229895855,1.7416156201492277,1.4526259894700024
A875,2022-04-19,-26.5,-51.25,4,3.9,5.266206331346844,2.960645491410543,1.7787358691289514,1.31728030637735
A875,2022-04-20,-26.5,-51.25,4,4.1,4.244134469027733,1.9624315417704778,2.1626917315030183,2.0892448540146464
A875,2022-04-21,-26.5,-51.25,4,5.9,7.9171988562379125,3.0717366503823205,2.5774341219168337,1.9207375734067773
A875,2022-04-22,-26.5,-51.25,4,9.4,7.982680223250824,3.9455465116654684,2.0232128045250763,2.382432946160387
A875,2022-04-23,-26.5,-51.25,4,11.6,13.573372474749414,5.477602052016125,2.4779771049182924,2.1177149945988543
A875,2022-04-24,-26.5,-51.25,4,5.3,5.817167209023328,2.7365252542418226,2.1257495066074306,1.9367626853743067
A875,2022-04-25,-26.5,-51.25,4,5.2,7.426498295117397,3.675740536476699,2.0204087370747623,1.4146809189596248
A875,2022-04-26,-26.5,-51.25,4,7.1,7.378231323926732,3.2147214660296815,2.2951385996868847,2.208589476577205
A875,2022-04-27,-26.5,-51.25,4,11.5,11.670866619087317,4.670175776231377,2.499020845957362,2.462434081930849
A875,2022-04-28,-26.5,-51.25,4,12.7,10.822675686562393,5.520009538223048,1.960626265520246,2.3007206621762957
A875,2022-04-29,-26.5,-51.25,4,5.2,7.903518078303698,3.760128480722571,2.1019276651910856,1.382931468075988
A875,2022-04-30,-26.5,-51.25,4,5.7,8.487599186712554,4.114092009296965,2.063055266516257,1.3854818966418891
A875,2022-05-01,-26.5,-51.25,4,10.8,10.425641231735398,4.8667479234726745,2.1422192798299213,2.219141030072839
A875,2022-05-02,-26.5,-51.25,4,3.6,6.686426336486914,3.56178234452106,1.8772697738738477,1.0107299244541792
A875,2022-05-03,-26.5,-51.25,4,5.0,10.470075074632318,4.512210457009695,2.3203871305176187,1.108104342126269
A875,2022-05-04,-26.5,-51.25,4,7.5,7.390680247986178,4.8185677405289145,1.5337919161794191,1.556479104136607
A875,2022-05-05,-26.5,-51.25,4,4.3,6.635799277295359,3.6186418040956854,1.8337817436875807,1.1882911414810753
A875,2022-05-06,-26.5,-51.25,4,4.5,4.740919706898292,2.3677872429260147,2.002257475228077,1.900508592334117
A875,2022-05-07,-26.5,-51.25,4,4.7,3.7090250369900213,2.1223883956601384,1.747571294949708,2.2144862880001437
A875,2022-05-08,-26.5,-51.25,4,8.0,6.033072576876344,3.67629638289795,1.6410735012938742,2.1761031121472754
A875,2022-05-09,-26.5,-51.25,4,6.8,5.635153974602511,2.992980524234183,1.8827900579287546,2.2719827091891696
A875,2022-05-10,-26.5,-51.25,4,3.7,5.108140559503319,3.0509316717776622,1.6742887448957515,1.2127443017575514
A875,2022-05-11,-26.5,-51.25,4,6.4,6.929455484113026,3.8988395001198968,1.7773123217562385,1.6415140966441908
A875,2022-05-12,-26.5,-51.25,4,3.9,5.1206540850135855,2.3684894862204677,2.161991478030541,1.6466190889550665
A875,2022-05-13,-26.5,-51.25,4,3.3,4.351093562413444,2.5077722155244717,1.7350433725510686,1.3159089886917192
A875,2022-05-14,-26.5,-51.25,4,6.5,4.090344767873927,3.1656918975355923,1.292085553574608,2.0532636183136073
A875,2022-05-15,-26.5,-51.25,4,6.5,8.348792560527409,4.664003458330282,1.790048535580693,1.3936524829093944
A875,2022-05-16,-26.5,-51.25,4,8.9,7.627873546772046,4.235115395633727,1.801101701888961,2.1014775675712696
A875,2022-05-17,-26.5,-51.25,4,13.4,13.631806570132012,7.5662466397711325,1.8016603501236583,1.7710234199298227
A875,2022-05-18,-26.5,-51.25,4,11.5,15.869750924245432,7.92020157228713,2.003705433429101,1.4519832475272627
A875,2022-05-19,-26.5,-51.25,4,7.5,9.02401817600208,5.851142322960001,1.542266053005009,1.2818009862056932
A875,2022-05-20,-26.5,-51.25,4,4.8,4.7760622925642595,2.2011172204056986,2.1698355036647983,2.1807107570196957
A875,2022-05-21,-26.5,-51.25,4,3.8,4.079237847091558,1.9012847271707334,2.145516549308107,1.998648569409543
A875,2022-05-22,-26.5,-51.25,4,4.2,4.870264034905184,2.140477678896745,2.2753164318982475,1.962178835784349
A875,2022-05-23,-26.5,-51.25,4,4.1,5.841555716723687,2.5318565039865026,2.3072222724810585,1.6193650760003169
A875,2022-05-24,-26.5,-51.25,4,4.1,5.782416671758567,2.983757455118978,1.9379647168834615,1.3741063279007413
A875,2022-05-25,-26.5,-51.25,4,5.8,6.3270053938239075,3.8289946649038984,1.6523933688956198,1.5147579214883995
A875,2022-05-26,-26.5,-51.25,4,3.1,5.286026196468833,2.3917241328915537,2.2101320648874823,1.296136104230446
A875,2022-05-27,-26.5,-51.25,4,5.7,6.017150162455181,4.2210138271711575,1.4255224950276364,1.3503864790274878
A875,2022-05-28,-26.5,-51.25,4,8.9,5.851034700663411,3.8259484323257316,1.5293030745599105,2.3262205848890223
A875,2022-05-29,-26.5,-51.25,4,11.0,9.863222620264148,4.299256606419911,2.2941693234908995,2.5585818682174333
A875,2022-05-30,-26.5,-51.25,4,2.5,7.364230765521541,4.1933897466907775,1.756152232530506,0.5961763992895915
A875,2022-05-31,-26.5,-51.25,4,4.0,3.794667134963557,4.213287095805754,0.9006429062811967,0.9493775071681972
A875,2022-06-01,-26.5,-51.25,4,3.6,4.488370739806913,4.5542687864696685,0.9855304880426617,0.7904671789893656
A875,2022-06-02,-26.5,-51.25,4,5.3,4.400868699747039,1.9952842469276306,2.2056349648044202,2.656263140532995
A875,2022-06-03,-26.5,-51.25,4,4.9,2.6441647639164856,2.66535081242155,0.9920513095663319,1.8384071534464184
A875,2022-06-04,-26.5,-51.25,4,6.6,7.166518429402999,3.960649060035274,1.8094303031582337,1.6663935380180386
A875,2022-06-05,-26.5,-51.25,4,3.8,3.941121977995478,3.127599075275289,1.2601109934938137,1.2149894882756116
A875,2022-06-06,-26.5,-51.25,4,12.0,5.636185661175086,4.3724886294113094,1.2890109360750732,2.7444325227703614
A875,2022-06-07,-26.5,-51.25,4,2.3,6.8210360359194695,2.9490453710576627,2.312964087586463,0.7799133992893146
A875,2022-06-08,-26.5,-51.25,4,4.7,2.991345542446446,2.7484583334827164,1.0883721634069505,1.7100495731526635
A875,2022-06-09,-26.5,-51.25,4,5.0,3.5614486696391237,3.8714862246451696,0.919917691290646,1.2914936822378236
A875,2022-06-10,-26.5,-51.25,4,8.0,7.934579747848308,5.329645604987798,1.4887631065792928,1.5010378912461133
A875,2022-06-11,-26.5,-51.25,4,6.3,6.760021397231964,3.784811833925923,1.7860918042575198,1.664547744098843
A875,2022-06-12,-26.5,-51.25,4,7.0,9.802335046648363,4.276626250050501,2.2920719449198095,1.6368042449155664
A875,2022-06-13,-26.5,-51.25,4,4.8,5.7350475162108845,3.2482607217198223,1.7655748745360593,1.4777138940554606
A875,2022-06-14,-26.5,-51.25,4,5.8,3.779649731968331,2.891742646855607,1.3070491373353044,2.0057109875620305
A875,2022-06-15,-26.5,-51.25,4,3.3,4.375880633598323,2.3878417335853315,1.8325672811773674,1.3820011408566295
A875,2022-06-16,-26.5,-51.25,4,5.1,4.66957134019583,2.1479179742530397,2.1739989125142087,2.374392346976647
A875,2022-06-17,-26.5,-51.25,4,10.2,13.651298027840083,5.876102756332617,2.3231891261820117,1.7358443892097635
A875,2022-06-18,-26.5,-51.25,4,6.5,8.219254890828427,4.129974494109471,1.9901466468016797,1.5738595987144388
A875,2022-06-19,-26.5,-51.25,4,5.6,4.839678973266815,2.881021320389847,1.6798483714837384,1.943755140014803
A875,2022-06-20,-26.5,-51.25,4,3.9,3.7726337882917296,2.3923649358649848,1.5769474513417803,1.630186073008094
A875,2022-06-21,-26.5,-51.25,4,9.7,10.128191670206908,6.039314819021517,1.6770431702462343,1.6061424666004713
A875,2022-06-22,-26.5,-51.25,4,12.6,11.76780001339046,6.13120167262178,1.9193301153244233,2.055062069849038
A875,2022-06-23,-26.5,-51.25,4,12.2,9.693712700605833,4.743390121442187,2.0436254350630016,2.5720001281047264
A875,2022-06-24,-26.5,-51.25,4,7.9,9.36156350570042,5.106213165176099,1.8333671554382838,1.547134783537293
A875,2022-06-25,-26.5,-51.25,4,3.6,4.531459190408141,2.2525994666919664,2.0116577569215055,1.5981536235053566
A875,2022-06-26,-26.5,-51.25,4,3.9,3.440776013264925,3.074024524666715,1.1193066241519245,1.2686951482349793
A875,2022-06-27,-26.5,-51.25,4,3.9,4.367719749094558,2.6309283736178886,1.6601439221579195,1.4823664677107735
A875,2022-06-28,-26.5,-51.25,4,11.0,7.5724002741369,4.525726076485867,1.6731901458818985,2.43054922328425
A875,2022-06-29,-26.5,-51.25,4,9.0,8.561598915757582,5.162628816965898,1.6583797168647259,1.7432979048238728
A875,2022-06-30,-26.5,-51.25,4,6.1,4.058317123146712,1.9487357843838393,2.0825384106290685,3.130234508383458
A875,2022-07-01,-26.5,-51.25,4,9.6,6.518082767891974,3.6721458570090406,1.7750065007496587,2.614275242274606
A875,2022-07-02,-26.5,-51.25,4,12.4,8.965895704346133,5.021137914168263,1.7856302411146394,2.469559731671705
A875,2022-07-03,-26.5,-51.25,4,6.1,8.78093607101276,3.89344538587745,2.2553125062094166,1.566735730293355
A875,2022-07-04,-26.5,-51.25,4,6.2,8.017478079029296,3.52126907607788,2.2768717487387984,1.760728835555444
A875,2022-07-05,-26.5,-51.25,4,6.7,7.36860333752123,3.4632285487613865,2.127668802036351,1.9346109867326646
A875,2022-07-06,-26.5,-51.25,4,7.4,6.864369665442259,3.5622296787913257,1.9269868269053774,2.0773506110675157
A875,2022-07-07,-26.5,-51.25,4,9.4,10.46756966051377,4.815166016796163,2.1738751320309637,1.9521652975642196
A875,2022-07-08,-26.5,-51.25,4,5.2,7.542081357340443,3.203735237354139,2.354152512168641,1.6231054112619216
A875,2022-07-09,-26.5,-51.25,4,5.1,6.98669522010239,3.404840057010566,2.051989257385757,1.497867716135182
A875,2022-07-10,-26.5,-51.25,4,6.9,7.344276833432493,4.064026006234696,1.8071431684161237,1.6978237810030217
A875,2022-07-11,-26.5,-51.25,4,9.7,14.194016376237759,6.353414782485476,2.2340767700806423,1.5267380349131445
A875,2022-07-12,-26.5,-51.25,4,7.6,11.610267820980134,6.462908441540493,1.796446278946932,1.1759411523070364
A875,2022-07-13,-26.5,-51.25,4,6.6,6.673267377598767,4.301824258865947,1.5512645277977914,1.534232828409383
A875,2022-07-14,-26.5,-51.25,4,7.3,7.612328665351499,4.873849488409163,1.5618719214565207,1.4977893792905654
A875,2022-07-15,-26.5,-51.25,4,13.0,12.051623860114974,6.200874345242367,1.9435362158824596,2.0964785409616105
A875,2022-07-16,-26.5,-51.25,4,13.9,13.979402831851719,6.919954590016208,2.0201581744511095,2.0086837014876195
A875,2022-07-17,-26.5,-51.25,4,13.0,6.436129108617962,4.670511419536511,1.3780351936826367,2.783421092949621
A875,2022-07-18,-26.5,-51.25,4,3.3,6.315539372521834,2.575434834232685,2.4522225484316946,1.2813370216696587
A875,2022-07-19,-26.5,-51.25,4,6.3,6.15445674651298,3.3699259984602064,1.8262883960434406,1.869477253470435
A875,2022-07-20,-26.5,-51.25,4,3.6,6.009791819977979,2.942420207856458,2.042465520027165,1.2234826250811357
A875,2022-07-21,-26.5,-51.25,4,7.7,6.638827817052946,4.050711158757148,1.6389289576228123,1.9009007796948276
A875,2022-07-22,-26.5,-51.25,4,6.3,8.611798744895085,3.838229808700691,2.2436902358929705,1.641381656126698
A875,2022-07-23,-26.5,-51.25,4,4.8,6.204244669388465,2.7067722056675207,2.2921192468275797,1.7733298686714811
A875,2022-07-24,-26.5,-51.25,4,5.2,5.204655519560995,2.1728960813826483,2.39526204872586,2.393119507441496
A875,2022-07-25,-26.5,-51.25,4,5.4,5.497082471783984,2.308085582728995,2.3816631900124072,2.3396012870611322
A875,2022-07-26,-26.5,-51.25,4,4.5,5.020627482863504,2.024483762448425,2.4799544338115718,2.2227888825137665
A875,2022-07-27,-26.5,-51.25,4,6.4,5.571485688089673,2.3337221278116638,2.3873817802439348,2.7424001871213752
A875,2022-07-28,-26.5,-51.25,4,11.5,12.992029215762345,5.783198898725179,2.2465126037124965,1.9885188459513308
A875,2022-07-29,-26.5,-51.25,4,8.9,12.189331223772205,5.245570586773069,2.323737908418986,1.6966695715508493
A875,2022-07-30,-26.5,-51.25,4,4.0,6.415106878314138,2.7403778949778133,2.340957022778085,1.4596527023994204
A875,2022-07-31,-26.5,-51.25,4,4.9,4.820686567293773,2.333882620919717,2.0655222863753435,2.0995057575213654
A875,2022-08-01,-26.5,-51.25,4,6.0,7.732455125924313,3.3816597193756346,2.2865858092167763,1.7742766859782677
A875,2022-08-02,-26.5,-51.25,4,5.6,6.370089649761732,2.2409415754292614,2.842595148220906,2.4989495761072207
A875,2022-08-03,-26.5,-51.25,4,5.0,8.369387304005201,3.740972338955344,2.2372224506589986,1.3365509142995255
A875,2022-08-04,-26.5,-51.25,4,5.7,11.090617386795161,5.923422776632908,1.8723325693627897,0.9622814738947421
A875,2022-08-05,-26.5,-51.25,4,5.9,6.740755556060394,4.216480326868766,1.5986688027704379,1.3992713217237864
A875,2022-08-08,-26.5,-51.25,4,3.8,5.616125386560254,3.555799612010376,1.5794268517243615,1.0686766450968697
A875,2022-08-10,-26.5,-51.25,4,9.2,16.199026997976393,7.243974420241953,2.2362070954738873,1.2700210500871307
A875,2022-08-11,-26.5,-51.25,4,5.5,6.045996437610344,3.305941920597639,1.8288271793103268,1.663671090448475
A875,2022-08-14,-26.5,-51.25,4,4.5,3.9065211395612884,2.892873713397801,1.3503946340515902,1.5555466452472833
A875,2022-08-15,-26.5,-51.25,4,14.4,11.810835299491739,6.241064845747787,1.8924391255987019,2.3072985709820215
A875,2022-08-17,-26.5,-51.25,4,6.5,5.638587903624027,3.836453694814563,1.4697395960350752,1.694273023231206
A875,2022-08-18,-26.5,-51.25,4,10.1,15.365732920078687,5.093270687289749,3.016869485932459,1.983008683438824
A875,2022-08-19,-26.5,-51.25,4,7.5,12.1276226162934,4.845681212759887,2.5027693906809936,1.5477699977973438
A875,2022-08-20,-26.5,-51.25,4,7.4,9.367389763778757,4.3205402266932165,2.1681061330953546,1.7127487794885525
A875,2022-08-21,-26.5,-51.25,4,4.0,4.705913971029193,3.1583550692136115,1.4899888922878146,1.2664820491497009
A875,2022-08-22,-26.5,-51.25,4,5.6,3.8178390746866318,2.417108830662172,1.5795064857053733,2.316817484161798
A875,2022-08-23,-26.5,-51.25,4,4.6,6.428435032991241,3.204735846392511,2.0059172865144457,1.4353757128463807
A875,2022-08-24,-26.5,-51.25,4,3.5,5.178275056077943,2.6508718745394306,1.9534233645213916,1.3203203193696786
A875,2022-08-25,-26.5,-51.25,4,4.4,4.725280853971239,2.347181441816162,2.0131723818994547,1.8745887819373026
A875,2022-08-26,-26.5,-51.25,4,3.5,5.782701044325952,2.5100635672699845,2.303806612601202,1.3943869970618705
A875,2022-09-04,-26.5,-51.25,4,6.5,6.21411696972502,3.9439627860069986,1.5756023337168459,1.648088573011314
A875,2022-09-05,-26.5,-51.25,4,3.3,4.419631284947696,3.337907488677381,1.3240724315876529,0.9886433375382726
A875,2022-09-08,-26.5,-51.25,4,4.6,6.171440010363749,3.8046704466690198,1.6220695318741285,1.2090403267455896
A875,2022-09-09,-26.5,-51.25,4,9.4,13.52069650762092,6.41427665181174,2.1079066653294323,1.465480912387047
A875,2022-09-10,-26.5,-51.25,4,6.4,6.329173079413091,3.816059711347385,1.6585623806128467,1.6771226039700176
A875,2022-09-17,-26.5,-51.25,4,9.1,9.32970601488752,4.6542963854815085,2.004536291240576,1.955182748650538
A875,2022-09-18,-26.5,-51.25,4,11.6,9.930991830441622,5.515381062090417,1.800599399867689,2.1032091653162066
A875,2022-09-20,-26.5,-51.25,4,4.8,5.411118478374909,2.141578197406149,2.526696659934614,2.2413377227194857
A875,2022-09-22,-26.5,-51.25,4,11.6,11.426198603564567,6.176720376033192,1.8498811518002845,1.8780192875510648
A875,2022-09-23,-26.5,-51.25,4,10.6,9.7298639105724,5.527021861771175,1.7604171204516266,1.9178502030753957
A875,2022-09-24,-26.5,-51.25,4,5.4,7.795003033026611,2.8863860056375428,2.7006100423858093,1.8708516426607509
A875,2022-09-26,-26.5,-51.25,4,6.9,5.3049611321703,3.8725809422633204,1.3698774050852578,1.7817574643042353
A875,2022-09-27,-26.5,-51.25,4,3.7,7.067841031966447,2.275000407204896,3.106742754674983,1.6263733352671716
A875,2022-09-28,-26.5,-51.25,4,5.3,5.572965142291526,3.615362568632523,1.5414678435417468,1.4659663863269667
A875,2022-09-30,-26.5,-51.25,4,5.2,6.116243876099658,4.091195225610346,1.4949772716326934,1.2710222106852005
A875,2022-10-01,-26.5,-51.25,4,7.1,6.020099811092543,2.8655109259459413,2.100881820614672,2.4777431262650658
A875,2022-10-02,-26.5,-51.25,4,4.0,6.059058465048326,2.749409181437137,2.2037674515516135,1.4548580207727284
A875,2022-10-03,-26.5,-51.25,4,6.3,5.337313510823815,3.4852803731850948,1.5313871308282156,1.8076020650937232
A875,2022-10-04,-26.5,-51.25,4,7.1,7.313879976425532,3.287108102584021,2.225019606345174,2.1599533019369317
A875,2022-10-05,-26.5,-51.25,4,4.7,7.00876025776655,3.4128625822590672,2.0536309590078075,1.377143054171534
A875,2022-10-06,-26.5,-51.25,4,8.6,5.502705365788848,5.672822658411334,0.9700118789417388,1.5160001498105031
A875,2022-10-07,-26.5,-51.25,4,11.3,13.005592967431982,6.098215346349378,2.13268837336445,1.8530011418446557
A875,2022-10-08,-26.5,-51.25,4,8.3,8.375515042296843,3.179909181790109,2.6338849833383926,2.610137436480991
A875,2022-10-09,-26.5,-51.25,4,19.6,6.774775560688729,2.6577730740576073,2.549042138629886,7.3745949913160915
A875,2022-10-12,-26.5,-51.25,4,10.1,18.02289549747185,4.664621359828162,3.863742436349815,2.1652346934268785
A875,2022-10-13,-26.5,-51.25,4,6.1,7.8712815488620835,3.218236579508893,2.4458368284606506,1.8954479726070566
A875,2022-10-16,-26.5,-51.25,4,4.8,15.920430501551756,4.691344480545611,3.3935752464078663,1.0231608486447688
A875,2022-10-17,-26.5,-51.25,4,5.0,7.134112546977254,2.968854913340043,2.4029845698829324,1.6841510097153463
A875,2022-10-19,-26.5,-51.25,4,5.5,8.51258316199186,3.5306678190921965,2.4110405164597473,1.5577789477272765
A875,2022-10-21,-26.5,-51.25,4,11.9,9.26756452659348,4.9864324886757805,1.8585561015094816,2.3864757072365816
A875,2022-10-22,-26.5,-51.25,4,4.2,8.631728230219018,3.2332411667389684,2.669682768800367,1.299006100505673
A875,2022-10-23,-26.5,-51.25,4,9.6,6.336158681930065,3.0222924957807136,2.096474345476386,3.176396729767925
A875,2022-10-24,-26.5,-51.25,4,5.9,7.337263451835143,2.8221512551051853,2.599883134740655,2.0906037510665243
A875,2022-10-25,-26.5,-51.25,4,6.0,7.877475772578591,3.7166172013038197,2.1195284168127695,1.6143712615588044
A875,2022-10-26,-26.5,-51.25,4,5.7,8.786417599681139,4.366711066401756,2.0121362430606835,1.3053302390114163
A875,2022-10-27,-26.5,-51.25,4,9.3,12.739009695413886,4.387794576419275,2.9032830670504506,2.119515815526032
A875,2022-10-28,-26.5,-51.25,4,7.2,8.908662211613846,2.4742580488934345,3.6005388425827607,2.909963252709258
A875,2022-10-29,-26.5,-51.25,4,7.2,8.130057486017463,3.3222519010109544,2.447152632689744,2.1672047197291255
A875,2022-10-30,-26.5,-51.25,4,11.0,16.176647347466226,6.387155856568411,2.5326839849743945,1.7222062913476335
A875,2022-10-31,-26.5,-51.25,4,9.4,23.689281959333623,6.366829057013636,3.7207347248058666,1.4764021329652401
A875,2022-11-01,-26.5,-51.25,4,9.5,10.965125163659401,6.0096378529982575,1.8245900055672757,1.5807940898236277
A875,2022-11-02,-26.5,-51.25,4,6.9,7.14462457146164,3.3998663816970245,2.1014427537282923,2.029491522709755
A875,2022-11-03,-26.5,-51.25,4,6.4,6.461708038399567,2.9405557836384446,2.1974444675911866,2.176459305961907
A875,2022-11-04,-26.5,-51.25,4,5.9,6.168505950135668,2.790914629212733,2.2102094723963996,2.1140023196138698
A875,2022-11-05,-26.5,-51.25,4,6.1,7.32214346908862,3.475672445187989,2.1066839826134958,1.755056063595794
A875,2022-11-06,-26.5,-51.25,4,8.1,7.104415516998644,3.660071591150845,1.9410591678521747,2.2130714654827552
A875,2022-11-07,-26.5,-51.25,4,6.2,7.402516629837188,3.639884061187394,2.0337231915629634,1.7033509572767687
A875,2022-11-08,-26.5,-51.25,4,7.7,7.464984701498097,3.400184724979865,2.1954644542267636,2.2645828455821904
A875,2022-11-09,-26.5,-51.25,4,6.0,6.620361495142514,2.2157279947769632,2.987894502731561,2.707913613107535
A875,2022-11-10,-26.5,-51.25,4,10.5,7.825413806650821,3.2665662613915667,2.395608470932156,3.2143845126003874
A875,2022-11-11,-26.5,-51.25,4,4.2,7.683673912834995,4.1268835063287375,1.8618586885362236,1.0177171208150497
A875,2022-11-12,-26.5,-51.25,4,5.5,7.141671606356517,3.386971739821559,2.108571359598286,1.623869468804533
A875,2022-11-13,-26.5,-51.25,4,15.3,7.411048672530744,5.558301077248101,1.3333298375769045,2.752639662257192
A875,2022-11-14,-26.5,-51.25,4,11.2,10.266088080706025,5.464855547062967,1.8785653147270163,2.0494594785802396
A875,2022-11-15,-26.5,-51.25,4,9.3,8.160522762704257,4.285724393259789,1.9041174872416924,2.1699948822248634
A875,2022-11-16,-26.5,-51.25,4,6.6,7.1143044174120496,3.047379163339441,2.3345648953036444,2.1657954741567025
A875,2022-11-17,-26.5,-51.25,4,6.0,7.918013239832676,3.0866202988060674,2.565269606661835,1.9438736932822136
A875,2022-11-18,-26.5,-51.25,4,8.2,9.211858651504283,3.760313059907852,2.449758438923706,2.1806694999487473
A875,2022-11-19,-26.5,-51.25,4,7.3,9.345831277545013,4.171250227029433,2.24053479625476,1.7500748223389884
A875,2022-11-20,-26.5,-51.25,4,6.9,9.502166421478767,4.337981524646517,2.1904580200472514,1.590601518424459
A875,2022-11-21,-26.5,-51.25,4,13.2,10.437502646690701,4.056855740638195,2.5728059645149597,3.2537513887352256
A875,2022-11-22,-26.5,-51.25,4,5.4,10.018145079829381,4.43537282982827,2.25869289103646,1.2174850248629672
A875,2022-11-23,-26.5,-51.25,4,8.4,6.790537121618211,3.4046686635138057,1.9944781101283444,2.4672004327524597
A875,2022-11-24,-26.5,-51.25,4,7.3,8.48816942121992,3.1858091978720244,2.664368420710704,2.2914115524796865
A875,2022-11-25,-26.5,-51.25,4,6.2,7.888034606489282,3.590456176054011,2.1969449617843275,1.7268000766448386
A875,2022-11-26,-26.5,-51.25,4,8.7,7.002773047894643,4.880428466082758,1.4348684949613388,1.7826303695386387
A875,2022-11-27,-26.5,-51.25,4,7.9,9.699014307064386,5.4012112577096385,1.7957109700569671,1.4626348837445702
A875,2022-11-28,-26.5,-51.25,4,7.4,9.223135159427818,5.194644023483572,1.7755086041955008,1.4245441971666613
A875,2022-11-29,-26.5,-51.25,4,9.9,9.711957263081564,4.828436932688467,2.0114081220222046,2.05035296888256
A875,2022-11-30,-26.5,-51.25,4,8.6,9.040689484564814,3.933661162719519,2.298288823207786,2.186258461075592
A875,2022-12-01,-26.5,-51.25,4,10.5,6.6508499939288495,3.6222935869318214,1.836088057004318,2.898715895884568
A875,2022-12-02,-26.5,-51.25,4,7.5,7.9453362099027816,2.6430211045699172,3.006156930099761,2.837661790529073
A875,2022-12-03,-26.5,-51.25,4,8.5,7.309171703768495,2.8868505083029863,2.531884378060552,2.9443852307394547
A875,2022-12-04,-26.5,-51.25,4,8.4,8.784089021572507,3.628514350306098,2.420850015608038,2.3149970453586284
A875,2022-12-05,-26.5,-51.25,4,6.1,9.329973489371975,2.3602708520414724,3.9529249286378247,2.5844491511319214
A875,2022-12-06,-26.5,-51.25,4,15.0,6.919964415747373,3.370862522599208,2.052876487650858,4.44989966201107
A875,2022-12-07,-26.5,-51.25,4,5.8,8.452952507757852,2.3358103287329395,3.6188522688583005,2.4830783256045494
A875,2022-12-08,-26.5,-51.25,4,7.2,8.029754033129494,3.562910423418801,2.253706402594461,2.0208198198514404
A875,2022-12-09,-26.5,-51.25,4,6.9,10.247661867652205,2.008219425594938,5.102859646234285,3.435879521958048
A875,2022-12-10,-26.5,-51.25,4,9.1,8.96757950434581,2.52213426360219,3.5555519917238807,3.608055340798193
A875,2022-12-11,-26.5,-51.25,4,7.4,9.153524169815357,2.1724234815090115,4.213508207643348,3.4063340149775048
A875,2022-12-12,-26.5,-51.25,4,6.9,13.125266956652249,3.770495977941385,3.481045208227057,1.829997973838779
A875,2022-12-13,-26.5,-51.25,4,6.6,9.549836797977118,4.013137318087564,2.3796436655519266,1.6445985962785818
A875,2022-12-14,-26.5,-51.25,4,5.0,7.5059263855056715,3.9445556668319917,1.9028572593409334,1.267569891849358
A875,2022-12-15,-26.5,-51.25,4,5.6,5.538651000590459,3.320876791770815,1.6678279104829554,1.6863016459619604
A875,2022-12-16,-26.5,-51.25,4,8.2,8.244541112707505,2.7462288727793287,3.0021318304630573,2.9859128207698022
A875,2022-12-17,-26.5,-51.25,4,6.9,9.114824381388454,4.048635759909937,2.251332281269782,1.704277788662691
A875,2022-12-18,-26.5,-51.25,4,8.7,6.861420034106948,5.351554096630383,1.2821359758704962,1.6256959834299296
A875,2022-12-19,-26.5,-51.25,4,8.2,7.655033182974682,4.70576963161983,1.6267335169868165,1.7425417395915697
A875,2022-12-20,-26.5,-51.25,4,9.1,7.874220295777463,3.6461817611868987,2.159579749862569,2.4957614831131685
A875,2022-12-21,-26.5,-51.25,4,7.7,7.261715557481368,3.5846575378963323,2.02577665529046,2.1480434096136194
A875,2022-12-22,-26.5,-51.25,4,6.2,6.516344885740892,3.7582946898780376,1.7338568216300136,1.6496843679390132
A875,2022-12-23,-26.5,-51.25,4,6.5,6.464285675953803,3.8905098999629835,1.6615523008989923,1.67073215777239
A875,2022-12-24,-26.5,-51.25,4,8.8,7.657054184706808,4.349490412565678,1.7604485717649998,2.0232255196095617
A875,2022-12-25,-26.5,-51.25,4,6.1,7.819432816634997,3.768609454086197,2.0748854217718438,1.61863416050871
A875,2022-12-26,-26.5,-51.25,4,7.6,7.166195796933798,2.322618918118066,3.0853945694803464,3.2721683013578504
A875,2022-12-27,-26.5,-51.25,4,8.0,7.735413783400455,3.7376633726909043,2.069585463452638,2.140374667887883
A875,2022-12-28,-26.5,-51.25,4,10.0,10.55084679153288,5.4268712048562335,1.9441859578483196,1.8426823896339208
A875,2022-12-29,-26.5,-51.25,4,5.8,7.133828708965317,3.4464219753897543,2.069923172468907,1.682904775276127
A875,2022-12-30,-26.5,-51.25,4,6.8,5.898629615250927,3.011436028575512,1.958743124303103,2.2580589245379312
A875,2022-12-31,-26.5,-51.25,4,6.3,6.828187335736228,3.3498986090480334,2.038326568241015,1.8806539347142568
A880,2021-01-01,-28.5,-51.0,4,6.0,7.8359673528533715,3.648770952104797,2.1475635099356363,1.6443893241747318
A880,2021-01-02,-28.5,-51.0,4,6.8,8.158988281611986,4.958451293980527,1.6454710952826852,1.371395945394297
A880,2021-01-03,-28.5,-51.0,4,9.2,8.403125833695713,5.024655692413742,1.672378437070386,1.8309712273201562
A880,2021-01-04,-28.5,-51.0,4,11.1,11.527593356639755,6.1081692527029245,1.8872419672291632,1.8172384458875532
A880,2021-01-05,-28.5,-51.0,4,7.7,9.941409182856741,4.864115631984242,2.043826655247769,1.5830215773178284
A880,2021-01-06,-28.5,-51.0,4,7.8,9.968253530057641,5.142884292518237,1.9382612874567784,1.516658660072769
A880,2021-01-07,-28.5,-51.0,4,7.6,8.441869809833685,4.874112073016526,1.7319810630880956,1.5592583605276962
A880,2021-01-08,-28.5,-51.0,4,7.4,7.880589457137281,3.6063438754596606,2.185201891245834,2.0519396528864857
A880,2021-01-09,-28.5,-51.0,4,8.1,7.676973934409885,4.015384431694642,1.9118901477560184,2.0172414715921727
A880,2021-01-10,-28.5,-51.0,4,11.6,13.009054704548506,5.569471943918847,2.3357788378398663,2.082782733588544
A880,2021-01-11,-28.5,-51.0,4,10.7,17.62948214792357,7.0533752310192215,2.4994391437439645,1.5170042213185695
A880,2021-01-12,-28.5,-51.0,4,11.3,11.199675022503794,5.44196363861303,2.0580209215360004,2.076456358477247
A880,2021-01-13,-28.5,-51.0,4,6.5,8.667229106065852,5.283297455173821,1.6404961446148025,1.2302922663638194
A880,2021-01-14,-28.5,-51.0,4,8.1,9.719376650488712,5.152125272450588,1.8864791006655257,1.572166741230511
A880,2021-01-15,-28.5,-51.0,4,11.0,10.417906473575684,6.565162831878179,1.5868466236648242,1.675510612865194
A880,2021-01-16,-28.5,-51.0,4,22.0,17.81153394648351,8.990070004644487,1.9812453003460087,2.4471444592349414
A880,2021-01-17,-28.5,-51.0,4,9.1,7.870247196301179,4.845955355514138,1.6240857826611517,1.8778546916750378
A880,2021-01-18,-28.5,-51.0,4,6.0,8.637171545195416,4.150316744202907,2.0810873187593866,1.445672793138186
A880,2021-01-19,-28.5,-51.0,4,5.9,6.290500072019834,4.032367741735213,1.5600015858952636,1.4631602021151737
A880,2021-01-20,-28.5,-51.0,4,7.8,9.344632571042169,4.2764150981229365,2.185155640092994,1.8239576423307653
A880,2021-01-21,-28.5,-51.0,4,10.2,9.450038785269621,3.92404477095514,2.408239287996048,2.5993587217704572
A880,2021-01-22,-28.5,-51.0,4,8.4,12.533317054202755,4.908554499331635,2.553362106076103,1.7112981023524894
A880,2021-01-23,-28.5,-51.0,4,8.7,10.812277721381875,4.735553029657652,2.2832133129260996,1.8371666298558904
A880,2021-01-24,-28.5,-51.0,4,11.0,8.541605005798253,4.82169050927983,1.7714959077856764,2.281357540229799
A880,2021-01-25,-28.5,-51.0,4,8.4,10.262268873448757,4.20056785172738,2.443067041335531,1.9997296309701813
A880,2021-01-26,-28.5,-51.0,4,10.9,10.400055955906664,5.171529499635136,2.0110212958546234,2.10769367181779
A880,2021-01-27,-28.5,-51.0,4,17.6,21.023767869800665,7.896131206397592,2.6625403403589365,2.228939659176402
A880,2021-01-28,-28.5,-51.0,4,10.4,9.384117416113702,4.01812461197685,2.3354470859719987,2.5882721429297275
A880,2021-01-29,-28.5,-51.0,4,11.6,11.597049973261708,5.859087332737067,1.9793270375855887,1.9798305335348314
A880,2021-01-30,-28.5,-51.0,4,7.3,10.661930193164979,4.213414147098449,2.530472870915686,1.7325617053398645
A880,2021-01-31,-28.5,-51.0,4,14.3,10.815405708105676,5.184987051988714,2.085907949173644,2.7579625284725062
A880,2021-02-01,-28.5,-51.0,4,6.5,6.792946004111651,2.3717977910839663,2.8640493846682933,2.7405371673903742
A880,2021-02-02,-28.5,-51.0,4,7.6,8.471871289513143,3.3335480586421875,2.541397676133664,2.279853137349282
A880,2021-02-03,-28.5,-51.0,4,9.8,12.331090421172236,5.208532347373712,2.3674788978492027,1.8815281055020106
A880,2021-02-04,-28.5,-51.0,4,14.2,19.571520884031333,7.660561448998647,2.5548415758207423,1.8536500352537681
A880,2021-02-05,-28.5,-51.0,4,9.3,9.892421434670519,6.539574604354899,1.512701059803318,1.4221108501165889
A880,2021-02-06,-28.5,-51.0,4,6.3,7.72104498903156,3.941086874546641,1.9591156538308336,1.5985438029007453
A880,2021-02-07,-28.5,-51.0,4,6.8,4.420868726175471,3.980202287378422,1.1107145835764283,1.7084558796329044
A880,2021-02-08,-28.5,-51.0,4,6.0,6.9792381329364135,3.248420556383695,2.1485020217659416,1.8470514811294945
A880,2021-02-09,-28.5,-51.0,4,8.9,6.551853923742874,3.9692804361820304,1.6506402178136266,2.2422200051354215
A880,2021-02-10,-28.5,-51.0,4,9.0,8.625843292318077,3.3024814402833376,2.6119278634244254,2.7252234911054765
A880,2021-02-11,-28.5,-51.0,4,10.3,10.601980383618061,5.067512631292661,2.0921468094917457,2.0325553677747017
A880,2021-02-12,-28.5,-51.0,4,6.9,9.600566894334783,4.839483516813067,1.983799895377476,1.4257719808381204
A880,2021-02-13,-28.5,-51.0,4,8.5,8.501769814305135,3.419274966952293,2.486424723508864,2.485907124215961
A880,2021-02-14,-28.5,-51.0,4,11.9,7.32590666935705,3.84659570035501,1.9045169391420385,3.093644595636013
A880,2021-02-15,-28.5,-51.0,4,9.4,10.260891523309661,4.031419167629738,2.545230623920093,2.331685098755609
A880,2021-02-16,-28.5,-51.0,4,9.1,12.388397631198512,5.555610022899775,2.2298897115050442,1.6379839410056747
A880,2021-02-17,-28.5,-51.0,4,10.4,11.198047574275625,5.811155415652786,1.9269915831390154,1.7896613076268473
A880,2021-02-18,-28.5,-51.0,4,8.9,7.614808404745469,4.704805517325805,1.6185171473514381,1.8916828691908885
A880,2021-02-19,-28.5,-51.0,4,7.0,6.321381979065078,2.97157121709355,2.1272860440638968,2.355656145723001
A880,2021-02-20,-28.5,-51.0,4,7.3,6.389227319293127,2.675328904093506,2.3882025531578583,2.7286364636625837
A880,2021-02-21,-28.5,-51.0,4,8.1,8.814837455945149,3.973628918025231,2.218334333122844,2.038438960230198
A880,2021-02-22,-28.5,-51.0,4,16.5,11.485743833418706,5.505639754398868,2.0861778731966405,2.996926921492986
A880,2021-02-23,-28.5,-51.0,4,13.8,11.173631343379357,3.182486728127333,3.5109750009717224,4.3362317517409785
A880,2021-02-24,-28.5,-51.0,4,6.4,4.757885311425971,3.0993076354418125,1.5351445777817165,2.0649773281017545
A880,2021-02-25,-28.5,-51.0,4,7.6,6.373787282910329,3.8250421768090814,1.6663312424511503,1.9869061957220182
A880,2021-02-26,-28.5,-51.0,4,8.0,7.447505777142852,4.392503685032125,1.6955035922954231,1.8212847554939482
A880,2021-02-27,-28.5,-51.0,4,10.1,12.570609637009904,6.315290452206243,1.9905037990166181,1.5992930295821264
A880,2021-02-28,-28.5,-51.0,4,11.4,13.224736920538753,6.631104167249164,1.9943491441222345,1.7191707010582458
A880,2021-03-01,-28.5,-51.0,4,8.9,13.438081976717353,4.896388124464105,2.744488720078356,1.8176663642190496
A880,2021-03-02,-28.5,-51.0,4,9.0,11.303539610067087,4.998774716814153,2.2612620592894257,1.8004412100683607
A880,2021-03-03,-28.5,-51.0,4,9.6,9.505955248578081,3.1818681733096787,2.987538996215009,3.017095453710888
A880,2021-03-04,-28.5,-51.0,4,7.3,9.022484967285322,2.5015425451732667,3.6067685455497176,2.918199418229112
A880,2021-03-05,-28.5,-51.0,4,9.0,11.185587153062775,4.729684034530139,2.3649755610311045,1.9028755270528523
A880,2021-03-06,-28.5,-51.0,4,6.8,8.059368267784802,3.87007035833043,2.082486239671792,1.7570739987615
A880,2021-03-07,-28.5,-51.0,4,6.5,7.343343139453896,2.983702334458049,2.4611513872035498,2.178501496256208
A880,2021-03-08,-28.5,-51.0,4,9.1,10.064082078867523,4.780626976822974,2.1051803722941242,1.9035160124640218
A880,2021-03-09,-28.5,-51.0,4,7.9,9.083754470055107,4.899239086323116,1.8541153656725238,1.612495299944416
A880,2021-03-10,-28.5,-51.0,4,6.5,7.208908924215724,3.6259031918913514,1.988169165778361,1.792656796391041
A880,2021-03-11,-28.5,-51.0,4,6.7,5.734432339124807,2.6095341529768517,2.1974927335529206,2.567508071261267
A880,2021-03-12,-28.5,-51.0,4,6.7,7.016126806580867,3.392418785346211,2.0681782676382747,1.974992011287379
A880,2021-03-13,-28.5,-51.0,4,8.6,9.370795622685943,4.546848448536756,2.060943030925433,1.8914199796493347
A880,2021-03-14,-28.5,-51.0,4,7.0,9.529285371549198,4.4021920134486185,2.164668270361084,1.5901169187112065
A880,2021-03-15,-28.5,-51.0,4,7.7,8.195056535230641,3.770079655977493,2.173709121036026,2.042397164683665
A880,2021-03-16,-28.5,-51.0,4,9.2,12.82315864051883,5.770037392076725,2.222370111175931,1.5944437401104568
A880,2021-03-17,-28.5,-51.0,4,11.1,13.187311786226601,5.449159913958875,2.4200632747894297,2.0370112412310775
A880,2021-03-18,-28.5,-51.0,4,6.7,8.477735934001805,3.6436639828227797,2.326706297278825,1.8388084169082597
A880,2021-03-19,-28.5,-51.0,4,7.9,7.301156913277443,3.7127535916750753,1.9665072655638844,2.127800783147522
A880,2021-03-20,-28.5,-51.0,4,11.1,12.227486558207413,5.842254140032682,2.0929398593637716,1.8999515827187048
A880,2021-03-21,-28.5,-51.0,4,12.9,14.52293494592597,5.19626386220894,2.7948801929685394,2.482552915339482
A880,2021-03-22,-28.5,-51.0,4,6.1,6.887063669537534,3.7123089094908663,1.8551968161728432,1.6431822212868052
A880,2021-03-23,-28.5,-51.0,4,13.4,7.102361980541809,4.330413525440166,1.6401117211594445,3.0943926997452174
A880,2021-03-24,-28.5,-51.0,4,5.8,6.040577352078623,2.881801584094602,2.0961114690956206,2.012629888196217
A880,2021-03-25,-28.5,-51.0,4,7.8,9.941559699021052,4.056062361938475,2.451037191220546,1.9230473557788745
A880,2021-03-26,-28.5,-51.0,4,13.3,11.671481557919916,4.361730071153601,2.6758835066639084,3.0492487574964455
A880,2021-03-27,-28.5,-51.0,4,7.9,9.804045681524304,2.4877874766467927,3.9408694567185685,3.1755124077753427
A880,2021-03-28,-28.5,-51.0,4,9.6,11.790715544206982,5.462342710988729,2.1585455486868868,1.7574876766130847
A880,2021-03-29,-28.5,-51.0,4,9.5,11.426338170510473,5.090806802294111,2.2445043809875735,1.8661089231905126
A880,2021-03-30,-28.5,-51.0,4,8.9,10.700024832103212,4.797539225572078,2.230315236417332,1.855117713798104
A880,2021-03-31,-28.5,-51.0,4,7.7,8.497029620821335,4.511501641566416,1.8834149460424718,1.7067487971314406
A880,2021-04-01,-28.5,-51.0,4,6.4,6.986169968631046,3.886867332314165,1.7973780351467814,1.6465702203912282
A880,2021-04-02,-28.5,-51.0,4,6.7,6.68657598827432,3.8091643459871944,1.7553918342531916,1.7589159698657235
A880,2021-04-03,-28.5,-51.0,4,6.9,6.812908977088386,3.725652094162376,1.82864873179204,1.8520247799872203
A880,2021-04-04,-28.5,-51.0,4,8.5,8.68471909687194,4.547771485738533,1.9096647938680649,1.8690472963857916
A880,2021-05-11,-28.5,-51.0,4,4.8,6.066845222223183,3.9954461960792598,1.518439975033725,1.2013676982336168
A880,2021-05-12,-28.5,-51.0,4,5.0,6.422798285187059,3.674070061381283,1.7481425715579249,1.3608885830882136
A880,2021-05-13,-28.5,-51.0,4,6.3,4.9706765212057515,2.6279431248466256,1.891470357257391,2.397312156581656
A880,2021-05-14,-28.5,-51.0,4,8.0,4.837887054059605,2.8634660685246587,1.689521348703191,2.7938169367314463
A880,2021-05-15,-28.5,-51.0,4,6.5,5.823631502269194,2.66291711312868,2.1869368271200034,2.4409321521701832
A880,2021-05-16,-28.5,-51.0,4,7.1,7.373521100845037,3.5231144936377055,2.092898517536309,2.0152623517690644
A880,2021-05-17,-28.5,-51.0,4,9.1,11.426902164895857,5.470114908550079,2.0889693097735487,1.6635847970535715
A880,2021-05-18,-28.5,-51.0,4,6.7,5.263052464330233,2.874652542112377,1.8308482111242534,2.3307164611541706
A880,2021-05-19,-28.5,-51.0,4,7.3,5.917010189900835,2.7032466894456566,2.188853208626036,2.7004564653686787
A880,2021-05-20,-28.5,-51.0,4,5.1,5.667669107434941,2.7217125271727767,2.0823907928741927,1.8738202323291313
A880,2021-05-21,-28.5,-51.0,4,8.6,7.5994987853181,4.010265938169385,1.8950111794299447,2.14449618369343
A880,2021-05-22,-28.5,-51.0,4,11.6,15.676913250502517,7.025679278614646,2.231373313356507,1.651085900734048
A880,2021-05-23,-28.5,-51.0,4,16.5,22.641583943549552,9.652808704829964,2.3455954257355596,1.7093470413169916
A880,2021-05-24,-28.5,-51.0,4,14.4,12.155506860289146,7.647758792785984,1.5894207949857484,1.8829045724589673
A880,2021-05-25,-28.5,-51.0,4,7.0,6.827662390419581,3.136703967308101,2.176699638085081,2.2316418995724847
A880,2021-05-26,-28.5,-51.0,4,6.3,4.776183319201545,2.3948316810055936,1.9943711940523594,2.6306650483906324
A880,2021-05-27,-28.5,-51.0,4,6.8,7.1061625549893,2.9608765548030087,2.4000198669079884,2.296617192286969
A880,2021-05-28,-28.5,-51.0,4,13.5,12.627327579884366,6.383149949907556,1.9782282539151759,2.1149432656200586
A880,2021-05-29,-28.5,-51.0,4,12.1,10.321392777444395,4.339133389078348,2.378676074679674,2.788575255707937
A880,2021-05-30,-28.5,-51.0,4,4.2,5.052039238058702,2.6186390641171116,1.9292613889734456,1.6038865598363985
A880,2021-05-31,-28.5,-51.0,4,6.2,6.232566173154391,2.4345852187798616,2.5600115063041247,2.5466350293161013
A880,2021-06-01,-28.5,-51.0,4,5.9,6.79906785540259,2.873764421145644,2.3659099560750003,2.0530562479606203
A880,2021-06-02,-28.5,-51.0,4,9.6,13.052065356238863,5.756293805797793,2.267442524058223,1.6677397512842012
A880,2021-06-03,-28.5,-51.0,4,7.6,6.947747623970467,3.050799619966472,2.2773529859187613,2.4911501726499896
A880,2021-06-04,-28.5,-51.0,4,7.3,10.29026499113569,4.839956203872451,2.126107046775019,1.5082781108968024
A880,2021-06-05,-28.5,-51.0,4,12.1,13.42783973743722,5.4671050009498545,2.4561152081593947,2.213237169927731
A880,2021-06-06,-28.5,-51.0,4,11.5,8.032380283523757,3.3576888735665826,2.392234833536454,3.4249748660555746
A880,2021-06-07,-28.5,-51.0,4,8.5,11.195612011533614,5.122055382452261,2.185765513174429,1.6594900611813566
A880,2021-06-08,-28.5,-51.0,4,14.1,11.232651816434972,5.25776500615358,2.1363928976073496,2.68174784979885
A880,2021-06-09,-28.5,-51.0,4,8.0,12.740809331007455,4.965853298315885,2.5656837940275765,1.6110020814978794
A880,2021-06-10,-28.5,-51.0,4,12.0,11.818434145082042,5.240469301385819,2.255224382662963,2.2898712519557463
A880,2021-06-11,-28.5,-51.0,4,10.3,9.08190266303497,4.864585206170155,1.8669428693561876,2.1173439385819908
A880,2021-06-12,-28.5,-51.0,4,5.3,4.375023912970961,2.826482238168377,1.5478688858862502,1.8751223441030775
A880,2021-06-13,-28.5,-51.0,4,5.4,4.28434122119868,2.7295542219018603,1.5696120585629902,1.9783450193700365
A880,2021-06-14,-28.5,-51.0,4,7.0,8.496566389689756,3.8322672207739115,2.2171121950034336,1.8265949623905342
A880,2021-06-15,-28.5,-51.0,4,7.6,6.270464039903724,3.8296831018519604,1.6373323518260428,1.984498403098885
A880,2021-06-16,-28.5,-51.0,4,5.4,7.005652060925318,3.7752473271949523,1.8556802915825357,1.4303698624196513
A880,2021-06-17,-28.5,-51.0,4,4.3,4.698755726508834,3.6534393241324254,1.286118451583875,1.176973152830754
A880,2021-06-18,-28.5,-51.0,4,5.7,3.7807452620302717,2.6425814577918314,1.430701502457942,2.1569817585729143
A880,2021-06-19,-28.5,-51.0,4,8.4,5.304301959819494,5.247702648018562,1.0107855409494864,1.6007004518771066
A880,2021-06-20,-28.5,-51.0,4,4.1,4.084656787398739,2.871149800728234,1.4226554066815715,1.4279993328666036
A880,2021-06-21,-28.5,-51.0,4,7.8,6.990260884258691,4.725545725342926,1.4792494434600818,1.6506030103928295
A880,2021-06-22,-28.5,-51.0,4,5.9,6.372241891714368,3.095355376332841,2.0586462996903934,1.906081623167258
A880,2021-06-23,-28.5,-51.0,4,13.9,15.722534631177115,7.7002983452236,2.04180850225493,1.8051248635868764
A880,2021-06-24,-28.5,-51.0,4,16.8,28.50652091073718,9.74847300624549,2.9242037078498444,1.723346824598771
A880,2021-06-25,-28.5,-51.0,4,10.5,7.512660334289896,4.996111719253503,1.5037014295213567,2.1016343488749816
A880,2021-06-26,-28.5,-51.0,4,13.3,14.101523581148543,7.719196636187874,1.8268123285058044,1.722977225071469
A880,2021-06-27,-28.5,-51.0,4,11.2,14.188551680508724,7.094850724312626,1.9998379432970184,1.578609675552419
A880,2021-06-28,-28.5,-51.0,4,8.9,8.793216355869117,5.116760643530194,1.7185123496029775,1.7393817338814672
A880,2021-06-29,-28.5,-51.0,4,12.6,19.469719509727792,7.2999862814805585,2.6670898764728923,1.7260306409020416
A880,2021-06-30,-28.5,-51.0,4,9.3,7.910010188952516,5.775818091858501,1.3695047287071482,1.6101615134155849
A880,2021-07-01,-28.5,-51.0,4,11.1,8.57889084478436,4.9523740486708565,1.7322784507940805,2.2413492783282543
A880,2021-07-02,-28.5,-51.0,4,12.3,8.878456807246867,5.366571318076994,1.654400227076138,2.291966186784501
A880,2021-07-03,-28.5,-51.0,4,4.4,5.065522425140442,2.8051157547360797,1.8058158265262152,1.5685627206546333
A880,2021-07-04,-28.5,-51.0,4,7.9,8.067446400029588,3.7827611269236137,2.1326872433498223,2.0884215880754784
A880,2021-07-05,-28.5,-51.0,4,9.7,9.405041115263579,4.128690654483846,2.2779718565374965,2.3494131219217387
A880,2021-07-06,-28.5,-51.0,4,8.5,6.928988424349445,4.167293975631813,1.66270689441796,2.0396929157634713
A880,2021-07-07,-28.5,-51.0,4,9.8,16.21248281087096,7.025045134826635,2.3078119072143233,1.3950088308211057
A880,2021-07-08,-28.5,-51.0,4,4.9,6.296650864038017,3.051571638036058,2.063412434941373,1.6057299585971907
A880,2021-07-09,-28.5,-51.0,4,10.4,8.99576236595032,4.503341006171761,1.997575212186189,2.309396509335393
A880,2021-07-10,-28.5,-51.0,4,10.8,12.917500926128477,5.382113646015186,2.4000795553048846,2.006646590971953
A880,2021-07-11,-28.5,-51.0,4,6.6,6.888884289394645,3.344826579895694,2.059563963884032,1.9731964699365119
A880,2021-07-12,-28.5,-51.0,4,11.5,8.656297651478582,4.787059421912905,1.808270357341738,2.4023098496246806
A880,2021-07-13,-28.5,-51.0,4,8.4,11.50211826009034,5.045728736104441,2.2795752331645476,1.6647743942107414
A880,2021-07-14,-28.5,-51.0,4,8.6,7.457327251669482,4.2401651264391225,1.7587351033029515,2.028222897824324
A880,2021-07-15,-28.5,-51.0,4,10.0,11.494138070152514,4.82228035676397,2.3835482841702196,2.0737077192066415
A880,2021-07-16,-28.5,-51.0,4,7.3,8.487293399857496,5.541709891452233,1.5315297202671425,1.317282958326604
A880,2021-07-17,-28.5,-51.0,4,10.7,9.682313914592045,5.138910972575161,1.8841178542036776,2.082153214387779
A880,2021-07-18,-28.5,-51.0,4,17.0,21.233472382283733,8.677720074287139,2.446895290526876,1.959039915377372
A880,2021-07-19,-28.5,-51.0,4,13.7,14.078843199374546,7.182465513318093,1.9601685762735428,1.9074230115824105
A880,2021-07-20,-28.5,-51.0,4,7.1,6.523427421748542,2.7656685651379322,2.3587162626709026,2.567191199082057
A880,2021-07-21,-28.5,-51.0,4,4.9,4.320443858560124,2.4802045519994365,1.7419707802234152,1.9756434992629244
A880,2021-07-22,-28.5,-51.0,4,6.9,8.662304131153483,3.9569612575236097,2.1891303875374875,1.743762334513792
A880,2021-07-23,-28.5,-51.0,4,8.3,10.629697605849735,4.407032843437593,2.4119851118600497,1.8833533342868847
A880,2021-07-24,-28.5,-51.0,4,7.7,9.505404931591542,4.262088452452052,2.2302223517024666,1.8066260439926016
A880,2021-07-25,-28.5,-51.0,4,11.1,9.736445318542781,5.266704888751982,1.8486787325670653,2.107579641248951
A880,2021-07-26,-28.5,-51.0,4,14.6,10.724792225586755,5.220047624525369,2.054539153090946,2.7969093483754373
A880,2021-07-27,-28.5,-51.0,4,12.8,16.053094068295106,6.307901029099757,2.544918506843813,2.0292011464591377
A880,2021-07-28,-28.5,-51.0,4,17.4,24.016794071208075,8.77280130171154,2.7376425437246015,1.983402952099841
A880,2021-07-29,-28.5,-51.0,4,16.6,14.608149492244863,7.240215918101564,2.01764003414904,2.2927493030280566
A880,2021-07-30,-28.5,-51.0,4,5.9,7.015487318548132,2.7594234812715723,2.54237429164563,2.138127779242212
A880,2021-07-31,-28.5,-51.0,4,12.4,10.894410800520303,5.4044953879946975,2.0158053654223957,2.2943862673182776
A880,2021-08-01,-28.5,-51.0,4,9.5,9.585034361541847,4.433428568456983,2.1619913828628206,2.14281111183131
A880,2021-08-02,-28.5,-51.0,4,7.0,7.119147665620694,3.390627535977547,2.099654883964771,2.0645145849031867
A880,2021-08-03,-28.5,-51.0,4,5.4,7.49439886849431,3.0995982395403563,2.4178613772879367,1.7421612682296443
A880,2021-08-04,-28.5,-51.0,4,6.6,9.572701698031086,3.3974395432200204,2.8176223818712267,1.9426394247900762
A880,2021-08-05,-28.5,-51.0,4,11.3,14.67597282539354,6.4769717101487645,2.265869527019512,1.744642481963297
A880,2021-08-06,-28.5,-51.0,4,11.6,13.782130106076098,6.2673169732220515,2.199047880450612,1.850871760525684
A880,2021-08-07,-28.5,-51.0,4,10.7,13.025776172621672,6.865372246382739,1.897315353801064,1.5585462253175955
A880,2021-08-08,-28.5,-51.0,4,8.6,11.286021975182315,5.22574386019871,2.1596967392797475,1.6456987234871827
A880,2021-08-09,-28.5,-51.0,4,10.0,10.837835848737843,4.968784099667465,2.181184698579108,2.0125648044698194
A880,2021-08-10,-28.5,-51.0,4,7.0,9.114331036123552,3.9722970640848887,2.294473673313567,1.7622045599987406
A880,2021-08-11,-28.5,-51.0,4,20.8,7.003008673931037,3.6195558279182003,1.9347701781295195,5.746561453636478
A880,2021-08-12,-28.5,-51.0,4,7.4,9.93019562362108,4.035095595788376,2.4609567203279408,1.8339094636874866
A880,2021-08-13,-28.5,-51.0,4,9.6,12.283529512570798,6.154197080239506,1.9959597251137682,1.5599110452319789
A880,2021-08-14,-28.5,-51.0,4,8.4,13.622333917041123,6.391156443537498,2.1314349034305873,1.3143161295157735
A880,2021-08-15,-28.5,-51.0,4,7.2,7.079613922269983,3.6660063634363205,1.931151563968898,1.963990044264708
A880,2021-08-16,-28.5,-51.0,4,7.5,8.235235671677092,4.224095187649578,1.9495857232941385,1.7755281703709052
A880,2021-08-17,-28.5,-51.0,4,8.8,10.217700670063351,4.534809437715182,2.2531709017549004,1.9405446074121675
A880,2021-08-18,-28.5,-51.0,4,8.6,11.436399886724946,4.942982638989433,2.3136637779215543,1.7398402195801006
A880,2021-08-19,-28.5,-51.0,4,13.8,12.505210333127168,6.39466733447614,1.9555685509559995,2.158048148274865
A880,2021-08-20,-28.5,-51.0,4,11.6,11.684523815953467,5.462948174952588,2.1388677764739867,2.1233955784507645
A880,2021-08-21,-28.5,-51.0,4,11.0,8.483354994081543,5.4101483727132695,1.5680447946434073,2.033215956789617
A880,2021-08-22,-28.5,-51.0,4,14.4,15.166046094505575,6.785054802771028,2.23521350016388,2.1223115241632264
A880,2021-08-23,-28.5,-51.0,4,13.8,13.069192462672516,4.773369992360415,2.7379382875388307,2.8910392494372616
A880,2021-08-24,-28.5,-51.0,4,9.1,14.508953641683105,6.3022464456053475,2.302187603564824,1.443929569962401
A880,2021-08-25,-28.5,-51.0,4,11.4,9.525017634503495,4.985427283782424,1.9105719715315759,2.2866645828100145
A880,2021-08-26,-28.5,-51.0,4,12.5,11.070488455205288,6.102495318047069,1.8140920849977948,2.0483424154433063
A880,2021-08-27,-28.5,-51.0,4,5.8,4.9322770706532335,2.3643068167596053,2.0861408661897585,2.453150309801659
A880,2021-08-28,-28.5,-51.0,4,11.8,12.670795042287407,6.7996996906978975,1.8634345072064382,1.7353707570560208
A880,2021-08-29,-28.5,-51.0,4,9.0,10.983972025307445,4.895716129238111,2.2435884220715243,1.8383418814359673
A880,2021-08-30,-28.5,-51.0,4,11.0,11.852979700241368,6.051545946471686,1.9586697027644928,1.8177173398829563
A880,2021-08-31,-28.5,-51.0,4,13.0,13.845597234124478,6.613064103439881,2.0936735252456558,1.9658058347321723
A880,2021-09-01,-28.5,-51.0,4,13.0,12.208911071697885,6.419274779187815,1.9019143893451764,2.0251508849796886
A880,2021-09-02,-28.5,-51.0,4,9.8,10.333883762720996,5.414455668107405,1.9085729750435192,1.8099695704823344
A880,2021-09-03,-28.5,-51.0,4,7.4,9.003276229170492,4.7668386024588285,1.8887310815445746,1.5523915569918678
A880,2021-09-04,-28.5,-51.0,4,12.3,6.437844786717342,3.4919941324117856,1.8436012612286297,3.5223426883323157
A880,2021-09-05,-28.5,-51.0,4,10.4,11.640012793741608,6.128425252888216,1.899348089177702,1.6970101732249518
A880,2021-09-06,-28.5,-51.0,4,5.9,7.851508420301857,4.817188095475111,1.6298945078928824,1.2247809060107073
A880,2021-09-07,-28.5,-51.0,4,12.9,7.782857859041922,7.186488287812287,1.0829848386785839,1.7950352777833614
A880,2021-09-08,-28.5,-51.0,4,14.9,23.5556190220233,9.783726540401645,2.4076326055057837,1.5229370872612635
A880,2021-09-09,-28.5,-51.0,4,14.1,10.558747939483418,7.457408242330953,1.4158736650017545,1.890737310043359
A880,2021-09-10,-28.5,-51.0,4,10.6,10.564891704795428,5.796254540963172,1.8227101018651684,1.8287671676749002
A880,2021-09-11,-28.5,-51.0,4,7.2,3.678290942127485,2.3503536884018525,1.5649946475198706,3.0633687327696264
A880,2021-09-12,-28.5,-51.0,4,8.9,8.659206561185837,5.133562887404072,1.6867829908994458,1.7336887061104127
A880,2021-09-13,-28.5,-51.0,4,12.6,17.30341962213033,8.431229405109786,2.0523008912132688,1.4944439766238256
A880,2021-09-14,-28.5,-51.0,4,13.4,10.751170201886657,4.656985310969826,2.308611576798748,2.877397952799088
A880,2021-09-15,-28.5,-51.0,4,6.7,8.377382991967853,5.3000956923628575,1.580609762204708,1.2641281193572271
A880,2021-09-16,-28.5,-51.0,4,6.8,6.235580685186964,3.126026917535845,1.9947303237242398,2.175285171683755
A880,2021-09-17,-28.5,-51.0,4,11.1,8.26318279488926,6.695760780950225,1.2340916984965218,1.6577653179576033
A880,2021-09-18,-28.5,-51.0,4,9.7,13.28742125368205,5.967393301243008,2.2266709403776486,1.6255003667982617
A880,2021-09-19,-28.5,-51.0,4,9.2,12.335636590412923,5.012231529099789,2.4611066984426473,1.835509781738344
A880,2021-09-20,-28.5,-51.0,4,10.6,12.559249537629597,7.163408195492464,1.753250574989212,1.4797425625793588
A880,2021-09-21,-28.5,-51.0,4,10.6,9.504399556724012,5.865558639856368,1.6203741434177785,1.8071594967908404
A880,2021-09-22,-28.5,-51.0,4,11.3,8.501657152114536,6.072293658366666,1.4000734533647905,1.8609113188112003
A880,2021-09-23,-28.5,-51.0,4,13.6,8.828533504443772,5.9414557440644336,1.4859209400429438,2.289001313118678
A880,2021-09-24,-28.5,-51.0,4,6.4,7.407797143392763,3.7244868116436907,1.9889443883205895,1.7183575412301035
A880,2021-09-25,-28.5,-51.0,4,7.1,6.673721152772722,3.928542760587865,1.6987777808415836,1.8072859155891077
A880,2021-09-26,-28.5,-51.0,4,9.8,9.213922278846919,4.391987892423299,2.097893369592851,2.231335841545958
A880,2021-09-27,-28.5,-51.0,4,6.7,10.545924680876976,4.960319348415148,2.1260576064011807,1.3507194858614677
A880,2021-09-28,-28.5,-51.0,4,9.9,9.922829373420118,4.739575910106656,2.093611234764847,2.0887944803013436
A880,2021-09-29,-28.5,-51.0,4,6.8,9.08784187588787,5.320422287034392,1.7081053693866548,1.278094037116427
A880,2021-09-30,-28.5,-51.0,4,14.3,12.300542552641733,7.843828397778553,1.5681809862292966,1.8230893480599215
A880,2021-10-01,-28.5,-51.0,4,12.9,12.39226313215586,7.0594134803424415,1.7554238984107118,1.8273472769262187
A880,2021-10-02,-28.5,-51.0,4,6.5,7.047335553016021,3.1583380609879184,2.231343009181112,2.058044412752579
A880,2021-10-03,-28.5,-51.0,4,9.6,6.289240254051687,4.613125514061324,1.3633360364640799,2.0810186002392785
A880,2021-10-04,-28.5,-51.0,4,7.3,6.4401509057885935,4.543025434457931,1.4175907660435596,1.6068587123970235
A880,2021-10-05,-28.5,-51.0,4,8.7,6.214927762136957,2.4196540562704087,2.5685191426564855,3.5955553139732506
A880,2021-10-06,-28.5,-51.0,4,8.9,9.805349095284374,5.245228945539918,1.8693843866666642,1.6967800819386116
A880,2021-10-07,-28.5,-51.0,4,9.4,10.076030977300336,4.707939308597266,2.1402210854545825,1.996627268077663
A880,2021-10-08,-28.5,-51.0,4,9.5,8.852048005617418,4.619383543882405,1.9162834004854314,2.05655146617586
A880,2021-10-09,-28.5,-51.0,4,11.2,11.863267064875641,5.629285106812242,2.107419830365207,1.98959544373519
A880,2021-10-10,-28.5,-51.0,4,10.7,10.33272062734972,5.5124801702305595,1.8744231830801408,1.9410500663175123
A880,2021-10-11,-28.5,-51.0,4,12.1,9.950013466733752,6.798555790769471,1.4635481082972175,1.7797897630594428
A880,2021-10-12,-28.5,-51.0,4,8.9,13.475389456331907,6.508522931862427,2.0704220600288945,1.3674377571030922
A880,2021-10-13,-28.5,-51.0,4,10.1,12.825399055515545,6.728314764695523,1.9061829750909303,1.5011188318650333
A880,2021-10-14,-28.5,-51.0,4,13.0,31.971149252282125,11.683719696904841,2.736384480428067,1.1126593531205526
A880,2021-10-15,-28.5,-51.0,4,9.0,11.63997563423239,4.811302217257712,2.4192983746647294,1.870595442480791
A880,2021-10-16,-28.5,-51.0,4,8.5,8.527806845037702,6.809917717700037,1.2522628317332827,1.2481795452399045
A880,2021-10-17,-28.5,-51.0,4,5.8,6.093172391588416,3.9409310351949074,1.5461251001787868,1.4717334427328155
A880,2021-10-18,-28.5,-51.0,4,6.5,6.875995035399143,4.049169092915306,1.698124943072849,1.6052676119090286
A880,2021-10-19,-28.5,-51.0,4,7.8,8.629974848062597,4.6938838613344585,1.8385573872313745,1.661736896443467
A880,2021-10-20,-28.5,-51.0,4,7.8,8.863199810818292,4.67097360150512,1.8975058664348516,1.6698874079456623
A880,2021-10-21,-28.5,-51.0,4,9.4,9.317302825491115,5.467703058407636,1.7040616006320946,1.7191862651622436
A880,2021-10-22,-28.5,-51.0,4,8.9,7.789009467955722,3.1266431363310914,2.4911731618644555,2.8465032982445067
A880,2021-10-23,-28.5,-51.0,4,15.8,11.049395012808812,6.681132971110266,1.6538205511830475,2.3648683641412944
A880,2021-10-24,-28.5,-51.0,4,10.5,11.832846050967783,6.1571653255840415,1.9218009303405168,1.7053302038798213
A880,2021-10-25,-28.5,-51.0,4,11.7,9.786093371120273,5.450357165703295,1.7954957947893513,2.146648310247072
A880,2021-10-26,-28.5,-51.0,4,6.0,6.332576572333925,2.647252613774514,2.3921315779927745,2.266500736945184
A880,2021-10-27,-28.5,-51.0,4,8.4,8.522688555496767,4.931951489470936,1.7280560390124637,1.7031797692927209
A880,2021-10-28,-28.5,-51.0,4,11.1,10.486866400692481,4.604318664275632,2.2776152489311494,2.4107801412885683
A880,2021-10-29,-28.5,-51.0,4,10.9,10.359251513527813,4.670487241662205,2.2180237259016686,2.333803613200909
A880,2021-10-30,-28.5,-51.0,4,12.4,15.838743008199694,7.159018287669042,2.212418291413074,1.7320810621979021
A880,2021-10-31,-28.5,-51.0,4,12.7,15.771472377912612,6.537863807131198,2.4123280697144263,1.9425305229129168
A880,2021-11-01,-28.5,-51.0,4,9.2,10.530180481436176,5.19312063219752,2.0277172873953107,1.7715744831652274
A880,2021-11-02,-28.5,-51.0,4,8.7,8.797574227312856,3.7758732567459656,2.329944261660566,2.304102762044939
A880,2021-11-03,-28.5,-51.0,4,14.1,13.179467984801319,6.092985663750951,2.163055800903986,2.3141364149082517
A880,2021-11-04,-28.5,-51.0,4,8.3,8.66916545898871,4.569611023928903,1.89713422293328,1.8163471587705835
A880,2021-11-05,-28.5,-51.0,4,9.3,9.640648263293173,4.64819866381281,2.074061149396995,2.0007750685017895
A880,2021-11-06,-28.5,-51.0,4,7.5,10.284290618871024,5.6214379469036295,1.8294768555678467,1.3341782068645105
A880,2021-11-07,-28.5,-51.0,4,6.1,7.789220873578,4.018400093630001,1.9383885855282388,1.5180170858720032
A880,2021-11-08,-28.5,-51.0,4,7.9,7.49309239952633,3.816779739502755,1.9631974887035322,2.069807675364888
A880,2021-11-09,-28.5,-51.0,4,6.9,7.562623282022613,4.30561027441346,1.7564579235060578,1.6025602783893316
A880,2021-11-10,-28.5,-51.0,4,8.2,11.411248245407437,5.673223575816848,2.0114222704090086,1.4453863646329748
A880,2021-11-11,-28.5,-51.0,4,8.4,9.66170793512764,5.274683014931177,1.8317134712698377,1.5925127588182855
A880,2021-11-12,-28.5,-51.0,4,9.2,9.518327796351086,5.267154327281469,1.807110102517875,1.7466737119032518
A880,2021-11-13,-28.5,-51.0,4,11.7,10.021340557181109,5.377440094092526,1.8635894369497887,2.1757564557256948
A880,2021-11-14,-28.5,-51.0,4,12.0,13.381471517611331,6.579423635963189,2.033836435834301,1.8238679653348193
A880,2021-11-15,-28.5,-51.0,4,10.6,10.45698650965057,5.045356834101797,2.0725960231338485,2.1009415881854214
A880,2021-11-16,-28.5,-51.0,4,9.7,10.348655154746076,5.96452681146597,1.7350337221809837,1.6262815654299858
A880,2021-11-17,-28.5,-51.0,4,8.4,8.375366614586653,3.701584480519991,2.262643648595074,2.26929847048094
A880,2021-11-18,-28.5,-51.0,4,8.1,5.963710962880533,3.86938122182281,1.5412570178523568,2.093357964916211
A880,2021-11-19,-28.5,-51.0,4,6.5,8.683459645163172,4.719502417962238,1.8399099896875295,1.3772638351155961
A880,2021-11-20,-28.5,-51.0,4,5.9,8.58274999542553,3.8151886732130498,2.2496266189104004,1.5464503869558772
A880,2021-11-21,-28.5,-51.0,4,8.0,7.623322341421166,3.2390039122073517,2.3536008439785863,2.469895133454184
A880,2021-11-22,-28.5,-51.0,4,10.3,9.21871983410776,3.7000830226928887,2.491489995648383,2.783721321070182
A880,2021-11-23,-28.5,-51.0,4,8.5,12.559587326531998,4.16085031469113,3.0185145767408668,2.0428516666384753
A880,2021-11-24,-28.5,-51.0,4,7.7,6.9533461489019475,3.343437730367348,2.0796996114947754,2.3030188150547644
A880,2021-11-25,-28.5,-51.0,4,16.8,10.712616336651092,5.368360797400058,1.9955097544560159,3.1294468896606915
A880,2021-11-26,-28.5,-51.0,4,14.5,17.255698474798553,7.188634916458606,2.400413802527527,2.0170728056869036
A880,2021-11-27,-28.5,-51.0,4,7.4,12.285235908996222,4.80105696853759,2.5588606820340076,1.5413272636617044
A880,2021-11-28,-28.5,-51.0,4,7.5,9.604132802235679,4.158878209155777,2.3093085008097054,1.8033709146588468
A880,2021-11-29,-28.5,-51.0,4,15.5,17.277007740179407,8.175210377875716,2.1133410568779447,1.8959756732312485
A880,2021-11-30,-28.5,-51.0,4,11.2,9.493877434134086,6.323974689525908,1.5012516495137678,1.771038081248177
A880,2021-12-01,-28.5,-51.0,4,6.1,8.379138802440439,3.8318716963150874,2.1866960760972822,1.5919113382282746
A880,2021-12-02,-28.5,-51.0,4,8.0,8.591135519275992,5.211625226916951,1.6484561236108422,1.535029794291746
A880,2021-12-03,-28.5,-51.0,4,9.2,10.238690441854382,5.317120816932811,1.925608011247069,1.7302597245302078
A880,2021-12-04,-28.5,-51.0,4,11.2,11.416002248002206,5.875254325394211,1.943065204626053,1.9063004560655363
A880,2021-12-05,-28.5,-51.0,4,12.7,11.128524170866143,4.868287359501372,2.285921793245575,2.6087202874771918
A880,2021-12-06,-28.5,-51.0,4,9.8,13.04995295596608,6.484369077755194,2.0125247035574056,1.5113266815146549
A880,2021-12-07,-28.5,-51.0,4,8.7,9.355839473619032,5.679153637612528,1.647400311845086,1.5319184081199486
A880,2021-12-08,-28.5,-51.0,4,8.1,9.262673310953287,5.378776958483152,1.7220779709678495,1.5059185503546608
A880,2021-12-09,-28.5,-51.0,4,7.9,8.243350188672142,4.706405563092048,1.751517177634893,1.6785633737033496
A880,2021-12-10,-28.5,-51.0,4,11.8,8.875190221833295,4.582724481312136,1.9366624063971944,2.574887503736947
A880,2021-12-11,-28.5,-51.0,4,11.5,10.032108585841403,5.220421494688873,1.9217047121669815,2.2028872595248896
A880,2021-12-12,-28.5,-51.0,4,8.6,7.685839483854514,2.8326487244999567,2.713304836345807,3.0360277028413205
A880,2021-12-13,-28.5,-51.0,4,6.9,9.74732732495882,4.262638256312731,2.2866888388953877,1.6187158245909052
A880,2021-12-14,-28.5,-51.0,4,8.1,11.225035936498113,4.283672019701999,2.620423759071779,1.8909010686965455
A880,2021-12-15,-28.5,-51.0,4,7.6,11.613946105471163,4.291313824516858,2.7063847065015643,1.7710193919121386
A880,2021-12-16,-28.5,-51.0,4,8.9,10.79054292561922,5.37088308790371,2.0090817001624286,1.6570831750265722
A880,2021-12-17,-28.5,-51.0,4,7.3,9.300900155984072,5.962496067932145,1.5599004259318061,1.224319465678359
A880,2021-12-18,-28.5,-51.0,4,9.1,12.30462347380646,5.400180209498761,2.2785579363005297,1.6851289488438483
A880,2021-12-19,-28.5,-51.0,4,10.4,9.474390742189541,5.187177117380661,1.8265022627516851,2.0049440697046466
A880,2021-12-20,-28.5,-51.0,4,9.4,8.720713601502334,5.452841175127939,1.5992971959792541,1.723871959241404
A880,2021-12-21,-28.5,-51.0,4,8.3,8.785977699452404,3.508674749911216,2.5040729978390632,2.3655655173538173
A880,2021-12-22,-28.5,-51.0,4,8.8,10.952339177090767,5.040344707352121,2.1729345536854034,1.74591233555194
A880,2021-12-23,-28.5,-51.0,4,7.3,9.338550741662077,5.5219237023466485,1.6911770689068881,1.3220030542793852
A880,2021-12-24,-28.5,-51.0,4,7.3,8.983383223239958,4.616660992793444,1.9458615733888447,1.5812293801505497
A880,2021-12-25,-28.5,-51.0,4,10.0,9.173109339528988,4.743593533755584,1.9337890724095157,2.1081064237143496
A880,2021-12-26,-28.5,-51.0,4,7.3,7.88823597307419,4.265404874257931,1.8493522199218044,1.7114436296671622
A880,2021-12-27,-28.5,-51.0,4,7.6,7.328578860340265,4.1307376850975395,1.7741574069880002,1.839865074806981
A880,2021-12-28,-28.5,-51.0,4,8.6,8.917367407503146,5.68907928130693,1.5674535309788464,1.5116681583710248
A880,2021-12-29,-28.5,-51.0,4,9.6,11.116787831518206,5.875159096671998,1.8921679649178087,1.633998304052387
A880,2021-12-30,-28.5,-51.0,4,10.7,13.48447609762884,6.340423577613174,2.126746885687567,1.6875844127795592
A880,2021-12-31,-28.5,-51.0,4,9.5,9.412567399883724,5.066289758344843,1.8578817732207265,1.8751394912524013
A880,2022-01-01,-28.5,-51.0,4,7.1,8.565669221786296,4.16352611406367,2.057311275856527,1.7052853291870633
A880,2022-01-02,-28.5,-51.0,4,13.3,9.796331788583387,5.361624167082417,1.8271201940501103,2.4805916240185355
A880,2022-01-03,-28.5,-51.0,4,11.7,12.175898397961042,3.544056806711805,3.4355821765898575,3.30130148530416
A880,2022-01-04,-28.5,-51.0,4,6.9,9.532606838779985,4.156832600227794,2.293238086676283,1.6599176978216252
A880,2022-01-05,-28.5,-51.0,4,9.8,11.261634412240008,6.2295759582702654,1.8077690179360089,1.5731407828794044
A880,2022-01-06,-28.5,-51.0,4,7.4,11.318019352454737,5.168692502129882,2.189725805470316,1.4316967002681347
A880,2022-01-07,-28.5,-51.0,4,8.2,11.437463288058014,5.923571719744265,1.9308389986965158,1.3842999440131727
A880,2022-01-08,-28.5,-51.0,4,10.0,9.688379721545182,5.946732204553946,1.629193881326272,1.681595817000487
A880,2022-01-09,-28.5,-51.0,4,9.4,9.360840382673413,5.266554190199638,1.7774127151473538,1.7848482443211462
A880,2022-01-10,-28.5,-51.0,4,7.1,7.509652899417159,3.491788103272334,2.15066111611397,2.0333421702611982
A880,2022-01-11,-28.5,-51.0,4,6.9,8.321466789255549,3.996730005266498,2.0820687858049802,1.7264113389965945
A880,2022-01-12,-28.5,-51.0,4,10.3,6.311179824674945,4.433567532911383,1.4234991973902773,2.323185543817874
A880,2022-01-13,-28.5,-51.0,4,8.2,9.328346273020395,4.014206790925793,2.323833015804601,2.0427447879706366
A880,2022-01-14,-28.5,-51.0,4,11.7,12.095838350875121,4.719070384615342,2.5631824416751248,2.4793018638041957
A880,2022-01-15,-28.5,-51.0,4,10.9,9.054962997409483,4.073028607926354,2.2231523195756573,2.67614128189229
A880,2022-01-16,-28.5,-51.0,4,13.1,11.859297453766787,5.168701428323337,2.2944442851313616,2.534485727539785
A880,2022-01-17,-28.5,-51.0,4,15.1,10.346370519678354,4.957257459566272,2.0871158304905943,3.0460390897916265
A880,2022-01-18,-28.5,-51.0,4,9.5,9.544822280275875,3.872681908874071,2.4646543415828597,2.4530803777690053
A880,2022-01-19,-28.5,-51.0,4,9.1,9.95278221583424,3.915375031720917,2.541974174938668,2.3241707183284293
A880,2022-01-20,-28.5,-51.0,4,11.3,9.991890410803522,4.565922815266047,2.1883616554786887,2.474855676977004
A880,2022-01-21,-28.5,-51.0,4,11.3,10.001109637387318,4.761967186655719,2.1002054918423316,2.372968892281653
A880,2022-01-22,-28.5,-51.0,4,9.4,9.064330928525969,4.853125423278356,1.8677306143888786,1.9368961607528712
A880,2022-01-23,-28.5,-51.0,4,13.0,11.505251276708151,5.725866474044395,2.009346765046297,2.270398735096177
A880,2022-01-24,-28.5,-51.0,4,7.8,10.10882291853401,3.7152296691203843,2.7209146725315017,2.0994664380591908
A880,2022-01-25,-28.5,-51.0,4,8.9,10.030745107504057,4.550817336734448,2.2041634206091576,1.9556926462766833
A880,2022-01-26,-28.5,-51.0,4,11.9,13.2719612726821,4.796687431436763,2.7669014215309664,2.4808787668775754
A880,2022-01-27,-28.5,-51.0,4,7.7,11.047327384251366,5.288513817850364,2.0889285278906202,1.4559856067710604
A880,2022-01-28,-28.5,-51.0,4,7.7,10.521893399039808,5.006515735271297,2.1016399339189613,1.5379957653489222
A880,2022-01-29,-28.5,-51.0,4,7.1,7.941390049257623,4.50600433997437,1.7624017755168857,1.575675357658529
A880,2022-01-30,-28.5,-51.0,4,8.3,9.907425238874113,4.129877834656458,2.3989632709555093,2.009744678244322
A880,2022-01-31,-28.5,-51.0,4,12.3,9.186360119423435,4.7705901024631014,1.9256234390543068,2.5782973879163067
A880,2022-02-01,-28.5,-51.0,4,5.9,9.370345848393969,3.018071092380699,3.1047465621502313,1.9548909947465793
A880,2022-02-02,-28.5,-51.0,4,10.1,9.011697366958233,4.961985619747314,1.8161474170933103,2.0354754676847158
A880,2022-02-03,-28.5,-51.0,4,10.9,13.025583732175571,5.2938489094381405,2.4605129377517563,2.058993406586828
A880,2022-02-04,-28.5,-51.0,4,9.6,9.56357552816553,5.271553589782351,1.8141853943593098,1.8210950218939839
A880,2022-02-05,-28.5,-51.0,4,9.8,11.094934197244667,5.78367326624108,1.918319670996124,1.6944249007290844
A880,2022-02-06,-28.5,-51.0,4,11.5,12.567903930924894,5.970979300643597,2.104831267723576,1.9259822251871554
A880,2022-02-07,-28.5,-51.0,4,9.5,7.618587705530236,4.4795188429504895,1.700760276412223,2.120763486674544
A880,2022-02-08,-28.5,-51.0,4,7.1,6.890847784572888,3.587039922712556,1.9210401704595357,1.9793479172183028
A880,2022-02-09,-28.5,-51.0,4,9.7,5.903863290652757,4.1462626254453046,1.4238999851145917,2.339456246806901
A880,2022-02-10,-28.5,-51.0,4,11.9,10.447910309754688,5.04709755396947,2.07008289378864,2.357790764444571
A880,2022-02-11,-28.5,-51.0,4,9.6,13.746546749515758,5.168980919311536,2.6594307396566443,1.8572326247392374
A880,2022-02-12,-28.5,-51.0,4,7.9,10.321111126963801,4.862799585238124,2.1224627801432194,1.624578570743863
A880,2022-02-13,-28.5,-51.0,4,8.6,10.141956938190111,4.997937400099864,2.029228484932097,1.7207098271835424
A880,2022-02-14,-28.5,-51.0,4,9.1,7.601359290290579,3.4972669318267657,2.1735141864965044,2.6020318658509423
A880,2022-02-15,-28.5,-51.0,4,7.7,6.742097059623034,3.1933948478784595,2.1112632107182625,2.4112270379328495
A880,2022-02-16,-28.5,-51.0,4,9.0,9.174251777374424,4.36329696982962,2.1025962341803806,2.0626604290817814
A880,2022-02-17,-28.5,-51.0,4,12.0,9.23199639469199,5.494411499311816,1.680252088116864,2.1840373626007117
A880,2022-02-18,-28.5,-51.0,4,10.4,7.729047944599429,4.736504312807138,1.631804266218166,2.195712135610056
A880,2022-02-19,-28.5,-51.0,4,16.9,9.466668315876502,4.385495365670577,2.158631471824386,3.8536125547622953
A880,2022-02-20,-28.5,-51.0,4,11.1,11.822106116461345,5.7576476219721515,2.053287539054353,1.927870673717602
A880,2022-02-21,-28.5,-51.0,4,13.8,7.291617026917177,3.6100127848885415,2.0198313583375036,3.82270114326647
A880,2022-02-22,-28.5,-51.0,4,9.0,8.91176401885146,4.3886333494867955,2.0306467433406343,2.050752314738814
A880,2022-02-23,-28.5,-51.0,4,7.0,7.235794293566057,3.7731753144007047,1.9176936374914564,1.8552013666801521
A880,2022-02-24,-28.5,-51.0,4,9.9,8.383196484384086,4.942159983526764,1.6962616573172469,2.003172708491578
A880,2022-02-25,-28.5,-51.0,4,11.8,11.378890272750974,5.496685183667745,2.070136799276949,2.146748377560578
A880,2022-02-26,-28.5,-51.0,4,7.5,5.7589656488553524,3.3504818759027977,1.718846978482336,2.2384839786602644
A880,2022-02-27,-28.5,-51.0,4,11.3,16.82789231728716,6.426017998494416,2.618712291380113,1.7584762449541123
A880,2022-02-28,-28.5,-51.0,4,12.3,13.053966509978103,4.147781736266256,3.1472163532233024,2.9654405130469077
A880,2022-03-01,-28.5,-51.0,4,12.3,10.676611268509355,4.304658984032049,2.4802455451439465,2.8573692005862332
A880,2022-03-02,-28.5,-51.0,4,8.5,11.831001580706753,3.914399471180295,3.022430814180391,2.1714697395043907
A880,2022-03-03,-28.5,-51.0,4,8.3,6.55160808749334,2.7562695113728704,2.3769838400998924,3.0113165515029237
A880,2022-03-04,-28.5,-51.0,4,8.3,11.85113992706021,5.273364589880317,2.2473583468517924,1.5739476871991465
A880,2022-03-05,-28.5,-51.0,4,14.4,15.889627432270245,4.305824024632958,3.69026401017973,3.344307597714122
A880,2022-03-06,-28.5,-51.0,4,11.6,11.259731852397335,4.717920812524984,2.3865877151870296,2.458710194796974
A880,2022-03-07,-28.5,-51.0,4,11.6,12.146931259114288,5.083250335208318,2.3895992638766024,2.2820044725427864
A880,2022-03-08,-28.5,-51.0,4,9.5,8.74730010078929,3.900657584888912,2.242519347167564,2.435486784793122
A880,2022-03-09,-28.5,-51.0,4,12.5,12.139186700320444,5.584391264552899,2.1737708060275645,2.2383818410690792
A880,2022-03-10,-28.5,-51.0,4,12.5,18.133437234511447,5.844620511121418,3.102585907845735,2.138718840036648
A880,2022-03-11,-28.5,-51.0,4,11.4,10.194994213890524,5.8752116776636925,1.7352556423881251,1.9403556204349846
A880,2022-03-12,-28.5,-51.0,4,8.0,10.294052889052484,5.392343069575709,1.9090129756641134,1.4835851311347428
A880,2022-03-13,-28.5,-51.0,4,7.1,9.693454723258917,3.963082196013837,2.4459383489468944,1.7915348834150726
A880,2022-03-14,-28.5,-51.0,4,6.5,9.05882107247764,3.6869143179641664,2.45701968942954,1.7629918786908936
A880,2022-03-15,-28.5,-51.0,4,7.8,8.554852102903194,3.0507262270519613,2.8042018412022798,2.5567682641708074
A880,2022-03-16,-28.5,-51.0,4,8.6,10.167872821151063,3.6413428605530536,2.7923415098590163,2.3617660652514925
A880,2022-03-17,-28.5,-51.0,4,10.0,10.66394512707858,3.749926678181622,2.843774303408417,2.666718807645888
A880,2022-03-18,-28.5,-51.0,4,10.8,9.305425454917833,5.1733195432739025,1.7987339419263775,2.0876344307866375
A880,2022-03-19,-28.5,-51.0,4,6.7,10.273525100108635,5.094979605159032,2.0164016141901637,1.3150199842244257
A880,2022-03-20,-28.5,-51.0,4,10.3,11.985980496447668,5.91052565977053,2.0279043161979966,1.7426537998313822
A880,2022-03-21,-28.5,-51.0,4,10.2,9.784761425145305,5.879266529513109,1.664282674722629,1.7349102900501963
A880,2022-03-22,-28.5,-51.0,4,13.9,16.28501999893982,8.214145677236484,1.9825579724096942,1.6922027616968718
A880,2022-03-23,-28.5,-51.0,4,12.1,17.44174461510967,6.777905365392118,2.57332371504727,1.7852122960852206
A880,2022-03-24,-28.5,-51.0,4,15.0,15.996808215373557,6.753745950851317,2.3685830547649105,2.220989671385142
A880,2022-03-25,-28.5,-51.0,4,11.9,8.95382477488885,4.843768030972337,1.8485246852524153,2.4567650481832004
A880,2022-03-26,-28.5,-51.0,4,12.4,10.437257434115597,6.027999708810741,1.7314628298438912,2.0570671199395902
A880,2022-03-27,-28.5,-51.0,4,6.0,7.292552576048217,2.6880859204817327,2.71291647357065,2.232071510171348
A880,2022-03-28,-28.5,-51.0,4,5.4,6.28131465064999,2.7535909818041353,2.2811356850589743,1.9610755684789303
A880,2022-03-29,-28.5,-51.0,4,12.1,13.755270137417384,5.9337338000743625,2.3181474937829196,2.039188208923083
A880,2022-03-30,-28.5,-51.0,4,17.0,13.56016620308863,6.298308611078983,2.1529853553437728,2.6991373477787834
A880,2022-03-31,-28.5,-51.0,4,9.0,9.032697087927618,3.9722359648830063,2.273957833266246,2.26572642702133
A880,2022-04-01,-28.5,-51.0,4,6.8,7.044585497163144,4.104272849820534,1.7164028208970512,1.656809926829631
A880,2022-04-02,-28.5,-51.0,4,10.5,9.69206656506674,4.615290826887302,2.099990429336254,2.2750462308529174
A880,2022-04-03,-28.5,-51.0,4,11.7,12.690960233440936,6.050140288133354,2.0976307373124516,1.9338394554169573
A880,2022-04-04,-28.5,-51.0,4,9.4,11.747054341006805,5.276885978584585,2.226133819961315,1.7813536313174907
A880,2022-04-05,-28.5,-51.0,4,5.1,6.43070767001209,2.216426329480598,2.90138570566389,2.3010013606881956
A880,2022-04-06,-28.5,-51.0,4,6.0,6.755309602153345,3.7257659744868232,1.8131330975729905,1.6104071058371892
A880,2022-04-07,-28.5,-51.0,4,8.5,9.577456364695353,4.493222290173534,2.131534063124542,1.8917381449364523
A880,2022-04-08,-28.5,-51.0,4,8.3,9.853749300064992,4.972999067431046,1.9814500599042433,1.6690129813934629
A880,2022-04-09,-28.5,-51.0,4,5.1,6.303080745477861,3.387383546068279,1.860752011030407,1.5055868137281199
A880,2022-04-10,-28.5,-51.0,4,6.6,6.728578586381724,3.888699937549854,1.73028999265528,1.6972253210563861
A880,2022-04-11,-28.5,-51.0,4,13.3,11.743828875486185,6.730194493530574,1.7449464330897106,1.9761687441254006
A880,2022-04-12,-28.5,-51.0,4,8.9,10.972743882130565,3.3298997949439806,3.2952174413149753,2.6727531001123492
A880,2022-04-13,-28.5,-51.0,4,6.1,7.198858787788817,3.6816200327866517,1.9553508302539127,1.6568792938099193
A880,2022-04-14,-28.5,-51.0,4,9.7,12.37907492664465,5.340082523680893,2.318143000927224,1.8164513295412215
A880,2022-04-15,-28.5,-51.0,4,7.0,7.602951933931594,4.415991041798562,1.7216864486289887,1.5851481431332373
A880,2022-04-16,-28.5,-51.0,4,6.9,6.983868373712652,3.741436462107111,1.86662754918988,1.8442114599252186
A880,2022-04-17,-28.5,-51.0,4,7.8,6.930747232189847,4.216210747507326,1.6438332064608934,1.8500023995744173
A880,2022-04-18,-28.5,-51.0,4,8.7,7.320158670557577,3.994411351605249,1.832600107051017,2.1780430792396226
A880,2022-04-19,-28.5,-51.0,4,8.3,7.793422115388065,3.7866567195591303,2.0581274439620794,2.1919071663212044
A880,2022-04-20,-28.5,-51.0,4,6.7,5.839884689590314,3.0482260160963732,1.9158306040143973,2.1979997430046776
A880,2022-04-21,-28.5,-51.0,4,8.4,8.813226414408662,4.02691753842528,2.1885788150146874,2.08596275435151
A880,2022-04-22,-28.5,-51.0,4,16.0,12.678014706257946,4.843317829981566,2.617630135230295,3.3035205538144288
A880,2022-04-23,-28.5,-51.0,4,13.9,14.247848869031829,6.0453340786769445,2.3568339952107413,2.299293937952573
A880,2022-04-24,-28.5,-51.0,4,9.4,7.150709283102637,4.616086756443346,1.5490846815479256,2.0363568745494325
A880,2022-04-25,-28.5,-51.0,4,12.5,14.422881624812565,7.22387929494315,1.9965562872719718,1.7303722127182042
A880,2022-04-26,-28.5,-51.0,4,17.9,10.319392977964098,4.912733080591418,2.1005401288200662,3.643593027823346
A880,2022-04-27,-28.5,-51.0,4,13.3,14.910688409075652,6.273242307599303,2.376871110336849,2.1201157787080214
A880,2022-04-28,-28.5,-51.0,4,19.9,11.231923421431599,6.085091712262984,1.8458100473319836,3.270287604687455
A880,2022-04-29,-28.5,-51.0,4,7.7,8.245354639989156,3.9694180127324037,2.077220039194953,1.9398309715180637
A880,2022-04-30,-28.5,-51.0,4,10.0,12.609706153257303,4.815752670285719,2.618428938650034,2.076518601485134
A880,2022-05-01,-28.5,-51.0,4,10.1,15.972448291725359,5.288512917612307,3.020215425499368,1.9097996274839422
A880,2022-05-02,-28.5,-51.0,4,12.2,9.656638002448295,7.683443396963983,1.2568112372981097,1.5878297489405178
A880,2022-05-03,-28.5,-51.0,4,13.6,20.649598294330108,6.251287431459476,3.3032552927276115,2.1755518601749584
A880,2022-05-04,-28.5,-51.0,4,9.9,11.110467908544745,6.66159025301299,1.6678401832834975,1.4861316328368142
A880,2022-05-05,-28.5,-51.0,4,9.2,7.111689083114552,4.501930531395427,1.5796976504899998,2.04356773962666
A880,2022-05-06,-28.5,-51.0,4,5.0,4.924509562650297,2.2754452485989574,2.164196025231733,2.197372142036207
A880,2022-05-07,-28.5,-51.0,4,6.2,4.909760991469233,2.990763946637427,1.6416410920659155,2.0730489301807915
A880,2022-05-08,-28.5,-51.0,4,9.0,9.429621809668813,4.013177094162447,2.3496650131351307,2.242612221895557
A880,2022-05-09,-28.5,-51.0,4,10.5,10.837554521563913,4.472468667125899,2.4231705861291926,2.3476967155026527
A880,2022-05-10,-28.5,-51.0,4,9.7,11.540629903097766,5.096355771199898,2.2644867079953905,1.9033208110814857
A880,2022-05-11,-28.5,-51.0,4,7.6,11.753722678094034,4.867663357088686,2.4146539758090113,1.5613240773793988
A880,2022-05-12,-28.5,-51.0,4,5.6,5.946112803555166,3.155172883987336,1.8845600612670046,1.7748631234821668
A880,2022-05-13,-28.5,-51.0,4,6.7,5.893337400537361,2.9262846326589513,2.0139317053318955,2.2895927228760673
A880,2022-05-14,-28.5,-51.0,4,10.7,10.17048146588197,4.7431330418686635,2.144253887905932,2.2558928677624643
A880,2022-05-15,-28.5,-51.0,4,8.2,10.802594015963274,4.887543921598373,2.210229552766966,1.6777342836273386
A880,2022-05-16,-28.5,-51.0,4,10.7,14.720673872110089,7.24384548185629,2.032162876607606,1.4771159913336587
A880,2022-05-17,-28.5,-51.0,4,23.1,26.59992344724713,10.493337990762498,2.534934400346543,2.2013967357513318
A880,2022-05-18,-28.5,-51.0,4,24.1,26.938889560468134,11.178841775172813,2.4098104349501526,2.1558584050741194
A880,2022-05-19,-28.5,-51.0,4,9.9,9.83944120336913,6.414879098243738,1.5338467105425209,1.5432870749988752
A880,2022-05-20,-28.5,-51.0,4,5.6,5.432661685947049,2.6501357354640636,2.0499560129118213,2.113099312258203
A880,2022-05-21,-28.5,-51.0,4,5.8,4.407908909127567,2.6095776783032156,1.6891273043052897,2.2225818561458732
A880,2022-05-22,-28.5,-51.0,4,6.3,6.296545528664417,3.138126612935818,2.0064663747820544,2.007567181652415
A880,2022-05-23,-28.5,-51.0,4,7.9,9.193396375418548,3.864467415759831,2.3789555937065505,2.044266169196488
A880,2022-05-24,-28.5,-51.0,4,9.2,10.439158860938853,5.1909577811136005,2.011027502269412,1.7723126228212842
A880,2022-05-25,-28.5,-51.0,4,12.2,11.566827627458247,5.397867416359831,2.1428513772682822,2.2601518449720155
A880,2022-05-26,-28.5,-51.0,4,7.1,4.806678913235915,3.48034418122112,1.3810929790137696,2.0400281208707582
A880,2022-05-27,-28.5,-51.0,4,9.0,9.214035181050411,4.950953107553739,1.8610629066537567,1.817831800157544
A880,2022-05-28,-28.5,-51.0,4,12.1,10.154742545659094,4.065698907082232,2.497662216936446,2.976118073800901
A880,2022-05-29,-28.5,-51.0,4,16.4,17.34571515527048,7.519353432131999,2.306809396822349,2.1810385890253365
A880,2022-05-30,-28.5,-51.0,4,6.2,7.28763516674632,4.599364725417937,1.584487337234188,1.348012251721702
A880,2022-05-31,-28.5,-51.0,4,4.5,4.651509855552798,2.2892468028055624,2.031895315896997,1.9657120387740947
A880,2022-06-01,-28.5,-51.0,4,9.8,9.524166136858227,4.996697925146954,1.9060920390896194,1.9612952687572724
A880,2022-06-02,-28.5,-51.0,4,7.3,10.639878073402464,4.559137273141022,2.3337481273232448,1.601180127434649
A880,2022-06-03,-28.5,-51.0,4,8.3,8.217363169998716,4.597077977200671,1.787518769695216,1.80549471667961
A880,2022-06-04,-28.5,-51.0,4,11.0,11.80262841698339,5.421489260853103,2.1770085393706338,2.028962794305911
A880,2022-06-05,-28.5,-51.0,4,10.1,10.696567592777178,5.620039052465682,1.903290616474323,1.7971405368738183
A880,2022-06-06,-28.5,-51.0,4,9.0,5.498804997779395,4.254839130730724,1.2923649587746067,2.1152386079645615
A880,2022-06-07,-28.5,-51.0,4,5.9,5.015337809137671,3.492703048689477,1.4359473849400146,1.689236078118288
A880,2022-06-08,-28.5,-51.0,4,6.3,4.41706274504512,2.6940837755416562,1.6395417192091781,2.338457347612867
A880,2022-06-09,-28.5,-51.0,4,9.5,10.20973623051099,5.085385399773717,2.007662237549447,1.8680983353636715
A880,2022-06-10,-28.5,-51.0,4,9.5,13.040229673658997,6.45574965136485,2.0199404217761265,1.4715564439509432
A880,2022-06-11,-28.5,-51.0,4,8.1,8.56283690455067,5.14852873004743,1.6631619154763435,1.5732649898071713
A880,2022-06-12,-28.5,-51.0,4,8.7,9.104265479877581,4.5281126844141655,2.010609301136565,1.921330277390299
A880,2022-06-13,-28.5,-51.0,4,5.5,5.083938077607464,2.967157409241316,1.7134035632128448,1.853625959603645
A880,2022-06-14,-28.5,-51.0,4,9.8,9.845739088649042,4.944192459633298,1.9913745609691098,1.9821234873059228
A880,2022-06-15,-28.5,-51.0,4,9.1,11.714286632425592,4.572421164965162,2.561943926378192,1.990192869748326
A880,2022-06-16,-28.5,-51.0,4,6.8,7.671556024156197,4.057195430026127,1.8908519829686377,1.6760346197955296
A880,2022-06-17,-28.5,-51.0,4,15.9,19.662502440173235,8.739076585112914,2.2499519541536532,1.819414196127515
A880,2022-06-18,-28.5,-51.0,4,9.6,13.153035717198197,6.530687975333447,2.0140352389943454,1.469982953749959
A880,2022-06-19,-28.5,-51.0,4,9.4,8.318343918520153,4.030311169533202,2.06394582666519,2.3323261169158624
A880,2022-06-20,-28.5,-51.0,4,7.5,6.765970450731603,3.6447778822572032,1.8563464412106925,2.0577385624814166
A880,2022-06-21,-28.5,-51.0,4,8.2,10.219972143664089,4.939775405591544,2.0689143340597353,1.6599944990855386
A880,2022-06-22,-28.5,-51.0,4,10.8,8.256421492731686,5.151390413462451,1.6027559221981436,2.0965213531041416
A880,2022-06-23,-28.5,-51.0,4,14.9,17.068448867071258,6.4583543602896105,2.642847994222767,2.30708926280283
A880,2022-06-24,-28.5,-51.0,4,11.4,11.068331981526137,5.489071583774281,2.016430613556612,2.076853949891717
A880,2022-06-25,-28.5,-51.0,4,5.5,8.022087734968915,5.061358359566095,1.5849673477095267,1.0866648060208701
A880,2022-06-26,-28.5,-51.0,4,8.2,5.651301998826563,3.4708270833074,1.6282291981660342,2.3625492723152615
A880,2022-06-27,-28.5,-51.0,4,9.4,8.657122002317857,4.353482075263954,1.988551199396628,2.159191157214096
A880,2022-06-28,-28.5,-51.0,4,12.8,15.991117882065463,6.616822338095368,2.4167367755967977,1.9344633036776444
A880,2022-06-29,-28.5,-51.0,4,12.7,14.019834253282811,6.929241159745749,2.023285657126304,1.8328125269731546
A880,2022-06-30,-28.5,-51.0,4,7.1,5.6290743587011525,3.075923855486399,1.830043467643324,2.308249597055539
A880,2022-07-01,-28.5,-51.0,4,11.1,10.749172399972355,5.623425039904329,1.911499188429696,1.9738860074124582
A880,2022-07-02,-28.5,-51.0,4,15.7,13.175253150345686,6.874750435987318,1.9164700265157364,2.2837192631480945
A880,2022-07-03,-28.5,-51.0,4,12.3,9.50684730622229,4.269127942871061,2.2268827342355952,2.8811504748972316
A880,2022-07-04,-28.5,-51.0,4,11.6,10.273993904938793,5.684691893493531,1.8073088387952903,2.0405679353135904
A880,2022-07-05,-28.5,-51.0,4,10.7,11.88499350708045,4.552878824219869,2.6104348404477755,2.3501613842827087
A880,2022-07-06,-28.5,-51.0,4,9.5,9.871302964082222,4.722239672094056,2.0903858443306915,2.011757271902141
A880,2022-07-07,-28.5,-51.0,4,9.1,13.340060354275215,5.52197550312606,2.4158130268276703,1.6479609507228663
A880,2022-07-08,-28.5,-51.0,4,7.4,5.191342484640652,3.4890105321423053,1.487912529015236,2.120945159617013
A880,2022-07-09,-28.5,-51.0,4,11.0,12.396511676972954,6.489357194666927,1.9102834541394385,1.6950831446048311
A880,2022-07-10,-28.5,-51.0,4,9.9,12.87028477921485,5.96579692616346,2.1573454374169576,1.6594597708451642
A880,2022-07-11,-28.5,-51.0,4,15.5,16.45472691043527,7.110586658668496,2.3141166404849813,2.179848266261405
A880,2022-07-12,-28.5,-51.0,4,14.0,16.632390279149273,8.254695098902744,2.014900620782485,1.6960044958972442
A880,2022-07-13,-28.5,-51.0,4,11.2,8.592827901948537,5.814183940529172,1.477907818163467,1.9263236448244607
A880,2022-07-14,-28.5,-51.0,4,13.2,11.53345053835375,7.521173195882697,1.5334642931328168,1.7550453441526985
A880,2022-07-15,-28.5,-51.0,4,11.5,17.91978237295367,7.4012434647768055,2.4211853667881016,1.5537929612408443
A880,2022-07-16,-28.5,-51.0,4,20.1,21.608385385951628,9.565972888861507,2.2588800571567735,2.1011976757120205
A880,2022-07-17,-28.5,-51.0,4,16.4,13.398347738276815,7.818207772697231,1.7137364633703605,2.097667454844591
A880,2022-07-18,-28.5,-51.0,4,10.2,10.19921256051767,5.2985552746048965,1.924904437517302,1.9250530515151782
A880,2022-07-19,-28.5,-51.0,4,7.5,5.819748285619515,3.5276509026620655,1.6497517600814093,2.1260607148911155
A880,2022-07-20,-28.5,-51.0,4,7.7,8.226735463027648,4.536894591673281,1.8132965835544115,1.6971961425182933
A880,2022-07-21,-28.5,-51.0,4,10.6,11.45440839082073,5.360607983258518,2.136774117151169,1.9773876457865225
A880,2022-07-22,-28.5,-51.0,4,8.0,7.547414683349656,3.9198629202172754,1.9254282195488885,2.0408876950106625
A880,2022-07-23,-28.5,-51.0,4,9.2,7.699445717796163,3.433312266342762,2.242570765634953,2.6796280927280867
A880,2022-07-24,-28.5,-51.0,4,6.9,8.665316945901095,3.8261820134354263,2.2647424810093493,1.8033642873681994
A880,2022-07-25,-28.5,-51.0,4,6.2,6.564612196330819,2.984386962604826,2.1996518141203474,2.077478583604497
A880,2022-07-26,-28.5,-51.0,4,6.6,5.978388711242292,3.551937315488618,1.6831346333655335,1.8581408999590068
A880,2022-07-27,-28.5,-51.0,4,8.1,8.666730001636985,4.047540082382289,2.1412338915087274,2.0012155124187245
A880,2022-07-28,-28.5,-51.0,4,12.8,14.226158701330572,6.247258282427962,2.2771843356221306,2.0488988002950554
A880,2022-07-29,-28.5,-51.0,4,17.4,18.95341455605325,8.409056583217694,2.2539287693555745,2.06919763564511
A880,2022-07-30,-28.5,-51.0,4,4.9,7.634291663813666,3.5407598318142197,2.156116773359914,1.3838837517226723
A880,2022-07-31,-28.5,-51.0,4,8.3,8.509932780464876,4.127513101222011,2.061757908883532,2.0108961004975767
A880,2022-08-01,-28.5,-51.0,4,6.6,7.635188357324249,3.187155466679177,2.395612149186953,2.0708120670614165
A880,2022-08-02,-28.5,-51.0,4,6.0,6.687449810632904,3.2549499869031657,2.054547638993218,1.8433462953784239
A880,2022-08-03,-28.5,-51.0,4,8.2,12.289252506845381,5.947959792054015,2.0661290486971366,1.3786239797643765
A880,2022-08-04,-28.5,-51.0,4,15.5,24.551520701792843,8.127373859887427,3.020843033069591,1.9071351050429826
A880,2022-08-05,-28.5,-51.0,4,15.4,12.117483063769608,7.435886419721726,1.6295949641768577,2.0710375509711345
A880,2022-08-06,-28.5,-51.0,4,9.9,10.027269665181269,4.207501799090205,2.3831884438764783,2.352940170373948
A880,2022-08-07,-28.5,-51.0,4,9.5,7.736101364932184,3.922731687611342,1.9721209557523691,2.4217817471438656
A880,2022-08-08,-28.5,-51.0,4,9.5,11.380934880763405,5.236652818850161,2.1733224016295156,1.8141359239633463
A880,2022-08-09,-28.5,-51.0,4,12.8,17.790698050660673,7.930813126524766,2.243237580666139,1.6139580892645344
A880,2022-08-10,-28.5,-51.0,4,15.1,16.046233541022584,7.254129721478863,2.2120135918594133,2.0815729218751327
A880,2022-08-11,-28.5,-51.0,4,7.6,8.638383623155411,4.722827163078316,1.8290704539619345,1.6092056172232134
A880,2022-08-12,-28.5,-51.0,4,12.5,9.613830282502555,5.717074695252885,1.6815995583344925,2.1864328640623234
A880,2022-08-13,-28.5,-51.0,4,13.2,12.554677131823617,6.359645030144592,1.9741160194184888,2.0755875426116175
A880,2022-08-14,-28.5,-51.0,4,8.9,9.326679735522905,4.785983773733295,1.948748716347538,1.859596776914598
A880,2022-08-15,-28.5,-51.0,4,17.6,21.132990427044103,7.594475204718068,2.782679494945909,2.3174741539831483
A880,2022-08-16,-28.5,-51.0,4,16.6,13.238588332305753,5.452933633026742,2.4277919415933646,3.044232906019414
A880,2022-08-17,-28.5,-51.0,4,11.4,12.296663235786589,6.454644522372927,1.9050875990403815,1.7661700749724645
A880,2022-08-18,-28.5,-51.0,4,15.9,12.254566162839106,5.990576444918261,2.0456405615580646,2.6541686173603196
A880,2022-08-19,-28.5,-51.0,4,7.8,8.498371025914265,4.787875410700838,1.774977478929489,1.6291150731631618
A880,2022-08-20,-28.5,-51.0,4,10.3,9.044625289542296,4.337082860454909,2.085416760655023,2.37486816171173
A880,2022-08-21,-28.5,-51.0,4,10.4,9.63946579170843,4.437001415917437,2.1725180787924723,2.343925328193657
A880,2022-08-22,-28.5,-51.0,4,7.3,7.381199669394587,3.5520831947401503,2.077991776860551,2.0551320449953665
A880,2022-08-23,-28.5,-51.0,4,10.6,11.554491012797223,5.430777787035778,2.127594143214592,1.9518382846199425
A880,2022-08-24,-28.5,-51.0,4,8.2,10.731419461697293,5.1827412760337745,2.0706068256430092,1.582174290258081
A880,2022-08-25,-28.5,-51.0,4,7.5,7.174178850532464,3.59139341352102,1.9976031652569255,2.088325932704477
A880,2022-08-26,-28.5,-51.0,4,6.0,5.760345301288148,3.078296851807611,1.8712767411972007,1.9491297587095058
A880,2022-08-27,-28.5,-51.0,4,15.0,13.06777095794216,6.169736111941267,2.1180437413927695,2.4312222966826935
A880,2022-08-28,-28.5,-51.0,4,13.6,11.757341357217786,5.30510919149944,2.216229851792114,2.563566461891444
A880,2022-08-29,-28.5,-51.0,4,10.0,9.277243622763047,4.375248388520681,2.12039244379901,2.2855845227523433
A880,2022-08-30,-28.5,-51.0,4,9.6,8.05323468927784,4.648541226952748,1.7324219139080255,2.0651640012006682
A880,2022-08-31,-28.5,-51.0,4,12.2,15.61184464335351,6.463986097771637,2.4152039325603534,1.8873802968428053
A880,2022-09-01,-28.5,-51.0,4,10.9,14.915577442583029,6.422780764914442,2.3222927869595,1.697084237958603
A880,2022-09-02,-28.5,-51.0,4,23.9,9.999937171946296,6.065000475590534,1.6487941282432674,3.940642724792683
A880,2022-09-03,-28.5,-51.0,4,7.7,9.06837406812251,4.363058990331648,2.0784440660136934,1.7648168445723218
A880,2022-09-04,-28.5,-51.0,4,9.1,5.756647624860414,3.287577916598382,1.7510300199414741,2.7679952326166197
A880,2022-09-05,-28.5,-51.0,4,10.4,11.382396265124225,4.292373933865163,2.6517718261499863,2.4229016763772697
A880,2022-09-06,-28.5,-51.0,4,15.8,17.235588921366148,7.24331837269291,2.379515580364905,2.181320658162082
A880,2022-09-07,-28.5,-51.0,4,9.8,20.063887645367785,7.63985244484257,2.626214025758089,1.2827472874316677
A880,2022-09-08,-28.5,-51.0,4,8.2,10.8718678638181,4.228505632827001,2.5710898383147303,1.9392193630632164
A880,2022-09-09,-28.5,-51.0,4,19.6,22.05734603107771,8.743326351825555,2.5227636649376888,2.24170975796959
A880,2022-09-10,-28.5,-51.0,4,9.1,8.167413772977964,5.526194430463846,1.477945424423372,1.6467028285930545
A880,2022-09-11,-28.5,-51.0,4,8.9,12.981636926124855,5.073239346325348,2.558845747249777,1.754303196131768
A880,2022-09-12,-28.5,-51.0,4,9.9,10.82313117789549,5.74473506492596,1.8840087585544698,1.723317069997482
A880,2022-09-13,-28.5,-51.0,4,7.2,6.487906016900123,4.056281012373285,1.5994715349132385,1.7750249497106119
A880,2022-09-14,-28.5,-51.0,4,8.4,7.575352017460383,4.420195062010405,1.7138049138525893,1.9003686222343974
A880,2022-09-15,-28.5,-51.0,4,10.7,8.710424697147802,4.2896666796371115,2.0305597958218677,2.494366299086244
A880,2022-09-16,-28.5,-51.0,4,8.8,10.979403140788273,4.237750361221012,2.5908565169999314,2.0765734764669994
A880,2022-09-17,-28.5,-51.0,4,12.4,10.616380404715335,5.327036701384594,1.992924209055279,2.3277481825452817
A880,2022-09-18,-28.5,-51.0,4,14.5,15.043145134685524,6.771498271928154,2.221538650766288,2.1413281695885584
A880,2022-09-19,-28.5,-51.0,4,13.2,14.465523431128256,6.611447171290334,2.187951148417793,1.9965371662228377
A880,2022-09-20,-28.5,-51.0,4,7.9,7.09724472768508,3.841954178709618,1.8473007218604578,2.056245242012059
A880,2022-09-21,-28.5,-51.0,4,11.8,8.86190140415837,4.824099603525278,1.8370063084274655,2.4460523143794513
A880,2022-09-22,-28.5,-51.0,4,17.0,26.290180757384345,9.39800839099043,2.797420438844032,1.808893894614667
A880,2022-09-23,-28.5,-51.0,4,17.9,10.955080016972612,6.601271410314177,1.659540918110989,2.7115988553405166
A880,2022-09-24,-28.5,-51.0,4,8.2,8.578991057161291,2.776207789831128,3.0901833387922077,2.9536694011289377
A880,2022-09-25,-28.5,-51.0,4,10.6,11.854138700406248,5.335283085368818,2.2218387498339824,1.9867736782456487
A880,2022-09-26,-28.5,-51.0,4,8.1,11.042604143755963,4.320544048732221,2.5558364917020575,1.8747638974718441
A880,2022-09-27,-28.5,-51.0,4,4.7,8.106263268026305,3.532072645682888,2.2950443213375777,1.330663457826844
A880,2022-09-28,-28.5,-51.0,4,11.1,11.685283524843072,5.4645719667889425,2.1383712385637232,2.0312661389511377
A880,2022-09-29,-28.5,-51.0,4,9.3,12.532844793078734,4.93999103335702,2.5370177209738607,1.8825945102333703
A880,2022-09-30,-28.5,-51.0,4,11.1,11.451790399179362,6.256139163366962,1.830488437059667,1.7742572072239748
A880,2022-10-01,-28.5,-51.0,4,7.3,9.18824557963792,4.983712434851387,1.8436548456094681,1.464771512286841
A880,2022-10-02,-28.5,-51.0,4,5.9,5.816911975966797,3.1672297733256407,1.8365929825984646,1.86282664102545
A880,2022-10-03,-28.5,-51.0,4,6.7,6.301250446195299,3.802931777184211,1.6569454345722994,1.7617986313077785
A880,2022-10-04,-28.5,-51.0,4,8.2,6.282085914200276,3.6271568959691978,1.7319586922698214,2.260723821765893
A880,2022-10-05,-28.5,-51.0,4,9.4,10.053964069218713,5.122908305347624,1.9625500731144714,1.8348952274214376
A880,2022-10-06,-28.5,-51.0,4,17.4,20.3482022480318,10.219608767550977,1.9910940536824517,1.7026092089990768
A880,2022-10-07,-28.5,-51.0,4,21.5,14.740561446347765,7.580448660081963,1.9445500005785126,2.836243732276334
A880,2022-10-08,-28.5,-51.0,4,9.8,11.986511068408472,5.071983006580438,2.363279027720925,1.9321831298104488
A880,2022-10-09,-28.5,-51.0,4,8.4,7.558724763141519,4.589047276222948,1.6471228793621815,1.8304452960252975
A880,2022-10-10,-28.5,-51.0,4,10.4,15.299563458789637,6.703917572444583,2.2821825139491763,1.5513317232221937
A880,2022-10-11,-28.5,-51.0,4,16.5,16.549569499902947,6.444444172556231,2.56803675488098,2.5603449356060084
A880,2022-10-12,-28.5,-51.0,4,7.6,7.782642362491541,4.313041199107188,1.8044442432181196,1.762097705343789
A880,2022-10-13,-28.5,-51.0,4,9.1,7.721693115266665,4.904489566598259,1.5744132004795783,1.8554428297645937
A880,2022-10-14,-28.5,-51.0,4,10.8,12.175822095868226,6.400841510034762,1.902222087014634,1.6872781466419011
A880,2022-10-15,-28.5,-51.0,4,11.6,12.33367123497012,6.8157153051624,1.8095930775788533,1.7019490223152158
A880,2022-10-16,-28.5,-51.0,4,9.8,10.660305378234371,5.540048721133755,1.9242259255894723,1.7689375117976325
A880,2022-10-17,-28.5,-51.0,4,9.5,10.695876833728358,5.316897275548075,2.01167641190243,1.7867563557583916
A880,2022-10-18,-28.5,-51.0,4,10.9,9.731989584323482,5.512708219883914,1.765373605158522,1.9772495777455699
A880,2022-10-19,-28.5,-51.0,4,6.8,7.312105576064787,3.3364727487165458,2.1915676005079208,2.038080485631355
A880,2022-10-20,-28.5,-51.0,4,10.0,9.561759654039172,5.240922570069735,1.8244420760278364,1.908061007638001
A880,2022-10-21,-28.5,-51.0,4,12.8,9.957595765320674,4.523726068922207,2.201193355567859,2.8295258830846146
A880,2022-10-22,-28.5,-51.0,4,7.4,6.61497040777189,3.7173266496826605,1.7794966735938027,1.990677897685349
A880,2022-10-23,-28.5,-51.0,4,8.8,11.914871798537375,5.60721191650039,2.1249191177303968,1.5694074222706238
A880,2022-10-24,-28.5,-51.0,4,8.3,6.793510790523886,3.000821636428044,2.263883567105434,2.7659091427638822
A880,2022-10-25,-28.5,-51.0,4,7.6,9.693418729056457,4.403785181163055,2.201156125988959,1.7257880862373973
A880,2022-10-26,-28.5,-51.0,4,12.0,15.902757144316947,6.35222216725786,2.5034951117243245,1.8891026925747756
A880,2022-10-27,-28.5,-51.0,4,10.5,15.321146698851642,5.843187964462357,2.622052686313227,1.7969642708500693
A880,2022-10-28,-28.5,-51.0,4,9.4,7.281631268685892,3.4222585045282488,2.1277268385924137,2.746724126059487
A880,2022-10-29,-28.5,-51.0,4,12.2,12.460879993207866,5.697779553178567,2.1869712362347244,2.141184980242716
A880,2022-10-30,-28.5,-51.0,4,13.6,15.317570876588343,6.772202600026034,2.261829980770135,2.0082092641392206
A880,2022-10-31,-28.5,-51.0,4,14.0,14.49277821843232,6.981340743525842,2.075930505450865,2.0053454650502376
A880,2022-11-01,-28.5,-51.0,4,11.4,10.675951750159404,6.09850412422743,1.7505853128388027,1.8693108617753331
A880,2022-11-02,-28.5,-51.0,4,9.7,6.971327178980894,4.192689780704893,1.662733839995394,2.3135506100738015
A880,2022-11-03,-28.5,-51.0,4,8.4,7.929039626571613,4.142502371637426,1.9140700270589017,2.027759852960493
A880,2022-11-04,-28.5,-51.0,4,7.6,9.082624406531478,4.958644433199766,1.8316748718097833,1.5326769447543935
A880,2022-11-05,-28.5,-51.0,4,10.1,10.445936599358038,5.363414923232556,1.9476279103654024,1.8831285933613133
A880,2022-11-06,-28.5,-51.0,4,11.6,10.687938683261589,5.367590225970705,1.991198700591702,2.1611187724193663
A880,2022-11-07,-28.5,-51.0,4,12.0,9.165045809781253,4.606806560482248,1.989457488491082,2.604841302202153
A880,2022-11-08,-28.5,-51.0,4,8.7,9.80179879293423,5.489874292704265,1.7854322832055136,1.5847357400445055
A880,2022-11-09,-28.5,-51.0,4,6.5,7.556123092264714,3.7346227366493787,2.0232627563992986,1.7404703120914582
A880,2022-11-10,-28.5,-51.0,4,8.4,9.626428100976788,4.736550062844319,2.0323712350241845,1.7734426721029446
A880,2022-11-11,-28.5,-51.0,4,8.7,13.190030594830905,5.623544344642388,2.3455013042436823,1.5470670215819644
A880,2022-11-12,-28.5,-51.0,4,9.4,9.645961335796299,4.967355322696144,1.941870615078274,1.8923550640822566
A880,2022-11-13,-28.5,-51.0,4,13.0,16.24591336625029,7.374055740873353,2.2031177871631047,1.7629375823595732
A880,2022-11-14,-28.5,-51.0,4,13.9,15.070826598302586,7.779670699241945,1.9372062367332714,1.786708015977389
A880,2022-11-15,-28.5,-51.0,4,13.0,11.856531846191375,6.913811959577192,1.714905165994195,1.880294123705818
A880,2022-11-16,-28.5,-51.0,4,8.7,7.941451595005979,3.939313829733112,2.0159479387160206,2.208506449609125
A880,2022-11-17,-28.5,-51.0,4,8.8,8.272052400143153,4.481072325557044,1.8459984126935176,1.9638156585446476
A880,2022-11-18,-28.5,-51.0,4,10.0,8.078831642003127,4.306348221177155,1.8760284182951539,2.322153129842915
A880,2022-11-19,-28.5,-51.0,4,12.4,13.280992999287879,5.920434126854575,2.2432464773227436,2.0944410045463857
A880,2022-11-20,-28.5,-51.0,4,11.9,12.42529323104003,6.103974428289555,2.035607025719769,1.9495494517224898
A880,2022-11-21,-28.5,-51.0,4,10.6,11.63487194871852,6.232307094356393,1.8668643525692703,1.7008147768582729
A880,2022-11-22,-28.5,-51.0,4,9.4,12.181908522505315,6.166529888307817,1.975488442146869,1.5243581350060549
A880,2022-11-23,-28.5,-51.0,4,9.1,7.640790403981023,3.927607706922376,1.9454056958168693,2.3169320051901634
A880,2022-11-24,-28.5,-51.0,4,8.1,7.490365184869767,4.0016765649024695,1.871806744844289,2.0241515946197954
A880,2022-11-25,-28.5,-51.0,4,10.7,9.167911834261613,5.17218136658824,1.7725426052313982,2.0687596280209544
A880,2022-11-26,-28.5,-51.0,4,12.1,14.008199971659707,6.650644792133511,2.106292007690567,1.8193724636011344
A880,2022-11-27,-28.5,-51.0,4,12.8,12.321754186915628,7.671774753512991,1.6061152188120957,1.6684535731629424
A880,2022-11-28,-28.5,-51.0,4,11.6,10.58900072069547,6.55799313747175,1.6146709059805089,1.7688338119353466
A880,2022-11-29,-28.5,-51.0,4,10.0,10.508032834624562,6.0115744083774425,1.7479668587285668,1.663457743459763
A880,2022-11-30,-28.5,-51.0,4,14.1,9.963005281323055,4.713230081358646,2.1138380917850497,2.991578971662572
A880,2022-12-01,-28.5,-51.0,4,9.8,12.032306185739575,5.28975500855943,2.2746433750277517,1.852637784574612
A880,2022-12-02,-28.5,-51.0,4,9.5,9.709104203616755,4.483534973913859,2.1655020558792,2.118863810647844
A880,2022-12-03,-28.5,-51.0,4,11.7,10.762382558394766,4.685580926917896,2.2969153081033427,2.4970222865611844
A880,2022-12-04,-28.5,-51.0,4,10.4,7.889499780236886,4.538964067273472,1.7381718963411092,2.2912717188015144
A880,2022-12-05,-28.5,-51.0,4,15.2,10.416026950879886,5.009499857454416,2.079254865209798,3.034235039927499
A880,2022-12-06,-28.5,-51.0,4,9.6,11.586483882543607,4.628405432880825,2.5033424687110686,2.0741484598130246
A880,2022-12-07,-28.5,-51.0,4,6.2,8.157961550457578,2.952562370171706,2.7630107437774982,2.099870967209895
A880,2022-12-08,-28.5,-51.0,4,8.5,9.087800243354422,4.263378604000088,2.131595874414684,1.9937239427961968
A880,2022-12-09,-28.5,-51.0,4,7.6,7.6480847234280995,2.777174195556082,2.753908896196085,2.736594633552768
A880,2022-12-10,-28.5,-51.0,4,15.0,11.164737049666115,4.335921593934388,2.5749397925655995,3.4594721502768446
A880,2022-12-11,-28.5,-51.0,4,7.0,9.898709693290373,3.3292639544275517,2.973242683304274,2.1025668423468726
A880,2022-12-12,-28.5,-51.0,4,12.1,10.573818771545431,5.611871465216889,1.8841876256580963,2.156143467468451
A880,2022-12-13,-28.5,-51.0,4,10.6,15.571328314789476,7.135649729778112,2.1821878741900744,1.4854989246129398
A880,2022-12-14,-28.5,-51.0,4,7.3,8.604359302150677,3.3629109117331053,2.5586045922686504,2.1707384440457513
A880,2022-12-15,-28.5,-51.0,4,9.5,9.902448844322363,5.240057326020043,1.8897596396800347,1.8129572653388302
A880,2022-12-16,-28.5,-51.0,4,11.5,10.686198530736005,5.963293160469654,1.7919961744584745,1.928464640348872
A880,2022-12-17,-28.5,-51.0,4,12.1,11.627159020289243,5.929064186043381,1.961044551964675,2.040794233343364
A880,2022-12-18,-28.5,-51.0,4,10.4,13.970382172517876,5.659529133343537,2.4684707584965557,1.8376087047114267
A880,2022-12-19,-28.5,-51.0,4,10.2,11.441807561618512,5.165678349907506,2.214967093687392,1.9745712584258435
A880,2022-12-20,-28.5,-51.0,4,9.8,9.016035462665062,4.094903570680283,2.2017699091183327,2.393218748829276
A880,2022-12-21,-28.5,-51.0,4,8.1,8.500592350561393,4.406502106828604,1.9291020733629785,1.8381926987956523
A880,2022-12-22,-28.5,-51.0,4,9.3,9.538863793142973,4.759799292871478,2.0040474831425916,1.9538638979858167
A880,2022-12-23,-28.5,-51.0,4,9.9,10.753205863158628,5.319623741689561,2.0214222631736942,1.861033877718515
A880,2022-12-24,-28.5,-51.0,4,9.8,10.019848625924027,5.5469747333937764,1.8063627666451683,1.7667287974113626
A880,2022-12-25,-28.5,-51.0,4,9.7,10.924557800842509,5.243175880148287,2.08357645262389,1.8500237683664478
A880,2022-12-26,-28.5,-51.0,4,7.3,7.723288171941156,4.092305489256203,1.887270682068484,1.7838355467755687
A880,2022-12-27,-28.5,-51.0,4,9.4,10.092525405455348,4.357604531676099,2.316071899616228,2.1571484818482154
A880,2022-12-28,-28.5,-51.0,4,11.2,14.764773595537884,7.28196359662277,2.027581352148683,1.5380466891092859
A880,2022-12-29,-28.5,-51.0,4,9.7,8.351052550821908,4.824993468301264,1.7307904364401274,2.0103654157722786
A880,2022-12-30,-28.5,-51.0,4,8.4,10.169337541487579,4.406962009150407,2.3075618805817815,1.9060749746783927
A880,2022-12-31,-28.5,-51.0,4,7.0,7.646725615342732,4.304926062034974,1.7762733912619308,1.6260441873166673
A894,2021-01-01,-28.75,-51.75,4,6.0,7.84983119721397,3.471389026150385,2.261294005967139,1.7284147512137906
A894,2021-01-02,-28.75,-51.75,4,6.6,6.291017096240299,4.653992972260162,1.35174615297821,1.4181370791358932
A894,2021-01-03,-28.75,-51.75,4,7.0,6.960267353331512,4.019486741969022,1.7316308773099454,1.7415158823414647
A894,2021-01-04,-28.75,-51.75,4,8.3,10.713742369982823,5.092683072627977,2.1037520334942443,1.6297892253713233
A894,2021-01-05,-28.75,-51.75,4,5.6,9.83987469048365,3.671339508650591,2.6801865279139814,1.525328830745564
A894,2021-01-06,-28.75,-51.75,4,9.2,7.788977130056693,3.759345507031667,2.0718971202534595,2.447234494087298
A894,2021-01-07,-28.75,-51.75,4,8.3,8.577581700148174,3.643994250176976,2.3538955089546563,2.2777203887182034
A894,2021-01-08,-28.75,-51.75,4,6.5,6.915720228394289,2.2785753683934185,3.0351070780118348,2.85265964433866
A894,2021-01-09,-28.75,-51.75,4,12.5,7.756446604682105,4.087729399486701,1.8974951242261993,3.057932357648144
A894,2021-01-10,-28.75,-51.75,4,16.7,8.900509980438231,3.843646936917537,2.315641921985715,4.344831945827153
A894,2021-01-11,-28.75,-51.75,4,8.9,10.769454817454061,5.341591584573329,2.0161509256073713,1.666170065435826
A894,2021-01-12,-28.75,-51.75,4,10.6,9.123932636530593,5.457295401856516,1.6718780943078002,1.9423540819128076
A894,2021-01-13,-28.75,-51.75,4,6.8,9.158029812261098,5.273611080880325,1.7365766401439573,1.2894390382054632
A894,2021-01-14,-28.75,-51.75,4,6.3,7.581892966098126,4.28571094287307,1.7691097386552508,1.4700011465954312
A894,2021-01-15,-28.75,-51.75,4,7.9,9.171062695359419,6.0591394686437745,1.5135916152483266,1.3038155072816418
A894,2021-01-16,-28.75,-51.75,4,11.6,14.784823085925732,7.5026464254425544,1.970614400245261,1.5461211074352017
A894,2021-01-17,-28.75,-51.75,4,8.0,8.848561093478185,3.6958466308207694,2.3941905542528175,2.1645919863896976
A894,2021-01-18,-28.75,-51.75,4,6.5,6.624540097952608,3.858506048165103,1.7168665839212256,1.6845898176292995
A894,2021-01-19,-28.75,-51.75,4,5.4,6.386369245885353,2.96560237315047,2.1534812973260724,1.82087796020455
A894,2021-01-20,-28.75,-51.75,4,4.2,7.621248603915811,3.863782691071438,1.972483758345741,1.0870176549280333
A894,2021-01-21,-28.75,-51.75,4,5.4,6.75007889990947,2.950902009199979,2.2874629109556532,1.8299489387192487
A894,2021-01-22,-28.75,-51.75,4,8.5,10.571558878538214,4.661422538914033,2.267882559516061,1.8234776892764233
A894,2021-01-23,-28.75,-51.75,4,5.1,9.632364279560079,3.9760131846770883,2.4226187973122557,1.2826919235717262
A894,2021-01-24,-28.75,-51.75,4,6.2,7.347760216745478,3.3518889564202463,2.192125190386004,1.8497032809289369
A894,2021-01-25,-28.75,-51.75,4,7.7,8.823624586401245,2.8775277030548816,3.0663908385777776,2.675908208225213
A894,2021-01-26,-28.75,-51.75,4,11.2,12.657425939073121,4.865299882001773,2.601571587785739,2.3020163754822622
A894,2021-01-27,-28.75,-51.75,4,13.4,17.45317233651721,7.39821567350446,2.3591056420567718,1.811247548241934
A894,2021-01-28,-28.75,-51.75,4,5.4,8.435623598639317,2.95614923364412,2.853585164995378,1.8267007424869697
A894,2021-01-29,-28.75,-51.75,4,8.9,9.299783669459691,5.064686154261179,1.8362013728403108,1.757265846080507
A894,2021-01-30,-28.75,-51.75,4,7.0,12.118354145886595,4.586983045125682,2.6419007933251595,1.5260575265126584
A894,2021-01-31,-28.75,-51.75,4,11.0,10.590981092994761,4.2696147025855335,2.4805472696590685,2.576344885017089
A894,2021-02-01,-28.75,-51.75,4,5.3,6.587877673885183,2.017026223193055,3.2661338747774122,2.627630686729412
A894,2021-02-02,-28.75,-51.75,4,9.6,8.59434935111119,3.2283650351306883,2.662136796052643,2.973641423920136
A894,2021-02-03,-28.75,-51.75,4,4.4,11.867558535415734,4.725840043609567,2.5112061402635555,0.931051402374446
A894,2021-02-04,-28.75,-51.75,4,11.5,14.225875356306034,6.626887014441113,2.146690493636821,1.7353547713941018
A894,2021-02-05,-28.75,-51.75,4,7.4,7.480033967424036,4.917508556206019,1.521102379778078,1.504827071558628
A894,2021-02-06,-28.75,-51.75,4,5.7,5.828267823424508,3.407358844591311,1.710494282888942,1.6728499286325316
A894,2021-02-07,-28.75,-51.75,4,5.2,5.339752958327108,3.6333344756210826,1.469656315474322,1.4311922105963315
A894,2021-02-08,-28.75,-51.75,4,4.7,6.49133526535691,3.044575609138993,2.132098557799542,1.5437291115030518
A894,2021-02-09,-28.75,-51.75,4,6.4,6.403002377084159,3.561312709414154,1.7979332059659179,1.7970901524827956
A894,2021-02-10,-28.75,-51.75,4,8.9,5.9626016670851385,3.551667732924632,1.6788174219707246,2.5058650384142966
A894,2021-02-11,-28.75,-51.75,4,7.4,8.224056520261962,3.742813741103364,2.1972924887888086,1.9771221631292064
A894,2021-02-12,-28.75,-51.75,4,6.3,9.284446013305894,3.718305152068315,2.4969564448311625,1.6943203266939004
A894,2021-02-13,-28.75,-51.75,4,6.3,6.5560748328962255,2.3242607934338704,2.8207139454476877,2.7105392036030342
A894,2021-02-14,-28.75,-51.75,4,12.5,6.535292482388947,3.049304439408191,2.1432076108666003,4.099295510954623
A894,2021-02-15,-28.75,-51.75,4,7.4,7.925551318299081,2.8019387600011463,2.828595482328043,2.641028457023441
A894,2021-02-16,-28.75,-51.75,4,9.0,8.701599099738246,4.755183057458462,1.8299188474121655,1.8926716156349819
A894,2021-02-17,-28.75,-51.75,4,10.0,10.810732445257434,4.672815631909684,2.3135371255465755,2.1400373538626445
A894,2021-02-18,-28.75,-51.75,4,8.0,7.259489061548027,3.925610730781961,1.8492636074749,2.0378994629471174
A894,2021-02-19,-28.75,-51.75,4,5.1,5.682304026674327,2.2768270496199876,2.495711752731824,2.239959333253359
A894,2021-02-20,-28.75,-51.75,4,6.2,6.263728220279432,3.212581753921159,1.9497490492293796,1.9299119757598413
A894,2021-02-21,-28.75,-51.75,4,5.2,7.648290079680957,3.3245542627075997,2.300546020702336,1.5641194545475672
A894,2021-02-22,-28.75,-51.75,4,11.0,10.50003991919907,5.102738278209788,2.057726527742441,2.1557053096321392
A894,2021-02-23,-28.75,-51.75,4,14.6,8.596252456625066,2.1586377276429713,3.9822580447583316,6.763524890275045
A894,2021-02-24,-28.75,-51.75,4,6.3,5.837658884497995,3.6678773458366054,1.5915632759978469,1.7176146871844304
A894,2021-02-25,-28.75,-51.75,4,7.4,5.804029583211534,4.3765966833813845,1.3261513461476433,1.6908114992864083
A894,2021-02-26,-28.75,-51.75,4,6.7,5.840247947290841,3.6958719781667213,1.580208400559319,1.812833355587016
A894,2021-02-27,-28.75,-51.75,4,8.0,7.935503673195099,4.611575618908077,1.720779258320838,1.7347650046545762
A894,2021-02-28,-28.75,-51.75,4,8.8,8.137955344082487,4.606465276765251,1.7666377265730995,1.9103584790678225
A894,2021-03-01,-28.75,-51.75,4,6.8,10.449836730109727,3.975314908123254,2.6286814935733216,1.7105563099176664
A894,2021-03-02,-28.75,-51.75,4,7.4,9.656136188403618,3.2671747192697125,2.9555003996119265,2.2649538625390893
A894,2021-03-03,-28.75,-51.75,4,5.8,6.948779204174217,1.9439925197540617,3.574488653409696,2.98355057494448
A894,2021-03-04,-28.75,-51.75,4,5.6,6.220530021612653,1.8093525407583977,3.437986728117281,3.0950297821190427
A894,2021-03-05,-28.75,-51.75,4,7.4,6.645766359425042,3.345479211215087,1.9864916025023758,2.2119402132863053
A894,2021-03-06,-28.75,-51.75,4,5.1,5.378227271999583,3.4859768247387337,1.5428178506042332,1.4630045626830102
A894,2021-03-07,-28.75,-51.75,4,5.6,6.291792273844547,2.9291464205016777,2.147995139405474,1.9118197577302682
A894,2021-03-08,-28.75,-51.75,4,7.7,6.8889780117783,3.009288865693599,2.2892378629096766,2.558744056704326
A894,2021-03-09,-28.75,-51.75,4,7.5,6.765363809872187,4.387952377640107,1.5418042922130983,1.7092254779742138
A894,2021-03-10,-28.75,-51.75,4,6.4,5.89305947749018,3.2402561009100044,1.818701761208058,1.9751525190254569
A894,2021-03-11,-28.75,-51.75,4,6.0,5.042270883713003,2.405175938345467,2.0964249655605682,2.494620000284649
A894,2021-03-12,-28.75,-51.75,4,5.8,5.62507993556261,2.4168480670230785,2.3274445805322093,2.399819864201921
A894,2021-03-13,-28.75,-51.75,4,6.1,7.098095087677873,3.3583532918864023,2.1135641401476377,1.8163663765623663
A894,2021-03-14,-28.75,-51.75,4,7.0,6.409947433807391,3.990781507369679,1.6061885177051907,1.7540424067499738
A894,2021-03-15,-28.75,-51.75,4,6.5,6.166362106875144,3.8234345899537416,1.612780854961546,1.700042160281508
A894,2021-03-16,-28.75,-51.75,4,6.9,7.895658602345267,4.106569502179557,1.9226896313710642,1.6802345598528976
A894,2021-03-17,-28.75,-51.75,4,12.5,12.38202810300197,5.358521692665318,2.3107171740949273,2.332732928395131
A894,2021-03-18,-28.75,-51.75,4,6.0,6.4317705727588494,3.7738948080539294,1.704279239323975,1.58986943334915
A894,2021-03-19,-28.75,-51.75,4,4.9,6.260031212666447,3.3955033909878867,1.8436239025062953,1.443084996765206
A894,2021-03-20,-28.75,-51.75,4,8.0,9.400408635322496,5.0253197352573995,1.8706090618214168,1.5919385076878567
A894,2021-03-21,-28.75,-51.75,4,8.6,11.08679070234711,4.338862861083366,2.5552295745016615,1.9820861537561192
A894,2021-03-22,-28.75,-51.75,4,6.2,6.863968099265682,4.056862248041824,1.691940144770456,1.5282747160056103
A894,2021-03-23,-28.75,-51.75,4,6.4,9.027166208424342,2.8976152442919236,3.115377801178799,2.208712841571186
A894,2021-03-24,-28.75,-51.75,4,5.4,6.715052541743429,3.3512287665995686,2.003758325504311,1.6113492620437497
A894,2021-03-25,-28.75,-51.75,4,5.9,7.406575780815473,3.3215521209764076,2.229853848759786,1.7762780125412059
A894,2021-03-26,-28.75,-51.75,4,12.2,9.032216347936883,4.379975903546666,2.0621611960520343,2.7854034516767783
A894,2021-03-27,-28.75,-51.75,4,5.7,8.808795388301991,2.5460771414544867,3.459751963080674,2.238738138446106
A894,2021-03-28,-28.75,-51.75,4,6.4,8.888108105658588,4.200396263623326,2.116016572682019,1.523665768257603
A894,2021-03-29,-28.75,-51.75,4,9.9,7.232713817030794,3.970004234186436,1.82184032821642,2.4937001111357215
A894,2021-03-30,-28.75,-51.75,4,9.2,6.4184195470463274,3.8410839441467206,1.6709917409712196,2.3951572352433286
A894,2021-03-31,-28.75,-51.75,4,6.6,7.6243502991352115,3.881363704705566,1.9643483268243687,1.7004332760669914
A894,2021-04-01,-28.75,-51.75,4,7.1,6.678410531577996,3.1875268550298417,2.0951699657179743,2.2274322140365244
A894,2021-04-02,-28.75,-51.75,4,5.1,6.704833572433549,3.237738976469209,2.070838205662041,1.5751733036742843
A894,2021-04-03,-28.75,-51.75,4,5.1,6.0483078468322775,3.080738045915312,1.9632658657400637,1.6554474687524912
A894,2021-04-04,-28.75,-51.75,4,5.1,7.619940630070292,4.100099150788104,1.8584771611207545,1.2438723583110665
A894,2021-04-05,-28.75,-51.75,4,7.5,8.32826650014713,4.144482197980232,2.0094829950544413,1.8096349897835349
A894,2021-04-06,-28.75,-51.75,4,5.4,5.580001890699167,2.8217205944417785,1.9775175124321833,1.9137259764970753
A894,2021-04-07,-28.75,-51.75,4,7.6,8.245451490121878,4.072704100758775,2.0245643400868945,1.866082045730762
A894,2021-04-08,-28.75,-51.75,4,8.5,10.522682245459414,5.269717517629551,1.996820932100508,1.6129896852276648
A894,2021-04-09,-28.75,-51.75,4,8.2,10.962558941668679,5.108487775865884,2.1459499215128366,1.6051716985091753
A894,2021-04-10,-28.75,-51.75,4,7.9,10.697485124324622,3.919903408326831,2.7290175318097263,2.015355782292613
A894,2021-04-11,-28.75,-51.75,4,12.8,16.001965424293473,7.139910431541339,2.2411997430112054,1.7927395760393008
A894,2021-04-12,-28.75,-51.75,4,7.6,8.66510826301068,5.007352449476097,1.7304770036543526,1.5177681372908278
A894,2021-04-13,-28.75,-51.75,4,5.7,6.665142054481114,3.6326311853881483,1.8347973450458999,1.5691105727792052
A894,2021-04-14,-28.75,-51.75,4,7.1,5.934259851896522,3.927939282658282,1.5107819711206019,1.807563582091571
A894,2021-04-15,-28.75,-51.75,4,5.8,6.770269910997286,3.9052918493149735,1.7336143295372042,1.4851642908627627
A894,2021-04-16,-28.75,-51.75,4,6.6,7.493261396982704,3.2149933413590523,2.3307237687201954,2.0528813901710996
A894,2021-04-17,-28.75,-51.75,4,3.8,7.032977246096735,3.8643849629165934,1.8199473690086736,0.9833388848330473
A894,2021-04-18,-28.75,-51.75,4,6.2,8.093792779697718,4.2266009029824785,1.9149649956271897,1.466899795442007
A894,2021-04-19,-28.75,-51.75,4,5.7,5.58060035733826,3.9813951742834206,1.4016695437278885,1.4316589412719871
A894,2021-04-20,-28.75,-51.75,4,6.3,6.045742736076052,3.488047362777294,1.7332742670277963,1.8061681349945145
A894,2021-04-21,-28.75,-51.75,4,7.5,5.863280590297095,3.443932317163424,1.70249588270839,2.177743146293111
A894,2021-04-22,-28.75,-51.75,4,6.3,6.259177200496992,3.469684369502787,1.803961552097589,1.8157271178250727
A894,2021-04-23,-28.75,-51.75,4,5.0,6.111197940074493,3.2927355575195665,1.855963782490352,1.518494246700614
A894,2021-04-24,-28.75,-51.75,4,12.1,7.563029064005556,3.3336695990452756,2.2686798554276404,3.62963384357745
A894,2021-04-25,-28.75,-51.75,4,6.9,6.584662760064546,3.919689474293185,1.6798939822272325,1.7603435285506226
A894,2021-04-26,-28.75,-51.75,4,6.2,5.067317753228283,3.0472815501046093,1.6628977893605954,2.034600314430139
A894,2021-04-27,-28.75,-51.75,4,5.9,5.187046069561223,2.532847640612197,2.0479108124748864,2.329393961720474
A894,2021-04-28,-28.75,-51.75,4,5.7,4.964636200050207,2.7610128288690556,1.7981213807267176,2.0644598027220282
A894,2021-04-29,-28.75,-51.75,4,5.9,6.044251634869773,2.855575469021466,2.1166492360088056,2.0661334515602148
A894,2021-04-30,-28.75,-51.75,4,6.3,7.231121294352838,3.7232703422176656,1.9421424258024238,1.6920608553628622
A894,2021-05-01,-28.75,-51.75,4,6.5,9.277091528730159,4.424911180183765,2.096559942327449,1.468956038961681
A894,2021-05-02,-28.75,-51.75,4,7.1,7.716286427193196,3.5804030764993744,2.155144619844744,1.9830169532034363
A894,2021-05-03,-28.75,-51.75,4,7.8,8.004572969906167,3.5546250258250764,2.2518754894683153,2.1943242798695803
A894,2021-05-04,-28.75,-51.75,4,7.9,12.859699733451627,5.101681788584805,2.5206785264862392,1.5485089677048327
A894,2021-05-05,-28.75,-51.75,4,6.3,8.813410693180872,4.513310340708892,1.9527597324044363,1.3958712174466774
A894,2021-05-06,-28.75,-51.75,4,6.5,9.132603538946817,4.82058192826316,1.8945022976172639,1.3483849246271244
A894,2021-05-07,-28.75,-51.75,4,5.8,3.936327280380249,2.531765615091308,1.5547755514636317,2.2908913706021807
A894,2021-05-08,-28.75,-51.75,4,4.9,4.500590190370087,2.2537456444176973,1.9969379426279088,2.174158389229419
A894,2021-05-09,-28.75,-51.75,4,6.9,8.841035815266238,4.268089670231994,2.07142691423015,1.6166483211738492
A894,2021-05-10,-28.75,-51.75,4,6.0,8.93909997704776,3.921753274740252,2.2793631701983648,1.5299279632519451
A894,2021-05-11,-28.75,-51.75,4,7.3,5.98573877282707,4.154495726272012,1.4407858780488632,1.7571326295599705
A894,2021-05-12,-28.75,-51.75,4,5.1,5.100833268842105,3.0138016127839915,1.692491386030623,1.6922149017263575
A894,2021-05-13,-28.75,-51.75,4,4.7,4.225741868464806,2.1168092717200873,1.996278986925937,2.2203228523185987
A894,2021-05-14,-28.75,-51.75,4,4.1,4.436249313165202,2.4049946389234123,1.8445984208726032,1.7047855049836413
A894,2021-05-15,-28.75,-51.75,4,4.5,4.186816348326703,2.176441486678506,1.923698097997688,2.0675952133532913
A894,2021-05-16,-28.75,-51.75,4,5.1,5.132645119482766,2.158386200695924,2.3780012667926886,2.362876485383208
A894,2021-05-17,-28.75,-51.75,4,6.5,7.456438564767719,4.39849746464297,1.6952240224544417,1.4777773665325076
A894,2021-05-18,-28.75,-51.75,4,4.3,4.355946452776561,2.1766286200776483,2.0012354944690416,1.9755322338114818
A894,2021-05-19,-28.75,-51.75,4,3.8,4.785762080504721,2.260700207777775,2.116937957558306,1.680895143427853
A894,2021-05-20,-28.75,-51.75,4,3.8,3.966462385501524,2.681096798549468,1.4794178217091851,1.4173304007732517
A894,2021-05-21,-28.75,-51.75,4,6.0,3.752595496569785,2.1747027353667168,1.7255671019041556,2.7589977712462983
A894,2021-05-22,-28.75,-51.75,4,11.1,9.117771618352865,5.5318399176578055,1.6482349008778534,2.0065656572180357
A894,2021-05-23,-28.75,-51.75,4,14.7,18.87136458713791,8.765501292741448,2.1529133311251627,1.6770290151200824
A894,2021-05-24,-28.75,-51.75,4,10.2,9.549001342758245,5.971822943747037,1.5990094536806039,1.7080211680890827
A894,2021-05-25,-28.75,-51.75,4,6.3,6.5314204100318385,2.802292474981699,2.330741872357379,2.248159339628225
A894,2021-05-26,-28.75,-51.75,4,4.4,3.842777493196796,2.0457054798863115,1.8784607711029624,2.1508472472022353
A894,2021-05-27,-28.75,-51.75,4,3.7,6.364643025741491,2.819159454329336,2.2576385368934755,1.3124479334852706
A894,2021-05-28,-28.75,-51.75,4,24.5,11.931545304279366,5.144696686050856,2.3191931482822157,4.762185507734287
A894,2021-05-29,-28.75,-51.75,4,13.0,9.04065752652783,3.554765875084633,2.5432497790906097,3.657062224861853
A894,2021-05-30,-28.75,-51.75,4,4.3,4.3566285915532985,2.726314602491705,1.597991877962864,1.5772207639096498
A894,2021-05-31,-28.75,-51.75,4,3.6,3.6976201008656453,1.818494642806063,2.0333412119157863,1.9796593925869097
A894,2021-06-01,-28.75,-51.75,4,4.1,8.317716919554279,3.0873686556582207,2.694111992200996,1.3279917163393913
A894,2021-06-02,-28.75,-51.75,4,6.3,11.007020052180104,4.551965173550732,2.4180809018787257,1.3840176187213058
A894,2021-06-03,-28.75,-51.75,4,4.5,5.63988172201706,2.162700422928273,2.6077960970575487,2.0807320109121026
A894,2021-06-04,-28.75,-51.75,4,6.0,9.513895133437169,4.02832514274192,2.3617495600073233,1.4894527594949893
A894,2021-06-05,-28.75,-51.75,4,9.1,13.412925223823178,5.27681571277098,2.5418597036392874,1.7245248830608442
A894,2021-06-06,-28.75,-51.75,4,13.9,6.06880871991872,4.08158591204844,1.4868751634025867,3.4055389986937596
A894,2021-06-07,-28.75,-51.75,4,4.0,6.261470218003089,3.7527968726007277,1.6684809838012427,1.065871704702194
A894,2021-06-08,-28.75,-51.75,4,11.2,6.114265049249801,4.280213455034047,1.4284953574123012,2.6166919284895593
A894,2021-06-09,-28.75,-51.75,4,6.1,11.163996359586365,4.461970784497209,2.5020325992215935,1.367108906493517
A894,2021-06-10,-28.75,-51.75,4,7.1,10.135801828508507,4.167152597148359,2.432308774928132,1.7038012970436047
A894,2021-06-11,-28.75,-51.75,4,7.3,6.07858917369766,3.923648939466747,1.549218410585883,1.8605130358558846
A894,2021-06-12,-28.75,-51.75,4,5.3,3.916925739806478,2.088498672280291,1.875474373909872,2.537708101204243
A894,2021-06-13,-28.75,-51.75,4,3.5,4.134375171902654,2.14589245131477,1.9266460298928578,1.631023026273092
A894,2021-06-14,-28.75,-51.75,4,4.7,6.161681570793787,3.411091146022159,1.8063667334070586,1.3778582274123343
A894,2021-06-15,-28.75,-51.75,4,5.3,4.366625511480633,3.195682009070101,1.3664142737253324,1.658487917432757
A894,2021-06-16,-28.75,-51.75,4,6.1,7.288621548849828,3.955113013843608,1.8428352169301712,1.5423073825321554
A894,2021-06-17,-28.75,-51.75,4,5.1,4.990131430930899,3.269020731539088,1.5264912157903308,1.5601002314839614
A894,2021-06-18,-28.75,-51.75,4,5.6,3.8456648507767626,2.7609481073530886,1.392878352380041,2.028288755259765
A894,2021-06-19,-28.75,-51.75,4,3.8,3.109213629496566,3.460804999702003,0.8984076334160084,1.0980104340831696
A894,2021-06-20,-28.75,-51.75,4,3.9,4.3757228831903126,3.3092560796586117,1.3222678384084798,1.1785126040781742
A894,2021-06-21,-28.75,-51.75,4,4.1,3.7178631727515943,3.4611546968158176,1.0741684490935763,1.1845757728690673
A894,2021-06-22,-28.75,-51.75,4,4.7,2.2869023952522927,2.8070011329634417,0.8147137414361981,1.6743847890927135
A894,2021-06-23,-28.75,-51.75,4,9.1,11.675342842728117,6.450670640701572,1.8099424839737768,1.4107060345915114
A894,2021-06-24,-28.75,-51.75,4,12.5,24.989861817716733,8.704060644233143,2.8710578704749388,1.436111317570133
A894,2021-06-25,-28.75,-51.75,4,8.7,5.878287685507947,4.311191839883939,1.3634948069641444,2.0180034484928444
A894,2021-06-26,-28.75,-51.75,4,11.6,10.459567587021988,5.86489274933587,1.7834200954836577,1.9778707805549494
A894,2021-06-27,-28.75,-51.75,4,9.0,15.55620344685342,6.765661674118884,2.299287814872794,1.3302468307613242
A894,2021-06-28,-28.75,-51.75,4,9.0,8.362816268253589,4.740658859438954,1.764062025176667,1.8984702900695811
A894,2021-06-29,-28.75,-51.75,4,11.4,14.180803622420868,6.347619517660232,2.2340349138708286,1.795948854256801
A894,2021-06-30,-28.75,-51.75,4,5.5,6.171019992700072,4.54167986762093,1.3587527462459918,1.2110056543639804
A894,2021-07-01,-28.75,-51.75,4,7.0,6.8486829636810755,3.873445063574386,1.768111552190484,1.8071767858094914
A894,2021-07-02,-28.75,-51.75,4,7.1,7.771015113319527,4.029676903516694,1.9284462003734772,1.7619278592295673
A894,2021-07-03,-28.75,-51.75,4,4.6,4.658615017028741,2.279381419683811,2.0438066998348043,2.0180913822830484
A894,2021-07-04,-28.75,-51.75,4,3.3,6.65664012378416,3.118045450883763,2.13487591141349,1.0583553229041816
A894,2021-07-05,-28.75,-51.75,4,5.6,5.5215532097944395,3.0769374379951535,1.7944964176431644,1.8199915054655136
A894,2021-07-06,-28.75,-51.75,4,4.5,4.11326111993938,3.2115524228813936,1.2807703497640486,1.4011915134683106
A894,2021-07-07,-28.75,-51.75,4,8.7,11.269799189356977,5.661270840450826,1.9906836304018842,1.536757425176851
A894,2021-07-08,-28.75,-51.75,4,5.0,3.5156014628363557,2.345970429057896,1.4985702374126533,2.1313141623903245
A894,2021-07-09,-28.75,-51.75,4,6.8,6.025582474514514,3.388232828804512,1.7783850104069003,2.0069459047179117
A894,2021-07-10,-28.75,-51.75,4,6.2,9.499252329688954,4.333689209221458,2.19195513824017,1.4306517382020163
A894,2021-07-11,-28.75,-51.75,4,5.1,5.698968006909586,3.2958921591027823,1.7291124016815453,1.5473807254022343
A894,2021-07-12,-28.75,-51.75,4,7.3,6.530680726073505,4.111508400491659,1.588390461586448,1.7755040945865652
A894,2021-07-13,-28.75,-51.75,4,7.3,7.476877854662229,4.161595938094163,1.7966371473551384,1.754134737872484
A894,2021-07-14,-28.75,-51.75,4,7.3,5.918689917685443,3.6279905865064475,1.6313961617482615,2.0121331149950676
A894,2021-07-15,-28.75,-51.75,4,6.6,7.979136431116399,3.739816226754853,2.13356377621799,1.7647925993751332
A894,2021-07-16,-28.75,-51.75,4,4.9,4.305607799270891,3.0249026985876384,1.4233872055723409,1.619886815628108
A894,2021-07-17,-28.75,-51.75,4,7.3,6.710401253390831,4.892949156578805,1.371443078325957,1.4919427458560037
A894,2021-07-18,-28.75,-51.75,4,14.3,15.922038885700037,7.529928237716897,2.1145007472910073,1.8990884837882354
A894,2021-07-19,-28.75,-51.75,4,8.6,10.554684497677973,5.920950485761556,1.7825996895362357,1.4524695014222642
A894,2021-07-20,-28.75,-51.75,4,4.1,4.2006534264769435,2.1772901495180395,1.9293034634850075,1.8830747022428624
A894,2021-07-21,-28.75,-51.75,4,3.7,5.99044683614811,2.5585083084545803,2.341382600303741,1.4461551630586327
A894,2021-07-22,-28.75,-51.75,4,2.8,5.722168389562422,2.4035474880272676,2.3807178423002333,1.1649447385365055
A894,2021-07-23,-28.75,-51.75,4,4.9,7.8014499450474375,3.5879071095237958,2.1743734458283908,1.3656986790414292
A894,2021-07-24,-28.75,-51.75,4,5.8,8.305474824313997,3.822424864887492,2.1728287979202587,1.517361414550843
A894,2021-07-25,-28.75,-51.75,4,8.4,8.322165826423493,5.162797455609196,1.6119489284596582,1.6270248973013068
A894,2021-07-26,-28.75,-51.75,4,10.1,9.116209755512884,4.942440974160515,1.844475190128354,2.043524657715413
A894,2021-07-27,-28.75,-51.75,4,11.4,12.384431989254425,6.228380536158752,1.988387176627508,1.830331325104095
A894,2021-07-28,-28.75,-51.75,4,12.6,16.462548022974072,7.2583483192569265,2.268084597056018,1.7359321219913464
A894,2021-07-29,-28.75,-51.75,4,12.1,9.156720122243652,4.994259183198662,1.8334491235553112,2.422781749234396
A894,2021-07-30,-28.75,-51.75,4,5.8,4.400727434447552,2.0907012053857517,2.1049050065648105,2.774188863075655
A894,2021-07-31,-28.75,-51.75,4,8.0,10.03985907369271,4.450719619632374,2.255783318591072,1.7974621372938324
A894,2021-08-01,-28.75,-51.75,4,4.1,6.882068500116158,2.9307455538463136,2.3482313198715334,1.3989614330794276
A894,2021-08-02,-28.75,-51.75,4,6.2,4.940456270630825,3.4406040930375346,1.4359269875393152,1.802009133380509
A894,2021-08-03,-28.75,-51.75,4,5.8,5.921011743614281,3.250956739105675,1.821313606665565,1.784090181893825
A894,2021-08-04,-28.75,-51.75,4,5.5,6.526831546615426,2.9784271099664856,2.1913685665750164,1.8466122543659926
A894,2021-08-05,-28.75,-51.75,4,7.6,9.75290659930432,4.86656421452786,2.0040640931418428,1.5616767117368304
A894,2021-08-06,-28.75,-51.75,4,6.3,9.656128141471282,5.111063129705025,1.8892601982062713,1.2326202670800492
A894,2021-08-07,-28.75,-51.75,4,7.8,9.04296827369565,5.280075954281909,1.7126587480928566,1.4772514765956244
A894,2021-08-08,-28.75,-51.75,4,5.5,9.798863898900652,4.2545460259786525,2.303151461770041,1.292734869106243
A894,2021-08-09,-28.75,-51.75,4,9.7,8.740743810583835,4.975198149918017,1.7568634549214623,1.9496710900167542
A894,2021-08-10,-28.75,-51.75,4,6.7,8.818035241973865,3.437726577151512,2.565077542984951,1.9489624464408675
A894,2021-08-11,-28.75,-51.75,4,6.5,5.4405911774291695,3.463885277319617,1.570661480347624,1.8765055651698008
A894,2021-08-12,-28.75,-51.75,4,4.9,7.417877776009348,4.029654616482516,1.8408222247306172,1.2159851070008596
A894,2021-08-13,-28.75,-51.75,4,7.9,9.359955769043951,5.0038222077687635,1.8705612190840841,1.5787931049458013
A894,2021-08-14,-28.75,-51.75,4,5.4,6.465644282912859,4.462270489570955,1.4489583941681956,1.210146272535623
A894,2021-08-15,-28.75,-51.75,4,4.3,3.8612217248310476,3.2376581400744415,1.1925971049995627,1.3281204543420797
A894,2021-08-16,-28.75,-51.75,4,4.3,3.693120735379736,2.6164921637531333,1.4114778505899561,1.643421700079552
A894,2021-08-17,-28.75,-51.75,4,5.9,7.061947239322439,3.2772504758932,2.15483903084879,1.8002896157615118
A894,2021-08-18,-28.75,-51.75,4,6.9,9.065348276905038,3.8759588860257446,2.338865953813119,1.7802046417151212
A894,2021-08-19,-28.75,-51.75,4,14.3,11.685827214455246,6.227629555713508,1.876448672791422,2.296218789520089
A894,2021-08-20,-28.75,-51.75,4,9.2,9.703483419470901,4.9896390557952195,1.9447265244969543,1.8438207447720398
A894,2021-08-21,-28.75,-51.75,4,6.4,6.3011225117704095,2.7383138416002986,2.301095811606448,2.337204707061545
A894,2021-08-22,-28.75,-51.75,4,11.2,14.849467296012625,6.443772218504304,2.3044680650520277,1.7381123385828943
A894,2021-08-23,-28.75,-51.75,4,6.7,8.205583288393662,4.494209865351051,1.825812219330507,1.4908071053056289
A894,2021-08-24,-28.75,-51.75,4,7.9,9.704902689869549,4.561102996385357,2.127753461730774,1.7320371862377797
A894,2021-08-25,-28.75,-51.75,4,9.8,9.299957131082435,4.737509154443849,1.9630478438989287,2.068597585886977
A894,2021-08-26,-28.75,-51.75,4,8.9,9.92129533137531,6.562502138334023,1.5118159388354822,1.356190034287651
A894,2021-08-27,-28.75,-51.75,4,4.7,6.020213951675753,3.294474060593974,1.8273672340253135,1.426631357101236
A894,2021-08-28,-28.75,-51.75,4,8.0,9.18937681404118,5.719090958308063,1.6067897644977776,1.3988237043823346
A894,2021-08-29,-28.75,-51.75,4,6.6,8.660769105625567,4.011321857744028,2.1590810742113806,1.645342915392944
A894,2021-08-30,-28.75,-51.75,4,8.7,6.740776041201668,4.83544019398564,1.39403565565466,1.7992157179032284
A894,2021-08-31,-28.75,-51.75,4,7.4,9.483096199834263,5.19403360677145,1.8257672009420909,1.4247116134082454
A894,2021-09-01,-28.75,-51.75,4,8.6,7.734210118932258,5.145354335117365,1.5031443152798614,1.6714106434428553
A894,2021-09-02,-28.75,-51.75,4,7.1,8.074793830491105,4.220987871248218,1.9130104318691754,1.6820706944842296
A894,2021-09-03,-28.75,-51.75,4,6.4,5.456210282709707,3.887684912052008,1.4034600041261565,1.646223946842939
A894,2021-09-04,-28.75,-51.75,4,9.7,6.434681885146521,2.1380910980265653,3.009545239249002,4.536757114303031
A894,2021-09-05,-28.75,-51.75,4,8.5,8.525959131061168,4.034289478281121,2.113373166938383,2.106938544137783
A894,2021-09-06,-28.75,-51.75,4,4.9,6.226152279129276,2.467265776183088,2.523502874814429,1.986004121364016
A894,2021-09-07,-28.75,-51.75,4,8.1,7.986149712557388,6.020175190115302,1.3265643374747758,1.3454757950067004
A894,2021-09-08,-28.75,-51.75,4,12.6,22.398194226358427,8.380857243859339,2.672542148688859,1.5034261571788532
A894,2021-09-09,-28.75,-51.75,4,13.0,16.06906717201293,7.557188074987351,2.126328868960936,1.7202165502572542
A894,2021-09-10,-28.75,-51.75,4,10.3,10.586469926922396,5.362387849674011,1.9742081743613464,1.9207860917084085
A894,2021-09-11,-28.75,-51.75,4,4.2,3.6002832552727004,1.9741612128262633,1.8237027613962875,2.1274858267462187
A894,2021-09-12,-28.75,-51.75,4,6.5,7.990569367194644,3.815774201774096,2.094088629112155,1.703455093589633
A894,2021-09-13,-28.75,-51.75,4,9.5,14.328891828869995,6.464142647499612,2.2166732094646053,1.4696457856904945
A894,2021-09-14,-28.75,-51.75,4,15.8,8.607930113740201,4.394971709562844,1.9585860120579497,3.595017452699732
A894,2021-09-15,-28.75,-51.75,4,6.5,6.419333654832938,3.920802523560973,1.6372499293850524,1.657823866654864
A894,2021-09-16,-28.75,-51.75,4,5.9,5.604198171983552,3.1617913373379904,1.7724756551145147,1.866030794102748
A894,2021-09-17,-28.75,-51.75,4,4.3,7.309579504876771,4.15209907290162,1.760454020132184,1.0356207606084462
A894,2021-09-18,-28.75,-51.75,4,5.6,8.580791104428593,4.690894572699072,1.8292440751852863,1.1938021443909452
A894,2021-09-19,-28.75,-51.75,4,5.7,8.325530301984726,2.8260130410058277,2.9460339287824104,2.0169758303632137
A894,2021-09-20,-28.75,-51.75,4,8.4,9.532059835711204,5.80859822659971,1.6410258488976555,1.4461320394881692
A894,2021-09-21,-28.75,-51.75,4,9.6,10.921257760115429,6.1972326157921875,1.7622797847357183,1.5490785315265818
A894,2021-09-22,-28.75,-51.75,4,9.5,9.972282013020074,5.2782457176146105,1.889317501786717,1.7998404220357744
A894,2021-09-23,-28.75,-51.75,4,7.2,7.9185198667429555,4.588990668396878,1.7255471712495807,1.5689724648133256
A894,2021-09-24,-28.75,-51.75,4,5.4,4.660470353905323,3.5124541021005906,1.3268416379072887,1.5373866371009888
A894,2021-09-25,-28.75,-51.75,4,5.3,6.060788767523302,3.4428846499379455,1.7603810129487032,1.539406787879323
A894,2021-09-26,-28.75,-51.75,4,5.4,5.789005010254052,3.0756966969407302,1.8821768141221917,1.7556997753943553
A894,2021-09-27,-28.75,-51.75,4,7.2,10.27414925008362,3.945697035586286,2.6038870084096555,1.8247726409461038
A894,2021-09-28,-28.75,-51.75,4,7.1,11.307699437708676,5.0497267998928095,2.2392695458195293,1.4060166581983626
A894,2021-09-29,-28.75,-51.75,4,7.1,6.0635012956273675,4.5821629113641835,1.3232836572853683,1.5494865934145094
A894,2021-09-30,-28.75,-51.75,4,10.0,10.666516355715629,6.510236756576774,1.6384221887076682,1.5360424472885408
A894,2021-10-01,-28.75,-51.75,4,6.8,12.020717010633733,6.0288273834296575,1.9938731441661266,1.1279141974921896
A894,2021-10-02,-28.75,-51.75,4,5.7,4.78929063327677,2.8728199824799883,1.667104330408608,1.984113183130752
A894,2021-10-03,-28.75,-51.75,4,6.8,4.2201750361788175,3.6148330238287545,1.1674605737968216,1.8811380650710068
A894,2021-10-04,-28.75,-51.75,4,5.4,5.784789398468856,3.8927608018917144,1.4860377230621766,1.3871902936794454
A894,2021-10-05,-28.75,-51.75,4,5.5,5.728602593846414,2.723990973542542,2.103018199945202,2.019096264789478
A894,2021-10-06,-28.75,-51.75,4,5.4,6.326876027846937,4.088757125807247,1.547383675081414,1.3206947328606304
A894,2021-10-07,-28.75,-51.75,4,6.0,10.134218461174232,4.34891333085904,2.3302875201636684,1.3796549950593797
A894,2021-10-08,-28.75,-51.75,4,5.7,7.348006044101437,3.2738654174474013,2.244443526890791,1.7410611840129429
A894,2021-10-09,-28.75,-51.75,4,7.6,7.991265061573386,4.083946501958987,1.9567506718660825,1.8609450433188661
A894,2021-10-10,-28.75,-51.75,4,7.5,9.305354497543714,4.701387982285635,1.9792781477736725,1.59527357203006
A894,2021-10-11,-28.75,-51.75,4,9.7,12.482987310688973,6.0285960555102776,2.070629246966917,1.6089981665190476
A894,2021-10-12,-28.75,-51.75,4,6.7,9.897290185998813,5.253950005587527,1.8837808078632527,1.2752310153074569
A894,2021-10-13,-28.75,-51.75,4,8.4,10.455075722300737,5.49668222690423,1.9020702472351414,1.5281945823400707
A894,2021-10-14,-28.75,-51.75,4,9.3,28.49743769239271,10.462754045567117,2.723703297265845,0.8888673058256823
A894,2021-10-15,-28.75,-51.75,4,7.0,18.613855616796787,5.999878981870493,3.1023718433390504,1.166690198444255
A894,2021-10-16,-28.75,-51.75,4,7.7,7.048082448307882,5.960658999286796,1.1824334271011308,1.2918034735624566
A894,2021-10-17,-28.75,-51.75,4,5.2,5.387642126347477,3.918473134260275,1.3749340474589091,1.3270475059622044
A894,2021-10-18,-28.75,-51.75,4,7.5,6.834234514251617,4.295412158130849,1.5910544233374657,1.746048975952899
A894,2021-10-19,-28.75,-51.75,4,6.3,6.74875915591264,4.306777925448996,1.5670088573719665,1.4628105068461834
A894,2021-10-20,-28.75,-51.75,4,6.5,6.172665234686336,4.037292491685564,1.5289120734745818,1.6099898665717576
A894,2021-10-21,-28.75,-51.75,4,8.3,9.18563947100793,4.48710201013778,2.047120714049886,1.8497462240099916
A894,2021-10-22,-28.75,-51.75,4,7.9,7.117489232628755,2.492414537483787,2.8556602947013,3.169617204999708
A894,2021-10-23,-28.75,-51.75,4,10.5,10.415954572526903,5.864051805104854,1.7762384983467345,1.7905708116117593
A894,2021-10-24,-28.75,-51.75,4,9.6,10.41964617810006,5.123144381385463,2.0338380889593926,1.8738491998938847
A894,2021-10-25,-28.75,-51.75,4,8.4,9.516687248186264,4.78949569168205,1.9869915040771329,1.7538380950187173
A894,2021-10-26,-28.75,-51.75,4,4.7,5.5746464985115045,1.9994640151936927,2.7880704309507043,2.3506299509694855
A894,2021-10-27,-28.75,-51.75,4,6.9,6.698213634689533,3.902072229344808,1.716578587222672,1.7682912038659444
A894,2021-10-28,-28.75,-51.75,4,6.1,8.235210881887054,3.898698572622144,2.1122974060413977,1.5646246783057476
A894,2021-10-29,-28.75,-51.75,4,7.4,8.27580076997238,4.254226875329116,1.9453125121194073,1.7394464886002396
A894,2021-10-30,-28.75,-51.75,4,9.2,12.077351331655006,5.218318819252255,2.314414229942661,1.763019914777512
A894,2021-10-31,-28.75,-51.75,4,9.8,11.04694600786407,4.676918848185202,2.362013617608663,2.095396631438821
A894,2021-11-01,-28.75,-51.75,4,6.6,8.390439120489063,4.399352222477959,1.907198763858717,1.5002208657624858
A894,2021-11-02,-28.75,-51.75,4,5.1,7.43756526712732,3.1403875380537487,2.3683590566458372,1.6240033875439202
A894,2021-11-03,-28.75,-51.75,4,13.3,8.270583668433657,4.5864824105036694,1.803252019345565,2.899825794500201
A894,2021-11-04,-28.75,-51.75,4,6.4,8.575829223605766,3.073507389983065,2.7902419403823258,2.082311570441763
A894,2021-11-05,-28.75,-51.75,4,7.7,6.511113310276455,3.9719101412717452,1.6392901849969082,1.938613847274646
A894,2021-11-06,-28.75,-51.75,4,8.0,11.832825273263374,5.514127388724811,2.1459107559718196,1.4508188578229544
A894,2021-11-07,-28.75,-51.75,4,6.5,6.81006727791743,4.068883001958402,1.6736945433524786,1.5974900229059112
A894,2021-11-08,-28.75,-51.75,4,7.1,6.287571075445944,3.9989831713394746,1.5722924568697043,1.7754513324500507
A894,2021-11-09,-28.75,-51.75,4,7.6,6.818264661940063,4.698719590428285,1.4510899258235122,1.6174619178130751
A894,2021-11-10,-28.75,-51.75,4,7.8,8.449983681523188,5.0687932223158825,1.6670602470665536,1.538827815200608
A894,2021-11-11,-28.75,-51.75,4,7.6,7.642638045564228,4.420667735093219,1.728842451762113,1.7191972922252972
A894,2021-11-12,-28.75,-51.75,4,7.3,7.155233768251061,4.132192149621665,1.7315830215945256,1.7666167824911947
A894,2021-11-13,-28.75,-51.75,4,6.0,8.636797398394677,4.7353850029846125,1.8238849413407963,1.267056426503511
A894,2021-11-14,-28.75,-51.75,4,8.2,10.51197311218165,5.635565946213979,1.8652914742739692,1.4550446358468805
A894,2021-11-15,-28.75,-51.75,4,6.5,8.418507635906211,4.441515707994351,1.8954132303874582,1.463464372826725
A894,2021-11-16,-28.75,-51.75,4,15.1,9.590378233441582,4.929782026439939,1.9453959996619385,3.063015751814999
A894,2021-11-17,-28.75,-51.75,4,6.6,8.698523816261998,4.5753535474876275,1.9011697622883033,1.442511476216767
A894,2021-11-18,-28.75,-51.75,4,4.7,7.125075422445848,3.676422097861486,1.9380460765346792,1.2784168615279274
A894,2021-11-19,-28.75,-51.75,4,5.3,7.0462173455982136,4.264299229384413,1.6523740400401952,1.2428771328894521
A894,2021-11-20,-28.75,-51.75,4,5.5,6.467257059425209,2.894963878896739,2.233968135688746,1.899850992992711
A894,2021-11-21,-28.75,-51.75,4,6.0,4.91260596103902,2.781849373719578,1.7659496619223607,2.1568385609525187
A894,2021-11-22,-28.75,-51.75,4,8.1,7.288407500990483,3.0475043032450553,2.3915987561460086,2.6579125717312118
A894,2021-11-23,-28.75,-51.75,4,9.4,10.583327754037429,4.5388746435340215,2.331707435259134,2.07099793191932
A894,2021-11-24,-28.75,-51.75,4,5.4,7.767024141727333,3.4432128141344145,2.2557490811615364,1.5683027136263432
A894,2021-11-25,-28.75,-51.75,4,13.3,10.858393734485148,5.191558515097672,2.0915479817684117,2.56185112068409
A894,2021-11-26,-28.75,-51.75,4,11.4,14.463798225916438,6.053801186528546,2.389209321591624,1.8831143687652458
A894,2021-11-27,-28.75,-51.75,4,6.3,9.152974806500906,4.116502186572566,2.2234835284083134,1.5304255201296109
A894,2021-11-28,-28.75,-51.75,4,4.8,7.094741241615281,3.182906746055645,2.2290132283665867,1.5080554923414915
A894,2021-11-29,-28.75,-51.75,4,13.5,17.280600599504798,7.823255267803137,2.2088759739981483,1.7256243773048916
A894,2021-11-30,-28.75,-51.75,4,10.3,8.536866664975493,5.188549283246971,1.645328240889939,1.985140631362435
A894,2021-12-01,-28.75,-51.75,4,7.0,8.829568089915922,4.344911776857551,2.032162801773133,1.6110798928724706
A894,2021-12-02,-28.75,-51.75,4,6.9,7.81149449780423,5.573355222348341,1.4015784363575603,1.238033415191626
A894,2021-12-03,-28.75,-51.75,4,6.5,7.595029327986493,3.65865252243272,2.0759088985407086,1.7766103668347286
A894,2021-12-04,-28.75,-51.75,4,6.1,7.502989853632805,4.96083133513044,1.5124460693714599,1.2296326135505686
A894,2021-12-05,-28.75,-51.75,4,9.2,8.864894266189248,4.555503706266609,1.9459745481042166,2.019535180565074
A894,2021-12-06,-28.75,-51.75,4,11.4,10.08575439067859,5.97662864357057,1.687532385256772,1.9074298705615058
A894,2021-12-07,-28.75,-51.75,4,8.0,7.727376520080525,4.300838415319669,1.7967139831516248,1.8601024329358309
A894,2021-12-08,-28.75,-51.75,4,7.5,6.914253805221189,4.56067307410448,1.5160599527469638,1.6444941082457827
A894,2021-12-09,-28.75,-51.75,4,7.6,7.340612850218533,4.5695557091259795,1.606417191841737,1.6631813865015017
A894,2021-12-10,-28.75,-51.75,4,7.2,7.458887266329341,4.173614904758315,1.7871527288791078,1.7251232239446241
A894,2021-12-11,-28.75,-51.75,4,9.9,8.510075123651989,4.086022314192927,2.0827284995708357,2.422894257236932
A894,2021-12-12,-28.75,-51.75,4,6.7,7.102183136489929,2.364066531856831,3.004223037205131,2.834099594793365
A894,2021-12-13,-28.75,-51.75,4,7.6,9.07521137575085,3.975009383902639,2.2830666545095966,1.9119451719478378
A894,2021-12-14,-28.75,-51.75,4,6.3,8.606147067307337,3.40122560984886,2.530307616873956,1.8522734809937975
A894,2021-12-15,-28.75,-51.75,4,8.0,9.182939115192067,3.731468428048719,2.4609451459285325,2.1439280954022184
A894,2021-12-16,-28.75,-51.75,4,8.6,8.759004733176774,4.460732529662229,1.9635798996986744,1.9279344687925506
A894,2021-12-17,-28.75,-51.75,4,9.1,7.679890214723449,4.891936361458318,1.5699080378948398,1.8602040843571463
A894,2021-12-18,-28.75,-51.75,4,7.8,7.812677664115208,4.286422868981249,1.822656770672755,1.8196991380493033
A894,2021-12-19,-28.75,-51.75,4,7.8,8.90210021761916,4.613746072659265,1.9294733774735418,1.6906001928069365
A894,2021-12-20,-28.75,-51.75,4,21.3,7.86818355968519,4.402253076624221,1.7873083220646524,4.838431509788046
A894,2021-12-21,-28.75,-51.75,4,9.3,8.949750023641402,4.214320688968231,2.1236518727843943,2.206761346934153
A894,2021-12-22,-28.75,-51.75,4,11.8,9.100291439807517,5.1980312986968995,1.7507188619831664,2.2700902172247703
A894,2021-12-23,-28.75,-51.75,4,8.2,8.690033245613225,5.426343327101743,1.601452897794185,1.5111465503933916
A894,2021-12-24,-28.75,-51.75,4,6.6,8.42129461932181,4.288332023424706,1.96376926350877,1.5390599337803073
A894,2021-12-25,-28.75,-51.75,4,10.1,8.007171069339185,4.084154407149935,1.960545628569138,2.4729721242464313
A894,2021-12-26,-28.75,-51.75,4,19.0,7.048731536659541,3.923701607814655,1.796449435049013,4.842366188641506
A894,2021-12-27,-28.75,-51.75,4,7.4,8.683696143677771,4.400162718476834,1.9734943226562607,1.6817559880061874
A894,2021-12-28,-28.75,-51.75,4,7.9,6.741938553587545,5.819402094578738,1.1585277050830063,1.3575277789035258
A894,2021-12-29,-28.75,-51.75,4,6.5,8.024306242735703,4.725088655515067,1.69823400739155,1.3756355645122718
A894,2021-12-30,-28.75,-51.75,4,9.0,10.627370722860185,5.176229477875767,2.053110428794488,1.7387173498523951
A894,2021-12-31,-28.75,-51.75,4,9.1,8.101807233447012,4.084956614956904,1.9833276083722826,2.227685838003938
A894,2022-01-01,-28.75,-51.75,4,7.1,7.83680574098673,3.213663415235775,2.438589462677681,2.2093166217530276
A894,2022-01-02,-28.75,-51.75,4,9.9,7.905174353125863,4.662489221375411,1.6954836735888208,2.1233293054304476
A894,2022-01-03,-28.75,-51.75,4,9.6,8.739065016642549,4.076664989185061,2.1436799540375078,2.354866054843293
A894,2022-01-04,-28.75,-51.75,4,6.0,9.964817008419733,3.2666595888614864,3.050460795608251,1.8367386734934177
A894,2022-01-05,-28.75,-51.75,4,10.3,11.036824818892132,5.463278474574173,2.020183461314844,1.8853148430810713
A894,2022-01-06,-28.75,-51.75,4,6.4,10.562337979396553,4.892574642112581,2.1588506567650048,1.3081047236177727
A894,2022-01-07,-28.75,-51.75,4,7.3,8.479481302021302,4.325939062546008,1.960148115685834,1.6874948755527832
A894,2022-01-08,-28.75,-51.75,4,7.7,6.650730498414438,3.435821037328022,1.9357034100898909,2.241094607764599
A894,2022-01-09,-28.75,-51.75,4,10.2,8.390024804762977,4.25695579732104,1.9708977974455202,2.3960784385919625
A894,2022-01-10,-28.75,-51.75,4,8.1,6.67899109481411,3.955155981881095,1.6886795679895141,2.0479596853086925
A894,2022-01-11,-28.75,-51.75,4,8.2,6.485013001113603,4.200478357563371,1.5438748754500078,1.9521586119435894
A894,2022-01-12,-28.75,-51.75,4,8.0,5.264971218651178,4.804371097854227,1.095871053966391,1.6651503052237233
A894,2022-01-13,-28.75,-51.75,4,7.0,6.198492394165598,3.482784343471591,1.779751998077213,2.00988614558388
A894,2022-01-14,-28.75,-51.75,4,11.7,10.649928632399497,4.229908553246085,2.5177680553463992,2.7660172442785487
A894,2022-01-15,-28.75,-51.75,4,11.4,11.290962130457936,3.7066560304175153,3.046131617771431,3.075548393605843
A894,2022-01-16,-28.75,-51.75,4,12.9,11.617155375391702,5.216703398949632,2.226915062437857,2.472826038489629
A894,2022-01-17,-28.75,-51.75,4,10.6,12.25806874896062,4.953138824732783,2.474808234275955,2.140057118340885
A894,2022-01-18,-28.75,-51.75,4,9.9,9.034968697252902,4.216350371049435,2.1428410597205967,2.3480022125238906
A894,2022-01-19,-28.75,-51.75,4,6.7,8.203547714404214,3.88253333496855,2.112936839593334,1.7256773920408008
A894,2022-01-20,-28.75,-51.75,4,12.0,9.38494257997958,3.9528931182028977,2.374195886238951,3.0357511931553454
A894,2022-01-21,-28.75,-51.75,4,7.0,10.020931137134836,4.465759803847749,2.2439476320470013,1.5674824234766773
A894,2022-01-22,-28.75,-51.75,4,7.4,8.432207518206749,4.505315405962558,1.8716131410127572,1.6425043161698452
A894,2022-01-23,-28.75,-51.75,4,18.5,9.169263814620662,4.295334320774632,2.1347031755532946,4.3069988546697475
A894,2022-01-24,-28.75,-51.75,4,10.5,9.794826806530654,4.554623988201115,2.150523694580373,2.3053494706040616
A894,2022-01-25,-28.75,-51.75,4,7.2,8.350225699101673,3.7264733641863512,2.240785021933166,1.9321216862023831
A894,2022-01-26,-28.75,-51.75,4,11.6,12.8995538209982,4.518015146789245,2.8551373560943785,2.5674991391393656
A894,2022-01-27,-28.75,-51.75,4,7.2,11.929733356614104,4.9082520288612805,2.4305462079912417,1.4669173379164084
A894,2022-01-28,-28.75,-51.75,4,6.4,9.242250733896155,4.500096897922499,2.053789272440534,1.4221915983530498
A894,2022-01-29,-28.75,-51.75,4,6.9,7.034994484667895,3.3336259648781,2.1103130821472176,2.0698182917627688
A894,2022-01-30,-28.75,-51.75,4,7.6,8.948787723875384,3.669610748183404,2.4386204254239696,2.0710643502890016
A894,2022-01-31,-28.75,-51.75,4,7.8,9.762292092590396,4.194414553110906,2.3274504627469206,1.859615901393178
A894,2022-02-01,-28.75,-51.75,4,6.6,6.410381764695756,3.7275401212669768,1.7197351486902015,1.770604684398859
A894,2022-02-02,-28.75,-51.75,4,6.2,8.185404905655128,4.308976295297797,1.8996170655632318,1.4388568363130232
A894,2022-02-03,-28.75,-51.75,4,7.6,10.279520565612337,4.944609471247256,2.0789347723793794,1.5370273515418666
A894,2022-02-04,-28.75,-51.75,4,7.5,7.053475800212659,3.4267368867723884,2.05836515416165,2.188671102514725
A894,2022-02-05,-28.75,-51.75,4,9.4,9.920279855016163,4.832902384692221,2.0526547125052117,1.9450010059738938
A894,2022-02-06,-28.75,-51.75,4,9.5,9.306211223002522,4.735521648336525,1.9651924147092792,2.0061147863904543
A894,2022-02-07,-28.75,-51.75,4,9.7,6.041317271635759,3.6814457855095792,1.641017584834413,2.634834400707423
A894,2022-02-08,-28.75,-51.75,4,7.3,6.1831100435490125,3.597402644978252,1.7187706391944326,2.029241850419591
A894,2022-02-09,-28.75,-51.75,4,6.7,5.37006855506445,4.463717002340921,1.2030486144726935,1.5009912134855992
A894,2022-02-10,-28.75,-51.75,4,8.1,6.943953756968509,4.24464411114618,1.6359330900638063,1.9082871939086452
A894,2022-02-11,-28.75,-51.75,4,11.5,9.450685134612346,4.6421989873676885,2.035820773803421,2.4772742468157225
A894,2022-02-12,-28.75,-51.75,4,11.4,10.080359750251246,4.038733687853882,2.4959208824704127,2.8226669251019065
A894,2022-02-13,-28.75,-51.75,4,8.6,8.728820184528589,3.937939478955527,2.2165958190001853,2.1838832328324678
A894,2022-02-14,-28.75,-51.75,4,6.6,5.433646275802838,2.7012815082571793,2.0115068567246563,2.4432847816213745
A894,2022-02-15,-28.75,-51.75,4,6.5,5.4831234582879045,3.295602082562946,1.6637698729768224,1.9723254923255287
A894,2022-02-16,-28.75,-51.75,4,5.9,6.6692226919592,3.766460519939752,1.7706870035281506,1.566457412407545
A894,2022-02-17,-28.75,-51.75,4,6.7,6.510709532636252,3.95666761439129,1.6455032788084945,1.6933441605331196
A894,2022-02-18,-28.75,-51.75,4,8.3,5.690002000489218,4.66843444676418,1.2188244400503716,1.777897943014485
A894,2022-02-19,-28.75,-51.75,4,7.7,7.324857504903083,3.9211139582905394,1.8680552472635734,1.9637276758354953
A894,2022-02-20,-28.75,-51.75,4,9.3,9.305257184438778,4.950489666289943,1.8796639952209897,1.8786020428095793
A894,2022-02-21,-28.75,-51.75,4,6.9,7.394299806920377,2.957986187131676,2.4997749614546176,2.3326680935893243
A894,2022-02-22,-28.75,-51.75,4,7.8,7.650666481997863,4.200395678054028,1.821415663760107,1.8569679139403379
A894,2022-02-23,-28.75,-51.75,4,7.1,7.155045256614734,3.4746994298843377,2.0591839383508646,2.04334220650456
A894,2022-02-24,-28.75,-51.75,4,6.2,6.334082089105403,3.796377671927071,1.6684541519522142,1.633135724574218
A894,2022-02-25,-28.75,-51.75,4,12.7,7.212567147142347,4.454827275696829,1.6190452964338893,2.850840046994516
A894,2022-02-26,-28.75,-51.75,4,5.9,5.834355510310318,2.73181118942348,2.1357096467349916,2.1597393051329923
A894,2022-02-27,-28.75,-51.75,4,8.2,13.747518687331723,5.282578600837476,2.602425770844613,1.552272217719583
A894,2022-02-28,-28.75,-51.75,4,9.2,10.673093191401316,3.095167907467892,3.4483083019986482,2.97237509403048
A894,2022-03-01,-28.75,-51.75,4,5.3,7.263516596543074,3.8689855883473103,1.8773697732086367,1.3698681163255422
A894,2022-03-02,-28.75,-51.75,4,9.7,9.121370296477046,3.1803216627659605,2.868065329135321,3.0500059517765266
A894,2022-03-03,-28.75,-51.75,4,6.2,5.6888762683534315,3.2332046942775046,1.7595162714016392,1.917602065521391
A894,2022-03-04,-28.75,-51.75,4,7.9,10.004795135113584,4.186055669847749,2.390029164489699,1.8872180933722102
A894,2022-03-05,-28.75,-51.75,4,7.7,11.770780135204609,3.8031672377141676,3.094994092944292,2.0246282949755217
A894,2022-03-06,-28.75,-51.75,4,10.4,10.300774451554936,4.392903641784605,2.344866924367655,2.3674546150015323
A894,2022-03-07,-28.75,-51.75,4,14.4,13.469581105407437,5.389529270006225,2.4992129053585934,2.6718474431781623
A894,2022-03-08,-28.75,-51.75,4,6.4,7.35899782921611,4.032640909727807,1.824858199366138,1.5870493166305712
A894,2022-03-09,-28.75,-51.75,4,13.3,8.566555759320806,4.2446973914549275,2.0181782043088123,3.1333211236151857
A894,2022-03-10,-28.75,-51.75,4,11.5,13.02182809851014,3.9694322640314037,3.2805265923054225,2.8971397507411956
A894,2022-03-11,-28.75,-51.75,4,6.4,7.473473332846066,5.102956662269357,1.4645378801869946,1.254174868330908
A894,2022-03-12,-28.75,-51.75,4,6.4,9.866005889789328,4.598088485427452,2.145675517349718,1.391882740030619
A894,2022-03-13,-28.75,-51.75,4,4.0,7.393679429242247,3.190156940056943,2.3176538233602617,1.253856808664906
A894,2022-03-14,-28.75,-51.75,4,4.7,8.066376528418003,3.5061887722488603,2.3006110202230357,1.3404868663090928
A894,2022-03-15,-28.75,-51.75,4,7.6,6.603044533210542,3.2196408615589203,2.0508636885709697,2.3605117237579565
A894,2022-03-16,-28.75,-51.75,4,8.5,9.232279990273424,3.759316804682223,2.4558398427008425,2.2610491324948363
A894,2022-03-17,-28.75,-51.75,4,7.2,7.668906432546345,2.5096795220392836,3.0557313653796094,2.8688921978968516
A894,2022-03-18,-28.75,-51.75,4,15.6,8.602908374340153,4.269552254014384,2.014943924448142,3.6537789144827375
A894,2022-03-19,-28.75,-51.75,4,5.8,8.448497284149306,5.239984191094266,1.6123135063094545,1.1068735684083781
A894,2022-03-20,-28.75,-51.75,4,9.7,7.111731590559589,5.854389822373591,1.2147690547323724,1.656876343104063
A894,2022-03-21,-28.75,-51.75,4,8.1,6.725727263341536,4.982183531189855,1.349955741541156,1.6257931786919824
A894,2022-03-22,-28.75,-51.75,4,10.4,13.801534909761974,6.523263514666277,2.1157408218649967,1.5942940181118919
A894,2022-03-23,-28.75,-51.75,4,9.6,17.22523298817499,6.020230554854456,2.861224803805113,1.5946233142614397
A894,2022-03-24,-28.75,-51.75,4,14.6,14.781447119636962,5.725457478462697,2.5817058593553344,2.5500145717473996
A894,2022-03-25,-28.75,-51.75,4,10.4,9.365917353072376,4.753225916635319,1.9704338731920104,2.1879877334679434
A894,2022-03-26,-28.75,-51.75,4,10.6,9.33729255451831,5.702204706150724,1.6374881358514843,1.8589301062036994
A894,2022-03-27,-28.75,-51.75,4,4.3,6.265838635733837,2.1451825360668004,2.9208883301941633,2.004491425649989
A894,2022-03-28,-28.75,-51.75,4,4.9,5.502977411434373,2.3916871608316317,2.300876762461229,2.0487629319781875
A894,2022-03-29,-28.75,-51.75,4,7.6,11.54375252658511,5.188544194539801,2.2248538498974826,1.4647653975845305
A894,2022-03-30,-28.75,-51.75,4,10.1,11.646193207742447,6.5517792134376815,1.7775619153734816,1.5415659885615387
A894,2022-03-31,-28.75,-51.75,4,6.6,6.993144108138229,3.761207725907291,1.8592815440554589,1.7547555149743626
A894,2022-04-01,-28.75,-51.75,4,7.3,6.955952633802715,3.3719464044055294,2.0628894411591463,2.164921717160858
A894,2022-04-02,-28.75,-51.75,4,8.1,6.322098268546279,3.4910011946089767,1.810969952777232,2.3202512827863044
A894,2022-04-03,-28.75,-51.75,4,8.1,10.337578257426108,5.098308167572995,2.0276487645797254,1.588762337184481
A894,2022-04-04,-28.75,-51.75,4,6.9,7.294465371792658,3.4379466348151086,2.1217506106475534,2.0070119559523296
A894,2022-04-05,-28.75,-51.75,4,4.9,7.464727782957119,2.86395106707726,2.6064438980010496,1.7109230867553138
A894,2022-04-06,-28.75,-51.75,4,4.8,6.65365116224165,2.492472614047203,2.669498202203975,1.9257984914048472
A894,2022-04-07,-28.75,-51.75,4,4.2,7.568224425208394,3.8677102102024223,1.9567713230542936,1.0859138280114804
A894,2022-04-08,-28.75,-51.75,4,4.3,7.803454218029937,3.830371162016868,2.037257980482773,1.122606613855105
A894,2022-04-09,-28.75,-51.75,4,5.6,4.506601273928673,2.7523576314028877,1.6373603569938842,2.034619315494134
A894,2022-04-10,-28.75,-51.75,4,3.9,6.175317566303512,3.2082358916809324,1.9248327662926301,1.2156213357355785
A894,2022-04-11,-28.75,-51.75,4,6.1,7.908624223811759,5.772036665283272,1.3701618133126725,1.0568193436277544
A894,2022-04-12,-28.75,-51.75,4,5.6,4.515036417227074,2.2195097889386317,2.034249382331475,2.5230796583591175
A894,2022-04-13,-28.75,-51.75,4,7.6,6.420770467020683,3.7831886978790092,1.69718482998757,2.008887371719214
A894,2022-04-14,-28.75,-51.75,4,7.0,9.513414502659648,4.3723511750765915,2.175812079525611,1.6009692999733443
A894,2022-04-15,-28.75,-51.75,4,6.0,7.070105793970314,3.9508451351973903,1.7895173189614482,1.518662411378023
A894,2022-04-16,-28.75,-51.75,4,6.4,5.3335040344854105,3.2927501683414513,1.619771850827019,1.9436640111763055
A894,2022-04-17,-28.75,-51.75,4,5.0,5.5645753839892125,3.32997627494085,1.671055564528926,1.5015121992389615
A894,2022-04-18,-28.75,-51.75,4,6.0,5.954754267209005,3.6556437251564775,1.6289208453852038,1.6412977989924808
A894,2022-04-19,-28.75,-51.75,4,5.0,6.42494163743623,3.2436176938766352,1.980794977646521,1.5414886931462661
A894,2022-04-20,-28.75,-51.75,4,5.2,4.518074233432151,2.3692351886580023,1.906975827077475,2.194801100749064
A894,2022-04-21,-28.75,-51.75,4,5.8,6.3099115917628374,3.2274864974841644,1.9550543733277994,1.7970640634813244
A894,2022-04-22,-28.75,-51.75,4,11.0,13.946120759924154,5.007756327979466,2.7849040261811515,2.1965925016240333
A894,2022-04-23,-28.75,-51.75,4,11.0,9.719098881858452,4.793030849500825,2.0277563794254854,2.294998789992267
A894,2022-04-24,-28.75,-51.75,4,7.4,7.314158039943626,3.578384223085589,2.0439834249092272,2.067972453114352
A894,2022-04-25,-28.75,-51.75,4,8.9,12.848595383238116,6.290305241809527,2.0426028450635205,1.4148756948780032
A894,2022-04-26,-28.75,-51.75,4,13.0,10.519829522291403,4.941781185861322,2.1287525947909534,2.6306304368946236
A894,2022-04-27,-28.75,-51.75,4,11.1,14.95794622429115,6.299733529944119,2.374377607115048,1.7619792880506902
A894,2022-04-28,-28.75,-51.75,4,14.5,11.239249205754762,4.980380926783722,2.25670473222476,2.9114238876832155
A894,2022-04-29,-28.75,-51.75,4,6.9,6.594275454649841,3.766000501205709,1.7510022774926988,1.8321824433615772
A894,2022-04-30,-28.75,-51.75,4,4.6,7.6523126308742375,2.8839265181923253,2.6534353710477983,1.5950475752354907
A894,2022-05-01,-28.75,-51.75,4,4.3,11.3794319513682,3.1123206333754956,3.6562530959499937,1.3816057233590344
A894,2022-05-02,-28.75,-51.75,4,9.3,10.250382043544992,5.870231234837646,1.74616324868308,1.5842646785032843
A894,2022-05-03,-28.75,-51.75,4,7.2,11.63053831928287,4.797416753810643,2.4243335353437034,1.5008076991186887
A894,2022-05-04,-28.75,-51.75,4,6.3,13.666562537555254,5.655139239492934,2.416662430186363,1.114030925357885
A894,2022-05-05,-28.75,-51.75,4,5.1,5.903250413604904,4.016331381078882,1.4698115901031927,1.2698155396306015
A894,2022-05-06,-28.75,-51.75,4,5.1,3.8788332029131425,2.441126946160644,1.5889518605387132,2.0891990103264306
A894,2022-05-07,-28.75,-51.75,4,4.4,3.4513221658164297,1.9234181901673673,1.7943690994812267,2.2875940461065993
A894,2022-05-08,-28.75,-51.75,4,5.0,6.735307082516963,3.5360009697695363,1.904780892341199,1.4140267615158153
A894,2022-05-09,-28.75,-51.75,4,5.8,6.837868489838889,3.623723423002852,1.8869730637921003,1.6005636531702367
A894,2022-05-10,-28.75,-51.75,4,6.1,5.607584587484942,3.514903554669386,1.595373671074282,1.7354672482823699
A894,2022-05-11,-28.75,-51.75,4,7.9,4.918415064787057,3.7985881248173037,1.29480083209169,2.0797200803074585
A894,2022-05-12,-28.75,-51.75,4,4.4,3.8870460271464387,2.2758387317254374,1.7079619803286576,1.9333531584042076
A894,2022-05-13,-28.75,-51.75,4,3.8,4.169700235661522,1.9341347583559936,2.1558478372033134,1.9647028127605668
A894,2022-05-14,-28.75,-51.75,4,4.4,6.99629952385409,3.635522207205853,1.9244276681866908,1.2102800503539493
A894,2022-05-15,-28.75,-51.75,4,5.9,6.2877608843791455,4.065506453777817,1.5466119549598374,1.4512337065699414
A894,2022-05-16,-28.75,-51.75,4,10.3,11.671478787757492,6.039763057392156,1.932439845214225,1.705364912849301
A894,2022-05-17,-28.75,-51.75,4,16.0,18.732140931341952,8.560093139377779,2.188310410452329,1.8691385408410426
A894,2022-05-18,-28.75,-51.75,4,15.5,17.42421394470327,8.231987856912863,2.116647187479896,1.8828987930277108
A894,2022-05-19,-28.75,-51.75,4,5.9,8.672561377352608,5.168402137631517,1.6779966315327999,1.141552039273737
A894,2022-05-20,-28.75,-51.75,4,3.6,3.9722760808860773,2.081869566850063,1.9080331179903174,1.7292149601124716
A894,2022-05-21,-28.75,-51.75,4,7.6,5.342989083238651,2.4715620866457106,2.1617863100052275,3.0749783875809356
A894,2022-05-22,-28.75,-51.75,4,4.7,5.524002391504221,2.3356672274360895,2.365063963999715,2.0122729577189333
A894,2022-05-23,-28.75,-51.75,4,6.4,5.511542211039911,2.917674359458727,1.889018969225334,2.1935278620974334
A894,2022-05-24,-28.75,-51.75,4,7.3,6.918355002693528,4.414868594328427,1.5670579667039721,1.6535033476144603
A894,2022-05-25,-28.75,-51.75,4,8.1,8.265394378776652,4.843193472146718,1.7066000824272385,1.6724502224788722
A894,2022-05-26,-28.75,-51.75,4,8.8,3.760531924365321,3.025867371070091,1.242794697586305,2.9082570122324634
A894,2022-05-27,-28.75,-51.75,4,9.3,7.208660396265338,4.320433979240784,1.668503773209397,2.152561535411834
A894,2022-05-28,-28.75,-51.75,4,8.0,10.748259750623008,3.588501063407624,2.9951948071645575,2.2293430762991715
A894,2022-05-29,-28.75,-51.75,4,8.3,11.615024276262385,5.570086799660446,2.0852501395436853,1.490102452354238
A894,2022-05-30,-28.75,-51.75,4,5.5,6.908573721219432,3.6279512298542533,1.9042631180841347,1.5160071488119076
A894,2022-05-31,-28.75,-51.75,4,4.6,5.379489440049738,2.724922501651436,1.9741807103833249,1.6881214042645893
A894,2022-06-01,-28.75,-51.75,4,5.5,5.019162312651525,3.509761700046873,1.4300578619296271,1.5670579572187329
A894,2022-06-02,-28.75,-51.75,4,5.6,7.805129660469919,4.030053761346107,1.936730903029659,1.3895596266511105
A894,2022-06-03,-28.75,-51.75,4,4.9,6.82849556157013,3.9803273525488883,1.715561298544291,1.2310545254179106
A894,2022-06-04,-28.75,-51.75,4,6.8,8.100502688074025,4.463334745647274,1.8148992064674925,1.5235245365881382
A894,2022-06-05,-28.75,-51.75,4,6.0,7.117547676146439,4.43503557680842,1.6048456777585611,1.3528640066327888
A894,2022-06-06,-28.75,-51.75,4,8.6,3.61139488341837,3.355301056537584,1.0763251411916686,2.563108303871411
A894,2022-06-07,-28.75,-51.75,4,4.2,2.9369484320530446,3.382250958676761,0.8683413702695993,1.2417765716720108
A894,2022-06-08,-28.75,-51.75,4,3.6,2.9644736267998395,2.289993074195292,1.2945338831828395,1.572057156227447
A894,2022-06-09,-28.75,-51.75,4,3.4,5.955134095241373,4.7051999429457005,1.2656495297653916,0.7226047864549243
A894,2022-06-10,-28.75,-51.75,4,8.0,7.445225271436021,5.269155009068063,1.4129827759143552,1.5182700046273514
A894,2022-06-11,-28.75,-51.75,4,6.7,5.829393818259826,3.882537888932252,1.5014390033069283,1.7256753679337786
A894,2022-06-12,-28.75,-51.75,4,5.4,6.447174793963657,3.1663490993228547,2.0361541294806784,1.7054341863804048
A894,2022-06-13,-28.75,-51.75,4,4.0,3.5090344398783158,2.2662402779412347,1.5483947020243136,1.7650379083518004
A894,2022-06-14,-28.75,-51.75,4,5.3,7.257704679463679,4.18939543222504,1.7323990530082336,1.265099006704436
A894,2022-06-15,-28.75,-51.75,4,5.0,6.736397309998195,3.757757669553678,1.7926641104556114,1.3305807451372635
A894,2022-06-16,-28.75,-51.75,4,4.7,5.411478080457443,3.5639082603559404,1.51841116132349,1.3187769315730349
A894,2022-06-17,-28.75,-51.75,4,12.3,14.454689922613913,6.259219115576602,2.3093439701834657,1.9651013605499763
A894,2022-06-18,-28.75,-51.75,4,7.5,6.4453988747507225,3.919079470084846,1.6446206115364084,1.913714701946993
A894,2022-06-19,-28.75,-51.75,4,4.7,6.143078656984692,3.079064846916356,1.995111815568583,1.5264374846495974
A894,2022-06-20,-28.75,-51.75,4,5.6,6.583383996362752,2.8249185128945484,2.33046863699339,1.98235806606045
A894,2022-06-21,-28.75,-51.75,4,6.4,6.6480117040426805,3.8770046794019537,1.7147288316061995,1.6507589051935916
A894,2022-06-22,-28.75,-51.75,4,3.8,6.78080540064561,3.6991967111012083,1.8330480723819205,1.0272500482594729
A894,2022-06-23,-28.75,-51.75,4,5.9,3.7379632152052356,3.56653009474623,1.0480672014268264,1.6542689514077418
A894,2022-06-24,-28.75,-51.75,4,3.3,4.319430158611519,2.4014251862638964,1.7986944516608607,1.3741839716164939
A894,2022-06-25,-28.75,-51.75,4,4.2,4.608787912293514,4.1989608093262065,1.0976020309732473,1.0002474875858536
A894,2022-06-26,-28.75,-51.75,4,4.5,3.953853335289161,3.374321132540184,1.1717477916254835,1.333601581842451
A894,2022-06-27,-28.75,-51.75,4,4.6,3.84215145937618,3.112211918809827,1.2345404360656445,1.4780484491426062
A894,2022-06-28,-28.75,-51.75,4,8.5,12.339397053992045,5.712776552756869,2.159964938246588,1.487892957391809
A894,2022-06-29,-28.75,-51.75,4,11.1,10.371286429358483,5.528886769329179,1.8758362871332295,2.0076374255982032
A894,2022-06-30,-28.75,-51.75,4,6.0,4.602726640590129,2.364024790235708,1.9469874679830277,2.538044450625986
A894,2022-07-01,-28.75,-51.75,4,8.0,9.654193280537779,4.587042505754394,2.104666191435266,1.744043136719158
A894,2022-07-02,-28.75,-51.75,4,10.3,8.567256982996273,5.974508224340626,1.433968564658189,1.723991266433775
A894,2022-07-03,-28.75,-51.75,4,4.1,4.285163875157711,1.7436741520701722,2.457548544875866,2.3513567573002594
A894,2022-07-04,-28.75,-51.75,4,11.0,10.884886836732598,5.461436890968956,1.9930445144815039,2.0141219645309136
A894,2022-07-05,-28.75,-51.75,4,9.2,11.267268263302997,4.552446350850309,2.474991992206232,2.020891470424823
A894,2022-07-06,-28.75,-51.75,4,8.4,8.619850527951142,4.562045919528376,1.8894703560639001,1.841279142772941
A894,2022-07-07,-28.75,-51.75,4,10.3,12.8230354711777,4.809729057659757,2.666061916888294,2.141492769451678
A894,2022-07-08,-28.75,-51.75,4,8.0,4.675011011659298,1.930971413490654,2.4210669194776897,4.142992456598955
A894,2022-07-09,-28.75,-51.75,4,8.5,11.678112771772753,6.193809293106384,1.8854491992141758,1.372338022977293
A894,2022-07-10,-28.75,-51.75,4,7.7,13.383939131151099,5.506482397018929,2.4305787553950644,1.3983518778101582
A894,2022-07-11,-28.75,-51.75,4,14.9,19.248125857264167,7.557579266743474,2.546863906802012,1.9715307605923849
A894,2022-07-12,-28.75,-51.75,4,14.9,11.493485108287919,6.446686786760877,1.782851484562785,2.3112647617066058
A894,2022-07-13,-28.75,-51.75,4,5.6,6.881721094940915,4.7495742603577416,1.4489132536318274,1.1790530462362332
A894,2022-07-14,-28.75,-51.75,4,8.8,11.612483319323353,6.053249557698741,1.9183883315291665,1.4537646128942172
A894,2022-07-15,-28.75,-51.75,4,11.4,15.06024226027278,5.770865056370345,2.6097027244898183,1.9754404042797298
A894,2022-07-16,-28.75,-51.75,4,20.8,16.768454067591808,8.146054696477245,2.0584755065348768,2.5533832971923136
A894,2022-07-17,-28.75,-51.75,4,12.8,10.027988949481133,6.907019716605544,1.451854687105105,1.8531871234168944
A894,2022-07-18,-28.75,-51.75,4,4.8,7.546688053318484,3.4430417791314563,2.191866534719255,1.394116106604681
A894,2022-07-19,-28.75,-51.75,4,4.2,3.463743880140577,2.5712567472075247,1.3471015229818355,1.6334424808262917
A894,2022-07-20,-28.75,-51.75,4,6.3,6.7097046594675716,3.4045317372742416,1.9708157177702033,1.8504747454767294
A894,2022-07-21,-28.75,-51.75,4,6.7,10.798905295164328,4.626905223173571,2.3339369998500668,1.448052137840097
A894,2022-07-22,-28.75,-51.75,4,6.2,8.16936722225716,3.7933846797124637,2.153582594970672,1.6344242736990113
A894,2022-07-23,-28.75,-51.75,4,4.9,6.357023054195733,2.4019478281700652,2.646611628962341,2.0400110037914883
A894,2022-07-24,-28.75,-51.75,4,4.9,6.893726373788627,3.3865919049874944,2.035594062466196,1.4468823340608836
A894,2022-07-25,-28.75,-51.75,4,4.6,4.503518124302607,2.3033289823661676,1.9552214029262227,1.99710941650832
A894,2022-07-26,-28.75,-51.75,4,4.4,4.364195690948961,2.2678171744111344,1.924403668951919,1.940191674023508
A894,2022-07-27,-28.75,-51.75,4,6.0,7.609557810598576,3.577101203916175,2.127297321716173,1.6773358252853623
A894,2022-07-28,-28.75,-51.75,4,12.7,13.635354189811858,5.408512217417028,2.5210915020034412,2.3481503765679217
A894,2022-07-29,-28.75,-51.75,4,10.1,13.602789991366341,6.061274667690392,2.2442127666439498,1.6663161717184707
A894,2022-07-30,-28.75,-51.75,4,3.8,4.322159234802427,1.9973796586822965,2.1639147149690237,1.9024925899700615
A894,2022-07-31,-28.75,-51.75,4,6.5,6.64522004192117,3.1395571707650096,2.116610617510094,2.0703556732544413
A894,2022-08-01,-28.75,-51.75,4,6.3,5.006003705909065,2.379384141794025,2.103907317014647,2.6477439642217173
A894,2022-08-02,-28.75,-51.75,4,3.7,5.0768177595983355,2.489505586381135,2.039287554673955,1.4862388822266104
A894,2022-08-03,-28.75,-51.75,4,5.7,7.600635317811392,3.629975740708494,2.093852923746512,1.5702584279220229
A894,2022-08-04,-28.75,-51.75,4,13.4,21.16716194998977,8.039315733802665,2.6329556707157113,1.6668085249665503
A894,2022-08-05,-28.75,-51.75,4,12.5,10.37182680151478,6.02471301916869,1.7215470294626447,2.0747876222865784
A894,2022-08-06,-28.75,-51.75,4,5.9,7.873536859778156,2.9100478157301004,2.705638311926764,2.027458094711668
A894,2022-08-07,-28.75,-51.75,4,6.6,6.495388504398372,3.5094162041173145,1.8508458748146936,1.8806546776232334
A894,2022-08-08,-28.75,-51.75,4,6.8,9.324880866331013,4.616343225711475,2.0199713085445143,1.4730273871592332
A894,2022-08-09,-28.75,-51.75,4,7.4,11.09899248578475,5.931379945021057,1.8712327634822168,1.2476017501141095
A894,2022-08-10,-28.75,-51.75,4,8.6,13.15169787361884,6.159950647981587,2.1350329937997503,1.3961150813469483
A894,2022-08-11,-28.75,-51.75,4,6.5,6.691634655089415,3.6873529221638957,1.8147529667874804,1.7627821738813987
A894,2022-08-12,-28.75,-51.75,4,6.4,9.024811408447226,5.102078879608768,1.7688498397224421,1.2543906417398938
A894,2022-08-13,-28.75,-51.75,4,7.7,9.164504760095745,5.016891951266354,1.826729546723138,1.5348147966504204
A894,2022-08-14,-28.75,-51.75,4,3.6,6.627958923711201,4.138892094351674,1.6013848084506346,0.8697979840819968
A894,2022-08-15,-28.75,-51.75,4,13.6,17.50855505192428,7.351444017584767,2.3816484230912383,1.8499766804274902
A894,2022-08-16,-28.75,-51.75,4,16.6,6.113843910202312,3.8552512168630426,1.5858483834879769,4.305815384323298
A894,2022-08-17,-28.75,-51.75,4,10.1,10.24983542833424,5.481724037800702,1.8698196694422675,1.8424860373037268
A894,2022-08-18,-28.75,-51.75,4,10.6,15.744279041463994,5.8752289579240085,2.6797728487209764,1.8041850072419088
A894,2022-08-19,-28.75,-51.75,4,8.2,6.804959515684751,3.8455720023843716,1.76955717158994,2.1323225764374585
A894,2022-08-20,-28.75,-51.75,4,4.5,8.057942558747559,3.290446612332454,2.448890229231112,1.3675955060733067
A894,2022-08-21,-28.75,-51.75,4,5.3,6.66631641355739,3.373261842085916,1.9762226372071834,1.5711795431577442
A894,2022-08-22,-28.75,-51.75,4,4.7,7.113461143861885,3.1213335678330236,2.278981399863772,1.5057666532138572
A894,2022-08-23,-28.75,-51.75,4,5.8,8.502867047594611,4.030277770193528,2.1097471520396756,1.4391067640286967
A894,2022-08-24,-28.75,-51.75,4,5.0,6.345829969472693,4.250801806359872,1.492854820937153,1.1762486767835678
A894,2022-08-25,-28.75,-51.75,4,4.9,4.8923047696513375,3.2069437810237735,1.5255349341015063,1.5279344867204818
A894,2022-08-26,-28.75,-51.75,4,5.0,3.9341962260705134,2.5558520930911763,1.5392894748116266,1.9562947376789508
A894,2022-08-27,-28.75,-51.75,4,10.5,11.087795089830808,5.244810337275427,2.114050723822874,2.001978970597922
A894,2022-08-28,-28.75,-51.75,4,9.1,11.99098106199219,5.253965651210028,2.2822724505689482,1.7320250272104845
A894,2022-08-29,-28.75,-51.75,4,7.5,9.826287522842186,4.470422415547051,2.198066896020548,1.6776938067232323
A894,2022-08-30,-28.75,-51.75,4,8.8,7.089588833525518,4.002763609693553,1.7711735003177689,2.1984810641050365
A894,2022-08-31,-28.75,-51.75,4,7.9,11.907608092613758,5.1136233375714095,2.328604847589143,1.5448928242243027
A894,2022-09-01,-28.75,-51.75,4,6.7,11.767309242804398,5.2321914610416345,2.249021147338087,1.2805341795856513
A894,2022-09-02,-28.75,-51.75,4,18.2,8.439159254134259,5.142739729238221,1.640985097136994,3.5389696850740515
A894,2022-09-03,-28.75,-51.75,4,9.6,7.813092428397871,4.0228710257536795,1.9421682620148377,2.386355401041338
A894,2022-09-04,-28.75,-51.75,4,7.6,5.546059505007556,2.944122625961873,1.8837732695307163,2.5814142158963254
A894,2022-09-05,-28.75,-51.75,4,6.0,8.174937716483383,3.454027871600134,2.3667839462731988,1.7371023694781027
A894,2022-09-06,-28.75,-51.75,4,5.5,9.07695901328094,4.8078037265389,1.887963720976474,1.143973488277028
A894,2022-09-07,-28.75,-51.75,4,8.7,9.536636552110517,4.634909879760007,2.057566770339086,1.8770591501663634
A894,2022-09-08,-28.75,-51.75,4,5.8,8.332825075186216,3.086197586280918,2.7000296780180717,1.879335278396547
A894,2022-09-09,-28.75,-51.75,4,12.8,18.31809020278067,7.97680004102554,2.2964208841350873,1.6046534868829887
A894,2022-09-10,-28.75,-51.75,4,9.5,8.016097096404032,4.798039888420195,1.6707024707632048,1.9799752025671413
A894,2022-09-11,-28.75,-51.75,4,5.9,7.887276918050286,3.244806807630272,2.430738526405668,1.8182900708066663
A894,2022-09-12,-28.75,-51.75,4,6.9,8.265749664336802,4.0998475265765855,2.0161114799405206,1.6829894173556184
A894,2022-09-13,-28.75,-51.75,4,5.8,3.822280441085004,3.114596884622512,1.2272151365579573,1.8621992555877607
A894,2022-09-14,-28.75,-51.75,4,7.3,7.7201374696074,4.927020861934971,1.566897662084487,1.4816255511313376
A894,2022-09-15,-28.75,-51.75,4,8.0,6.649821412950342,3.6828033834987592,1.805641170730336,2.172258241057602
A894,2022-09-16,-28.75,-51.75,4,6.9,7.94063481984005,3.340492860174361,2.3770848052121205,2.0655634628836914
A894,2022-09-17,-28.75,-51.75,4,8.2,9.806823341964103,4.7676289328175265,2.0569602794503896,1.7199325105936976
A894,2022-09-18,-28.75,-51.75,4,9.0,11.040722773325259,5.3846268621505375,2.050415573070139,1.6714250087155598
A894,2022-09-19,-28.75,-51.75,4,11.0,12.621612134806448,5.655954410620146,2.231561858261611,1.9448530170868026
A894,2022-09-20,-28.75,-51.75,4,5.7,4.78215924946463,3.4837278676391294,1.3727132058410259,1.6361783171837716
A894,2022-09-21,-28.75,-51.75,4,7.6,7.389833176785438,3.0986553147214555,2.3848516295687845,2.452676799479125
A894,2022-09-22,-28.75,-51.75,4,15.4,23.294569013838675,8.088563664735831,2.8799388840069744,1.9039227035005302
A894,2022-09-23,-28.75,-51.75,4,9.0,8.773764392534005,4.929218159941982,1.7799505130114335,1.8258473672640068
A894,2022-09-24,-28.75,-51.75,4,6.0,7.286225124287067,3.053410907899402,2.386257645650331,1.9650155779811858
A894,2022-09-25,-28.75,-51.75,4,9.6,10.647721987534231,4.347824260974375,2.4489770856442137,2.208000927307163
A894,2022-09-26,-28.75,-51.75,4,6.0,8.718592702508396,3.306563206813839,2.636753679633881,1.8145729038645904
A894,2022-09-27,-28.75,-51.75,4,5.9,4.810791011076748,3.673913859498122,1.3094457831773794,1.6059168030700575
A894,2022-09-28,-28.75,-51.75,4,7.8,9.277252155794093,5.31446994660455,1.7456589742729454,1.4676910544923623
A894,2022-09-29,-28.75,-51.75,4,5.5,7.911650890771252,4.305767422878417,1.837454305760503,1.277356498815079
A894,2022-09-30,-28.75,-51.75,4,5.5,8.34988871704662,4.275199078228795,1.953099391223194,1.286489798336745
A894,2022-10-01,-28.75,-51.75,4,5.9,5.503484033819106,3.7653170175327495,1.4616256767206557,1.5669331353847111
A894,2022-10-02,-28.75,-51.75,4,7.4,3.4892864662591476,3.6101769831265753,0.9665139638769923,2.0497610046782992
A894,2022-10-03,-28.75,-51.75,4,6.8,5.341809839720371,4.38413882281013,1.218439938974468,1.5510457754258244
A894,2022-10-04,-28.75,-51.75,4,6.7,4.871439792996063,3.653833671169231,1.3332407086382771,1.8336904749843177
A894,2022-10-05,-28.75,-51.75,4,6.0,6.518678108877497,3.4404539529847202,1.8947145341742777,1.7439559087238414
A894,2022-10-06,-28.75,-51.75,4,9.7,13.573641342045367,8.167156791476478,1.6619787875520255,1.18768382286027
A894,2022-10-07,-28.75,-51.75,4,10.3,16.620659326784153,6.317788225494013,2.6307718355792966,1.630317388360165
A894,2022-10-08,-28.75,-51.75,4,8.5,8.784313226545075,4.761237867544421,1.8449641607751748,1.78525002036578
A894,2022-10-09,-28.75,-51.75,4,6.7,8.055534412098586,4.43757450208489,1.8153012210417838,1.5098338060244765
A894,2022-10-10,-28.75,-51.75,4,5.4,7.598350752392565,3.465856493791667,2.1923443068122896,1.5580564312668264
A894,2022-10-11,-28.75,-51.75,4,8.6,8.012702338514252,5.450483926674927,1.4700900775616834,1.5778415486946382
A894,2022-10-12,-28.75,-51.75,4,6.0,4.485765927720598,2.8936018616470816,1.5502360525740166,2.0735402750206657
A894,2022-10-13,-28.75,-51.75,4,8.9,9.556016156905839,3.773887455816345,2.532141265150351,2.358310920555739
A894,2022-10-14,-28.75,-51.75,4,6.8,10.900506794175184,5.800103669477925,1.8793641312891143,1.1723928376976884
A894,2022-10-15,-28.75,-51.75,4,9.8,10.100590631859157,5.249695459883319,1.9240336337688542,1.866774953878528
A894,2022-10-16,-28.75,-51.75,4,7.0,8.15224544100759,4.714770947648257,1.7290862125707203,1.4846956676636904
A894,2022-10-17,-28.75,-51.75,4,7.3,6.710842731521757,3.853637564869161,1.741430692055651,1.8943141063780473
A894,2022-10-18,-28.75,-51.75,4,4.8,9.50937509948336,4.578258907758989,2.07707237425288,1.0484334976917133
A894,2022-10-19,-28.75,-51.75,4,5.4,5.157808793685334,2.8043522083559114,1.8392157655222514,1.9255783863061273
A894,2022-10-20,-28.75,-51.75,4,10.1,6.449018377064299,3.0164458105968506,2.1379526707918086,3.348311434774808
A894,2022-10-21,-28.75,-51.75,4,9.7,14.882354121218173,4.694529219715976,3.1701483630596234,2.0662348759620373
A894,2022-10-22,-28.75,-51.75,4,5.2,6.504283982431453,3.367874142431402,1.9312728764073566,1.5440006900750496
A894,2022-10-23,-28.75,-51.75,4,9.4,7.357380161433088,4.429822637778436,1.6608746586574012,2.121981119477532
A894,2022-10-24,-28.75,-51.75,4,6.5,5.651324770829937,3.404101016026352,1.6601519003765628,1.9094615492896059
A894,2022-10-25,-28.75,-51.75,4,7.2,7.135789074548805,3.161426742059126,2.2571419984576537,2.2774527412615093
A894,2022-10-26,-28.75,-51.75,4,10.1,15.869200106835095,6.040103443056282,2.62730601494555,1.672156792548145
A894,2022-10-27,-28.75,-51.75,4,11.9,11.699518782712678,4.353390964526219,2.6874495945911305,2.733501331942761
A894,2022-10-28,-28.75,-51.75,4,6.8,7.157040552863448,2.7428962576201434,2.6093004913985367,2.4791313127897796
A894,2022-10-29,-28.75,-51.75,4,12.1,14.12601959937747,6.080275103748564,2.3232533657348178,1.9900415348871636
A894,2022-10-30,-28.75,-51.75,4,11.5,17.934767244484075,6.567686427199385,2.7307587600725145,1.7509971170934646
A894,2022-10-31,-28.75,-51.75,4,8.7,18.648159763029646,6.5531924868594755,2.8456603099059143,1.3275972005164387
A894,2022-11-01,-28.75,-51.75,4,8.3,8.295754879534053,5.1704380079186265,1.6044588227977867,1.605279859711767
A894,2022-11-02,-28.75,-51.75,4,7.0,7.519562503965772,3.70267646640062,2.030845139239388,1.8905243446248803
A894,2022-11-03,-28.75,-51.75,4,7.6,7.3332372208661845,3.8723818661167275,1.8937278074334247,1.9626163593265076
A894,2022-11-04,-28.75,-51.75,4,7.4,8.183687390716646,4.957890032698651,1.6506391502721869,1.492570418301931
A894,2022-11-05,-28.75,-51.75,4,6.7,6.938576881015363,3.689798021553118,1.8804760695531952,1.8158175490537611
A894,2022-11-06,-28.75,-51.75,4,10.5,9.163826447428237,4.641064586514385,1.9745095713719896,2.2624119540396004
A894,2022-11-07,-28.75,-51.75,4,7.8,8.392629778393198,4.185033857839722,2.0053911302704255,1.8637842046100654
A894,2022-11-08,-28.75,-51.75,4,8.2,7.745875961111298,4.628975726570213,1.6733455560482093,1.771450205049076
A894,2022-11-09,-28.75,-51.75,4,6.5,6.574986591573442,4.085429275800718,1.6093747187154004,1.5910200767644036
A894,2022-11-10,-28.75,-51.75,4,5.2,7.053251053789099,3.1805536065688407,2.217617410762052,1.6349354996753929
A894,2022-11-11,-28.75,-51.75,4,3.6,9.743677435458649,3.7836059328854774,2.5752357957711163,0.9514732939575833
A894,2022-11-12,-28.75,-51.75,4,5.2,7.7075502797678785,3.5847210039058117,2.1501116185527263,1.4506010354318302
A894,2022-11-13,-28.75,-51.75,4,10.1,13.041984935556911,5.462358414113655,2.387610615564698,1.8490181775519516
A894,2022-11-14,-28.75,-51.75,4,15.0,16.540775923595284,7.3664317756015985,2.245425794667655,2.036264022654983
A894,2022-11-15,-28.75,-51.75,4,10.9,9.296691814425342,5.637085431568806,1.6492018663336212,1.933623347086035
A894,2022-11-16,-28.75,-51.75,4,9.7,8.165185647912379,3.623151015156374,2.2536144957126423,2.677227628498767
A894,2022-11-17,-28.75,-51.75,4,7.7,7.2192791015560385,3.9213961301124693,1.8409971505095004,1.9635863719228888
A894,2022-11-18,-28.75,-51.75,4,7.1,7.094709022750235,3.1173797706622386,2.2758565027972435,2.2775537542195945
A894,2022-11-19,-28.75,-51.75,4,6.9,9.19284847557204,5.412791323993199,1.6983563424702959,1.2747581768789928
A894,2022-11-20,-28.75,-51.75,4,7.3,9.942593374572333,5.407763767796117,1.838577608323365,1.3499110378068615
A894,2022-11-21,-28.75,-51.75,4,6.1,10.236725368810408,5.09777400286826,2.0080775183542308,1.1966007117161015
A894,2022-11-22,-28.75,-51.75,4,9.0,6.213022074088891,4.416994189546162,1.4066176697251367,2.037584749669941
A894,2022-11-23,-28.75,-51.75,4,7.0,5.9346426107749926,3.5543336307337436,1.6696920512635913,1.969426825740876
A894,2022-11-24,-28.75,-51.75,4,8.1,6.900911629630354,4.458731780774976,1.5477297063226578,1.8166600724729247
A894,2022-11-25,-28.75,-51.75,4,7.8,7.083376668154412,5.020269835205406,1.4109553670763184,1.5537013459518279
A894,2022-11-26,-28.75,-51.75,4,8.5,7.272246329268874,4.593033822369074,1.5833208747236853,1.850628653898247
A894,2022-11-27,-28.75,-51.75,4,8.1,9.223153755258455,5.7050058269033475,1.616677359340182,1.4198057365344787
A894,2022-11-28,-28.75,-51.75,4,8.1,8.354460581542497,5.048339692936814,1.654892715169566,1.6044879094274889
A894,2022-11-29,-28.75,-51.75,4,7.9,8.873220884491587,4.539029352771665,1.9548718888705439,1.740460214291416
A894,2022-11-30,-28.75,-51.75,4,7.4,8.91400131567058,3.936537419326025,2.2644269229877527,1.87982463056758
A894,2022-12-01,-28.75,-51.75,4,13.8,10.340105522121465,4.114375752032585,2.513165093638626,3.354093265104073
A894,2022-12-02,-28.75,-51.75,4,13.1,11.087469570100586,3.576925754645489,3.09972035502858,3.6623628497143206
A894,2022-12-03,-28.75,-51.75,4,8.2,8.662190702689044,3.6545637192340417,2.3702393413199396,2.2437698806134465
A894,2022-12-04,-28.75,-51.75,4,6.4,6.205141357229974,3.075630339874413,2.0175185804297104,2.0808742575550645
A894,2022-12-05,-28.75,-51.75,4,6.9,10.511375284565245,4.939621027370075,2.1279720096587353,1.3968682945042972
A894,2022-12-06,-28.75,-51.75,4,8.4,8.996231536619176,3.910058591303826,2.3007920026127646,2.1483054035768254
A894,2022-12-07,-28.75,-51.75,4,6.6,7.49730531842647,3.5583401488150566,2.106967014079052,1.8547973841673988
A894,2022-12-08,-28.75,-51.75,4,12.4,7.803236531142756,3.451588223748357,2.2607669354800946,3.5925490516750704
A894,2022-12-09,-28.75,-51.75,4,6.9,7.780456566202167,3.3429546929051854,2.3274190890815163,2.06404233196579
A894,2022-12-10,-28.75,-51.75,4,13.1,10.047960515685945,3.723711600721918,2.698372374954586,3.5179953241975817
A894,2022-12-11,-28.75,-51.75,4,4.6,6.658201808240685,2.197594222876453,3.029768525476782,2.0931980763850997
A894,2022-12-12,-28.75,-51.75,4,15.3,11.29884877486658,5.2714915901384165,2.143387423021555,2.9024043268175372
A894,2022-12-13,-28.75,-51.75,4,8.2,13.593181385282943,5.4830704732130355,2.4791184887538837,1.4955124213814572
A894,2022-12-14,-28.75,-51.75,4,6.2,6.286215252594839,3.352529770343503,1.8750661987263273,1.8493497223634627
A894,2022-12-15,-28.75,-51.75,4,7.6,9.132141014211612,4.559629873070371,2.0028250687949365,1.6668019579585525
A894,2022-12-16,-28.75,-51.75,4,7.4,9.093584779811435,5.74657821000807,1.5824347024415883,1.2877228377597612
A894,2022-12-17,-28.75,-51.75,4,6.8,8.096823362122029,4.944225570975286,1.63763227342495,1.375341780504292
A894,2022-12-18,-28.75,-51.75,4,7.2,9.701029999433896,4.22184403980012,2.2978181827610062,1.7054159111810485
A894,2022-12-19,-28.75,-51.75,4,8.2,8.51265041735875,4.04764829874178,2.103110198582452,2.025867712505799
A894,2022-12-20,-28.75,-51.75,4,8.3,8.445468682368913,4.0210548160922865,2.100311751177849,2.064135004273841
A894,2022-12-21,-28.75,-51.75,4,6.9,7.533850326829095,3.2152871000949337,2.3431345607073943,2.145998097587078
A894,2022-12-22,-28.75,-51.75,4,5.8,7.109294382379889,3.854797862670311,1.8442716416406617,1.5046184538408456
A894,2022-12-23,-28.75,-51.75,4,6.4,7.916514899897922,4.895965065448344,1.6169467702631521,1.3071988697725574
A894,2022-12-24,-28.75,-51.75,4,6.9,9.241368125434022,5.210114600074915,1.7737360566504894,1.3243470690454269
A894,2022-12-25,-28.75,-51.75,4,13.8,7.924150499839888,4.5694033360600965,1.7341761969895122,3.020087960083396
A894,2022-12-26,-28.75,-51.75,4,7.7,6.6285291817048,4.57021778053877,1.450374905530953,1.6848212426087645
A894,2022-12-27,-28.75,-51.75,4,9.7,8.675137559553473,3.8251923119976574,2.2678957950281444,2.535820217345961
A894,2022-12-28,-28.75,-51.75,4,10.0,11.844985613760047,5.097608512713362,2.3236357959264278,1.9617041942432702
A894,2022-12-29,-28.75,-51.75,4,5.9,8.772456327042034,3.7281568120023243,2.3530277210444135,1.5825514584058546
A894,2022-12-30,-28.75,-51.75,4,5.9,6.625852309046037,2.9195370474766227,2.269487319838195,2.020868344554632
A894,2022-12-31,-28.75,-51.75,4,5.7,6.19411596124327,3.3688952498990408,1.8386193401023363,1.6919493119208198
A898,2021-01-01,-27.5,-51.25,4,8.0,8.412847107828616,2.8501130130691323,2.9517591299894725,2.806906239617928
A898,2021-01-04,-27.5,-51.25,4,6.3,12.534785624358799,6.0500995248751925,2.071831310017562,1.0413051841704972
A898,2021-01-05,-27.5,-51.25,4,9.1,10.525857257497883,3.477042274407104,3.027244544874774,2.61716691424228
A898,2021-01-06,-27.5,-51.25,4,8.3,9.292402467530552,5.0387256357470624,1.8441969536118277,1.647241902022992
A898,2021-01-07,-27.5,-51.25,4,7.0,8.35461182034364,4.487595614761203,1.8617122703441746,1.5598553436888696
A898,2021-01-08,-27.5,-51.25,4,6.7,9.183098308332145,3.482495370161265,2.636930514542766,1.9239077982434594
A898,2021-01-09,-27.5,-51.25,4,9.7,9.95258886888898,4.902919110221138,2.029931280763081,1.9784132232119362
A898,2021-01-10,-27.5,-51.25,4,10.3,10.348874522511402,4.714444566202806,2.1951418406106704,2.1847748669778113
A898,2021-01-11,-27.5,-51.25,4,10.2,12.719053071404872,5.736089155463116,2.217373671622782,1.7782150387752262
A898,2021-01-12,-27.5,-51.25,4,11.4,10.357843181871988,5.024650944449261,2.061405517793094,2.26881431686187
A898,2021-01-13,-27.5,-51.25,4,9.9,10.198985302024504,4.14662443945055,2.4595874188635043,2.38748411980898
A898,2021-01-14,-27.5,-51.25,4,11.0,11.276921530905305,5.262421178610605,2.1429150476858374,2.0902925909294554
A898,2021-01-15,-27.5,-51.25,4,12.9,12.521225713031251,6.5544034316943725,1.9103532218483539,1.9681425067033498
A898,2021-01-16,-27.5,-51.25,4,14.5,12.919138867424385,6.459412029719901,2.000048736321996,2.2447863572234086
A898,2021-01-17,-27.5,-51.25,4,11.0,9.22952485953522,3.404477517899166,2.710995978387477,3.231039107224851
A898,2021-01-18,-27.5,-51.25,4,9.4,8.619612903389436,4.113700201655873,2.0953429955639,2.2850474121123976
A898,2021-01-19,-27.5,-51.25,4,11.1,11.224580291126742,4.11365207948745,2.728616828607755,2.6983322326527506
A898,2021-01-20,-27.5,-51.25,4,12.2,10.454446084592842,4.988386488988428,2.0957570364025364,2.4456805876871788
A898,2021-01-21,-27.5,-51.25,4,11.2,10.512573941462128,4.327618623245052,2.4291821569016414,2.5880284228007393
A898,2021-01-22,-27.5,-51.25,4,13.8,11.708717601891284,4.731590065178761,2.4745841124444334,2.916567118009331
A898,2021-01-23,-27.5,-51.25,4,10.3,13.165066031822736,4.66558364016265,2.82174043960849,2.2076552033779264
A898,2021-01-24,-27.5,-51.25,4,10.5,8.947411734793457,3.633391209686777,2.4625511590767526,2.8898622234805185
A898,2021-01-25,-27.5,-51.25,4,7.4,8.756077495306945,2.86427898107335,3.0569918479189906,2.583547220399233
A898,2021-01-26,-27.5,-51.25,4,10.6,8.426516585889322,3.8002431666637353,2.2173624729617054,2.789295193787777
A898,2021-01-27,-27.5,-51.25,4,13.2,13.903350493391683,6.50468014606984,2.137437995593397,2.0293080833460357
A898,2021-01-28,-27.5,-51.25,4,9.5,8.836835474869458,4.011521257945686,2.2028639278344078,2.3681789000078695
A898,2021-01-29,-27.5,-51.25,4,9.0,10.120491772455903,4.745010576642277,2.132870224204535,1.8967291757584852
A898,2021-01-30,-27.5,-51.25,4,10.5,7.369826498539983,3.3825331409731327,2.1787891474789016,3.1041824462299927
A898,2021-01-31,-27.5,-51.25,4,14.7,15.162395625749872,6.537655181615296,2.3192406458493595,2.2485125923034666
A898,2021-02-01,-27.5,-51.25,4,6.5,9.434344838064714,3.118234680827987,3.0255403469374555,2.084512766137939
A898,2021-02-02,-27.5,-51.25,4,9.6,8.241883453269292,3.887965182783665,2.119844974375093,2.46915791389024
A898,2021-02-03,-27.5,-51.25,4,7.9,9.14390465651209,4.095161383968868,2.2328557532084803,1.9291059031093991
A898,2021-02-04,-27.5,-51.25,4,13.2,12.368891936489181,6.574496689649753,1.8813443097418483,2.0077582548304864
A898,2021-02-05,-27.5,-51.25,4,11.4,10.368629682447764,6.252838416437296,1.658227670683283,1.8231720125746385
A898,2021-02-06,-27.5,-51.25,4,8.7,6.859707110535824,2.9045880309393834,2.361679879372532,2.99526125816414
A898,2021-02-07,-27.5,-51.25,4,7.7,6.02043009385996,3.0804119017699763,1.9544237218407956,2.4996657088539527
A898,2021-02-08,-27.5,-51.25,4,7.2,8.402599797621557,3.6853808274386624,2.2799814160484897,1.9536651263809814
A898,2021-02-09,-27.5,-51.25,4,9.5,8.70866729291288,4.393303527704532,1.9822594177696375,2.162381893281951
A898,2021-02-10,-27.5,-51.25,4,10.4,10.927762956515966,4.175350559223551,2.6172084957934874,2.4908088201183247
A898,2021-02-11,-27.5,-51.25,4,10.7,11.841040253583378,5.285021537843178,2.2404904443238496,2.024589667872324
A898,2021-02-12,-27.5,-51.25,4,9.0,10.394707637662405,4.688874388735632,2.2168876314183725,1.9194372153839836
A898,2021-02-13,-27.5,-51.25,4,7.8,8.408938248927935,2.689043622337503,3.127111133146402,2.900659526385704
A898,2021-02-14,-27.5,-51.25,4,10.1,10.072760052655338,4.6521054644711715,2.165204578783203,2.1710599807195297
A898,2021-02-15,-27.5,-51.25,4,11.2,9.393752696018952,4.567709696200356,2.0565564190371237,2.451994707394979
A898,2021-02-16,-27.5,-51.25,4,10.0,11.307740651025911,5.184972080986685,2.1808681849014087,1.9286506935437595
A898,2021-02-17,-27.5,-51.25,4,8.8,7.669395309102528,4.793827182967968,1.599848099729417,1.8356940423855077
A898,2021-02-18,-27.5,-51.25,4,8.4,8.118166999164524,4.040652603702941,2.0091227322351,2.0788721090009226
A898,2021-02-19,-27.5,-51.25,4,7.3,6.558055162793751,2.4825616226677356,2.6416484903792767,2.94051109682244
A898,2021-02-20,-27.5,-51.25,4,8.1,8.3717328070048,3.6174534087212575,2.314261404672561,2.239144250060511
A898,2021-02-21,-27.5,-51.25,4,9.5,9.774242783860169,5.1022206515114235,1.9156840621866793,1.8619343711028704
A898,2021-02-22,-27.5,-51.25,4,11.1,12.048208505925928,5.439861205787578,2.2148007182807525,2.0404932368845157
A898,2021-02-23,-27.5,-51.25,4,13.1,8.527369373681083,4.1099372878690605,2.0748173941365398,3.187396566528184
A898,2021-02-24,-27.5,-51.25,4,8.5,8.807067747741698,2.8320682066939593,3.109765409930825,3.001340144248345
A898,2021-02-25,-27.5,-51.25,4,11.8,9.943403036011295,4.476956798384749,2.2210183130645347,2.635718978627926
A898,2021-02-26,-27.5,-51.25,4,12.3,9.099964353897589,5.703674194861223,1.5954565501122566,2.1565046634469054
A898,2021-02-27,-27.5,-51.25,4,19.2,14.14722414130529,6.225395359282523,2.272502118312974,3.0841414708499415
A898,2021-02-28,-27.5,-51.25,4,12.1,13.81430489811648,6.884308676486362,2.0066364753950974,1.7576202010418338
A898,2021-03-01,-27.5,-51.25,4,13.8,13.67179613121199,5.416121940802242,2.5242777545711808,2.5479485415640273
A898,2021-03-02,-27.5,-51.25,4,11.5,9.644577593834539,4.651242683606634,2.0735485653816728,2.472457530657753
A898,2021-03-03,-27.5,-51.25,4,5.8,7.786786275587146,3.301285067740224,2.358713687490584,1.7568915985707896
A898,2021-03-04,-27.5,-51.25,4,5.7,8.507343110174356,3.1891303851436508,2.6676059247389947,1.7873210912144157
A898,2021-03-05,-27.5,-51.25,4,11.3,12.120404948729124,4.456875152601136,2.7194849605906897,2.5354086917613246
A898,2021-03-06,-27.5,-51.25,4,9.1,7.864720210207802,3.380982226032757,2.326164316881447,2.691525536553304
A898,2021-03-07,-27.5,-51.25,4,7.0,9.482691627502144,4.024520150860756,2.356229133422032,1.739337793725012
A898,2021-03-08,-27.5,-51.25,4,11.0,9.216161138934881,4.303983782739014,2.1413094482130703,2.555771711806894
A898,2021-03-09,-27.5,-51.25,4,10.8,9.231828600556309,4.756418470054873,1.9409201815772539,2.2706160250604284
A898,2021-03-10,-27.5,-51.25,4,7.3,6.303085463913611,3.289696576943345,1.9160081534845341,2.2190496385483884
A898,2021-03-11,-27.5,-51.25,4,7.9,7.104569574029924,2.837327538001305,2.503965255641436,2.784310198309
A898,2021-03-12,-27.5,-51.25,4,7.9,7.906350268232234,3.4822173345347136,2.270493053325939,2.268669425555996
A898,2021-03-13,-27.5,-51.25,4,8.4,10.258078237294056,4.201951140330537,2.4412654728029817,1.9990713169832892
A898,2021-03-14,-27.5,-51.25,4,8.4,11.203564118251915,3.9545656984300743,2.8330706764334765,2.1241270573238222
A898,2021-03-15,-27.5,-51.25,4,8.4,9.339736826118006,4.7000158459404275,1.9871713484083404,1.7872280169555985
A898,2021-03-16,-27.5,-51.25,4,9.0,12.431241434561665,4.656836804779374,2.6694603989135532,1.9326423444264096
A898,2021-03-17,-27.5,-51.25,4,10.5,10.931519967981654,4.840597405307479,2.258299761925207,2.169153747115441
A898,2021-03-18,-27.5,-51.25,4,8.4,9.307627595203027,3.6718795034769016,2.5348401510424394,2.2876567687055207
A898,2021-03-19,-27.5,-51.25,4,9.6,11.185467638366546,5.2004567923645615,2.150862527074415,1.845991685594803
A898,2021-03-20,-27.5,-51.25,4,11.4,14.1402295435344,6.343701678524966,2.229018680276636,1.7970580234868045
A898,2021-03-21,-27.5,-51.25,4,8.4,14.363041244029898,5.323957665633765,2.6978128201025275,1.5777736277322676
A898,2021-03-22,-27.5,-51.25,4,6.7,8.002950816291568,3.446247692844873,2.3222215956523837,1.9441434850752584
A898,2021-03-23,-27.5,-51.25,4,12.1,9.000841735806395,3.6346084167678128,2.476426812385657,3.3291069112639917
A898,2021-03-24,-27.5,-51.25,4,12.1,7.386605821223035,2.442699364051648,3.023952079379529,4.953536312356513
A898,2021-03-25,-27.5,-51.25,4,8.5,9.416584175893911,4.554138948450329,2.0676980396257263,1.8664340496006075
A898,2021-03-26,-27.5,-51.25,4,6.9,9.19938405907017,2.873438268638903,3.201524862905009,2.401304414752021
A898,2021-03-27,-27.5,-51.25,4,12.3,8.207516301478408,3.529617121999283,2.3253276539041208,3.48479723858346
A898,2021-03-28,-27.5,-51.25,4,10.1,12.806447780358468,5.502729473389735,2.327290091633302,1.8354527600969455
A898,2021-03-29,-27.5,-51.25,4,7.7,8.580884101491819,4.786620082702382,1.7926812559243912,1.608650752923932
A898,2021-03-30,-27.5,-51.25,4,6.7,9.363578097442783,4.306975230179481,2.174049674544467,1.5556160975926476
A898,2021-03-31,-27.5,-51.25,4,8.4,8.492356391996823,4.211782348603419,2.0163331552051345,1.994405053429541
A898,2021-04-01,-27.5,-51.25,4,8.4,6.385178789622176,3.1585269445993114,2.0215685671259,2.6594675769231464
A898,2021-04-02,-27.5,-51.25,4,8.8,8.898028029966524,3.778162455829143,2.3551205470898133,2.3291745929090237
A898,2021-04-03,-27.5,-51.25,4,8.0,9.269458894895891,4.018689486379533,2.30658748985526,1.990698715866017
A898,2021-04-04,-27.5,-51.25,4,9.6,9.909338065209205,4.631579829279918,2.139515765779175,2.072726878053732
A898,2021-04-05,-27.5,-51.25,4,10.3,12.582977716455035,4.80120328689517,2.6207966971113534,2.1452955404145735
A898,2021-04-06,-27.5,-51.25,4,7.4,10.759064455287426,3.675944566297345,2.9268843044944686,2.013088028542762
A898,2021-04-07,-27.5,-51.25,4,11.4,13.266480399418334,5.61378063378485,2.3631989322094302,2.0307170414519815
A898,2021-04-08,-27.5,-51.25,4,14.7,15.596819221024818,7.159274976569975,2.178547307104174,2.053280541410745
A898,2021-04-09,-27.5,-51.25,4,11.1,15.650659257853883,5.081462215847876,3.0799519101102804,2.1844106142089834
A898,2021-04-10,-27.5,-51.25,4,8.4,8.157362584105702,2.4630502859679364,3.3118944548466653,3.4104054017309453
A898,2021-04-11,-27.5,-51.25,4,10.6,15.00565196601701,6.581070218281606,2.2801233641806,1.6106802766750883
A898,2021-04-12,-27.5,-51.25,4,7.5,9.392196076705657,4.2314624647644195,2.2196099232629147,1.7724368495414626
A898,2021-04-13,-27.5,-51.25,4,9.5,11.38938136139458,4.459894241035185,2.553733507086705,2.130095353515593
A898,2021-04-14,-27.5,-51.25,4,11.8,10.845453898329277,5.1070321510822785,2.1236314120385784,2.3105395953889487
A898,2021-04-15,-27.5,-51.25,4,10.5,11.810556779646223,4.680957454327189,2.5231070555294757,2.243130834332525
A898,2021-04-16,-27.5,-51.25,4,8.4,9.527954367246409,4.554030879519788,2.092202406903993,1.8445197720938076
A898,2021-04-17,-27.5,-51.25,4,8.4,10.78379006791576,2.859200654763059,3.7716101001695557,2.937884050217562
A898,2021-04-18,-27.5,-51.25,4,8.2,7.6235361133410615,3.029804354552277,2.5161809876887626,2.7064453807651017
A898,2021-04-19,-27.5,-51.25,4,9.5,8.21672998832074,3.935297245847982,2.0879566332606703,2.4140489031732417
A898,2021-04-20,-27.5,-51.25,4,7.8,9.076155822659961,3.124068062558366,2.905236262755205,2.4967445791217537
A898,2021-04-21,-27.5,-51.25,4,11.0,13.213969116525751,5.493487619174629,2.40538798529432,2.0023709458460015
A898,2021-04-22,-27.5,-51.25,4,11.2,13.765269272490764,5.472738096414267,2.5152435636395163,2.0465075804263733
A898,2021-04-23,-27.5,-51.25,4,8.0,11.594879164975195,4.117833216746033,2.8157719253470943,1.942769310681725
A898,2021-04-24,-27.5,-51.25,4,9.7,8.745588027971854,3.8811425867697844,2.2533539627696784,2.4992640139184275
A898,2021-04-25,-27.5,-51.25,4,8.9,9.65941655845809,4.361148349255165,2.2148791522094884,2.040746905919864
A898,2021-04-26,-27.5,-51.25,4,8.4,6.490906862767511,3.1717476568547824,2.046476442960196,2.6483821882380574
A898,2021-04-27,-27.5,-51.25,4,6.6,6.5876218389300165,2.6520646901620517,2.4839597100957165,2.488627077794514
A898,2021-04-28,-27.5,-51.25,4,7.4,5.680174747042815,2.5444651404822434,2.2323649307163516,2.9082732878775084
A898,2021-04-29,-27.5,-51.25,4,12.9,7.235765087142356,3.3800735955729855,2.1407122899984548,3.8164849478116794
A898,2021-04-30,-27.5,-51.25,4,12.1,11.058599928761652,4.864056680563179,2.273534346947874,2.487635485078068
A898,2021-05-01,-27.5,-51.25,4,10.4,9.822313974076515,4.741850681388147,2.071409378753591,2.193236501693357
A898,2021-05-02,-27.5,-51.25,4,9.6,9.924542489400594,4.041049811849861,2.455931738405734,2.375620308329095
A898,2021-05-03,-27.5,-51.25,4,5.5,7.8283386647407465,2.6139418563265964,2.9948403962366648,2.104101889905545
A898,2021-05-04,-27.5,-51.25,4,8.1,10.016002139035239,4.371684326110318,2.2911082758683357,1.852832774686394
A898,2021-05-05,-27.5,-51.25,4,9.7,10.631249854039766,4.1022955631348,2.591536784813188,2.3645297738097817
A898,2021-05-06,-27.5,-51.25,4,11.7,11.938423944121947,5.184705619250839,2.30262329644995,2.2566372826564804
A898,2021-05-07,-27.5,-51.25,4,8.4,6.495384409434135,3.617003947312828,1.7957913521935012,2.3223640677087434
A898,2021-05-08,-27.5,-51.25,4,11.1,9.176319249481633,3.946017581336607,2.325463346357773,2.8129626316160947
A898,2021-05-09,-27.5,-51.25,4,11.8,11.569974030389014,5.12857521600204,2.2559821281919974,2.3008339554389226
A898,2021-05-10,-27.5,-51.25,4,7.5,10.433750918689066,3.971009501342714,2.6274807237708977,1.8886885053949207
A898,2021-05-11,-27.5,-51.25,4,7.9,8.927090929084846,3.4426355550523398,2.5930978711887276,2.294753503142709
A898,2021-05-12,-27.5,-51.25,4,6.8,9.67332024438623,3.482165645697934,2.77796096700259,1.9528077328547273
A898,2021-05-13,-27.5,-51.25,4,7.5,7.611027722451604,2.824182009268364,2.6949494393328166,2.655636207364326
A898,2021-05-14,-27.5,-51.25,4,9.8,6.3246766375911205,2.7611785307872454,2.2905714234232724,3.549209111518733
A898,2021-05-15,-27.5,-51.25,4,7.0,7.397249293279272,3.1456619840833886,2.3515715708516436,2.2252867712484763
A898,2021-05-16,-27.5,-51.25,4,7.0,7.978393750263033,3.0109502381831446,2.6497926299430716,2.3248474555407834
A898,2021-05-17,-27.5,-51.25,4,8.5,10.902259632874415,4.989637108205268,2.1849804698113346,1.7035307008644125
A898,2021-05-18,-27.5,-51.25,4,6.2,6.1788993874337095,2.6675825557292794,2.316291720442926,2.3242017333949043
A898,2021-05-19,-27.5,-51.25,4,7.7,6.223407228716969,2.661510135646858,2.3382992780541945,2.893094374081194
A898,2021-05-20,-27.5,-51.25,4,6.4,4.948882839237939,2.1916143075603682,2.258099348122467,2.9202218556075525
A898,2021-05-21,-27.5,-51.25,4,12.5,8.723441135313555,4.183539726166075,2.085181857065329,2.987900394925946
A898,2021-05-22,-27.5,-51.25,4,15.0,10.168993576861716,6.080575775137582,1.6723734647697286,2.466871650762481
A898,2021-05-23,-27.5,-51.25,4,20.4,17.214289287094974,9.072008277776483,1.8975169289984526,2.2486751968661083
A898,2021-05-24,-27.5,-51.25,4,11.9,11.196292091040982,6.354775591968637,1.761870569464515,1.8726074316518102
A898,2021-05-25,-27.5,-51.25,4,6.7,5.2786613535697215,1.8689133088334415,2.824454900406597,3.584970992679205
A898,2021-05-26,-27.5,-51.25,4,5.1,3.572375547412212,2.0821872357186417,1.7156841066597213,2.4493474518105938
A898,2021-05-27,-27.5,-51.25,4,6.3,5.1388571953935696,2.1978030692955803,2.3381790967471114,2.8664988633486703
A898,2021-05-28,-27.5,-51.25,4,15.6,15.498986164262293,5.462617726042505,2.837281856713562,2.8557736935587674
A898,2021-05-29,-27.5,-51.25,4,34.2,16.049905945439637,6.621900142542314,2.423761397778746,5.164680720611073
A898,2021-05-30,-27.5,-51.25,4,6.2,7.189054009531146,2.6341774443385417,2.7291456864388883,2.3536759125036313
A898,2021-05-31,-27.5,-51.25,4,5.7,6.651951355757747,2.271155994195556,2.9288835169219056,2.509735136893995
A898,2021-06-01,-27.5,-51.25,4,5.7,5.4196320683250025,2.037454880569271,2.660001023831625,2.7976079639159432
A898,2021-06-02,-27.5,-51.25,4,9.6,12.865389909629252,5.274976248114405,2.438947457673979,1.8199134078436123
A898,2021-06-03,-27.5,-51.25,4,5.8,7.864704136879586,2.422906919038797,3.2459786527827617,2.3938187449235344
A898,2021-06-04,-27.5,-51.25,4,7.3,14.183851298420453,4.648721422737726,3.0511295490938015,1.5703242539538715
A898,2021-06-05,-27.5,-51.25,4,11.3,11.810027310539,4.431810967177619,2.6648310133273054,2.5497477405261173
A898,2021-06-06,-27.5,-51.25,4,12.9,7.635796536736255,2.777626756374547,2.749036212015309,4.644252497350479
A898,2021-06-07,-27.5,-51.25,4,10.9,11.541758703969656,5.8494610284621,1.9731319941803485,1.8634195436063539
A898,2021-06-08,-27.5,-51.25,4,12.8,11.319441371510894,5.159727563912771,2.1938060161701705,2.4807511329713288
A898,2021-06-09,-27.5,-51.25,4,10.4,13.958339644347776,4.561034924748387,3.060344828453117,2.280184250194867
A898,2021-06-10,-27.5,-51.25,4,10.3,11.322692278349113,4.332071079075569,2.6136903277139414,2.3776156512644158
A898,2021-06-11,-27.5,-51.25,4,9.5,6.832920027736762,4.246105640040721,1.6092204497463312,2.237344240900444
A898,2021-06-12,-27.5,-51.25,4,8.2,5.048507604989267,2.3089831197042607,2.186463626306584,3.5513468808079773
A898,2021-06-13,-27.5,-51.25,4,7.1,7.528552035696307,3.5120962114655425,2.143606433991955,2.0215847096732245
A898,2021-06-14,-27.5,-51.25,4,7.7,8.389387273924788,3.4560642649544007,2.42743960492745,2.2279678297884873
A898,2021-06-15,-27.5,-51.25,4,7.4,6.643620926425634,3.0443859390668044,2.1822531897720245,2.4307036453690634
A898,2021-06-16,-27.5,-51.25,4,9.1,4.116705740489408,2.8238550338763777,1.4578318260333292,3.2225450282793724
A898,2021-06-17,-27.5,-51.25,4,7.2,4.0687084696768645,2.358944662241573,1.7248003036284028,3.052212336832965
A898,2021-06-18,-27.5,-51.25,4,8.4,7.270254087852545,4.524993392540392,1.6066883323714485,1.8563563018340958
A898,2021-06-19,-27.5,-51.25,4,11.0,10.173638303889469,5.997232722873294,1.6963887802931958,1.8341792803948191
A898,2021-06-20,-27.5,-51.25,4,5.2,5.235043954621305,1.985080634658773,2.6371946122587544,2.6195409441863093
A898,2021-06-21,-27.5,-51.25,4,10.8,10.20754404437839,4.9878440361610945,2.046484206477845,2.165264174601627
A898,2021-06-22,-27.5,-51.25,4,7.9,10.016551314864229,4.446238213961999,2.2528148139725013,1.7767828937263321
A898,2021-06-23,-27.5,-51.25,4,14.9,14.511253824237349,6.920813978136559,2.0967553628922313,2.1529259487497234
A898,2021-06-24,-27.5,-51.25,4,17.1,18.711755093442623,7.459335466032117,2.508501619031764,2.2924294098139137
A898,2021-06-25,-27.5,-51.25,4,9.6,5.485177811336029,4.002794318656798,1.3703371631587278,2.3983245792208066
A898,2021-06-26,-27.5,-51.25,4,15.3,10.935491283129283,6.254807513391994,1.7483337832084531,2.446118440454258
A898,2021-06-27,-27.5,-51.25,4,16.8,13.8060417796286,6.927670692630946,1.99288366785596,2.425057533099889
A898,2021-06-28,-27.5,-51.25,4,7.4,8.980695827842224,4.179482968870967,2.1487576082331166,1.7705539309803706
A898,2021-06-29,-27.5,-51.25,4,12.1,13.408798264027295,6.430911683215271,2.085054021037851,1.8815372681265539
A898,2021-06-30,-27.5,-51.25,4,9.3,9.021421564696888,4.895627022359422,1.842750994610913,1.8996545197427874
A898,2021-07-01,-27.5,-51.25,4,13.2,11.505251950723482,5.579147180451379,2.0621882840869334,2.3659529983813865
A898,2021-07-02,-27.5,-51.25,4,8.4,7.235088791521382,4.777641935007258,1.5143639665642692,1.758189524093592
A898,2021-07-03,-27.5,-51.25,4,6.3,4.296940022939302,1.9154945777192984,2.243253555985261,3.2889678066858083
A898,2021-07-04,-27.5,-51.25,4,10.0,11.070735346234349,4.4390090748049085,2.4939654683451846,2.252755025160541
A898,2021-07-05,-27.5,-51.25,4,7.0,8.290812603821688,3.2393948857634594,2.5593707763935405,2.1608974042540177
A898,2021-07-06,-27.5,-51.25,4,9.1,8.311718609948736,4.200878406754263,1.9785668151177564,2.166213615078414
A898,2021-07-07,-27.5,-51.25,4,10.6,12.992414607214128,5.537293634195589,2.346347415455701,1.9142925588304796
A898,2021-07-08,-27.5,-51.25,4,7.7,5.862536659469157,2.4844942874449596,2.3596498849261422,3.099222259801868
A898,2021-07-09,-27.5,-51.25,4,10.3,9.222923510860117,4.232957583817496,2.178836741978977,2.43328684402052
A898,2021-07-10,-27.5,-51.25,4,7.4,8.811935209540321,3.719983622613714,2.368810216252761,1.9892560695739445
A898,2021-07-11,-27.5,-51.25,4,7.2,7.200618548527647,2.502899148200682,2.876911182659567,2.8766640498383778
A898,2021-07-12,-27.5,-51.25,4,10.9,9.953186645968499,4.375632515621149,2.2746852278922653,2.491068425213189
A898,2021-07-13,-27.5,-51.25,4,9.4,8.332593808663928,3.285462657058911,2.536201040289139,2.861088674924924
A898,2021-07-14,-27.5,-51.25,4,11.6,8.901063023343553,3.825914889600033,2.3265188275722686,3.031954534987756
A898,2021-07-15,-27.5,-51.25,4,7.7,11.727876936991905,3.4961427497693243,3.3545189016568933,2.2024272322713503
A898,2021-07-16,-27.5,-51.25,4,9.1,6.959495899913465,3.6932768321408282,1.884368872473433,2.463936610656162
A898,2021-07-17,-27.5,-51.25,4,11.5,11.169619127864244,5.599429862890844,1.9947779329979236,2.053780524373394
A898,2021-07-18,-27.5,-51.25,4,15.2,16.606593139891235,7.506843045716899,2.2121939993625266,2.024819209277661
A898,2021-07-19,-27.5,-51.25,4,10.4,9.871559216957454,5.781180439853554,1.7075334907220985,1.7989405638173523
A898,2021-07-20,-27.5,-51.25,4,7.5,6.231762002642376,2.5984720808382256,2.398240892637226,2.886311557975493
A898,2021-07-21,-27.5,-51.25,4,5.0,5.551694185414216,2.4747660069095487,2.2433208513103384,2.0203930335393308
A898,2021-07-22,-27.5,-51.25,4,6.7,9.48881579559345,3.3565931535968936,2.826918652749239,1.996071520559572
A898,2021-07-23,-27.5,-51.25,4,7.4,10.630192920711952,3.8725523844606506,2.745009457681609,1.9108844155843834
A898,2021-07-24,-27.5,-51.25,4,9.1,8.57793867376807,3.096994621150367,2.769762212432202,2.9383325169030607
A898,2021-07-25,-27.5,-51.25,4,10.6,9.40039758289599,4.071047097910424,2.309085932147776,2.6037527311930977
A898,2021-07-26,-27.5,-51.25,4,11.4,10.24914606282919,4.742203465818602,2.161262404007791,2.4039457779849025
A898,2021-07-27,-27.5,-51.25,4,16.4,17.984551244606237,6.120632219978884,2.938348621225976,2.679461763192917
A898,2021-07-28,-27.5,-51.25,4,13.5,20.11671186477047,8.34214689239541,2.411455003640441,1.6182884542954308
A898,2021-07-29,-27.5,-51.25,4,11.4,11.44992730774333,6.4451608521690575,1.7765153687188375,1.7687688890128226
A898,2021-07-30,-27.5,-51.25,4,8.8,8.40807496482941,3.483839017231382,2.413451058801028,2.525949091354224
A898,2021-07-31,-27.5,-51.25,4,11.8,12.087487522614088,4.94114306285208,2.446293776330585,2.388111384329948
A898,2021-08-01,-27.5,-51.25,4,8.1,8.065696303234612,4.016158714066438,2.0083111444238564,2.016852564025936
A898,2021-08-02,-27.5,-51.25,4,6.6,6.212002730133719,2.758539627580587,2.251917162263874,2.3925703056833068
A898,2021-08-03,-27.5,-51.25,4,8.6,9.131978985519405,3.7336621876703466,2.445850354559631,2.303368534089596
A898,2021-08-04,-27.5,-51.25,4,12.3,12.074731185259372,5.045321772164965,2.3932529441185797,2.4379019922691727
A898,2021-08-05,-27.5,-51.25,4,14.5,15.24776672703884,6.804465099887978,2.2408472235811545,2.1309536880773647
A898,2021-08-06,-27.5,-51.25,4,12.4,11.304956947080903,5.188843525885965,2.178704539977556,2.3897425193377306
A898,2021-08-07,-27.5,-51.25,4,11.9,10.956396319558731,5.315555982339468,2.0611947942906683,2.238712194836598
A898,2021-08-08,-27.5,-51.25,4,9.3,9.676249222434608,4.490110828427521,2.155013448927122,2.0712183630569645
A898,2021-08-09,-27.5,-51.25,4,9.2,7.835967985010697,3.96282040866695,1.9773714619700953,2.3215788381121163
A898,2021-08-10,-27.5,-51.25,4,10.6,7.0855664269973095,3.7063694603184425,1.9117269616150285,2.8599415448154684
A898,2021-08-11,-27.5,-51.25,4,7.0,6.674406938909668,3.1862135347585165,2.094777034275426,2.196965119768889
A898,2021-08-12,-27.5,-51.25,4,9.5,10.352082442975588,4.7693748291527065,2.170532368246399,1.9918753170607275
A898,2021-08-13,-27.5,-51.25,4,15.1,14.341494080882939,6.487173315558772,2.2107462500634045,2.32767019863402
A898,2021-08-14,-27.5,-51.25,4,9.9,10.826185053370521,5.135490970978465,2.1081110091617608,1.9277611538890027
A898,2021-08-15,-27.5,-51.25,4,6.6,7.335314067600241,3.0925377929744258,2.371939991894192,2.1341695532367515
A898,2021-08-16,-27.5,-51.25,4,6.9,6.691491724804893,3.336841868266279,2.0053367791988257,2.067823490714299
A898,2021-08-17,-27.5,-51.25,4,8.0,7.89417348707386,3.4365848114092095,2.29709840445834,2.3278924976449256
A898,2021-08-18,-27.5,-51.25,4,10.7,10.203505944440193,5.219319050322105,1.9549496488072509,2.0500758617811763
A898,2021-08-19,-27.5,-51.25,4,14.1,13.40364854223437,5.537373960592728,2.4205785337278587,2.5463333522973257
A898,2021-08-20,-27.5,-51.25,4,11.4,14.583180152466673,6.6460905636773,2.1942493880790215,1.7152941102404042
A898,2021-08-21,-27.5,-51.25,4,13.7,9.384491083045289,5.583655818569472,1.6807072978666489,2.4535896275050004
A898,2021-08-22,-27.5,-51.25,4,11.2,12.986936029467563,5.905117660583976,2.1992679529747496,1.8966599217419142
A898,2021-08-23,-27.5,-51.25,4,10.5,11.360534670638538,5.386308314955066,2.1091504619399624,1.9493871100632667
A898,2021-08-24,-27.5,-51.25,4,16.0,14.90902445263456,6.9695434422320055,2.139168021005968,2.29570274331714
A898,2021-08-25,-27.5,-51.25,4,15.3,10.471670901685833,4.177301634152298,2.5068026728241892,3.6626514769515413
A898,2021-08-26,-27.5,-51.25,4,11.0,9.795554478264394,5.1114842067515545,1.9163816382971193,2.152016822329323
A898,2021-08-27,-27.5,-51.25,4,7.7,6.8943525757809265,4.00761332912237,1.7203138151281487,1.9213430457589151
A898,2021-08-28,-27.5,-51.25,4,15.9,12.576504928359817,7.153600590019206,1.7580664128644135,2.2226569403642524
A898,2021-08-29,-27.5,-51.25,4,11.5,9.330321602776532,5.013538610455118,1.8610251815592471,2.293789056699028
A898,2021-08-30,-27.5,-51.25,4,11.3,12.345848807018964,6.019986271176526,2.0508101266161414,1.8770806927092156
A898,2021-08-31,-27.5,-51.25,4,11.9,14.855662493525415,6.437914047565467,2.3075273114500754,1.848424802207487
A898,2021-09-01,-27.5,-51.25,4,12.4,11.352063063286886,6.264447428309781,1.8121411653940245,1.979424385295809
A898,2021-09-02,-27.5,-51.25,4,10.8,9.075586910444061,4.326766181907442,2.0975450322215274,2.496090508694614
A898,2021-09-03,-27.5,-51.25,4,10.7,6.358239789046973,4.149391321547282,1.5323307194550224,2.5786914684175986
A898,2021-09-04,-27.5,-51.25,4,12.4,8.634165294016253,2.9998958701589755,2.8781549986129007,4.133476806094232
A898,2021-09-05,-27.5,-51.25,4,12.3,12.64094076965812,5.340689559081619,2.3669117311195764,2.303073388544812
A898,2021-09-06,-27.5,-51.25,4,11.0,10.807111113242524,5.605797879283499,1.927845303374339,1.962254122762977
A898,2021-09-07,-27.5,-51.25,4,16.8,13.061288816693553,7.3611529960888005,1.7743536676432896,2.282251164855063
A898,2021-09-08,-27.5,-51.25,4,16.0,17.10674902350695,7.43214266219513,2.3017250611352456,2.1528112049553014
A898,2021-09-09,-27.5,-51.25,4,9.9,10.50959569675487,5.915687438921509,1.7765637223509019,1.673516409076013
A898,2021-09-10,-27.5,-51.25,4,9.0,7.647585658469601,4.343705970919228,1.760613105414959,2.0719634478609503
A898,2021-09-11,-27.5,-51.25,4,6.5,5.025240010127988,2.280794758446109,2.2032846188894495,2.8498837854346917
A898,2021-09-12,-27.5,-51.25,4,7.2,8.20913305582049,3.6630716566696284,2.241051725229974,1.9655635146777493
A898,2021-09-13,-27.5,-51.25,4,13.3,18.201772813402293,6.480980841845042,2.8084904519206244,2.052158511891802
A898,2021-09-14,-27.5,-51.25,4,19.2,11.609059979981552,3.9481241003377967,2.940398955288233,4.863069020134719
A898,2021-09-15,-27.5,-51.25,4,5.8,6.008514026588872,2.837869489229117,2.1172622805219397,2.0437867287461198
A898,2021-09-16,-27.5,-51.25,4,10.0,9.058269677060677,5.10430433159537,1.774633542320444,1.9591308335791298
A898,2021-09-17,-27.5,-51.25,4,16.8,11.687635457003354,5.471017012078562,2.1362820534463958,3.0707270627947296
A898,2021-09-18,-27.5,-51.25,4,10.5,11.444870743630338,4.401868297369909,2.600002992017863,2.385350785318518
A898,2021-09-19,-27.5,-51.25,4,11.7,9.974290957024628,4.874325706795467,2.0462914374226413,2.40033200565334
A898,2021-09-20,-27.5,-51.25,4,12.0,15.038186890290387,6.226117817653746,2.4153392741220863,1.927364748218351
A898,2021-09-21,-27.5,-51.25,4,11.4,17.178087821993863,5.637630978784173,3.047040128493571,2.022125967964394
A898,2021-09-22,-27.5,-51.25,4,19.0,12.672760140208585,6.716380266499091,1.8868437517481798,2.828904744237142
A898,2021-09-23,-27.5,-51.25,4,12.5,12.222349354998583,5.901008072111368,2.0712307466180864,2.1182821387884543
A898,2021-09-24,-27.5,-51.25,4,9.7,8.00045610059627,3.921946402686727,2.0399197947008054,2.473261744055202
A898,2021-09-25,-27.5,-51.25,4,8.3,8.836526268056954,4.293277876109656,2.058223698314201,1.9332547856233866
A898,2021-09-26,-27.5,-51.25,4,9.5,9.866623309574692,4.143180783125477,2.381412693783456,2.2929243248790887
A898,2021-09-27,-27.5,-51.25,4,9.0,10.561531971946916,4.5964696796724445,2.297748643628507,1.958024446414136
A898,2021-09-28,-27.5,-51.25,4,9.2,10.448507408333745,3.9762558650808217,2.6277251170106397,2.3137344054726716
A898,2021-09-29,-27.5,-51.25,4,16.2,9.102792274226312,3.159392237440851,2.8811846045427054,5.127568463332749
A898,2021-09-30,-27.5,-51.25,4,13.0,16.043889947216936,6.894495373144902,2.327057903281842,1.885562219772742
A898,2021-10-01,-27.5,-51.25,4,13.5,15.090827130068389,6.10283555308508,2.472756638910209,2.212086477272935
A898,2021-10-02,-27.5,-51.25,4,8.2,10.28729748601944,3.5913698084221735,2.864449509458633,2.2832513601829754
A898,2021-10-03,-27.5,-51.25,4,15.4,9.527039129347495,4.666663066111225,2.041509959982277,3.300002546109027
A898,2021-10-04,-27.5,-51.25,4,10.1,7.498516629151752,3.3306901846474632,2.251340176794448,3.032404528813608
A898,2021-10-05,-27.5,-51.25,4,8.9,6.468335787218124,2.7741586313485405,2.3316387585499445,3.2081799142371463
A898,2021-10-06,-27.5,-51.25,4,8.9,10.67075410482258,4.780131727018665,2.2323138177361184,1.8618733767721647
A898,2021-10-07,-27.5,-51.25,4,9.9,11.78863403900215,4.273058734706988,2.758827989714145,2.3168415448141184
A898,2021-10-08,-27.5,-51.25,4,12.6,11.5255403809665,5.212367864155244,2.211190898521591,2.4173274658238366
A898,2021-10-09,-27.5,-51.25,4,11.9,13.596039186651828,6.380973749012179,2.130715423920462,1.8649191280315494
A898,2021-10-10,-27.5,-51.25,4,13.2,11.384860075847605,6.489823234088305,1.7542635084493112,2.0339537031865467
A898,2021-10-11,-27.5,-51.25,4,12.9,9.448987683836533,6.408585424237172,1.4744264230450306,2.0129247167732833
A898,2021-10-12,-27.5,-51.25,4,9.0,8.859518898407146,4.647715067047439,1.9062095611716028,1.9364354032394338
A898,2021-10-13,-27.5,-51.25,4,12.3,13.394782499615314,6.162055217622818,2.173752429434204,1.9960872737432338
A898,2021-10-14,-27.5,-51.25,4,23.8,14.062008482273015,6.881880309669784,2.0433381357293263,3.4583571537212636
A898,2021-10-15,-27.5,-51.25,4,15.4,16.246811490108097,4.744605155950941,3.424270504307501,3.2457916926310477
A898,2021-10-16,-27.5,-51.25,4,11.5,8.211423059836678,4.433564790476734,1.852103994842876,2.593849541728119
A898,2021-10-17,-27.5,-51.25,4,11.1,10.682746297607533,4.912101501326763,2.174781261079828,2.259725292118227
A898,2021-10-18,-27.5,-51.25,4,10.6,10.745287353317849,4.908874444936528,2.1889513520561814,2.1593544750230538
A898,2021-10-19,-27.5,-51.25,4,9.7,9.422509658868012,4.363516403704002,2.159384493402992,2.222977778143812
A898,2021-10-20,-27.5,-51.25,4,12.4,10.835867325924564,5.230371351386644,2.0717204569139867,2.370768568222711
A898,2021-10-21,-27.5,-51.25,4,10.9,10.049052534227679,5.0211505535274545,2.0013445976376922,2.1708172029103054
A898,2021-10-22,-27.5,-51.25,4,7.3,6.48326349765828,2.4767411861165445,2.6176588551118827,2.9474214104083196
A898,2021-10-23,-27.5,-51.25,4,15.1,12.76553151430321,5.370229736365468,2.377092255077867,2.8117977705399935
A898,2021-10-24,-27.5,-51.25,4,11.6,14.001566745486322,5.4519677560556925,2.568167562974724,2.127672157839795
A898,2021-10-25,-27.5,-51.25,4,11.7,9.76215651486996,4.970289497178354,1.9641021957396971,2.353987631231967
A898,2021-10-26,-27.5,-51.25,4,7.1,7.344212024208239,2.352487072225662,3.1218926177817257,3.018082472726521
A898,2021-10-27,-27.5,-51.25,4,11.3,9.356287612662777,4.329695174328901,2.160957581526047,2.6098835010368813
A898,2021-10-28,-27.5,-51.25,4,11.9,14.152667444270485,5.649948255840154,2.5049198334942924,2.1062139795173147
A898,2021-10-29,-27.5,-51.25,4,13.6,14.354600360608092,5.940751916305292,2.416293520220853,2.2892725014610935
A898,2021-10-30,-27.5,-51.25,4,13.8,14.982550874769384,6.9485657053850325,2.1562076995484314,1.986021372627334
A898,2021-10-31,-27.5,-51.25,4,11.8,14.197327308159371,6.010835021864681,2.3619559107039136,1.9631215891098281
A898,2021-11-01,-27.5,-51.25,4,12.4,10.044117576241193,5.270872914273889,1.9055890247402905,2.352551503645618
A898,2021-11-02,-27.5,-51.25,4,10.4,9.555890586896146,4.332786986078228,2.205483587723187,2.4003026304815966
A898,2021-11-03,-27.5,-51.25,4,9.8,11.967654504165052,5.0565566166547855,2.366759716433744,1.938077775639203
A898,2021-11-04,-27.5,-51.25,4,8.9,8.809922557902523,3.8238812890764415,2.303921563430733,2.327478111160078
A898,2021-11-05,-27.5,-51.25,4,8.5,10.43841831489032,4.489062114814562,2.325300485471567,1.8934912867319782
A898,2021-11-06,-27.5,-51.25,4,11.5,9.739128479747498,4.193222958070833,2.322587798724673,2.742520518224669
A898,2021-11-07,-27.5,-51.25,4,9.5,12.025546381353227,4.327168427191741,2.7790798032693176,2.195431067647473
A898,2021-11-08,-27.5,-51.25,4,11.2,9.67155107646504,3.7612251781937482,2.5713831579500392,2.9777531175037413
A898,2021-11-09,-27.5,-51.25,4,9.4,8.721234850329267,3.454321546616364,2.5247316246144025,2.7212290092703295
A898,2021-11-10,-27.5,-51.25,4,13.2,11.079047975266977,5.088086184447316,2.1774489608946,2.5942956784710645
A898,2021-11-11,-27.5,-51.25,4,12.3,13.316665483079301,6.06712737605636,2.1948880677259077,2.027318570653615
A898,2021-11-12,-27.5,-51.25,4,13.0,11.003250074866541,5.819374185751876,1.8907961103114557,2.2339171850865216
A898,2021-11-13,-27.5,-51.25,4,13.4,11.046239208481438,6.14074254660918,1.798844215441176,2.1821465235339117
A898,2021-11-14,-27.5,-51.25,4,14.1,12.417814721369245,6.228864437314237,1.9935920658314346,2.2636549794748206
A898,2021-11-15,-27.5,-51.25,4,10.3,10.599212497869367,5.359568579878429,1.9776241949141713,1.92179647419189
A898,2021-11-16,-27.5,-51.25,4,12.5,10.911249349501167,5.0241105180964905,2.1717773345549665,2.488002593688153
A898,2021-11-17,-27.5,-51.25,4,9.4,8.668279461429304,3.9693180723918715,2.183820823460964,2.368164966516693
A898,2021-11-18,-27.5,-51.25,4,8.5,7.217035978173612,3.1960136734988955,2.2581367651886883,2.6595630896329885
A898,2021-11-19,-27.5,-51.25,4,8.2,8.700702903262213,3.90006547479567,2.2309120089113517,2.1025288044502917
A898,2021-11-20,-27.5,-51.25,4,8.9,9.898369002143866,3.921428993749142,2.5241739727844417,2.269580812042454
A898,2021-11-21,-27.5,-51.25,4,9.0,10.76958822081315,4.243474688672211,2.537917393395121,2.120903424739435
A898,2021-11-22,-27.5,-51.25,4,8.1,9.538940379249789,3.0451706500367175,3.132481386268048,2.6599494514050743
A898,2021-11-23,-27.5,-51.25,4,10.6,11.31037559102926,4.233565161044317,2.6715959624533725,2.5037998936539902
A898,2021-11-24,-27.5,-51.25,4,9.6,8.143282126371224,4.255650263994432,1.9135224046178523,2.2558244696990823
A898,2021-11-25,-27.5,-51.25,4,10.2,9.932242032798019,4.772172512946334,2.081283106562689,2.13739129763826
A898,2021-11-26,-27.5,-51.25,4,18.5,14.745278924332926,7.134892217175239,2.0666435421179634,2.592891306117627
A898,2021-11-27,-27.5,-51.25,4,8.9,11.592703676207972,4.191687199936829,2.765641404822068,2.123250036437387
A898,2021-11-28,-27.5,-51.25,4,11.2,8.721198490865548,4.5578503760800295,1.9134455436789037,2.4572987430167768
A898,2021-11-29,-27.5,-51.25,4,13.4,12.820180301595864,6.330060173125884,2.025285692547383,2.116883510347875
A898,2021-11-30,-27.5,-51.25,4,12.9,9.281104218845824,5.64509175870761,1.644101569213579,2.2851710036602366
A898,2021-12-01,-27.5,-51.25,4,7.8,7.671993173438628,2.708827783485735,2.832218873495998,2.879474305288953
A898,2021-12-02,-27.5,-51.25,4,11.2,10.657210303208569,4.877259836465304,2.185081513092435,2.2963714002403806
A898,2021-12-03,-27.5,-51.25,4,12.6,14.565318585381235,6.1486335566588615,2.368870815143513,2.0492357991239243
A898,2021-12-04,-27.5,-51.25,4,12.3,14.342380826218202,6.390336689272638,2.244385784914047,1.9247812123339019
A898,2021-12-05,-27.5,-51.25,4,13.2,13.029854970212986,4.8818299854736,2.6690513616788567,2.703904076806851
A898,2021-12-06,-27.5,-51.25,4,15.8,11.638526101250973,5.273421901088179,2.2070159224031256,2.996157010828139
A898,2021-12-07,-27.5,-51.25,4,12.1,13.251221384417477,5.562600714048534,2.3821989147901763,2.1752415141789783
A898,2021-12-08,-27.5,-51.25,4,12.7,12.299714774950978,5.507623770917962,2.233216226550814,2.3058946159431066
A898,2021-12-09,-27.5,-51.25,4,10.0,10.106251600774991,4.627392958143605,2.1840054847707093,2.161044045849037
A898,2021-12-10,-27.5,-51.25,4,9.8,9.474457304378253,4.24363738222396,2.232626506700481,2.309339634213544
A898,2021-12-11,-27.5,-51.25,4,13.5,11.337978283840796,6.01841265986115,1.883881834733209,2.243116376854002
A898,2021-12-12,-27.5,-51.25,4,7.6,7.358237154287083,2.6221683107830995,2.806165082549402,2.8983646735210113
A898,2021-12-13,-27.5,-51.25,4,11.7,10.54711200159394,3.6599644162975635,2.8817526079292994,3.1967523913349334
A898,2021-12-14,-27.5,-51.25,4,11.6,13.605263189598787,4.816040840474703,2.8249891643895935,2.408617448280738
A898,2021-12-15,-27.5,-51.25,4,10.7,12.42358482701793,5.169027645329046,2.4034665084920586,2.0700218172887848
A898,2021-12-16,-27.5,-51.25,4,11.7,11.20008030748197,4.432121239787186,2.5270248040461447,2.639819483043246
A898,2021-12-17,-27.5,-51.25,4,9.9,8.021950468315609,4.2101033651663915,1.905404635593446,2.3514862086073114
A898,2021-12-18,-27.5,-51.25,4,13.3,13.361542128644924,6.537182132740177,2.0439299161830444,2.0345157485194725
A898,2021-12-19,-27.5,-51.25,4,13.6,13.066175329254246,6.042110132332026,2.1625185643895564,2.2508692662228773
A898,2021-12-20,-27.5,-51.25,4,10.2,11.84725090657307,4.8109550284774185,2.462556984308896,2.1201611612711577
A898,2021-12-21,-27.5,-51.25,4,16.1,8.031986303343347,3.637561919339599,2.2080686133863963,4.4260414962016545
A898,2021-12-22,-27.5,-51.25,4,12.9,10.879891478222898,5.598437314190044,1.943380066192087,2.304214421996491
A898,2021-12-23,-27.5,-51.25,4,11.4,9.834233992886627,4.664963926677882,2.1081050459247606,2.4437488004582324
A898,2021-12-24,-27.5,-51.25,4,13.3,11.577147303270328,4.959020462769665,2.3345633255976463,2.681981270263162
A898,2021-12-25,-27.5,-51.25,4,10.4,10.424611228824768,5.246177016628507,1.987087205746675,1.9823959365144783
A898,2021-12-26,-27.5,-51.25,4,13.6,7.693750353400116,4.57479549951583,1.6817692406610039,2.9728104789469483
A898,2021-12-27,-27.5,-51.25,4,10.3,9.582051692925388,4.003349919920842,2.393508407857301,2.572845293574453
A898,2021-12-28,-27.5,-51.25,4,9.4,8.634621621101646,4.137729657828306,2.0868017814468676,2.2717772250334995
A898,2021-12-29,-27.5,-51.25,4,14.1,12.229677675205092,6.034710576289523,2.0265557926266915,2.3364832201562624
A898,2021-12-30,-27.5,-51.25,4,13.7,16.310174070745546,6.374965099668397,2.5584726842808823,2.149031372848241
A898,2021-12-31,-27.5,-51.25,4,8.5,10.330924488092984,4.541957490774552,2.274553319593316,1.8714397960053284
A898,2022-01-01,-27.5,-51.25,4,8.0,8.370581489946453,3.951589053345194,2.1182823863884295,2.0245020147597708
A898,2022-01-02,-27.5,-51.25,4,14.1,9.271477097635612,4.684526725509211,1.9791704991559842,3.0099091810533585
A898,2022-01-03,-27.5,-51.25,4,11.5,11.560402309932774,3.737015574010142,3.093485183827441,3.0773219357123263
A898,2022-01-04,-27.5,-51.25,4,9.9,10.249685507010408,4.184959505526191,2.4491719677277204,2.3656142877672206
A898,2022-01-05,-27.5,-51.25,4,15.3,12.697329928595677,5.415612871284718,2.3445785787091453,2.8251650115401366
A898,2022-01-06,-27.5,-51.25,4,10.6,13.607352311891672,5.1679949605692315,2.6330041758386087,2.0510855913900614
A898,2022-01-07,-27.5,-51.25,4,11.3,11.512356171253344,5.351795023044185,2.151120534639784,2.1114411055250737
A898,2022-01-08,-27.5,-51.25,4,12.6,10.72579510278881,5.910194405536091,1.8147956508405099,2.131909567678105
A898,2022-01-09,-27.5,-51.25,4,12.7,12.468384254929587,5.859923970274781,2.1277382297410465,2.1672636137298684
A898,2022-01-10,-27.5,-51.25,4,10.0,10.452030606902206,4.841210399527352,2.158970535121266,2.065599132187335
A898,2022-01-11,-27.5,-51.25,4,8.7,8.790363019663722,3.995532780111614,2.2000477792146076,2.1774317666233656
A898,2022-01-12,-27.5,-51.25,4,8.6,8.851689175758302,3.124545071688092,2.8329529492035834,2.7524006863993464
A898,2022-01-13,-27.5,-51.25,4,9.5,10.615752863598226,4.706062706575174,2.2557610311410015,2.0186726340741012
A898,2022-01-14,-27.5,-51.25,4,8.8,14.193415097928506,4.335192539574837,3.27399878283618,2.0298983077838195
A898,2022-01-15,-27.5,-51.25,4,13.7,8.706270406327235,3.811192574448149,2.2843953004888187,3.594675349613821
A898,2022-01-16,-27.5,-51.25,4,13.9,10.375992100020184,4.775177923708795,2.1729016731509216,2.9108863003798024
A898,2022-01-17,-27.5,-51.25,4,9.9,9.33507920293594,3.273057812680882,2.852097254979375,3.024694510938428
A898,2022-01-18,-27.5,-51.25,4,13.5,7.547478621262052,3.546338318332063,2.1282455151689623,3.8067434035310566
A898,2022-01-19,-27.5,-51.25,4,11.9,11.165158880531461,2.9943540128333144,3.7287370941042393,3.9741459924239204
A898,2022-01-20,-27.5,-51.25,4,8.9,7.229541461653632,3.891182724641429,1.8579290599414942,2.287222325397256
A898,2022-01-21,-27.5,-51.25,4,8.9,9.541481931481146,3.721652444808836,2.5637756542232,2.39141084020734
A898,2022-01-22,-27.5,-51.25,4,8.4,9.329571605226308,4.796399416980014,1.945119827218339,1.7513136979924293
A898,2022-01-23,-27.5,-51.25,4,11.4,8.813308711759891,4.158657271802843,2.1192678635763564,2.7412694182076516
A898,2022-01-24,-27.5,-51.25,4,14.9,8.508455651832378,3.276802960856039,2.5965722545641285,4.547115031935729
A898,2022-01-25,-27.5,-51.25,4,10.1,7.852967476137734,4.457031596709914,1.7619277103475388,2.266082207596555
A898,2022-01-26,-27.5,-51.25,4,15.7,11.194860362297831,4.67663409686191,2.393785814846996,3.357115325856887
A898,2022-01-27,-27.5,-51.25,4,13.6,14.407725637681676,5.7607990941245415,2.500994289555448,2.360783595781128
A898,2022-01-28,-27.5,-51.25,4,11.5,10.143252228751026,4.337866382265988,2.338304441607179,2.651072897730128
A898,2022-01-29,-27.5,-51.25,4,10.3,9.235607946189244,4.666813703434843,1.978996491630189,2.207073316944075
A898,2022-01-30,-27.5,-51.25,4,11.7,11.356075458123465,5.438108515671162,2.0882399506001614,2.151483363431192
A898,2022-01-31,-27.5,-51.25,4,12.6,11.393470867177912,4.8232199677689085,2.3622125765183015,2.6123627129177813
A898,2022-02-01,-27.5,-51.25,4,8.9,8.488661976252335,2.47721306712697,3.426698368783167,3.592747074567175
A898,2022-02-02,-27.5,-51.25,4,10.2,11.818821644475836,4.844142128565262,2.4398172743078317,2.1056359886411995
A898,2022-02-03,-27.5,-51.25,4,9.9,13.996180275716878,4.740856086512453,2.9522474465182467,2.0882304417898503
A898,2022-02-04,-27.5,-51.25,4,10.0,8.507312788926473,4.659040624402789,1.8259795255631557,2.146364628722642
A898,2022-02-05,-27.5,-51.25,4,13.5,8.769063316381041,4.999597732582883,1.753953774967168,2.7002172418831094
A898,2022-02-06,-27.5,-51.25,4,9.4,12.67450944573177,5.349184506252427,2.369428355091714,1.75727720534088
A898,2022-02-07,-27.5,-51.25,4,9.2,7.225364034717342,3.945683789162191,1.831207065949789,2.3316617579112915
A898,2022-02-08,-27.5,-51.25,4,8.1,6.727677869901327,2.4974187568026256,2.693852543381464,3.2433487487577772
A898,2022-02-09,-27.5,-51.25,4,8.2,7.99937626450273,4.19007378165026,1.9091253952459464,1.9570061118996407
A898,2022-02-10,-27.5,-51.25,4,10.0,10.914757959267122,5.0797918576415,2.1486624383729658,1.9685845956379218
A898,2022-02-11,-27.5,-51.25,4,11.9,11.934952344009359,4.3803637432174485,2.7246486921296045,2.716669367567009
A898,2022-02-12,-27.5,-51.25,4,7.9,10.961235056252725,4.058000689818737,2.7011417429656333,1.9467714778414387
A898,2022-02-13,-27.5,-51.25,4,9.0,11.074652341207338,5.241201245178307,2.1129988762395966,1.7171636002871737
A898,2022-02-14,-27.5,-51.25,4,7.8,9.173622635708178,4.351285702341461,2.108255642871664,1.7925736284801428
A898,2022-02-15,-27.5,-51.25,4,7.0,7.209737864931431,2.7300615411209153,2.6408700889472403,2.5640447640333863
A898,2022-02-16,-27.5,-51.25,4,8.8,10.163410793343813,4.964895950662175,2.047054136550093,1.77244399227064
A898,2022-02-17,-27.5,-51.25,4,11.0,10.314402294974101,6.106488002468957,1.6890890952055932,1.8013627465660316
A898,2022-02-18,-27.5,-51.25,4,10.4,9.515091732377465,5.283320160211142,1.8009682252527368,1.968459166704063
A898,2022-02-19,-27.5,-51.25,4,12.6,11.059141565265001,4.72418507382343,2.3409628099761326,2.6671266690664233
A898,2022-02-20,-27.5,-51.25,4,8.6,10.05825338312092,4.120062469677177,2.441286620566465,2.087346991288179
A898,2022-02-21,-27.5,-51.25,4,9.3,8.385151622784354,2.8148592333118994,2.978888437315771,3.303895232110002
A898,2022-02-22,-27.5,-51.25,4,11.6,10.877683999048472,4.242303665996075,2.5640983898059635,2.734363429232822
A898,2022-02-23,-27.5,-51.25,4,8.3,8.673158328466238,3.3757599355117547,2.5692461828306565,2.4587056421539484
A898,2022-02-24,-27.5,-51.25,4,10.9,10.475462427777666,5.373317630607793,1.9495334443113415,2.028541908245068
A898,2022-02-25,-27.5,-51.25,4,14.9,11.908385348853264,4.214747720796425,2.8254088115629936,3.5352056604670214
A898,2022-02-26,-27.5,-51.25,4,9.7,6.643375669799164,2.957889417241672,2.2459851376033955,3.2793653283514446
A898,2022-02-27,-27.5,-51.25,4,15.4,13.404651874210876,5.979458821908539,2.241783457910384,2.5754839122856588
A898,2022-02-28,-27.5,-51.25,4,18.1,11.637876972383747,3.414361274951772,3.4085077808727586,5.301137912025922
A898,2022-03-01,-27.5,-51.25,4,10.7,5.912743656784544,3.1719667440215873,1.864062310214531,3.373301444653223
A898,2022-03-02,-27.5,-51.25,4,9.6,9.90465217150117,4.001239120099555,2.475396214574332,2.399256758181736
A898,2022-03-03,-27.5,-51.25,4,7.7,6.087608133048666,2.55877693194832,2.3791085721620138,3.0092502022585528
A898,2022-03-04,-27.5,-51.25,4,11.9,12.913031573816653,4.439821242944854,2.9084575407931674,2.680288090181519
A898,2022-03-05,-27.5,-51.25,4,8.4,14.090922768708616,3.5616851184322518,3.9562516899054296,2.3584342019817384
A898,2022-03-06,-27.5,-51.25,4,7.9,9.9750911480896,3.840186637149878,2.597553736474888,2.057191680106269
A898,2022-03-07,-27.5,-51.25,4,10.4,11.922418960737756,3.8614726259036347,3.0875316532763857,2.693273009430247
A898,2022-03-08,-27.5,-51.25,4,13.4,9.57396663726644,3.413404954891593,2.80481418518668,3.9256988775378323
A898,2022-03-09,-27.5,-51.25,4,17.9,12.403954338524983,5.474839597469572,2.2656288129898807,3.269502180168573
A898,2022-03-10,-27.5,-51.25,4,8.8,13.039167671701678,4.620090293543948,2.82227550615676,1.9047246787139642
A898,2022-03-11,-27.5,-51.25,4,10.3,12.2559732110772,4.543255997406689,2.697618892281871,2.2670965505530147
A898,2022-03-12,-27.5,-51.25,4,10.8,10.185977109360023,4.401673455185774,2.314114668674376,2.4536122704141357
A898,2022-03-13,-27.5,-51.25,4,10.8,15.259760665713152,5.022810132343677,3.038092275766125,2.1501907727817393
A898,2022-03-14,-27.5,-51.25,4,7.7,14.486344472244793,4.17260813326654,3.471772093034797,1.8453685929936654
A898,2022-03-15,-27.5,-51.25,4,10.5,12.149342860860772,3.2278620286357316,3.7638978224839863,3.2529271408907974
A898,2022-03-16,-27.5,-51.25,4,9.9,13.194533900267748,4.87361134803117,2.7073422474687168,2.031347863632864
A898,2022-03-17,-27.5,-51.25,4,9.1,11.921616547980792,3.2370382803840103,3.6828778393583064,2.811211734857972
A898,2022-03-18,-27.5,-51.25,4,9.0,9.674691381754476,3.6977690207543854,2.6163590336371882,2.433899994695694
A898,2022-03-19,-27.5,-51.25,4,8.6,10.098229204965353,4.576361413972356,2.206606579221182,1.8792222077877934
A898,2022-03-20,-27.5,-51.25,4,7.7,9.691165480709222,3.688221151904503,2.6275988021230643,2.087727303451941
A898,2022-03-21,-27.5,-51.25,4,14.5,13.755363565097067,6.2114855293032925,2.2145046463047833,2.334385217770343
A898,2022-03-22,-27.5,-51.25,4,16.1,16.815064954323013,7.769687780723872,2.164187986554644,2.072155336787552
A898,2022-03-23,-27.5,-51.25,4,12.7,16.92770629044001,6.040757218596013,2.8022490687639876,2.1023854362006165
A898,2022-03-24,-27.5,-51.25,4,30.0,15.018449063761972,5.883739750465536,2.5525345614706487,5.098797919745911
A898,2022-03-25,-27.5,-51.25,4,10.3,5.9163504892239365,5.417754079490088,1.0920300926211062,1.901156798347965
A898,2022-03-26,-27.5,-51.25,4,9.3,10.602237278997913,4.761779669884592,2.226528317983867,1.953051305337989
A898,2022-03-27,-27.5,-51.25,4,6.0,4.800793686555383,2.3732463894574463,2.0228804341098794,2.528182504207528
A898,2022-03-28,-27.5,-51.25,4,7.3,9.720006893875306,3.95746552576402,2.4561191577275414,1.8446149315705478
A898,2022-03-29,-27.5,-51.25,4,11.7,12.581565495365115,5.1387102203078445,2.4483897624045032,2.276835917651548
A898,2022-03-30,-27.5,-51.25,4,19.4,11.39143947027343,4.44191434780748,2.564533797437184,4.367486286532246
A898,2022-03-31,-27.5,-51.25,4,9.5,9.05799645971581,4.028026891483566,2.248742797340077,2.358474820534539
A898,2022-04-01,-27.5,-51.25,4,10.6,9.395643511218038,4.431347035342341,2.1202680440693995,2.3920491704800777
A898,2022-04-02,-27.5,-51.25,4,13.0,11.672706996187339,5.754744558993528,2.0283623150475383,2.259005567794242
A898,2022-04-03,-27.5,-51.25,4,14.4,14.972621218562788,6.296515199297792,2.377921873393172,2.286979312240195
A898,2022-04-04,-27.5,-51.25,4,9.1,10.897298775307076,4.256723130188079,2.560020570289144,2.137794665446781
A898,2022-04-05,-27.5,-51.25,4,6.9,6.772772781975166,2.3189093594023875,2.92067163147791,2.9755367418837873
A898,2022-04-06,-27.5,-51.25,4,6.8,8.302128249724934,3.123509729999567,2.6579485794417823,2.177038199910119
A898,2022-04-07,-27.5,-51.25,4,13.2,13.05402830521712,5.014995094419788,2.602999217236006,2.6321062636108477
A898,2022-04-08,-27.5,-51.25,4,9.0,12.476081926812917,4.588293831105458,2.719111370382104,1.9615134364295124
A898,2022-04-09,-27.5,-51.25,4,8.1,7.072825086916322,3.0975641416782445,2.2833506469649087,2.614957957129327
A898,2022-04-10,-27.5,-51.25,4,8.3,9.775666111558353,4.348957031504047,2.24781850929843,1.908503565308743
A898,2022-04-11,-27.5,-51.25,4,14.7,12.538672059325144,5.198522217045808,2.41196854333164,2.8277266858260437
A898,2022-04-12,-27.5,-51.25,4,9.9,12.310901676645914,4.533977066951137,2.715254509419994,2.183513470361956
A898,2022-04-13,-27.5,-51.25,4,6.8,5.273708641466465,3.00742900132877,1.7535604794448634,2.2610675088241687
A898,2022-04-14,-27.5,-51.25,4,10.3,8.552927557364955,4.893789450564383,1.747710571483327,2.104708448135655
A898,2022-04-15,-27.5,-51.25,4,8.3,6.973447546838153,3.1193317845623643,2.235558135030677,2.660826283717836
A898,2022-04-16,-27.5,-51.25,4,6.7,6.895693672078215,3.013625646549983,2.288171949947548,2.223235658904815
A898,2022-04-17,-27.5,-51.25,4,8.5,8.960439090569789,3.8602053689439653,2.3212337775233687,2.201955385167847
A898,2022-04-18,-27.5,-51.25,4,9.8,12.408521962942592,4.736518499761253,2.6197558319613976,2.069030238242282
A898,2022-04-19,-27.5,-51.25,4,8.3,9.015282813494318,4.191807317965152,2.1506911290642643,1.9800528436572098
A898,2022-04-20,-27.5,-51.25,4,7.9,6.749111627677056,3.097168177023262,2.1791233933456384,2.5507171546599117
A898,2022-04-21,-27.5,-51.25,4,10.1,11.181247609340534,4.641006292532703,2.4092291422511027,2.1762521667446824
A898,2022-04-22,-27.5,-51.25,4,13.0,10.751548278873676,3.4780164248112877,3.091287379258722,3.737762681987726
A898,2022-04-23,-27.5,-51.25,4,14.7,16.27357400019447,6.303966253049943,2.5814817762263713,2.331865274958911
A898,2022-04-24,-27.5,-51.25,4,8.4,9.7838452917271,4.30429234095629,2.273043863362081,1.9515403078160258
A898,2022-04-25,-27.5,-51.25,4,11.4,14.286252240921,5.969367442927686,2.3932606557579046,1.909750088094569
A898,2022-04-26,-27.5,-51.25,4,11.8,10.336917783066697,3.4320014201892697,3.011921184606221,3.4382270154623797
A898,2022-04-27,-27.5,-51.25,4,9.8,16.06142005957707,4.557493376664488,3.5241784753469045,2.150304825494309
A898,2022-04-28,-27.5,-51.25,4,14.5,10.190911564539263,5.917296771377323,1.7222241774037645,2.4504432615477807
A898,2022-04-29,-27.5,-51.25,4,7.5,11.82663901148933,4.0217917818630005,2.9406393102755106,1.8648404509210572
A898,2022-04-30,-27.5,-51.25,4,11.2,11.89165026903983,5.154722755946416,2.306942745916216,2.1727647693719
A898,2022-05-01,-27.5,-51.25,4,10.9,12.238266438272833,5.058565058613016,2.419315813174178,2.154761256147335
A898,2022-05-02,-27.5,-51.25,4,6.5,9.432527411772202,5.221638383446947,1.8064306102992778,1.2448200205907733
A898,2022-05-03,-27.5,-51.25,4,13.0,18.71503219391464,5.950864305383151,3.1449267255153215,2.1845566178076354
A898,2022-05-04,-27.5,-51.25,4,12.6,11.245063262575417,6.63390135598083,1.695090514488487,1.8993348444411824
A898,2022-05-05,-27.5,-51.25,4,8.7,5.537864053398108,2.896223682937334,1.912098187037003,3.003911628530193
A898,2022-05-06,-27.5,-51.25,4,5.9,5.957384902082441,2.3844931681254167,2.4983862322263954,2.4743203624434456
A898,2022-05-07,-27.5,-51.25,4,8.7,8.511002386113875,3.9600196305451463,2.1492323726037257,2.1969588061871135
A898,2022-05-08,-27.5,-51.25,4,12.6,11.903271813697735,4.56555307976336,2.6071916382833296,2.7597970672707803
A898,2022-05-09,-27.5,-51.25,4,11.7,11.688388268727293,4.41655840995606,2.646492400593787,2.6491215362679648
A898,2022-05-10,-27.5,-51.25,4,8.3,12.308356833512818,4.101172794521473,3.0011797722726685,2.023811337841582
A898,2022-05-11,-27.5,-51.25,4,7.0,10.305499832204582,4.549154357469375,2.2653660488094265,1.5387475231537304
A898,2022-05-12,-27.5,-51.25,4,5.3,5.3186226593663015,2.273244570729966,2.339661437158268,2.331469331651414
A898,2022-05-13,-27.5,-51.25,4,5.9,6.654899906513549,2.9143844436958526,2.2834667268791047,2.0244412204307416
A898,2022-05-14,-27.5,-51.25,4,11.7,8.272560850100394,4.5253939557073535,1.8280310910096953,2.5854102680373603
A898,2022-05-15,-27.5,-51.25,4,9.6,8.89314965553109,5.080767273609778,1.7503556405197622,1.889478396277616
A898,2022-05-16,-27.5,-51.25,4,11.7,11.030776363863177,5.894162176597037,1.8714748650217385,1.9850149435071927
A898,2022-05-17,-27.5,-51.25,4,14.2,19.611768673936616,8.635058799118983,2.271179517149039,1.6444589817325617
A898,2022-05-18,-27.5,-51.25,4,16.1,22.089512046181913,9.611474578310322,2.2982438195310926,1.675081161462152
A898,2022-05-19,-27.5,-51.25,4,12.4,8.774137136813584,5.408046052770089,1.6224227847171029,2.292879882864259
A898,2022-05-20,-27.5,-51.25,4,6.3,4.21047819031412,2.1068433170935537,1.9984771321877828,2.990255587060464
A898,2022-05-21,-27.5,-51.25,4,5.4,5.212554816093731,2.154549519303266,2.419324675247825,2.506324385501356
A898,2022-05-22,-27.5,-51.25,4,6.5,6.848942104852251,2.708945099852581,2.528269068732684,2.399458003173902
A898,2022-05-23,-27.5,-51.25,4,7.0,6.962556692032538,3.5799377178316054,1.9448820736048475,1.9553412801382342
A898,2022-05-24,-27.5,-51.25,4,10.5,7.500299760730576,4.098478676705319,1.830020442307122,2.5619262239130958
A898,2022-05-25,-27.5,-51.25,4,11.0,9.65415597991672,4.269370381531427,2.261259885457341,2.5764923201753906
A898,2022-05-26,-27.5,-51.25,4,7.5,5.193210442050855,2.243340484584276,2.314945269225698,3.3432285698663615
A898,2022-05-27,-27.5,-51.25,4,8.3,7.80259663360682,3.9983123380243053,1.951472514891704,2.0758758441821223
A898,2022-05-28,-27.5,-51.25,4,10.0,10.511541473367123,3.619418575135387,2.9042071965865213,2.762874697250495
A898,2022-05-29,-27.5,-51.25,4,15.8,11.753155142054188,4.388128800695787,2.678397940413826,3.6006235727389617
A898,2022-05-30,-27.5,-51.25,4,9.9,10.552949236641838,4.511243978023482,2.3392548237360944,2.1945166451266735
A898,2022-05-31,-27.5,-51.25,4,7.7,6.272191787501718,3.156240502966683,1.9872350607015599,2.439611301091424
A898,2022-06-01,-27.5,-51.25,4,12.0,11.436214233020923,4.825814732656506,2.369799684938492,2.4866267490120286
A898,2022-06-02,-27.5,-51.25,4,6.5,6.603974551347947,3.0388228091240066,2.173201586982841,2.1389861825717102
A898,2022-06-03,-27.5,-51.25,4,7.3,7.986573811863325,3.8077528471504425,2.0974506835022475,1.9171412360607922
A898,2022-06-04,-27.5,-51.25,4,10.4,13.564507059888445,5.625241676596746,2.4113643181451594,1.8488094552929446
A898,2022-06-05,-27.5,-51.25,4,9.7,12.433339612594501,5.0958321943793585,2.4399036581911635,1.9035163698480853
A898,2022-06-06,-27.5,-51.25,4,14.1,6.319259980752008,2.885402830416688,2.190078942925078,4.886666031988256
A898,2022-06-07,-27.5,-51.25,4,8.0,7.437486267307673,2.9488596958550923,2.5221567095110626,2.7129130664455734
A898,2022-06-08,-27.5,-51.25,4,8.9,6.997857878358392,3.3524702543516884,2.0873735924352474,2.6547588270014675
A898,2022-06-09,-27.5,-51.25,4,10.6,13.241497955466164,5.026575449434239,2.634298060114973,2.1087915831827555
A898,2022-06-10,-27.5,-51.25,4,11.2,9.237938419354773,5.302212995334005,1.7422797664832101,2.1123255534728798
A898,2022-06-11,-27.5,-51.25,4,8.0,7.011898989802877,4.464121202098597,1.570723256014322,1.7920660389415897
A898,2022-06-12,-27.5,-51.25,4,8.0,8.068553796743933,4.289557198843718,1.880975919593489,1.864994364023508
A898,2022-06-13,-27.5,-51.25,4,5.0,6.15147733812201,2.7265303427202405,2.256155833565646,1.8338325166084652
A898,2022-06-14,-27.5,-51.25,4,10.4,11.120565075497856,4.7318137256981405,2.3501696643515078,2.1978887172836807
A898,2022-06-15,-27.5,-51.25,4,7.9,9.217810244984499,3.8587226726615014,2.3888242371734476,2.047309607391682
A898,2022-06-16,-27.5,-51.25,4,6.1,6.149990748914866,2.5799238558967152,2.3837876977874166,2.3644108666454406
A898,2022-06-17,-27.5,-51.25,4,16.0,19.4266184023366,7.641677847411395,2.542192799833525,2.0937810150450105
A898,2022-06-18,-27.5,-51.25,4,10.5,12.924558072242242,6.145113784334705,2.1032251844042147,1.708674626459626
A898,2022-06-19,-27.5,-51.25,4,8.1,9.556997817110634,4.406780698049037,2.168702840452599,1.8380764905287934
A898,2022-06-20,-27.5,-51.25,4,8.0,5.788132042642645,3.1480821032203203,1.8386216918299858,2.541229782989594
A898,2022-06-21,-27.5,-51.25,4,16.2,7.963809749463131,4.2415204942002225,1.877583701494004,3.8193850582949165
A898,2022-06-22,-27.5,-51.25,4,14.9,11.586006205191332,3.6039886382872264,3.2147732326641045,4.134308261049662
A898,2022-06-23,-27.5,-51.25,4,15.4,12.640962269745572,5.060278309772202,2.4980764882701934,3.0433108728941156
A898,2022-06-24,-27.5,-51.25,4,8.2,8.169673168648021,3.130140324657679,2.610002211176101,2.619690860312077
A898,2022-06-25,-27.5,-51.25,4,5.8,6.222825641253732,2.9998202576240334,2.0743994995828303,1.9334491742494633
A898,2022-06-26,-27.5,-51.25,4,8.0,8.588567602566547,4.374925165435759,1.9631347458056678,1.8286027068998267
A898,2022-06-27,-27.5,-51.25,4,8.1,9.793327154248907,4.052790082554394,2.4164407617372485,1.998623129993135
A898,2022-06-28,-27.5,-51.25,4,9.7,10.52930952255302,5.0258610318663886,2.095025997693153,1.9300175509225803
A898,2022-06-29,-27.5,-51.25,4,12.7,15.191833764837988,6.808167381462688,2.231413082792645,1.865406546052264
A898,2022-06-30,-27.5,-51.25,4,6.6,6.4735504288222225,2.662059239456269,2.43178300951126,2.4792836696406737
A898,2022-07-01,-27.5,-51.25,4,7.0,7.723201437247687,3.625321775010135,2.1303492259597,1.930863088692432
A898,2022-07-02,-27.5,-51.25,4,12.5,8.269528137245086,5.306299623461396,1.5584359580228004,2.355690572905497
A898,2022-07-03,-27.5,-51.25,4,9.7,9.839130600136262,3.9835621861400425,2.4699327236234505,2.4350065460880934
A898,2022-07-04,-27.5,-51.25,4,9.9,10.675691221300195,4.073634308998402,2.620679818440812,2.430262328194635
A898,2022-07-05,-27.5,-51.25,4,6.8,8.341899819204249,3.0251882944811297,2.757481190318775,2.2477939678681436
A898,2022-07-06,-27.5,-51.25,4,8.6,8.396347073950961,3.427248662956341,2.4498797431022354,2.5093014384843757
A898,2022-07-07,-27.5,-51.25,4,9.8,8.62775726699059,3.4464184863284624,2.503398035153273,2.843531636937142
A898,2022-07-08,-27.5,-51.25,4,8.4,7.466976754026291,3.409984164146856,2.1897394224100317,2.4633545481879375
A898,2022-07-09,-27.5,-51.25,4,11.0,12.458827207640136,5.421354391473538,2.2981023390086466,2.0290132696914824
A898,2022-07-10,-27.5,-51.25,4,10.3,9.494573054801167,4.314404565316411,2.200668229198587,2.387351451183303
A898,2022-07-11,-27.5,-51.25,4,13.4,15.470541869971699,5.832327115660168,2.652550442246683,2.2975391699172962
A898,2022-07-12,-27.5,-51.25,4,15.2,20.14650241830336,8.074733739348996,2.4950051690407338,1.8824150109035618
A898,2022-07-13,-27.5,-51.25,4,12.5,12.393164855577322,5.836868347961772,2.1232558483017696,2.1415593525190584
A898,2022-07-14,-27.5,-51.25,4,11.4,11.830019700022675,6.233562890083053,1.8977942323872274,1.8288096552512865
A898,2022-07-15,-27.5,-51.25,4,12.0,13.827604915053282,5.757685134747447,2.4015910199055734,2.0841709331377607
A898,2022-07-16,-27.5,-51.25,4,14.4,19.633265436185415,8.332953877044256,2.356099136738465,1.7280786876391254
A898,2022-07-17,-27.5,-51.25,4,14.4,9.938428556012923,6.579972134473494,1.510405872989029,2.1884591158914137
A898,2022-07-18,-27.5,-51.25,4,8.2,9.688226985494444,4.329988506566879,2.2374717555950174,1.8937694609498026
A898,2022-07-19,-27.5,-51.25,4,10.8,6.776421991821997,2.9727286030881186,2.2795293135009165,3.633025897076775
A898,2022-07-20,-27.5,-51.25,4,7.0,9.208959676298113,4.671724901157375,1.9712118909263432,1.4983758992884657
A898,2022-07-21,-27.5,-51.25,4,9.8,9.16172781851646,4.29494455530706,2.1331422793795434,2.2817523890711473
A898,2022-07-22,-27.5,-51.25,4,9.5,8.21070123063532,3.4627211621589806,2.37117020000421,2.7435070729393702
A898,2022-07-23,-27.5,-51.25,4,10.0,7.421888480194818,2.86854030296994,2.5873397952647115,3.486093602954266
A898,2022-07-24,-27.5,-51.25,4,6.3,8.029910448022912,2.6512607969801074,3.028713907424461,2.3762279467851495
A898,2022-07-25,-27.5,-51.25,4,7.2,6.876922586755568,2.5949011388335914,2.650167470290119,2.7746721800879093
A898,2022-07-26,-27.5,-51.25,4,8.5,6.785052995671145,3.207815905314906,2.1151628384999444,2.6497779956501493
A898,2022-07-27,-27.5,-51.25,4,6.9,8.584683194907583,3.3579047380386755,2.5565594811727226,2.054852813969414
A898,2022-07-28,-27.5,-51.25,4,11.0,13.35501375115022,5.288614267042287,2.5252387632761035,2.0799399321954835
A898,2022-07-29,-27.5,-51.25,4,24.2,18.773105603947645,8.041411472056028,2.334553538167316,3.0094219260008273
A898,2022-07-30,-27.5,-51.25,4,5.3,9.170603094269307,2.980580899185009,3.076783823172476,1.7781768652711953
A898,2022-07-31,-27.5,-51.25,4,7.3,7.411704019470527,3.2316047944544044,2.2935057010032236,2.2589395870829145
A898,2022-08-01,-27.5,-51.25,4,7.3,6.077896557981163,2.8176593671642616,2.1570728629621603,2.590802878825924
A898,2022-08-02,-27.5,-51.25,4,4.8,7.039590983758935,2.8899130235989525,2.435917941569114,1.660949641322534
A898,2022-08-03,-27.5,-51.25,4,11.7,11.040539822247109,4.208040830438824,2.6236769715696355,2.7803912726721087
A898,2022-08-04,-27.5,-51.25,4,13.2,16.040875007860386,6.797689629693264,2.3597539578434987,1.9418362295242995
A898,2022-08-05,-27.5,-51.25,4,10.2,11.187158087067035,6.406271551495012,1.7462822169091978,1.592189765608618
A898,2022-08-06,-27.5,-51.25,4,10.6,14.893720187945084,5.258538280774916,2.832292814601379,2.0157692944355534
A898,2022-08-07,-27.5,-51.25,4,14.6,11.866956041245443,4.0854501417634745,2.9046875202160956,3.573657612597359
A898,2022-08-08,-27.5,-51.25,4,7.8,6.291605828537601,3.697717694310866,1.7014835497630252,2.109409274807731
A898,2022-08-09,-27.5,-51.25,4,12.5,15.918360853750626,6.042037872327015,2.634601303420806,2.0688384058714586
A898,2022-08-10,-27.5,-51.25,4,11.8,16.62190786234935,6.221396434017147,2.6717326308712024,1.89668029117713
A898,2022-08-11,-27.5,-51.25,4,9.3,7.952604949408287,3.618097626504728,2.198007287351978,2.5704115698459713
A898,2022-08-12,-27.5,-51.25,4,11.7,11.025477167810031,5.879563744624373,1.875220279377108,1.9899435584310474
A898,2022-08-13,-27.5,-51.25,4,11.3,10.824931406088695,5.608614926732279,1.930054308862237,2.014757680392879
A898,2022-08-14,-27.5,-51.25,4,9.6,9.607889555097335,4.3352025678882695,2.216249276623181,2.214429395089669
A898,2022-08-15,-27.5,-51.25,4,15.4,17.662542065618275,6.542026818142934,2.699857789734969,2.354010527332499
A898,2022-08-16,-27.5,-51.25,4,12.6,13.61499374188319,5.437844753041074,2.503748150270216,2.3170944688984627
A898,2022-08-17,-27.5,-51.25,4,11.8,10.477242056362517,5.0860060577434,2.06001368016678,2.320091613346509
A898,2022-08-18,-27.5,-51.25,4,12.6,19.40551749672269,6.193085842267339,3.1334165214183716,2.0345269419658223
A898,2022-08-19,-27.5,-51.25,4,9.5,8.40798909392111,4.883731622211297,1.7216320929023676,1.9452338365183366
A898,2022-08-20,-27.5,-51.25,4,15.6,11.572229926398112,5.66725707967531,2.0419454709227893,2.7526543759496716
A898,2022-08-21,-27.5,-51.25,4,11.1,8.983959637780062,4.3253881004160855,2.0770297206199464,2.5662437086124648
A898,2022-08-22,-27.5,-51.25,4,8.4,8.084927542040075,3.8102502278474124,2.1218888678100356,2.204579620154121
A898,2022-08-23,-27.5,-51.25,4,9.6,12.032535108126568,4.780275379064593,2.5171217459193955,2.008252504038488
A898,2022-08-24,-27.5,-51.25,4,9.9,8.686623951215928,4.463895600113109,1.9459738151124817,2.2177938031859767
A898,2022-08-25,-27.5,-51.25,4,8.0,8.53200671850533,3.1820535139047346,2.681289513586969,2.5140997676632746
A898,2022-08-26,-27.5,-51.25,4,7.0,7.078947603683154,2.7928826413852406,2.5346384050609694,2.506370978956736
A898,2022-08-27,-27.5,-51.25,4,10.5,11.356025209732378,4.937052826507007,2.300162791202465,2.1267748936421262
A898,2022-08-28,-27.5,-51.25,4,14.6,9.11820903745208,4.710913466046083,1.9355501015188643,3.099186623831986
A898,2022-08-29,-27.5,-51.25,4,11.0,9.725900869706495,4.2167001570310045,2.306519436410328,2.608674933089182
A898,2022-08-30,-27.5,-51.25,4,16.6,14.659875557575546,6.213893647821765,2.3592092797910147,2.6714329116043065
A898,2022-08-31,-27.5,-51.25,4,14.6,15.110200035207164,6.282572732032516,2.4050975101594667,2.323888735192829
A898,2022-09-01,-27.5,-51.25,4,12.1,11.481129895589675,5.45639722817213,2.10415946923934,2.217580482873577
A898,2022-09-02,-27.5,-51.25,4,14.2,9.632999618073876,4.5560341017523305,2.1143387874047863,3.116745766792753
A898,2022-09-03,-27.5,-51.25,4,10.9,8.220784560691264,4.090928254788775,2.009515701251457,2.6644319629024626
A898,2022-09-04,-27.5,-51.25,4,12.1,9.041185693742271,4.835118400053953,1.8698995444747297,2.502524033302883
A898,2022-09-05,-27.5,-51.25,4,10.6,11.78816864567544,4.604217388133529,2.560298016348477,2.3022370810117327
A898,2022-09-06,-27.5,-51.25,4,13.8,11.330193908045871,6.429279529638207,1.7622804943874406,2.146430239404533
A898,2022-09-07,-27.5,-51.25,4,13.2,15.408360126507056,5.736856315623977,2.685854286526809,2.3009117317529126
A898,2022-09-08,-27.5,-51.25,4,7.9,7.989808944372112,2.904431625429598,2.7509027495836915,2.7199814004337255
A898,2022-09-09,-27.5,-51.25,4,14.3,18.153324097321125,6.169335328094323,2.942508897944537,2.3179158271523557
A898,2022-09-10,-27.5,-51.25,4,8.4,9.214642524497613,5.405740108736232,1.7046033177965405,1.5539037820972443
A898,2022-09-11,-27.5,-51.25,4,13.5,13.287593618185388,5.716723986566821,2.324337094008496,2.3614923567627804
A898,2022-09-12,-27.5,-51.25,4,12.4,17.42766684869273,5.49575620026799,3.1711135308081726,2.2562864050256337
A898,2022-09-13,-27.5,-51.25,4,7.6,5.167833279653443,2.7585878208490198,1.873361884873008,2.755032826056965
A898,2022-09-14,-27.5,-51.25,4,6.6,6.764846799740054,3.1540279055262648,2.1448278209229437,2.09256233543018
A898,2022-09-15,-27.5,-51.25,4,7.5,9.259803865699656,4.320853129047273,2.1430498999028456,1.7357683253755292
A898,2022-09-16,-27.5,-51.25,4,12.1,12.624358974656783,5.398750890163383,2.338385161956367,2.2412591812758778
A898,2022-09-17,-27.5,-51.25,4,14.2,12.314734888136808,5.904319981642737,2.0857160395142618,2.405018705651042
A898,2022-09-18,-27.5,-51.25,4,19.0,14.554795460089688,6.660300041594414,2.1853062728695636,2.8527243339403037
A898,2022-09-19,-27.5,-51.25,4,13.4,15.970850694911194,5.85531668261978,2.7275810277379446,2.288518405806291
A898,2022-09-20,-27.5,-51.25,4,6.5,4.844584062486872,2.658676557438127,1.8221788013037068,2.444825408271299
A898,2022-09-21,-27.5,-51.25,4,11.1,11.148397675172266,5.453271572619099,2.0443503549591076,2.0354753751368535
A898,2022-09-22,-27.5,-51.25,4,12.9,19.461589904401844,8.36127410992968,2.327586639133102,1.5428270656358727
A898,2022-09-23,-27.5,-51.25,4,12.6,9.086840527759795,6.955321728448815,1.306458691995885,1.8115624973124096
A898,2022-09-24,-27.5,-51.25,4,9.9,10.326371806247678,4.695297615873449,2.1993008007281984,2.108492540820192
A898,2022-09-25,-27.5,-51.25,4,12.1,11.427622333866614,5.891285988959245,1.9397500571662822,2.053880939183125
A898,2022-09-26,-27.5,-51.25,4,13.9,8.092361733204028,4.665166344467419,1.7346351953346824,2.979529340145499
A898,2022-09-27,-27.5,-51.25,4,6.5,5.808095697297491,2.293078286911171,2.5328815550912256,2.8346175693615976
A898,2022-09-28,-27.5,-51.25,4,9.3,9.59385766196393,4.311907569744984,2.224968301565734,2.1568180322914534
A898,2022-09-29,-27.5,-51.25,4,13.1,13.270429546379745,5.372309721372774,2.4701534786026413,2.438429777770256
A898,2022-09-30,-27.5,-51.25,4,12.6,13.724185406105846,6.167315753269634,2.22530934934374,2.043028199637751
A898,2022-10-01,-27.5,-51.25,4,8.9,9.372067577010245,3.845025935573533,2.4374523693849377,2.3146787951828096
A898,2022-10-02,-27.5,-51.25,4,8.7,6.557551560268084,2.7742647597782035,2.363707911134028,3.1359660138189356
A898,2022-10-03,-27.5,-51.25,4,7.4,6.79020071071472,2.9251544186457767,2.321313592004588,2.5297809759478915
A898,2022-10-04,-27.5,-51.25,4,6.9,7.498166824747591,3.3886359029078124,2.212739001647643,2.0362175806728193
A898,2022-10-05,-27.5,-51.25,4,9.9,9.114815088284145,4.619925577939215,1.9729354801316823,2.1428916619942693
A898,2022-10-06,-27.5,-51.25,4,19.3,13.811112707397323,6.951628186433785,1.986745023899571,2.7763280029366735
A898,2022-10-07,-27.5,-51.25,4,12.1,18.518953371071852,7.5959445314853316,2.438005345393248,1.5929552868435617
A898,2022-10-08,-27.5,-51.25,4,9.5,7.394295348443342,3.301927365608209,2.239387645367337,2.8771075036201217
A898,2022-10-09,-27.5,-51.25,4,8.5,8.589597796099278,3.611507240123394,2.3783969475874005,2.353587971682865
A898,2022-10-10,-27.5,-51.25,4,15.8,12.748346236750137,7.019489156921075,1.8161358970375392,2.25087604621791
A898,2022-10-11,-27.5,-51.25,4,14.2,18.382601350862554,7.009645481799246,2.622472334527264,2.025780053623357
A898,2022-10-12,-27.5,-51.25,4,11.7,8.745413676220725,3.9879283196025757,2.1929716322213797,2.933854137369747
A898,2022-10-13,-27.5,-51.25,4,7.4,7.44249057532861,3.5400923348726443,2.102343631552863,2.090340957241223
A898,2022-10-14,-27.5,-51.25,4,11.2,9.737034055727234,5.0570412499800605,1.925440900005636,2.2147337635508033
A898,2022-10-15,-27.5,-51.25,4,15.1,13.98507745590453,7.733767594132258,1.808313643471165,1.952476566719774
A898,2022-10-16,-27.5,-51.25,4,11.6,16.09526044459871,5.352616677059069,3.0069891822408734,2.1671643422023417
A898,2022-10-17,-27.5,-51.25,4,6.9,5.813022160433379,2.439923201871517,2.3824611184378925,2.8279578614226173
A898,2022-10-18,-27.5,-51.25,4,11.6,10.936832488237343,5.406061341676703,2.0230685145805722,2.145739618337781
A898,2022-10-19,-27.5,-51.25,4,8.9,10.391545041879647,4.20973221174242,2.468457497817553,2.1141487278394524
A898,2022-10-20,-27.5,-51.25,4,11.0,14.007727813375265,5.069003225625794,2.763408739327827,2.1700518840451113
A898,2022-10-21,-27.5,-51.25,4,10.9,13.554385138360033,5.163529351334851,2.6250233543953843,2.110959240927368
A898,2022-10-22,-27.5,-51.25,4,8.9,7.163768485059456,3.5066897930944667,2.042886285284394,2.538006075566275
A898,2022-10-23,-27.5,-51.25,4,7.8,9.023279957897666,4.097175946032974,2.2023169316500346,1.9037503155197002
A898,2022-10-24,-27.5,-51.25,4,6.7,6.57121682762848,2.4831697786336315,2.6463018695581515,2.698164280851826
A898,2022-10-25,-27.5,-51.25,4,8.7,8.790788987062212,4.416150899188752,1.9905997751745945,1.9700413773447352
A898,2022-10-26,-27.5,-51.25,4,11.3,12.581805478549256,5.481014882761558,2.295524779201116,2.061661980802103
A898,2022-10-27,-27.5,-51.25,4,13.6,16.087985615228437,4.580598732172735,3.512201473189806,2.969044178543239
A898,2022-10-28,-27.5,-51.25,4,7.8,7.790002606691999,2.4528331826946164,3.1759202630054575,3.179996118378964
A898,2022-10-29,-27.5,-51.25,4,21.1,11.576325565434825,5.117304253543006,2.262192160534497,4.123264702385294
A898,2022-10-30,-27.5,-51.25,4,10.6,21.140522907351826,6.261924180768549,3.376042618382066,1.6927704159297283
A898,2022-10-31,-27.5,-51.25,4,17.2,15.321367698539472,6.905691744203,2.2186579224885086,2.4906990692769604
A898,2022-11-01,-27.5,-51.25,4,13.9,12.759170468644736,5.744822620237646,2.2209859750407626,2.4195699186661743
A898,2022-11-02,-27.5,-51.25,4,9.4,8.323952341357455,3.8322236956847195,2.1720945859007794,2.452883951055593
A898,2022-11-03,-27.5,-51.25,4,8.7,7.441645550592081,3.075556443806954,2.419609487439853,2.828756408460205
A898,2022-11-04,-27.5,-51.25,4,8.9,9.224348459019296,3.321471687687962,2.7771871406317055,2.679535108786427
A898,2022-11-05,-27.5,-51.25,4,8.8,11.431052114791372,4.273243785580894,2.675029249059673,2.0593255244864883
A898,2022-11-06,-27.5,-51.25,4,12.9,11.648192376265833,5.098360276340666,2.2846938515350055,2.530225268673821
A898,2022-11-07,-27.5,-51.25,4,9.7,10.78692832319925,4.2264795438982,2.552225371295697,2.295054287912966
A898,2022-11-08,-27.5,-51.25,4,9.5,8.607257056297499,3.9568776039241746,2.1752649229689034,2.4008829564448786
A898,2022-11-09,-27.5,-51.25,4,8.8,7.107379359925344,2.6154755261885807,2.7174329443191616,3.364588929197078
A898,2022-11-10,-27.5,-51.25,4,8.3,9.062530511087424,4.169178510986496,2.173696925474913,1.990799860962558
A898,2022-11-11,-27.5,-51.25,4,11.6,11.209647423915856,4.392123575091645,2.5522158546465663,2.6410914451007805
A898,2022-11-12,-27.5,-51.25,4,9.2,11.603031426718616,4.059611648232582,2.8581629062401044,2.266226623919894
A898,2022-11-13,-27.5,-51.25,4,12.5,16.706800965431835,6.911882097136043,2.4171131293391626,1.808479922592923
A898,2022-11-14,-27.5,-51.25,4,13.5,15.656206191070112,6.994350481233914,2.2384074451339346,1.9301291858652165
A898,2022-11-15,-27.5,-51.25,4,11.8,12.048145211857056,6.166285749919797,1.9538739689469893,1.913631719086888
A898,2022-11-16,-27.5,-51.25,4,9.9,8.365731744054568,3.3240851201792956,2.5167020222404335,2.978263083547635
A898,2022-11-17,-27.5,-51.25,4,10.2,8.765933940151506,3.7997608422786753,2.306969913110287,2.684379471073019
A898,2022-11-18,-27.5,-51.25,4,13.7,11.639165061263926,5.059842753083863,2.3003017345094587,2.707594023875574
A898,2022-11-19,-27.5,-51.25,4,12.1,15.605432929707947,5.7975177108166465,2.6917438993920286,2.0871001355329324
A898,2022-11-20,-27.5,-51.25,4,13.3,13.089156935013875,6.092018306607146,2.148574786917158,2.183184509733889
A898,2022-11-21,-27.5,-51.25,4,12.5,13.056183132289876,5.440595496343216,2.3997709701199654,2.2975426142968387
A898,2022-11-22,-27.5,-51.25,4,9.7,9.610238736718179,4.646724670912435,2.068174771980003,2.087491875884116
A898,2022-11-23,-27.5,-51.25,4,9.9,9.519342014303625,4.320380264695182,2.20335744334654,2.291464962216348
A898,2022-11-24,-27.5,-51.25,4,8.1,8.550256530211604,3.272601248450447,2.6126789917531466,2.475095309529473
A898,2022-11-25,-27.5,-51.25,4,10.9,9.640964885631572,3.3733469276918706,2.8579820256519435,3.231212274824652
A898,2022-11-26,-27.5,-51.25,4,14.7,12.474420768851209,5.5413874909848655,2.2511367034240988,2.652765218803961
A898,2022-11-27,-27.5,-51.25,4,15.5,15.01424054844146,8.071171773625451,1.860230579840241,1.9204150815684633
A898,2022-11-28,-27.5,-51.25,4,13.5,14.450369317762272,6.367806325318344,2.2692853047850603,2.12003935269264
A898,2022-11-29,-27.5,-51.25,4,14.9,11.980238004824745,6.533434157160409,1.8336816009226686,2.280577050534769
A898,2022-11-30,-27.5,-51.25,4,13.2,11.481865445977071,5.317235626836244,2.1593674329623007,2.4824929580662576
A898,2022-12-01,-27.5,-51.25,4,10.6,10.571003000001864,4.8119495843139894,2.1968233072227643,2.202849347082504
A898,2022-12-02,-27.5,-51.25,4,10.2,9.839730197823759,3.7706954546765132,2.609526628733772,2.7050712852849723
A898,2022-12-03,-27.5,-51.25,4,7.6,9.785157413197997,3.674301775557833,2.6631338444465174,2.068420196336804
A898,2022-12-04,-27.5,-51.25,4,11.5,8.422827921916117,4.257089746146696,1.9785413097151727,2.7013759835364577
A898,2022-12-05,-27.5,-51.25,4,10.0,10.507095092631793,3.631238699087956,2.893529168234195,2.7538812038194185
A898,2022-12-06,-27.5,-51.25,4,17.6,11.335119105396979,3.9284748886074374,2.885373949638518,4.480110093369805
A898,2022-12-07,-27.5,-51.25,4,9.6,9.309711275785313,2.97959573364032,3.1244880540928874,3.2219135943892643
A898,2022-12-08,-27.5,-51.25,4,10.3,9.33234430169542,4.503888915018044,2.072063604983035,2.2869125314470007
A898,2022-12-09,-27.5,-51.25,4,23.3,10.17906094483782,3.816327279800504,2.6672400448239135,6.105346395034021
A898,2022-12-10,-27.5,-51.25,4,9.3,11.125962024106514,4.425593468895446,2.514004528952671,2.101413079480417
A898,2022-12-11,-27.5,-51.25,4,12.7,7.740064471472452,3.76768140085224,2.0543309393733953,3.370773334796114
A898,2022-12-12,-27.5,-51.25,4,8.6,13.035205491912656,4.842105124397356,2.692053385258753,1.776087007419185
A898,2022-12-13,-27.5,-51.25,4,12.8,10.381445744954602,5.506279206266983,1.8853830973807026,2.3246187707720405
A898,2022-12-14,-27.5,-51.25,4,9.6,12.601077983208462,4.345670097445235,2.899685825349807,2.2090954409180115
A898,2022-12-15,-27.5,-51.25,4,10.3,13.174394254354532,5.240109704593038,2.5141447406734576,1.9656077030165782
A898,2022-12-16,-27.5,-51.25,4,11.5,8.670711007028673,4.96017950184886,1.7480639569186451,2.3184644821247864
A898,2022-12-17,-27.5,-51.25,4,11.0,10.702625322334148,5.2755666541752,2.028715780486605,2.0850840717355656
A898,2022-12-18,-27.5,-51.25,4,12.8,13.650487582368145,6.271411202882838,2.176621360132357,2.0410079304186124
A898,2022-12-19,-27.5,-51.25,4,13.0,12.582481431190132,5.501136454117096,2.2872512863725274,2.3631480710264317
A898,2022-12-20,-27.5,-51.25,4,10.1,11.168668061354776,4.447774954485446,2.5110686074823803,2.270798343745889
A898,2022-12-21,-27.5,-51.25,4,11.0,10.200518926658201,4.630710719786335,2.202797700809275,2.3754452967659248
A898,2022-12-22,-27.5,-51.25,4,12.0,11.176507029843114,5.1853745435466765,2.1553904999500078,2.3142012017115117
A898,2022-12-23,-27.5,-51.25,4,11.9,12.156935449155137,4.791245507674658,2.537322587557255,2.4836965630207173
A898,2022-12-24,-27.5,-51.25,4,12.0,11.083191937745692,4.9447829517284125,2.2413909864075316,2.426800148185572
A898,2022-12-25,-27.5,-51.25,4,11.8,13.030016714891266,5.042546759945655,2.5840150493778853,2.340087372859022
A898,2022-12-26,-27.5,-51.25,4,9.1,7.839666799313868,3.125932101662248,2.5079453245785603,2.9111316893802575
A898,2022-12-27,-27.5,-51.25,4,12.7,11.516797484569572,5.219799127266143,2.2063679470749036,2.4330438184221075
A898,2022-12-28,-27.5,-51.25,4,13.4,10.374967466208762,6.804592850313724,1.5247006976663455,1.9692581605940167
A898,2022-12-29,-27.5,-51.25,4,8.0,8.113596637251268,3.8558857133650504,2.104210871481067,2.074750289478461
A898,2022-12-30,-27.5,-51.25,4,9.0,10.457605337238626,4.224989300353141,2.475179129178987,2.1301829093976035
A898,2022-12-31,-27.5,-51.25,4,9.1,8.687693789484856,4.213601225226157,2.061821545302631,2.1596728104025966
A851,2021-01-01,-26.0,-48.75,5,6.3,11.810602379845768,3.2817616248325754,3.59886052980716,1.9197006730558637
A851,2021-01-02,-26.0,-48.75,5,5.2,5.792795592297431,2.5718002989160786,2.252428228870992,2.0219299306371545
A851,2021-01-03,-26.0,-48.75,5,8.1,8.311368683671425,2.960391340589687,2.80752364382199,2.736124744367933
A851,2021-01-04,-26.0,-48.75,5,8.6,7.534372656932918,2.554965437288746,2.9489137297012413,3.3659946527989306
A851,2021-01-05,-26.0,-48.75,5,7.2,9.856147130923983,2.53106426203093,3.8940722599494153,2.8446531793004373
A851,2021-01-06,-26.0,-48.75,5,8.5,10.345003772016817,2.2644956793943822,4.568347763323395,3.753595150277895
A851,2021-01-07,-26.0,-48.75,5,14.6,9.089591090801722,1.7298973956795727,5.254410529493264,8.439806913672205
A851,2021-01-08,-26.0,-48.75,5,3.8,5.666627938898371,2.9654207137050648,1.9109018537266356,1.2814370596515434
A851,2021-01-09,-26.0,-48.75,5,7.1,6.681248676816849,2.3286018584273793,2.869210403073812,3.049039909637014
A851,2021-01-10,-26.0,-48.75,5,7.4,7.576580134164329,3.167651826908072,2.39186013746965,2.336115332228006
A851,2021-01-11,-26.0,-48.75,5,9.1,10.515175989961516,2.854233502713212,3.6840629822212763,3.188246508685996
A851,2021-01-12,-26.0,-48.75,5,6.2,6.376191622418076,2.5372009828402984,2.513081015474058,2.4436377101901243
A851,2021-01-13,-26.0,-48.75,5,10.2,14.389942961090773,5.075331303979523,2.835271650110357,2.009721019000724
A851,2021-01-15,-26.0,-48.75,5,8.9,4.930704822833023,3.1893360487073568,1.5459972695042423,2.790549463612398
A851,2021-01-16,-26.0,-48.75,5,0.0,7.697020090411541,3.581170956443454,2.149302611918766,0.0
A851,2021-01-17,-26.0,-48.75,5,10.0,14.44128960091472,3.760911051483744,3.8398381145487033,2.6589302068324185
A851,2021-01-20,-26.0,-48.75,5,4.5,6.259772467701959,2.9928531323822303,2.0915735556723924,1.5035819670904202
A851,2021-01-21,-26.0,-48.75,5,4.9,6.476554975887176,3.0592847171654043,2.117016091881785,1.6016815867142042
A851,2021-01-22,-26.0,-48.75,5,5.2,5.001989962907309,2.453261153399042,2.0389145916964253,2.1196275793122545
A851,2021-01-23,-26.0,-48.75,5,3.1,4.587787572820171,2.336721605499156,1.9633436700475735,1.3266449853095774
A851,2021-01-24,-26.0,-48.75,5,1.6,4.614272055511408,1.7714163119568997,2.6048490263782087,0.9032320574221571
A851,2021-01-25,-26.0,-48.75,5,1.1,5.714220414907986,1.383162902123581,4.1312707318385264,0.7952787038397006
A851,2021-01-26,-26.0,-48.75,5,3.9,7.551183311118553,2.5325186863803935,2.981689079621795,1.5399688938027467
A851,2021-01-27,-26.0,-48.75,5,27.7,6.08483780081587,3.695978902127232,1.6463399716144818,7.49463152618571
A851,2021-01-28,-26.0,-48.75,5,0.0,8.798413720246934,1.6502165725871105,5.331672137102168,0.0
A851,2021-01-29,-26.0,-48.75,5,0.0,0.8213943943981421,2.2228115757958946,0.3695294748966905,0.0
A851,2021-01-30,-26.0,-48.75,5,0.7,7.075134726228401,2.143076962751166,3.3013908735903383,0.3266331597822683
A851,2021-01-31,-26.0,-48.75,5,9.1,8.170829348821922,2.7569230798025126,2.963749481689284,3.300781246552538
A851,2021-02-01,-26.0,-48.75,5,1.6,8.364143942000023,1.5930958159369866,5.250245376534752,1.0043338159537836
A851,2021-02-02,-26.0,-48.75,5,3.5,6.017336073442082,2.0747227223764244,2.9003085610156707,1.6869724143142548
A851,2021-02-03,-26.0,-48.75,5,4.8,6.011918254539557,2.351721799403806,2.556390069634793,2.041057748079244
A851,2021-02-04,-26.0,-48.75,5,0.0,8.165246931289918,2.758039700887559,2.9605255242200745,0.0
A851,2021-02-05,-26.0,-48.75,5,6.3,5.852105784531458,2.681594937715709,2.182322804322012,2.3493481104818144
A851,2021-02-09,-26.0,-48.75,5,0.0,6.457580038181972,3.0092762727037634,2.1458913881575885,0.0
A851,2021-02-10,-26.0,-48.75,5,0.0,4.005842523934121,2.2206855247323487,1.8038765414193128,0.0
A851,2021-03-03,-26.0,-48.75,5,0.0,3.8688890642476896,1.6844175986161984,2.296870483558295,0.0
A851,2021-03-04,-26.0,-48.75,5,0.0,5.116126321646858,1.6773542680935831,3.0501167338141704,0.0
A851,2021-03-05,-26.0,-48.75,5,0.0,7.443003887261637,2.2518815019273077,3.305237811532901,0.0
A851,2021-03-06,-26.0,-48.75,5,0.0,5.667478820545854,2.0077884706611324,2.8227469692958467,0.0
A851,2021-03-08,-26.0,-48.75,5,5.6,5.437797156972599,2.373178949968288,2.291355718052894,2.3597040585897795
A851,2021-03-09,-26.0,-48.75,5,0.0,8.006893743303252,2.586740801588546,3.0953598978243706,0.0
A851,2021-03-10,-26.0,-48.75,5,0.0,5.138429228676369,2.3333936981820544,2.2021269846917457,0.0
A851,2021-03-11,-26.0,-48.75,5,0.0,3.597570139243831,2.274870622394894,1.5814394470734565,0.0
A851,2021-03-12,-26.0,-48.75,5,0.0,6.629535082403159,2.658918309622144,2.493320331960584,0.0
A851,2021-03-14,-26.0,-48.75,5,0.0,5.953310962593037,2.309367561765911,2.5778966766298135,0.0
A851,2021-03-15,-26.0,-48.75,5,0.0,6.540232732538026,2.2120018200591587,2.9567031424789296,0.0
A851,2021-03-16,-26.0,-48.75,5,0.0,8.532068820531558,2.559153536536534,3.3339417501610913,0.0
A851,2021-03-17,-26.0,-48.75,5,0.0,7.301623768982866,2.45413421571376,2.975234085499787,0.0
A851,2021-03-18,-26.0,-48.75,5,0.0,8.653400281191093,3.0778999689609905,2.8114624804107033,0.0
A851,2021-03-28,-26.0,-48.75,5,0.0,5.611198795489314,1.4599741833861004,3.843354806778384,0.0
A851,2021-03-29,-26.0,-48.75,5,0.0,5.999040686581717,1.6627641359938967,3.6078723113641518,0.0
A851,2021-05-06,-26.0,-48.75,5,0.0,10.192172509947186,3.682852902780517,2.767466629539344,0.0
A851,2021-05-07,-26.0,-48.75,5,0.0,9.958969149876186,3.1184402867500998,3.1935737850074344,0.0
A851,2021-05-08,-26.0,-48.75,5,0.0,5.10419899439613,1.978727224060039,2.5795364476378464,0.0
A851,2021-08-05,-26.0,-48.75,5,0.0,9.358083763715262,2.692863722434032,3.4751419783161754,0.0
A851,2021-08-06,-26.0,-48.75,5,0.0,6.191841679062418,1.8067113022897978,3.4271339705546615,0.0
A851,2021-08-07,-26.0,-48.75,5,0.0,10.717803361960431,2.833539387447627,3.7824790470319627,0.0
A851,2021-08-08,-26.0,-48.75,5,0.0,8.055854467125782,1.882763808187675,4.278738752090336,0.0
A851,2021-08-09,-26.0,-48.75,5,0.0,9.649517277606636,2.2832284580062074,4.226260076502779,0.0
A851,2021-08-10,-26.0,-48.75,5,0.0,10.895146437976736,3.2429675677988765,3.359622386039365,0.0
A851,2021-08-11,-26.0,-48.75,5,0.0,7.27778049752838,2.6986522894451386,2.6968203817857326,0.0
A851,2021-08-12,-26.0,-48.75,5,0.0,5.522676886869242,2.348948103030624,2.3511276727416233,0.0
A851,2021-08-13,-26.0,-48.75,5,0.0,9.21918509801225,2.339370149535707,3.94088344670123,0.0
A851,2021-08-14,-26.0,-48.75,5,0.0,9.055013992373445,2.447456087441799,3.699765662328262,0.0
A851,2021-08-15,-26.0,-48.75,5,0.0,10.90472499391588,2.5210110577847202,4.325536359804051,0.0
A851,2021-08-16,-26.0,-48.75,5,0.0,9.739359145618332,2.358578746381263,4.12933388828391,0.0
A851,2021-08-17,-26.0,-48.75,5,0.0,8.53729982777582,1.8118611365443715,4.711895219552189,0.0
A851,2021-08-18,-26.0,-48.75,5,0.0,10.566981689321151,2.6268016835791053,4.02275579286339,0.0
A851,2021-08-19,-26.0,-48.75,5,0.0,8.781715340466455,2.4831805192172114,3.5364788312831843,0.0
A851,2021-08-20,-26.0,-48.75,5,0.0,12.984521101407848,3.6281939959929725,3.5787835809629067,0.0
A851,2021-08-21,-26.0,-48.75,5,0.0,7.661845708469738,2.4467115715015826,3.1314870938251014,0.0
A851,2021-08-22,-26.0,-48.75,5,0.0,5.463194907246559,2.075324452196714,2.6324533985342926,0.0
A851,2021-08-23,-26.0,-48.75,5,0.0,9.57678815604028,2.6272835164339488,3.645129311753532,0.0
A851,2021-08-24,-26.0,-48.75,5,0.0,9.453087039971152,2.2640034509486884,4.175385437690041,0.0
A851,2021-08-25,-26.0,-48.75,5,0.0,8.875979665730839,1.9201018561589385,4.622660843361072,0.0
A851,2021-08-26,-26.0,-48.75,5,0.0,10.772007316903396,2.5451072779859865,4.2324374340037965,0.0
A851,2021-08-27,-26.0,-48.75,5,0.0,5.466861614298773,2.783672695744412,1.9639024453759715,0.0
A851,2021-08-28,-26.0,-48.75,5,0.0,5.8652857965920715,2.6464484045621153,2.216285715784642,0.0
A851,2021-08-29,-26.0,-48.75,5,0.0,7.382883003531208,2.6494958839795375,2.786523673492986,0.0
A851,2021-08-30,-26.0,-48.75,5,0.0,6.731497199144413,2.150851079834407,3.1296900386346915,0.0
A851,2021-08-31,-26.0,-48.75,5,0.0,11.09052886919116,3.3961361690951803,3.265631387255585,0.0
A851,2021-09-01,-26.0,-48.75,5,0.0,11.905335104729108,3.7543386678016173,3.1710871496045323,0.0
A851,2021-09-02,-26.0,-48.75,5,0.0,9.36716792176951,2.6066356692062667,3.593585414497861,0.0
A851,2021-09-03,-26.0,-48.75,5,0.0,14.445320596990655,3.7841352952691367,3.8173372434780424,0.0
A851,2021-09-04,-26.0,-48.75,5,0.0,13.164636698234947,3.416749774800225,3.852970678546302,0.0
A851,2021-09-05,-26.0,-48.75,5,0.0,8.862371929675568,2.383066762633625,3.718893682979069,0.0
A851,2021-09-06,-26.0,-48.75,5,0.0,9.829590027663812,3.004246921918228,3.271898177193626,0.0
A851,2021-09-07,-26.0,-48.75,5,0.0,11.47503281191592,3.877399728380736,2.959466038005856,0.0
A851,2021-09-08,-26.0,-48.75,5,0.0,11.108787151200712,4.2544499088515435,2.611098353300261,0.0
A851,2021-09-09,-26.0,-48.75,5,0.0,15.559406392000021,2.342934804549161,6.640989907951808,0.0
A851,2021-09-10,-26.0,-48.75,5,0.0,8.06361517581427,2.4277566395104624,3.3214264743768687,0.0
A851,2021-09-11,-26.0,-48.75,5,0.0,5.725004952047245,2.2000992788820786,2.6021575512520747,0.0
A851,2021-09-12,-26.0,-48.75,5,0.0,9.51259516982932,2.7407597212321453,3.470787714857691,0.0
A851,2021-09-13,-26.0,-48.75,5,0.0,7.456128481160156,2.4275892881160797,3.0714126634437626,0.0
A851,2021-09-14,-26.0,-48.75,5,0.0,17.502825895785858,2.4426760318292198,7.1654307274954965,0.0
A851,2021-09-15,-26.0,-48.75,5,0.0,6.5337434228780475,3.047562884699242,2.143924069846667,0.0
A851,2021-09-16,-26.0,-48.75,5,0.0,5.129681212157008,2.2064433981775795,2.3248641757109603,0.0
A851,2021-09-17,-26.0,-48.75,5,0.0,5.467600839034497,2.084568771459399,2.622893000170318,0.0
A851,2021-09-18,-26.0,-48.75,5,0.0,10.707413264584327,2.1350560183828637,5.015050271465171,0.0
A851,2021-09-19,-26.0,-48.75,5,0.0,15.08443167320064,2.681683126117649,5.624986608704517,0.0
A851,2021-09-20,-26.0,-48.75,5,0.0,11.538432304008428,3.5241656133257404,3.2740891235016782,0.0
A851,2021-09-21,-26.0,-48.75,5,0.0,16.71387200941551,3.949870444691315,4.2314987905183585,0.0
A851,2021-09-22,-26.0,-48.75,5,0.0,8.317990263779027,3.3091660225481445,2.5136213194205217,0.0
A851,2021-09-23,-26.0,-48.75,5,0.0,6.253512001484465,2.849175869636625,2.1948494187836913,0.0
A851,2021-09-24,-26.0,-48.75,5,0.0,8.655734673446736,2.569597033537607,3.368518316481025,0.0
A851,2021-09-25,-26.0,-48.75,5,0.0,10.873598954826472,2.8210785121807933,3.854412029965375,0.0
A851,2021-09-26,-26.0,-48.75,5,0.0,10.595993033294375,2.9813947609290263,3.5540389257250116,0.0
A851,2021-09-27,-26.0,-48.75,5,0.0,12.941954061632783,3.1509121137226117,4.107367515986553,0.0
A851,2021-09-28,-26.0,-48.75,5,0.0,8.909066202445114,2.471954154546759,3.604058022701728,0.0
A851,2021-09-29,-26.0,-48.75,5,0.0,15.391789789415215,3.105985241838151,4.955525732088222,0.0
A851,2021-09-30,-26.0,-48.75,5,0.0,8.523372050787048,2.818637684176759,3.023933192490639,0.0
A851,2021-10-01,-26.0,-48.75,5,0.0,16.694494885694102,6.033851071479675,2.76680592343492,0.0
A851,2021-10-02,-26.0,-48.75,5,0.0,10.99148057263947,2.0931713988161422,5.251113491640504,0.0
A851,2021-10-03,-26.0,-48.75,5,0.0,15.897270338288228,2.6487408422259855,6.001821727839656,0.0
A851,2021-10-04,-26.0,-48.75,5,0.0,5.68705922625657,2.572134419384674,2.2110272244702798,0.0
A851,2021-10-05,-26.0,-48.75,5,0.0,5.315520460453701,2.206695565556304,2.4088145838611266,0.0
A851,2021-10-06,-26.0,-48.75,5,4.0,8.811615488654933,3.226705924349395,2.730839343666445,1.239654339062995
A851,2021-10-07,-26.0,-48.75,5,0.0,11.080688127040501,3.5969967579994075,3.0805388140531447,0.0
A851,2021-10-08,-26.0,-48.75,5,0.0,6.575062006449562,1.7018983751505072,3.863369342407473,0.0
A851,2021-10-09,-26.0,-48.75,5,3.5,7.679664499683869,3.368841668043834,2.2796157422688186,1.038932768256908
A851,2021-10-10,-26.0,-48.75,5,0.0,8.772149859645838,2.8237786178435016,3.106528891540748,0.0
A851,2021-10-11,-26.0,-48.75,5,0.0,8.356165840146556,3.039562071545632,2.7491347909527653,0.0
A851,2021-10-12,-26.0,-48.75,5,8.8,6.323678168623671,2.8967343294959034,2.1830369821053393,3.037903721578567
A851,2021-10-13,-26.0,-48.75,5,6.2,8.084528865098333,3.1373186555070105,2.576891209602622,1.9762098405646464
A851,2021-10-14,-26.0,-48.75,5,10.0,9.024220748921318,3.4557787635026167,2.611342150784788,2.89370375951511
A851,2021-10-15,-26.0,-48.75,5,5.1,7.011768092036894,1.859036381287719,3.771721824604624,2.743356747255977
A851,2021-10-26,-26.0,-48.75,5,6.9,5.1863943949525,2.890484607878022,1.7942992606903947,2.3871429659905594
A851,2021-10-27,-26.0,-48.75,5,3.9,3.341992647939164,2.111661865059262,1.582636265416184,1.846886598906568
A851,2021-10-28,-26.0,-48.75,5,6.6,5.486623215591926,2.905696499018399,1.8882299708332977,2.2714003345599267
A851,2021-10-29,-26.0,-48.75,5,6.5,6.76545282339543,3.024399290365936,2.236957548874721,2.1491871198043877
A851,2021-10-30,-26.0,-48.75,5,7.7,9.700073584789212,2.8871745500539046,3.35971151609386,2.6669672603813437
A851,2021-10-31,-26.0,-48.75,5,10.0,10.500521372244686,3.1266362732163575,3.3584083515550223,3.198325333094483
A851,2021-11-01,-26.0,-48.75,5,7.4,5.65553645529786,2.7017762042703093,2.0932660693209773,2.7389389203679726
A851,2021-11-02,-26.0,-48.75,5,6.4,5.10830111869707,2.6661216758850035,1.9160044963069434,2.400490591966534
A851,2021-11-03,-26.0,-48.75,5,9.6,9.813197371222428,3.344832461309567,2.9338382369622096,2.8700989096002174
A851,2021-11-04,-26.0,-48.75,5,7.3,9.977956575598473,2.9391798745085906,3.3948097774270156,2.4836860320501843
A851,2021-11-05,-26.0,-48.75,5,8.9,8.730612752500324,2.9639677896739824,2.9455828713511885,3.0027316865609204
A851,2021-11-06,-26.0,-48.75,5,5.5,7.822755912062729,2.4695953739769694,3.1676265652640803,2.2270854804619065
A851,2021-11-07,-26.0,-48.75,5,8.7,7.516194572990879,3.547719180591528,2.1185990746138113,2.452279776706962
A851,2021-11-08,-26.0,-48.75,5,4.4,6.219060524155849,2.344960520978881,2.652096045335451,1.8763642119498298
A851,2021-11-09,-26.0,-48.75,5,6.8,6.831991648518607,2.868271685241349,2.3819192873787105,2.37076565479808
A851,2021-11-10,-26.0,-48.75,5,4.6,6.916449351979746,3.4365400712376823,2.012620021476648,1.3385556125185216
A851,2021-11-11,-26.0,-48.75,5,4.3,4.1824783690650795,2.9309509391798887,1.427003882308375,1.467100640450565
A851,2021-11-12,-26.0,-48.75,5,7.7,6.424747701105906,3.1981396777344986,2.008901532924001,2.4076496888511554
A851,2021-11-13,-26.0,-48.75,5,7.2,8.245521724589349,3.0180969855440067,2.7320267586109757,2.3856092214684788
A851,2021-11-14,-26.0,-48.75,5,9.0,9.96598418538805,3.7242821581316816,2.67594767588382,2.416573078478814
A851,2021-11-15,-26.0,-48.75,5,10.4,11.12131157097494,3.9052804554897436,2.847762586510645,2.6630609807755237
A851,2021-11-16,-26.0,-48.75,5,8.0,8.889277756677304,3.1359641233974456,2.8346235501721315,2.551049592790924
A851,2021-11-17,-26.0,-48.75,5,7.2,8.872681117398887,3.008678780704158,2.9490290470032514,2.393077003160469
A851,2021-11-18,-26.0,-48.75,5,6.6,7.123327267730812,2.2306421514911636,3.1933975886580166,2.958789241738286
A851,2021-11-19,-26.0,-48.75,5,7.9,8.359007346643697,4.278104954450576,1.953904225268643,1.846612012587843
A851,2021-11-20,-26.0,-48.75,5,6.8,6.319952628731497,3.0094478152850073,2.100037288113923,2.259550727366911
A851,2021-11-21,-26.0,-48.75,5,8.5,7.076770905726908,3.0990977772868904,2.2834939115481143,2.742733727956572
A851,2021-11-22,-26.0,-48.75,5,8.5,8.64380763273189,2.82656148646715,3.058064603977738,3.007187369068678
A851,2021-11-23,-26.0,-48.75,5,8.8,8.63011698555793,3.652681909967272,2.362679586746511,2.4091887048765352
A851,2021-11-24,-26.0,-48.75,5,5.5,6.2470524385885975,2.3071013847606827,2.7077494209196225,2.3839437817209403
A851,2021-11-25,-26.0,-48.75,5,8.6,7.017966504437085,3.3400094808553167,2.1011816118078532,2.5748429905048336
A851,2021-11-26,-26.0,-48.75,5,10.1,8.615920361461836,3.259018294437265,2.643716476267755,3.0990927596937494
A851,2021-11-27,-26.0,-48.75,5,8.8,9.800615243235095,2.2143443378076197,4.425967125301974,3.974088333846358
A851,2021-11-28,-26.0,-48.75,5,7.1,5.5297718864088115,2.82368892304842,1.958350242221065,2.514441283544409
A851,2021-11-29,-26.0,-48.75,5,6.2,6.019289173899407,2.2696106135305483,2.652124174082864,2.731746125541526
A851,2021-11-30,-26.0,-48.75,5,9.2,15.09853451010389,3.3434605295242807,4.5158405121810015,2.7516400803179235
A851,2021-12-01,-26.0,-48.75,5,7.0,7.227889338443237,3.01347649120776,2.398521893079842,2.3228984929610306
A851,2021-12-02,-26.0,-48.75,5,6.0,4.218055404542716,3.497377506373422,1.2060623701204607,1.715571164126818
A851,2021-12-03,-26.0,-48.75,5,6.0,6.307464685839712,2.7621786648566737,2.2835107540615946,2.172198372371156
A851,2021-12-04,-26.0,-48.75,5,7.5,6.118620353060252,3.0875175683979488,1.9817281092379604,2.4291359753757127
A851,2021-12-05,-26.0,-48.75,5,8.9,8.202424547345382,3.2560216187337896,2.519155431939412,2.7333970845872506
A851,2021-12-06,-26.0,-48.75,5,7.1,5.71399892027698,3.421589942827661,1.6699835502657672,2.075058706226041
A851,2021-12-07,-26.0,-48.75,5,10.1,10.16329352349769,5.0604115227048885,2.0083926925502715,1.995885108292804
A851,2021-12-08,-26.0,-48.75,5,7.4,8.776150655505763,3.4576842112327273,2.5381585244237517,2.140160739942693
A851,2021-12-09,-26.0,-48.75,5,8.3,8.946863915668164,3.8405940766426716,2.329552078955773,2.161123991331988
A851,2021-12-10,-26.0,-48.75,5,7.9,8.448851866176927,3.2528708186215303,2.5973524118480977,2.428623957267318
A851,2021-12-11,-26.0,-48.75,5,8.1,9.405784321932483,2.80241122368281,3.3563183884097496,2.8903680985673916
A851,2021-12-12,-26.0,-48.75,5,7.8,7.912905040359075,2.538953652708089,3.1166008217278964,3.072131699481947
A851,2021-12-13,-26.0,-48.75,5,7.4,7.607639995536559,2.8378665991397525,2.680760257667741,2.6075926198374426
A851,2021-12-14,-26.0,-48.75,5,5.6,7.09616815096748,2.5533878027611636,2.7791188409742844,2.1931647021828464
A851,2021-12-15,-26.0,-48.75,5,4.6,7.295568558851676,2.3987729359984513,3.0413752170398785,1.9176471148926493
A851,2021-12-16,-26.0,-48.75,5,7.5,10.350059779327053,3.267350910963555,3.1677221276103396,2.2954375591656975
A851,2021-12-17,-26.0,-48.75,5,7.6,8.0801251472067,3.476604807152924,2.324142545791309,2.1860408132564895
A851,2021-12-18,-26.0,-48.75,5,7.2,4.74845124026818,3.8078834216687643,1.247005413360901,1.890814188015419
A851,2021-12-19,-26.0,-48.75,5,8.0,6.170166739773395,2.645748941397442,2.3321059089281584,3.02371849226727
A851,2021-12-20,-26.0,-48.75,5,9.3,9.03153881108385,3.2035822668799687,2.81919990145277,2.9030002120274725
A851,2021-12-21,-26.0,-48.75,5,12.0,9.32734510326494,3.2668015494376466,2.8551918327792416,3.6733177141004183
A851,2021-12-22,-26.0,-48.75,5,8.0,5.6096892270438605,3.9564048032859005,1.417875446512668,2.022037783736332
A851,2021-12-23,-26.0,-48.75,5,9.6,11.996470952280799,4.122126709263729,2.9102625412559284,2.3288949314502507
A851,2021-12-24,-26.0,-48.75,5,11.1,8.498275044509684,3.2715828733419503,2.597603476212303,3.3928530713517437
A851,2021-12-25,-26.0,-48.75,5,9.3,10.26946545528074,3.5640829379076564,2.8813766778697834,2.6093668868041813
A851,2021-12-26,-26.0,-48.75,5,9.2,9.812710162986745,2.7221018633492355,3.6048284214145188,3.3797412668019886
A851,2021-12-27,-26.0,-48.75,5,6.9,8.37629280318362,2.524544173573201,3.31794265708092,2.733166673108297
A851,2021-12-28,-26.0,-48.75,5,7.8,9.173434931453352,2.6912159318256084,3.408658080152817,2.8983181571420045
A851,2021-12-29,-26.0,-48.75,5,10.0,9.932773012779071,3.48673043911634,2.848735566520131,2.868016376549703
A851,2021-12-30,-26.0,-48.75,5,10.0,5.312555104751887,2.6193075693114816,2.028228821615004,3.817802886977732
A851,2021-12-31,-26.0,-48.75,5,9.1,6.188273859288236,2.7765763496581197,2.228742551974196,3.277417529368672
A851,2022-01-01,-26.0,-48.75,5,7.2,11.30230365098736,2.5198883988207736,4.485239765489802,2.8572693946959586
A851,2022-01-02,-26.0,-48.75,5,7.4,9.874017144142538,2.9778897225829457,3.3157766284166046,2.4849812079613978
A851,2022-01-03,-26.0,-48.75,5,7.8,5.776430615341132,3.3733138115874555,1.7123905269349335,2.312266345694467
A851,2022-01-04,-26.0,-48.75,5,6.5,4.02572706754415,2.2772965820966675,1.7677658233859608,2.8542615182847912
A851,2022-01-05,-26.0,-48.75,5,13.3,9.338342504743812,3.3947521637235485,2.750817159654156,3.9178117749284644
A851,2022-01-06,-26.0,-48.75,5,11.8,15.37713816652316,5.26405558001473,2.921158018335386,2.241617669235738
A851,2022-01-07,-26.0,-48.75,5,8.1,10.298710584464638,4.3057401278184315,2.3918560523258137,1.8812096781381897
A851,2022-01-08,-26.0,-48.75,5,6.4,10.490298682768806,3.8880455780217322,2.69809046017057,1.6460712385106273
A851,2022-01-09,-26.0,-48.75,5,9.0,6.2859149783633725,3.0826153643231757,2.039149954001322,2.9195987615458003
A851,2022-01-10,-26.0,-48.75,5,8.2,6.967477711208448,3.2721293502894135,2.129340550242058,2.5060134005016415
A851,2022-01-11,-26.0,-48.75,5,5.8,8.823033967833949,3.216819200860969,2.742782051746178,1.803023309002773
A851,2022-01-12,-26.0,-48.75,5,7.3,6.9270339629061715,2.907211027610029,2.3827076524956543,2.5109976299179118
A851,2022-01-13,-26.0,-48.75,5,2.2,5.088671586843803,1.6844259242360935,3.0210123898155827,1.3060829617649856
A851,2022-01-14,-26.0,-48.75,5,7.2,4.109974464250879,2.662505717345544,1.5436490661693028,2.7042195451802566
A851,2022-01-15,-26.0,-48.75,5,6.8,7.767037794530476,3.007612570590886,2.582459546312023,2.2609295048477764
A851,2022-01-16,-26.0,-48.75,5,8.5,7.909743876837839,2.5772019594759428,3.069120698032619,3.298150526677552
A851,2022-01-17,-26.0,-48.75,5,7.6,9.27621484277386,1.867997427027823,4.965860610168654,4.068528087906623
A851,2022-01-18,-26.0,-48.75,5,7.9,3.1637896101168805,2.0682297686034445,1.5297089608439414,3.819691660919479
A851,2022-01-19,-26.0,-48.75,5,8.2,8.656675790867848,2.5006302311586355,3.461797623256312,3.2791733451133367
A851,2022-01-20,-26.0,-48.75,5,7.9,6.190363148628463,2.891949759640544,2.140550031338683,2.731721038259646
A851,2022-01-21,-26.0,-48.75,5,9.0,9.008615785289422,3.095765094332382,2.9099804122031347,2.9071973246538905
A851,2022-01-22,-26.0,-48.75,5,8.9,10.544570487444139,3.2809129951330442,3.213913475635018,2.712659559458722
A851,2022-01-23,-26.0,-48.75,5,8.3,7.355629609105877,2.8789766386664994,2.5549459173496105,2.882968860714494
A851,2022-01-24,-26.0,-48.75,5,9.1,7.357403105536684,2.932923948444599,2.508555705796086,3.102705750289213
A851,2022-01-25,-26.0,-48.75,5,9.7,8.988089493942306,3.3137952324300546,2.71232495175968,2.927157328573633
A851,2022-01-26,-26.0,-48.75,5,7.8,9.253270440122181,3.1863266796531664,2.9040557891350316,2.4479599188018706
A851,2022-01-27,-26.0,-48.75,5,12.5,16.56570925169794,4.988262491468178,3.320937757391795,2.505882563593986
A851,2022-01-28,-26.0,-48.75,5,8.3,10.470521465658976,4.165865668360166,2.513408328353648,1.9923830149010011
A851,2022-01-29,-26.0,-48.75,5,6.8,6.429316863266445,4.078696779388325,1.5763164586681135,1.6671991981271488
A851,2022-01-30,-26.0,-48.75,5,7.3,8.12295306947267,3.3030334210518246,2.459240350915366,2.2100896568207817
A851,2022-01-31,-26.0,-48.75,5,6.8,5.943951360203123,2.181326202355474,2.724925485140476,3.1173696041688386
A851,2022-02-01,-26.0,-48.75,5,8.3,7.182500102550786,2.689196610259939,2.670872064596468,3.086423643527395
A851,2022-02-02,-26.0,-48.75,5,8.1,7.2595885749251305,2.947911359408856,2.462621052615671,2.7477081270260078
A851,2022-02-03,-26.0,-48.75,5,8.3,8.133451419091362,3.533656995531185,2.3017093705974503,2.34884144400448
A851,2022-02-04,-26.0,-48.75,5,9.6,5.721884667223344,2.280807391962769,2.5087101556170097,4.209035815049089
A851,2022-02-05,-26.0,-48.75,5,3.4,9.106829883851727,2.95971175466094,3.07693134965266,1.148760515156821
A851,2022-02-06,-26.0,-48.75,5,0.0,12.024804703972976,3.682385674865766,3.265493016130451,0.0
A851,2022-02-07,-26.0,-48.75,5,4.1,4.893399278336448,2.438771491744385,2.006501755044027,1.6811743182496302
A851,2022-02-08,-26.0,-48.75,5,5.8,5.594779207432204,2.152497461753051,2.5992036259479105,2.6945444085570847
A851,2022-02-09,-26.0,-48.75,5,6.1,6.52203663763933,2.3734759104310412,2.747884066982116,2.5700703231035504
A851,2022-02-10,-26.0,-48.75,5,7.4,8.141961011694606,2.892952333486989,2.8144124317045973,2.5579405212945523
A851,2022-02-11,-26.0,-48.75,5,8.5,6.365294607121734,2.882749625338652,2.208063631739773,2.9485737940219
A851,2022-02-12,-26.0,-48.75,5,8.7,7.162089754825504,2.8426369432312817,2.519523209560562,3.0605385681474107
A851,2022-02-13,-26.0,-48.75,5,7.8,7.389572476227175,2.7940289323360927,2.644773069707886,2.791667584300355
A851,2022-02-14,-26.0,-48.75,5,6.2,7.012723871934256,2.0813017363541944,3.36939317804943,2.978904928441807
A851,2022-02-15,-26.0,-48.75,5,5.3,8.54611183067359,2.3578318474559916,3.6245637448211205,2.2478278108417666
A851,2022-02-16,-26.0,-48.75,5,7.2,6.254453542995646,3.21267018605486,1.946808474192017,2.241126409817236
A851,2022-02-17,-26.0,-48.75,5,15.3,7.6018442679807015,2.5742156818965665,2.953072006142082,5.9435579184754435
A851,2022-02-18,-26.0,-48.75,5,6.9,9.644735019775036,3.09866230717239,3.1125479525312025,2.2267673324804567
A851,2022-02-19,-26.0,-48.75,5,8.0,9.301202398487067,2.35801709144531,3.9445016884021147,3.3926810916779764
A851,2022-02-20,-26.0,-48.75,5,7.4,8.624417783465566,2.40954929067287,3.579265971793914,3.0711137674770455
A851,2022-02-21,-26.0,-48.75,5,7.3,8.191972528332807,2.188590958351128,3.743034986539738,3.335479374135667
A851,2022-02-22,-26.0,-48.75,5,6.2,6.4989848628722795,1.9053731024135558,3.4108725764208323,3.2539558746506896
A851,2022-02-23,-26.0,-48.75,5,6.7,9.820208021439836,2.9031337893203353,3.382623307807969,2.307850924627406
A851,2022-02-24,-26.0,-48.75,5,3.8,9.88911321520193,2.65350893275613,3.7268060767107976,1.4320660289065015
A851,2022-02-25,-26.0,-48.75,5,7.4,6.484271091008237,2.2770417123155795,2.84767338952883,3.2498306728315307
A851,2022-02-26,-26.0,-48.75,5,7.9,7.782291735811253,2.5269939440410383,3.079663785567374,3.12624413629054
A851,2022-02-27,-26.0,-48.75,5,9.3,8.668748147873895,3.0588740202744265,2.833967038333988,3.040334429714648
A851,2022-02-28,-26.0,-48.75,5,8.5,7.295816744554429,2.6485690639195774,2.754625825674132,3.2092801036575493
A851,2022-03-01,-26.0,-48.75,5,6.1,5.939482813897932,2.018932231209538,2.9418931067040326,3.0213990869547427
A851,2022-03-02,-26.0,-48.75,5,7.3,4.537860349538472,1.48563806760216,3.0544857785332873,4.9137136151756655
A851,2022-03-03,-26.0,-48.75,5,4.2,5.634456560448591,1.8392970109652202,3.0633750432137976,2.283481120754901
A851,2022-03-04,-26.0,-48.75,5,7.4,7.32608381646608,2.760655104942345,2.653748308997506,2.6805231797162676
A851,2022-03-05,-26.0,-48.75,5,7.6,5.184782163963062,2.429236384447731,2.1343259129315997,3.1285551495342863
A851,2022-03-06,-26.0,-48.75,5,6.8,7.349754991813298,2.496872857605611,2.943583999251521,2.723406592084506
A851,2022-03-07,-26.0,-48.75,5,11.5,8.539239532892516,2.3417666270630657,3.6464946738104436,4.910822396688932
A851,2022-03-08,-26.0,-48.75,5,10.0,8.331514011833491,2.9089055966649533,2.864140390594158,3.437718986640527
A851,2022-03-09,-26.0,-48.75,5,7.1,10.405379889402806,2.6538310628622366,3.920890080388271,2.6753775322617694
A851,2022-03-10,-26.0,-48.75,5,7.1,7.223799202959603,2.4956779611728446,2.8945237788471623,2.844918339008512
A851,2022-03-11,-26.0,-48.75,5,15.4,7.379792904140146,1.7958499693566157,4.109359373034955,8.575326593410935
A851,2022-03-12,-26.0,-48.75,5,7.0,11.681419884212824,3.783870671729745,3.087161506731101,1.849957518976209
A851,2022-03-13,-26.0,-48.75,5,3.1,5.624885094869719,1.8282312756859849,3.0766813639369355,1.695627922586996
A851,2022-03-14,-26.0,-48.75,5,3.2,6.0639421715287884,1.7873118052717614,3.3927724047045973,1.7903982900809179
A851,2022-03-15,-26.0,-48.75,5,7.1,10.854410881669663,3.6447470007370852,2.978097212090318,1.9480090109311157
A851,2022-03-16,-26.0,-48.75,5,11.2,7.7889857742081,3.542588558460588,2.1986707306458304,3.1615299985237058
A851,2022-03-17,-26.0,-48.75,5,5.8,5.36696907424133,1.9023210700526836,2.8212740523831212,3.0489069859481566
A851,2022-03-18,-26.0,-48.75,5,12.3,5.624444487377754,1.8595516113193895,3.024624029330972,6.614497777382421
A851,2022-03-19,-26.0,-48.75,5,10.7,14.4490189095873,4.294681464957991,3.364398274349931,2.491453693901525
A851,2022-03-20,-26.0,-48.75,5,8.4,7.014354285459877,3.649734801271311,1.9218805385576423,2.301537086221725
A851,2022-03-21,-26.0,-48.75,5,10.1,11.084825693466039,3.5201764074438886,3.1489403968578613,2.869174390988527
A851,2022-03-22,-26.0,-48.75,5,9.1,15.757754538225079,4.169617327416671,3.7791848270133594,2.1824544761372615
A851,2022-03-23,-26.0,-48.75,5,9.5,10.87037906201267,3.4881307987917505,3.11639089502551,2.7235217220898638
A851,2022-03-24,-26.0,-48.75,5,10.2,7.448991431448714,2.803727651248623,2.65681705144626,3.638013840416166
A851,2022-03-25,-26.0,-48.75,5,3.0,10.461157158982871,2.7276538841951914,3.835221623827647,1.0998462881903235
A851,2022-03-26,-26.0,-48.75,5,0.0,6.894623772227465,2.2003352787491073,3.133442361632753,0.0
A851,2022-03-27,-26.0,-48.75,5,0.0,1.63921746363386,2.620825506889267,0.6254584516691056,0.0
A851,2022-03-28,-26.0,-48.75,5,0.0,4.501020971248583,2.525856235182287,1.7819782886114068,0.0
A851,2022-03-29,-26.0,-48.75,5,8.6,3.774786419237279,3.3389546717119245,1.1305293992810923,2.5756564091331824
A851,2022-03-30,-26.0,-48.75,5,4.8,7.31885735261381,2.245814850585174,3.2588872367224724,2.137308869762484
A851,2022-03-31,-26.0,-48.75,5,0.0,7.535695075633531,3.584174007471346,2.102491413621406,0.0
A851,2022-04-01,-26.0,-48.75,5,0.0,4.802754930552304,2.7344474548719897,1.7563895484607657,0.0
A851,2022-04-02,-26.0,-48.75,5,0.0,2.72242076836642,1.8565135978494203,1.466415743746808,0.0
A851,2022-04-03,-26.0,-48.75,5,0.0,4.618771420881361,1.4575195441094275,3.1689258916274214,0.0
A851,2022-04-04,-26.0,-48.75,5,4.0,7.619856163580904,2.0687796154654836,3.6832614294038306,1.9335070638251548
A851,2022-04-05,-26.0,-48.75,5,2.0,5.126030594542097,2.440960932029401,2.1000051771743617,0.8193494511758579
A851,2022-04-06,-26.0,-48.75,5,4.4,6.644470007518978,2.4916159113454883,2.666731247486264,1.7659222595122908
A851,2022-04-07,-26.0,-48.75,5,5.5,5.501189903440481,2.7741849699638697,1.9829931900727322,1.9825642700643824
A851,2022-04-08,-26.0,-48.75,5,0.0,7.802552874210758,2.4168009500274965,3.228463177375856,0.0
A851,2022-04-09,-26.0,-48.75,5,4.3,6.2943010172947185,2.503941431789608,2.5137572857668955,1.717292563399424
A851,2022-04-10,-26.0,-48.75,5,0.0,7.3345104053291434,2.727591852156313,2.6890058347735586,0.0
A851,2022-04-11,-26.0,-48.75,5,0.0,6.6386744137709375,2.1172966599586274,3.1354483947944543,0.0
A851,2022-04-12,-26.0,-48.75,5,1.9,4.3604063679793805,2.1303649543124665,2.0467884430565166,0.8918659669808489
A851,2022-04-13,-26.0,-48.75,5,3.7,5.926796364069178,2.4262064054514245,2.442824464873353,1.5250145213063895
A851,2022-04-14,-26.0,-48.75,5,11.1,7.890001188553885,3.549046891939111,2.22313241520542,3.12760026507715
A851,2022-04-15,-26.0,-48.75,5,5.4,10.109059045501562,2.778831923942714,3.637880707501891,1.943262546206203
A851,2022-04-16,-26.0,-48.75,5,7.5,6.409899004624121,2.7936088149124307,2.294486962672706,2.6846994324919815
A851,2022-04-17,-26.0,-48.75,5,5.7,8.103286025126685,3.0795336205294905,2.6313354629761823,1.8509296219405946
A851,2022-04-18,-26.0,-48.75,5,6.4,5.772290214050126,2.5970759600951387,2.2226112376931284,2.4643099001869584
A851,2022-04-19,-26.0,-48.75,5,5.3,3.856854780721827,1.600775570499241,2.4093663420406726,3.3108951046442225
A851,2022-04-20,-26.0,-48.75,5,5.8,6.584724617756559,2.4723487886671642,2.663347763851056,2.3459473139818443
A851,2022-04-21,-26.0,-48.75,5,6.2,5.214089666354918,2.5728418048233297,2.0265877430085353,2.4097867145880496
A851,2022-04-22,-26.0,-48.75,5,5.4,5.565881650634588,2.1607077211094645,2.5759530529083587,2.4991811466417344
A851,2022-04-23,-26.0,-48.75,5,7.8,16.160937205395552,5.234164186870036,3.087586982069737,1.4902092715330548
A851,2022-04-24,-26.0,-48.75,5,7.0,1.8686863404906395,2.9951711509642407,0.6238996859625368,2.337095159903125
A851,2022-04-25,-26.0,-48.75,5,8.8,11.74670361134254,3.9792924563186394,2.9519578518764518,2.211448416169225
A851,2022-04-26,-26.0,-48.75,5,5.2,4.778575263978215,2.024395390087232,2.3604950334194865,2.5686681690062185
A851,2022-04-27,-26.0,-48.75,5,6.8,6.193134925498146,1.8874618995395194,3.281197319537456,3.6027217299904084
A851,2022-04-28,-26.0,-48.75,5,11.2,4.162689013316843,2.032196992251604,2.048368848683674,5.511276732867707
A851,2022-04-29,-26.0,-48.75,5,11.2,9.862161163889429,3.995535350812721,2.4682953091338296,2.803128746620109
A851,2022-04-30,-26.0,-48.75,5,2.8,3.7835861199985223,1.6230432599850275,2.3311677595293583,1.7251542636182289
A851,2022-05-01,-26.0,-48.75,5,5.4,5.929947938982555,1.3731702560735959,4.318436051723462,3.9325058026239277
A851,2022-05-02,-26.0,-48.75,5,5.5,7.442204646997814,3.0762050221943085,2.419281092548625,1.7879172422899037
A851,2022-05-03,-26.0,-48.75,5,9.8,9.465685512385415,3.921067002314333,2.414058598539244,2.4993196990043125
A851,2022-05-04,-26.0,-48.75,5,9.4,10.13035351662684,4.06937071605369,2.4894152495526,2.309939461380834
A851,2022-05-05,-26.0,-48.75,5,9.1,8.255374373476641,4.6221455166792,1.7860481336398406,1.968782671848448
A851,2022-05-06,-26.0,-48.75,5,6.5,4.069900354983691,2.508380695406285,1.6225210002760306,2.5913131973562686
A851,2022-05-07,-26.0,-48.75,5,5.6,3.2288643681285105,2.3620024283600163,1.3670029841461142,2.370869704773414
A851,2022-05-08,-26.0,-48.75,5,6.1,4.6126545410348125,2.3279892769177617,1.98138994314524,2.6202869834848848
A851,2022-05-09,-26.0,-48.75,5,3.8,2.9198587163874614,2.209113049669855,1.3217334969904893,1.7201473689035056
A851,2022-05-10,-26.0,-48.75,5,5.1,5.356124612717287,2.8519573805790595,1.878052122794971,1.7882455168262363
A851,2022-05-11,-26.0,-48.75,5,6.4,5.0495444571339885,2.5612312540466995,1.971530079197573,2.4987981814949802
A851,2022-05-12,-26.0,-48.75,5,7.0,3.907030310009197,2.5512494872642795,1.5314183616745103,2.743753613648402
A851,2022-05-13,-26.0,-48.75,5,5.1,3.3437525566306685,2.2590512274255277,1.4801579158704135,2.257584926842093
A851,2022-05-14,-26.0,-48.75,5,7.2,8.18757587610175,3.415933699801873,2.396877865801856,2.107769246346206
A851,2022-05-15,-26.0,-48.75,5,5.2,6.790359043504948,2.453533760509233,2.767583292636496,2.119392071833866
A851,2022-05-16,-26.0,-48.75,5,6.7,6.8370571508454825,2.533590262052518,2.6985646626643685,2.644468642128495
A851,2022-05-17,-26.0,-48.75,5,13.8,23.232063562736744,5.1361646349044365,4.523231869332203,2.6868297613004306
A851,2022-05-18,-26.0,-48.75,5,19.6,32.72932469326745,7.892017013994614,4.147143199923389,2.48352226879948
A851,2022-05-19,-26.0,-48.75,5,12.1,10.080193108583924,4.974895584035096,2.0262119954702573,2.4322118516075046
A851,2022-05-20,-26.0,-48.75,5,5.7,5.685384415169544,1.9295355089268662,2.946504165829805,2.954078830697509
A851,2022-05-21,-26.0,-48.75,5,5.0,3.810736112377769,2.031680038268703,1.87565760385434,2.4610174367125013
A851,2022-05-22,-26.0,-48.75,5,7.0,4.324556106609982,2.136540365030005,2.0240928640490483,3.276324713809792
A851,2022-05-23,-26.0,-48.75,5,5.6,5.24181470489733,1.6676869738568934,3.1431646268570885,3.357944319160068
A851,2022-05-24,-26.0,-48.75,5,6.2,2.6548592128858375,1.8077761769767007,1.4685773862369325,3.4296281137904985
A851,2022-05-25,-26.0,-48.75,5,6.1,2.661040494274643,2.1663643768616425,1.2283439123614215,2.8157774680716066
A851,2022-05-26,-26.0,-48.75,5,4.7,4.181413763683011,2.1371882855955233,1.9565022847380376,2.1991511144233855
A851,2022-05-27,-26.0,-48.75,5,5.3,5.994323719977083,2.409945018160253,2.4873279991064434,2.19922029758422
A851,2022-05-28,-26.0,-48.75,5,3.6,4.942132222984482,1.8018500163617246,2.742809988682399,1.9979465367872737
A851,2022-05-29,-26.0,-48.75,5,10.9,9.005602690325984,2.486480422517221,3.621827306087954,4.383706343026518
A851,2022-05-30,-26.0,-48.75,5,4.7,6.01154281708703,3.5286620324602884,1.7036323574733518,1.3319496049110207
A851,2022-05-31,-26.0,-48.75,5,6.0,6.057409996364669,2.742947345200995,2.2083581031778063,2.187428063647477
A851,2022-06-01,-26.0,-48.75,5,3.5,3.4050670979967457,1.457784345346396,2.3357824556605733,2.4009038176139397
A851,2022-06-02,-26.0,-48.75,5,4.4,6.47132420061861,2.645538591860276,2.446127310533065,1.663177401205866
A851,2022-06-03,-26.0,-48.75,5,4.4,4.647956936758627,1.960280124704382,2.3710677255678227,2.2445771624928033
A851,2022-06-04,-26.0,-48.75,5,3.7,4.0700648513281905,1.789742181646397,2.2741067920654965,2.067336870049262
A851,2022-06-05,-26.0,-48.75,5,5.7,6.9440330633666525,3.3992215930883103,2.042830357834294,1.676854492684413
A851,2022-06-06,-26.0,-48.75,5,5.6,5.534283840417859,2.0992718720861885,2.636287330862994,2.6675915942392447
A851,2022-06-07,-26.0,-48.75,5,6.2,5.928642580941904,1.9349101825702304,3.064040199047697,3.204283101019322
A851,2022-06-08,-26.0,-48.75,5,5.0,8.014268753629668,3.164191095143754,2.532801753323172,1.580182691138268
A851,2022-06-09,-26.0,-48.75,5,5.7,3.5875826885487783,1.8992423624723,1.8889546481464934,3.0011967469913325
A851,2022-06-10,-26.0,-48.75,5,6.6,7.834863591446873,3.06268418801881,2.558168949347367,2.1549724342519982
A851,2022-06-11,-26.0,-48.75,5,5.8,4.951272285945617,1.6670699342370405,2.9700447379321497,3.479158181000041
A851,2022-06-12,-26.0,-48.75,5,7.8,7.31816011153619,2.5623506764282924,2.8560337891521965,3.0440798255110666
A851,2022-06-13,-26.0,-48.75,5,4.7,6.501603397089287,2.1195863334692464,3.067392582423263,2.2174138065455655
A851,2022-06-14,-26.0,-48.75,5,4.4,2.9934214198319005,1.3261142695904877,2.2572876926784655,3.317964447632969
A851,2022-06-15,-26.0,-48.75,5,6.0,5.705676230063847,2.818905839529368,2.0240747846392915,2.1284854271690516
A851,2022-06-16,-26.0,-48.75,5,5.8,5.005904414408999,1.9999680950788343,2.5029921360878893,2.9000462628736967
A851,2022-06-17,-26.0,-48.75,5,10.6,9.592282335026225,3.021731362892801,3.1744325299133216,3.5079226863675523
A851,2022-06-18,-26.0,-48.75,5,8.0,6.425057751089425,2.7227885841889345,2.3597343504373933,2.9381642212162586
A851,2022-06-19,-26.0,-48.75,5,5.1,5.105513803010062,2.256348089850854,2.2627332307345984,2.260289546165332
A851,2022-06-20,-26.0,-48.75,5,4.4,3.660700155283501,1.6005674312963554,2.287126480087485,2.7490250732118713
A851,2022-06-21,-26.0,-48.75,5,7.4,3.7572783440933435,2.5883105083586373,1.4516335393144157,2.8590078261872334
A851,2022-06-22,-26.0,-48.75,5,7.6,5.810393354306049,2.7670323602105187,2.099864619531948,2.7466249073508426
A851,2022-06-23,-26.0,-48.75,5,6.8,3.844447816461045,2.216165501844953,1.734729564764252,3.0683628972380514
A851,2022-06-24,-26.0,-48.75,5,4.6,4.373993339353847,1.825130947597186,2.396536722536144,2.5203671035527466
A851,2022-06-25,-26.0,-48.75,5,5.0,4.356636197795441,2.266315750557547,1.9223429906991756,2.2062239115489213
A851,2022-06-26,-26.0,-48.75,5,4.1,5.218027443293809,2.334849385901829,2.2348454143556507,1.7560019180493676
A851,2022-06-27,-26.0,-48.75,5,5.1,3.6854626790469,2.888222082354011,1.2760316118222832,1.7657921913827712
A851,2022-06-28,-26.0,-48.75,5,6.1,4.722904072604839,2.1658953921074784,2.180578106318107,2.816387172819332
A851,2022-06-29,-26.0,-48.75,5,8.1,11.409923712434983,3.515080811615921,3.245991863040474,2.3043566945126197
A851,2022-06-30,-26.0,-48.75,5,6.1,4.9330296863913645,2.10390760490632,2.344698823697163,2.8993668665747383
A851,2022-07-01,-26.0,-48.75,5,5.9,3.01444361269795,2.4436610790393525,1.233576799399278,2.414410104006484
A851,2022-07-02,-26.0,-48.75,5,8.3,3.0358620868134216,1.9358923395162384,1.568197789125017,4.28742850548915
A851,2022-07-03,-26.0,-48.75,5,6.2,4.625841503206759,2.2408337540079164,2.064339442822592,2.7668272976122337
A851,2022-07-04,-26.0,-48.75,5,4.4,4.598974925073074,2.05414597211287,2.23887444588109,2.1420094091337694
A851,2022-07-05,-26.0,-48.75,5,3.8,5.319611478483171,2.3466418295885076,2.266903884269371,1.6193353208343448
A851,2022-07-06,-26.0,-48.75,5,3.1,5.62285952309953,2.312715668595141,2.431280074526038,1.3404155305797254
A851,2022-07-07,-26.0,-48.75,5,5.0,4.491255839106466,2.1841421385556967,2.0563019960213715,2.289228302378864
A851,2022-07-08,-26.0,-48.75,5,6.2,6.3347491438144665,2.5823774284698384,2.4530686622241964,2.4008883951846447
A851,2022-07-09,-26.0,-48.75,5,4.9,4.955996441222747,2.2134310534014907,2.2390561628773655,2.2137576828832883
A851,2022-07-10,-26.0,-48.75,5,6.3,5.319211755138641,2.1526954849941844,2.4709541094954313,2.9265634846709494
A851,2022-07-11,-26.0,-48.75,5,4.6,13.356349241985468,3.5187031415891443,3.7958158743545978,1.3072998246514513
A851,2022-07-12,-26.0,-48.75,5,13.5,11.911180778428289,4.88538685274118,2.438124377344846,2.763343089693128
A851,2022-07-13,-26.0,-48.75,5,4.1,5.032399868862085,2.4471737960189044,2.0564129433916225,1.6754020522244621
A851,2022-07-14,-26.0,-48.75,5,4.2,3.8982239031980375,2.411522139803178,1.616499321675811,1.7416385819882179
A851,2022-07-15,-26.0,-48.75,5,4.4,4.94290764726958,2.6522969051635914,1.8636328525839403,1.658939461654506
A851,2022-07-16,-26.0,-48.75,5,5.1,10.727826462215303,2.9918123236777934,3.5857284152863356,1.7046523806448663
A851,2022-07-17,-26.0,-48.75,5,8.4,4.309945763627587,2.88849506947777,1.4921077100563687,2.9080887444681327
A851,2022-07-18,-26.0,-48.75,5,3.8,5.81946737080757,2.1628155067810426,2.6906906079422317,1.7569690933350153
A851,2022-07-19,-26.0,-48.75,5,6.5,5.043992613213301,2.7383909348468918,1.8419549046218704,2.373656703754545
A851,2022-07-20,-26.0,-48.75,5,5.2,2.987702711977088,1.9748741776155003,1.512857247232072,2.6330791393903263
A851,2022-07-21,-26.0,-48.75,5,5.3,9.006196789952089,3.109378516709493,2.8964620233765936,1.7045206852489407
A851,2022-07-22,-26.0,-48.75,5,4.5,4.938205238346532,2.039297189545626,2.4215230931823175,2.206642574250122
A851,2022-07-23,-26.0,-48.75,5,4.6,5.918548673545786,1.857222167895553,3.186774730484821,2.4768173024837035
A851,2022-07-24,-26.0,-48.75,5,3.4,4.1477332589459435,1.8105818805916398,2.290828878498772,1.877849345807542
A851,2022-07-25,-26.0,-48.75,5,3.4,5.149339616132395,1.6621636621779976,3.097973883862324,2.0455266093020272
A851,2022-07-26,-26.0,-48.75,5,5.6,5.414466194957302,1.7827691820488967,3.0371100473784147,3.14118061742802
A851,2022-07-27,-26.0,-48.75,5,6.5,5.928324900655558,2.8296948919470917,2.095040323084558,2.297067439496065
A851,2022-07-28,-26.0,-48.75,5,5.0,7.08705952702963,2.4615035923526594,2.879158717885904,2.03127877429628
A851,2022-07-29,-26.0,-48.75,5,15.7,11.20542475064464,3.800710355494684,2.948244854924282,4.130806752296323
A851,2022-07-30,-26.0,-48.75,5,6.4,6.233862924119835,2.1863555096729663,2.851257673575828,2.927245807776846
A851,2022-07-31,-26.0,-48.75,5,6.8,6.5532739410757666,2.6617677179685386,2.4620006835447033,2.5546932416739057
A851,2022-08-01,-26.0,-48.75,5,6.5,7.084870422014843,2.075536990647514,3.413511999034306,3.131719660641735
A851,2022-08-02,-26.0,-48.75,5,4.3,4.847164436600879,2.0749711611806343,2.336015327481901,2.0723179581702476
A851,2022-08-03,-26.0,-48.75,5,6.2,4.548175056171601,2.654398372708136,1.71344855502279,2.3357458562915268
A851,2022-08-04,-26.0,-48.75,5,7.6,4.389765753022643,2.858637888876278,1.535614486222404,2.6586088533891004
A851,2022-08-05,-26.0,-48.75,5,10.7,8.410547328472514,3.570868908684624,2.355322344098778,2.9964695634658525
A851,2022-08-06,-26.0,-48.75,5,4.9,6.027574441350387,3.0365675225127515,1.9849960182550412,1.6136641005582724
A851,2022-08-07,-26.0,-48.75,5,5.3,4.825864091915148,2.4765175607925602,1.9486492518028928,2.1401019253438447
A851,2022-08-08,-26.0,-48.75,5,5.7,8.018671090296186,3.737773936482966,2.14530659867603,1.5249718406895891
A851,2022-08-09,-26.0,-48.75,5,6.9,4.7090124342382085,2.9521383046535643,1.5951191808375706,2.337288869265805
A851,2022-08-10,-26.0,-48.75,5,21.0,40.34688621131941,8.282044115107476,4.871609671544936,2.5356059093785066
A851,2022-08-11,-26.0,-48.75,5,9.0,9.769810772961563,4.481126420071208,2.180213155603478,2.008423587357079
A851,2022-08-12,-26.0,-48.75,5,7.5,5.757260925914181,3.6278278656144187,1.5869719124446706,2.067352773566554
A851,2022-08-13,-26.0,-48.75,5,7.5,8.586834581201966,3.6752271075534977,2.3364092421809537,2.04069021601023
A851,2022-08-14,-26.0,-48.75,5,6.5,4.929044562363651,2.3631322177287037,2.0858098947595676,2.7505866795076734
A851,2022-08-15,-26.0,-48.75,5,5.6,10.195055536661124,3.2327661803787198,3.153663137946701,1.7322626158332173
A851,2022-08-16,-26.0,-48.75,5,8.4,8.74713234237785,2.5354611600261054,3.4499177034476,3.3130067746387852
A851,2022-08-17,-26.0,-48.75,5,7.4,3.4895088789517232,3.9429273758995986,0.885004603503653,1.8767781636636545
A851,2022-08-18,-26.0,-48.75,5,9.8,10.090899015762085,4.482918966406419,2.2509661877406444,2.186075651475771
A851,2022-08-19,-26.0,-48.75,5,8.3,7.771106812420388,3.831602581256092,2.0281609711915456,2.1661954297147017
A851,2022-08-20,-26.0,-48.75,5,7.1,4.554288739753006,2.134348446393194,2.133807508070782,3.326542117337116
A851,2022-08-21,-26.0,-48.75,5,4.3,4.999580942473933,2.2132402745749147,2.2589417877072453,1.9428527708433636
A851,2022-08-22,-26.0,-48.75,5,6.4,4.048105013715881,2.865041073013657,1.412930883206429,2.233824869138095
A851,2022-08-23,-26.0,-48.75,5,6.5,3.993241216068691,2.5297851579066433,1.578490253841569,2.569388147323406
A851,2022-08-24,-26.0,-48.75,5,7.2,6.554286499326499,2.610559606351621,2.5106825691241044,2.7580293445443815
A851,2022-08-25,-26.0,-48.75,5,6.3,5.950740339082481,2.386155217303148,2.4938613783088495,2.640230591168462
A851,2022-08-26,-26.0,-48.75,5,5.4,5.6399280987899765,1.8091021395092142,3.117528842412411,2.9849060935083247
A851,2022-08-27,-26.0,-48.75,5,6.1,4.70784064249292,2.0307842583814533,2.318237706966025,3.003765651040517
A851,2022-08-28,-26.0,-48.75,5,9.8,7.557197832647638,3.5119314712747207,2.1518636950807624,2.790487251860558
A851,2022-08-29,-26.0,-48.75,5,10.8,6.769644263218446,3.1029018770284322,2.1817139347318184,3.4806128031166996
A851,2022-08-30,-26.0,-48.75,5,5.6,5.878432247592471,2.7064454883347717,2.172012062659118,2.06913459891837
A851,2022-08-31,-26.0,-48.75,5,7.1,9.048454623334603,3.3948510736288773,2.6653465577983035,2.0914024933678625
A851,2022-09-01,-26.0,-48.75,5,9.2,9.362318058497067,3.088989907728005,3.0308671566308814,2.9783198633907895
A851,2022-09-02,-26.0,-48.75,5,7.8,7.637898696076828,1.9366864354870041,3.9437972797884457,4.027497615037817
A851,2022-09-03,-26.0,-48.75,5,6.3,2.0154132544582786,2.705051886477758,0.7450553035722148,2.3289756590226505
A851,2022-09-04,-26.0,-48.75,5,7.0,6.199212959916765,2.4220624943901496,2.5594768814904847,2.8900988377521313
A851,2022-09-05,-26.0,-48.75,5,5.6,4.454197366689666,1.6060181448371083,2.7734414962923326,3.4868846395057287
A851,2022-09-06,-26.0,-48.75,5,7.6,6.614789747760043,3.180845461071515,2.0795696706157343,2.3893018673846
A851,2022-09-07,-26.0,-48.75,5,7.9,7.333617545026836,3.384092921833749,2.167085158244693,2.3344512643344326
A851,2022-09-08,-26.0,-48.75,5,5.3,7.82356555973368,2.057263632726199,3.802898877557186,2.5762376370677704
A851,2022-09-09,-26.0,-48.75,5,6.3,9.92298745595999,4.042594140488094,2.454608875171899,1.5584052667823218
A851,2022-09-10,-26.0,-48.75,5,9.6,6.019994438311615,2.89072868839404,2.082517969424538,3.320961956251014
A851,2022-09-11,-26.0,-48.75,5,4.0,5.41129226412396,2.332965507239522,2.319490900029149,1.7145559964720585
A851,2022-09-12,-26.0,-48.75,5,10.6,3.959462896533073,2.941035950922714,1.3462817056999388,3.6041721954042685
A851,2022-09-13,-26.0,-48.75,5,6.3,6.5544699723871425,2.9138731215005094,2.249401294800336,2.1620708031226124
A851,2022-09-14,-26.0,-48.75,5,5.3,4.218636097928199,2.5174875022982004,1.675732687481876,2.10527360916853
A851,2022-09-15,-26.0,-48.75,5,5.4,3.4214507775870673,2.73926535692893,1.2490395532264005,1.971331468979733
A851,2022-09-16,-26.0,-48.75,5,7.9,8.045577343628539,3.6056609638823907,2.231373782565922,2.1909991203093275
A851,2022-09-17,-26.0,-48.75,5,7.9,9.484575908104508,3.7098047771985656,2.556623994448226,2.129492109276336
A851,2022-09-18,-26.0,-48.75,5,7.7,8.768416032084414,3.7368507408599427,2.3464721071697348,2.060558618465997
A851,2022-09-19,-26.0,-48.75,5,6.0,10.549864025737959,3.2070700601571223,3.289564564492581,1.870866519113725
A851,2022-09-20,-26.0,-48.75,5,8.9,7.837014389296819,3.9580130654701824,1.980037523793732,2.248602986595434
A851,2022-09-21,-26.0,-48.75,5,4.3,4.734921999680749,2.201186860677908,2.1510768050934654,1.9534915807537176
A851,2022-09-22,-26.0,-48.75,5,8.4,6.501239760161619,2.3569191991905045,2.758363444276962,3.563974532043789
A851,2022-09-23,-26.0,-48.75,5,15.0,14.693849079883348,4.126785322214586,3.5606041828214328,3.6347904794694883
A851,2022-09-24,-26.0,-48.75,5,8.1,9.338818008090454,2.5941505963433706,3.5999521466695668,3.1224093201903904
A851,2022-09-25,-26.0,-48.75,5,5.4,4.251824920022134,1.8393954858004078,2.3115338451382383,2.935747120011119
A851,2022-09-26,-26.0,-48.75,5,9.3,7.471223173907977,3.5600975165556523,2.098600709436827,2.612287994009116
A851,2022-09-27,-26.0,-48.75,5,6.0,8.198583323109343,2.7178078174044256,3.0166162855985874,2.207661616681252
A851,2022-09-28,-26.0,-48.75,5,9.2,7.752285230608503,4.480271605820491,1.7303159077537207,2.05344693568308
A851,2022-09-29,-26.0,-48.75,5,6.7,5.702870658144118,3.618477194572144,1.5760416195792653,1.851607634849892
A851,2022-09-30,-26.0,-48.75,5,6.8,4.7342686567559475,2.5376296946052044,1.8656262837799464,2.6796659947888575
A851,2022-10-01,-26.0,-48.75,5,4.7,2.6854768188652,2.1318595649997465,1.2596874873723305,2.2046480345906647
A851,2022-10-02,-26.0,-48.75,5,7.0,5.661368512252165,2.9321386374042904,1.9307983735939434,2.3873359570053725
A851,2022-10-03,-26.0,-48.75,5,4.1,6.54719755724859,2.527149337090968,2.5907442275592416,1.6223813685342232
A851,2022-10-04,-26.0,-48.75,5,5.3,3.7343568139557886,2.2436228027931064,1.6644316546020363,2.362250906614954
A851,2022-10-05,-26.0,-48.75,5,5.5,5.770586469877581,2.2184177746208493,2.601217198984909,2.4792444700547924
A851,2022-10-06,-26.0,-48.75,5,9.4,7.181938264357661,3.6322242630054733,1.977283819588548,2.5879459304701626
A851,2022-10-07,-26.0,-48.75,5,12.1,13.15524891827464,4.3824063768097075,3.0018322782405598,2.7610401591302276
A851,2022-10-08,-26.0,-48.75,5,9.9,6.541763573918163,3.9413749393607924,1.6597668769313023,2.51181380921998
A851,2022-10-09,-26.0,-48.75,5,12.5,7.541447283632088,4.781422253565723,1.5772393408693595,2.6142849004139266
A851,2022-10-10,-26.0,-48.75,5,7.7,4.588749014525564,2.890112828376533,1.587740440259285,2.664255846483797
A851,2022-10-11,-26.0,-48.75,5,4.8,4.093023479507523,2.1471620069087813,1.9062480922900422,2.2355090042369214
A851,2022-10-12,-26.0,-48.75,5,5.6,7.030189803245553,2.5540610637759062,2.752553532471995,2.192586574935291
A851,2022-10-13,-26.0,-48.75,5,6.2,5.997470498204023,2.431681478015478,2.4663881978073148,2.5496760394210383
A851,2022-10-14,-26.0,-48.75,5,8.5,4.814742058221282,4.061423032886911,1.185481546550176,2.0928625093156303
A851,2022-10-15,-26.0,-48.75,5,7.9,6.444502245543884,4.22372541174509,1.5257862709596097,1.8703867391644682
A851,2022-10-16,-26.0,-48.75,5,6.9,5.073888906237057,2.2007861110866656,2.3054893343232528,3.1352433411137075
A851,2022-10-17,-26.0,-48.75,5,6.3,7.543849340139508,3.669718147584705,2.0557026552855664,1.7167530983670953
A851,2022-10-18,-26.0,-48.75,5,3.2,4.710952928684848,2.1907511208797468,2.1503825257855196,1.4606862319965246
A851,2022-10-19,-26.0,-48.75,5,5.0,2.6800178657962395,2.4494567969113423,1.0941274282427127,2.0412689075817876
A851,2022-10-20,-26.0,-48.75,5,5.8,7.866813935765195,3.722887513966906,2.1130947164672045,1.5579304983673374
A851,2022-10-21,-26.0,-48.75,5,9.2,11.821544028251628,2.9238290042977804,4.043172159136175,3.1465588399584177
A851,2022-10-22,-26.0,-48.75,5,8.2,5.726391811671771,3.137209149853477,1.8253140094084008,2.613788118137734
A851,2022-10-23,-26.0,-48.75,5,8.3,4.178817445642775,3.357968002609868,1.2444482622809179,2.471732903216798
A851,2022-10-24,-26.0,-48.75,5,8.1,6.926770203576862,3.6103124342973447,1.9186068601082116,2.243573138726554
A851,2022-10-25,-26.0,-48.75,5,8.5,4.871141678526128,2.9446185421184854,1.6542521922114974,2.8866217740667808
A851,2022-10-26,-26.0,-48.75,5,10.2,11.149217986339094,4.043030186084995,2.757639066043003,2.5228602138825504
A851,2022-10-27,-26.0,-48.75,5,7.6,8.136818367621993,2.675872189349535,3.0408097965246736,2.840195443657362
A851,2022-10-28,-26.0,-48.75,5,7.6,5.9950128927738096,2.292032128155888,2.615588507303014,3.3158348465711827
A851,2022-10-29,-26.0,-48.75,5,13.5,5.140512286142745,2.4348933757348417,2.111185786355576,5.544390622823782
A851,2022-10-30,-26.0,-48.75,5,6.7,9.146398273193626,2.6941489040767594,3.3949119365130063,2.486870710769411
A851,2022-10-31,-26.0,-48.75,5,11.5,8.888553999602973,4.169833889519882,2.1316326345619507,2.757903625106783
A851,2022-11-01,-26.0,-48.75,5,12.5,9.859566576216984,4.36938585779164,2.2565108454853133,2.8608139465892144
A851,2022-11-02,-26.0,-48.75,5,8.8,8.256871388318434,4.387426155670257,1.881939682938561,2.005731763400049
A851,2022-11-03,-26.0,-48.75,5,8.7,7.839595149666856,3.5517312625548745,2.2072602261094447,2.449509649483393
A851,2022-11-04,-26.0,-48.75,5,9.9,8.981953332196653,2.908387981109339,3.0882926867173652,3.4039475009190037
A851,2022-11-05,-26.0,-48.75,5,9.5,7.02209957261118,3.2069812183348536,2.1896291541916897,2.9622873828156195
A851,2022-11-06,-26.0,-48.75,5,9.2,8.258500683647847,3.790633552441183,2.1786597331016972,2.4270349198157555
A851,2022-11-07,-26.0,-48.75,5,9.0,11.040702673606464,3.858457944592628,2.8614287967241614,2.332538057752554
A851,2022-11-08,-26.0,-48.75,5,14.0,8.994464059829692,2.821882769246828,3.187398200184748,4.961226650721801
A851,2022-11-09,-26.0,-48.75,5,7.8,7.135986487246245,2.599990823950832,2.7446198738512133,3.0000105877864067
A851,2022-11-10,-26.0,-48.75,5,8.0,8.899303619258001,3.3083571185928373,2.6899464901307852,2.4181186350893964
A851,2022-11-11,-26.0,-48.75,5,3.6,8.939323907896105,2.7669860191145865,3.230708014475844,1.3010546403671281
A851,2022-11-12,-26.0,-48.75,5,7.9,10.16181076514649,2.8916153378433886,3.5142332495460216,2.732036967922553
A851,2022-11-13,-26.0,-48.75,5,8.0,10.73650911300797,3.6109305391985806,2.973335819245878,2.215495400189986
A851,2022-11-14,-26.0,-48.75,5,8.6,8.80734713322011,2.238069876591904,3.9352422483929743,3.8425967347793173
A851,2022-11-15,-26.0,-48.75,5,10.6,12.63569311860492,3.245695345893726,3.8930619704005487,3.265864127824114
A851,2022-11-16,-26.0,-48.75,5,8.5,8.41463647650246,3.3203290550786915,2.5342778793660963,2.559987235903205
A851,2022-11-17,-26.0,-48.75,5,7.2,9.587787679227011,2.8286543271820213,3.389522568061052,2.5453799465036884
A851,2022-11-18,-26.0,-48.75,5,8.6,9.450504487730948,3.393084975777949,2.7852248190643043,2.5345666440399817
A851,2022-11-19,-26.0,-48.75,5,8.8,12.053938830628347,3.867105933043236,3.1170438667405334,2.2756035527257463
A851,2022-11-20,-26.0,-48.75,5,9.3,8.935830112755188,3.3008443194703823,2.707134674618321,2.8174609584411354
A851,2022-11-21,-26.0,-48.75,5,7.6,9.289303580211923,3.2818683422687314,2.830492454730922,2.3157540788934194
A851,2022-11-22,-26.0,-48.75,5,5.9,6.6786993999395525,1.6892323074709996,3.9536891228053967,3.4927108449832263
A851,2022-11-23,-26.0,-48.75,5,8.0,10.558468011596956,3.391379359849008,3.113325550246624,2.3589221821401245
A851,2022-11-24,-26.0,-48.75,5,6.1,8.278703741578983,3.8313108715183364,2.1608018819674006,1.5921443611759412
A851,2022-11-25,-26.0,-48.75,5,10.8,10.280713152817697,4.549838013218871,2.2595778405623737,2.373710881271426
A851,2022-11-26,-26.0,-48.75,5,8.5,8.972963387403368,5.575529326213876,1.6093473574277757,1.5245189295366899
A851,2022-11-27,-26.0,-48.75,5,9.4,14.29297160072071,4.99795101613945,2.8597662431195614,1.8807707337757802
A851,2022-11-28,-26.0,-48.75,5,9.9,12.365875323691952,5.442911175343876,2.27192304362944,1.8188795813619962
A851,2022-11-29,-26.0,-48.75,5,9.6,9.389390852527209,4.374626480941827,2.1463297251622127,2.194473069146051
A851,2022-11-30,-26.0,-48.75,5,8.7,9.916745287206705,3.5788981468675307,2.7708934091590294,2.4309157855231973
A851,2022-12-01,-26.0,-48.75,5,7.6,5.620975884584119,2.2747469062087733,2.471033533111764,3.34103103042202
A851,2022-12-02,-26.0,-48.75,5,6.3,6.990489266978765,2.1133914220723216,3.3077115739043372,2.9809906173568304
A851,2022-12-03,-26.0,-48.75,5,5.7,6.697896686890438,2.201644844320034,3.0422239554986206,2.5889734280736887
A851,2022-12-04,-26.0,-48.75,5,6.3,6.208458916619875,1.9791483759884518,3.136934548183719,3.1831873124992827
A851,2022-12-05,-26.0,-48.75,5,6.8,7.4830543447436275,2.4298289261109036,3.079663043077166,2.798550929626076
A851,2022-12-06,-26.0,-48.75,5,6.8,5.273020163382915,2.9423748577914375,1.792096662809603,2.3110583554619266
A851,2022-12-07,-26.0,-48.75,5,6.0,7.905145564317262,3.160186413342797,2.5014807768745895,1.8986221745233351
A851,2022-12-08,-26.0,-48.75,5,8.4,5.791002160314484,2.963530223425721,1.954089117950793,2.8344573419905736
A851,2022-12-09,-26.0,-48.75,5,7.6,8.739779902965696,2.7342820401227845,3.196371030756297,2.779523066193536
A851,2022-12-10,-26.0,-48.75,5,7.6,6.940501441557735,2.9286397634423382,2.369872023249399,2.595061398424407
A851,2022-12-11,-26.0,-48.75,5,7.0,6.648756001382852,2.702875789287499,2.4598821846473085,2.5898341417476898
A851,2022-12-12,-26.0,-48.75,5,7.6,7.655773778384913,1.8875785368826796,4.0558703274028325,4.026322535194396
A851,2022-12-13,-26.0,-48.75,5,8.9,12.16034751320564,4.311535572718588,2.820421473535025,2.0642297506055853
A851,2022-12-14,-26.0,-48.75,5,6.6,8.329612167664171,2.641876080795489,3.152915546726197,2.4982246699522292
A851,2022-12-15,-26.0,-48.75,5,8.9,8.838378605792993,3.011553743279088,2.934823469618526,2.9552851314250033
A851,2022-12-16,-26.0,-48.75,5,8.7,9.940677734171892,3.470794059801059,2.8640932198500066,2.5066310043467896
A851,2022-12-17,-26.0,-48.75,5,4.7,5.441275603581198,3.1191073234421993,1.7444977166019058,1.5068413852503004
A851,2022-12-18,-26.0,-48.75,5,7.9,7.100191245467004,3.1936366256170996,2.223230779768205,2.4736690256592673
A851,2022-12-19,-26.0,-48.75,5,8.4,4.9805668464351855,2.4988745442021845,1.9931240077621946,3.361513293850399
A851,2022-12-20,-26.0,-48.75,5,6.2,10.494306868521493,4.61740185069913,2.2727731325642644,1.3427464622905294
A851,2022-12-21,-26.0,-48.75,5,8.8,8.694480401960513,4.034720468854724,2.1549151841065424,2.1810680734712524
A851,2022-12-22,-26.0,-48.75,5,7.9,6.767778685042814,3.5317770284900245,1.9162531016110917,2.2368343007705573
A851,2022-12-23,-26.0,-48.75,5,8.9,8.826757342566317,3.304973674484885,2.670749667602741,2.692911011276711
A851,2022-12-24,-26.0,-48.75,5,8.3,7.676883124329438,2.9779979975580906,2.577867121006917,2.787107313975988
A851,2022-12-25,-26.0,-48.75,5,5.6,7.7098693030412235,2.7245582945369695,2.82976852376414,2.055379035650879
A851,2022-12-26,-26.0,-48.75,5,5.7,6.4947487407265125,2.184301217485459,2.973375965153372,2.6095302032389887
A851,2022-12-27,-26.0,-48.75,5,7.3,7.88523284330256,3.214115308454159,2.45331361403303,2.271231520785408
A851,2022-12-28,-26.0,-48.75,5,16.4,7.262767013406092,2.9165031236557777,2.490231179420909,5.62317244476081
A851,2022-12-29,-26.0,-48.75,5,8.9,8.190689971834907,3.6624784523311558,2.2363790199561606,2.430048426451541
A851,2022-12-30,-26.0,-48.75,5,7.8,9.82537410436069,3.427477937395481,2.866648388064295,2.275725808443036
A851,2022-12-31,-26.0,-48.75,5,8.0,8.358206765156693,2.523091292197024,3.312685034824342,3.1707136498552404
A861,2021-01-01,-27.0,-50.25,5,6.9,7.082065116940501,3.1750569100003925,2.230531709411037,2.173189393319929
A861,2021-01-02,-27.0,-50.25,5,5.8,7.801562721091251,3.069657684107598,2.541509029323346,1.889461495992886
A861,2021-01-03,-27.0,-50.25,5,8.4,7.887341940531311,3.988619334144335,1.9774616928249324,2.105991897520104
A861,2021-01-04,-27.0,-50.25,5,7.4,9.376114462955362,3.4167331931693212,2.744175190998215,2.165811487649654
A861,2021-01-05,-27.0,-50.25,5,10.3,10.176993343966128,2.1026189783241835,4.8401509968664564,4.89865263568069
A861,2021-01-06,-27.0,-50.25,5,8.1,5.409460609993,3.6933874388467745,1.4646339436520242,2.1931086662625217
A861,2021-01-07,-27.0,-50.25,5,11.7,9.493707807209988,3.481721492582735,2.7267280933971465,3.3604066335934757
A861,2021-01-08,-27.0,-50.25,5,12.4,6.640375331696398,2.293444853139783,2.8953717036647117,5.406713827465305
A861,2021-01-09,-27.0,-50.25,5,7.7,7.772207480571976,2.4428706223931353,3.181587845596999,3.1520293909207386
A861,2021-01-10,-27.0,-50.25,5,5.6,9.55624329357187,2.42232843834198,3.9450650631476165,2.3118252303692772
A861,2021-01-11,-27.0,-50.25,5,7.1,8.812446784859814,2.9165841770445864,3.0214957806531006,2.434354563081572
A861,2021-01-12,-27.0,-50.25,5,7.1,7.525834708615007,2.1189715134476432,3.551645060282194,3.350682137509269
A861,2021-01-13,-27.0,-50.25,5,8.9,4.550680006634939,3.5987070434722264,1.2645319420733392,2.4731104511949384
A861,2021-01-14,-27.0,-50.25,5,8.9,6.18286601558985,3.735771429144442,1.655043980302038,2.3823727358068743
A861,2021-01-15,-27.0,-50.25,5,8.2,9.230930907380236,4.069992653399675,2.268046085947997,2.0147456514818325
A861,2021-01-16,-27.0,-50.25,5,4.7,8.633937050307146,3.346903693633693,2.5796789631951986,1.404283012068766
A861,2021-01-17,-27.0,-50.25,5,10.8,14.144360361498748,3.8919203050057334,3.6342882826522604,2.774979741005794
A861,2021-01-18,-27.0,-50.25,5,6.6,7.227736703752118,3.0075864859448997,2.4031683669044566,2.1944506104290675
A861,2021-01-19,-27.0,-50.25,5,5.2,7.086935259701843,3.382659624294045,2.0950778519966735,1.5372519193636665
A861,2021-01-20,-27.0,-50.25,5,3.8,5.892120883135538,3.148491486407176,1.8714107719754987,1.2069271955809786
A861,2021-01-21,-27.0,-50.25,5,6.4,5.422497207609509,3.4456001930535916,1.5737453284746694,1.857441270436003
A861,2021-01-22,-27.0,-50.25,5,5.0,4.226426995353901,2.6466986808717476,1.5968674582789437,1.88914591454481
A861,2021-01-23,-27.0,-50.25,5,4.0,5.722333766062997,2.262880405931892,2.5287831168905472,1.7676585954407664
A861,2021-01-24,-27.0,-50.25,5,6.9,3.9592964030122215,1.901002075250355,2.082741757391715,3.629664633107408
A861,2021-01-25,-27.0,-50.25,5,10.8,3.7822737911292315,1.8994417568531539,1.9912554714999033,5.685881107453694
A861,2021-01-26,-27.0,-50.25,5,5.9,5.817385605326411,3.1462313068473695,1.8490012456063278,1.8752594531620754
A861,2021-01-27,-27.0,-50.25,5,15.3,6.72119241786935,5.307720288277231,1.2663049393755639,2.8825934994713225
A861,2021-01-28,-27.0,-50.25,5,7.0,4.76634097732666,2.674257949049509,1.7823041262794876,2.6175485436952544
A861,2021-01-29,-27.0,-50.25,5,8.6,13.304195163380584,4.195364564223155,3.1711654517070764,2.0498814509085315
A861,2021-01-30,-27.0,-50.25,5,6.6,9.31521861468312,2.579389304493478,3.6114046834478817,2.5587451993005996
A861,2021-01-31,-27.0,-50.25,5,14.9,7.174031431756596,4.318689278097098,1.6611594328262531,3.450120867821554
A861,2021-02-01,-27.0,-50.25,5,4.2,9.66130923978327,2.020781335920096,4.78097707458502,2.0784039942093333
A861,2021-02-02,-27.0,-50.25,5,8.8,4.790901927943633,1.3761617165038151,3.481350970956436,6.394597302384414
A861,2021-02-03,-27.0,-50.25,5,8.0,6.221095233910213,2.681565256928108,2.319949222879195,2.983332208429816
A861,2021-02-04,-27.0,-50.25,5,14.1,6.948523600932916,5.279946065370084,1.316021700772028,2.6704818241380455
A861,2021-02-05,-27.0,-50.25,5,10.5,13.393710260028158,4.833527527158853,2.77100113421739,2.172326513297401
A861,2021-02-06,-27.0,-50.25,5,7.4,7.311981756053308,2.8969049124735173,2.5240668841318596,2.5544504302288344
A861,2021-02-07,-27.0,-50.25,5,4.8,7.435150638519365,2.449928516279386,3.0348439103892093,1.9592408382957962
A861,2021-02-08,-27.0,-50.25,5,6.1,7.502307457053708,2.885385257331443,2.600105978219435,2.11410243554152
A861,2021-02-09,-27.0,-50.25,5,6.3,8.25154197455222,2.973081686479004,2.7754171747377896,2.1190134225545068
A861,2021-02-10,-27.0,-50.25,5,5.7,8.221777546282855,2.8193733255300883,2.916171998873908,2.0217258737554054
A861,2021-02-11,-27.0,-50.25,5,11.1,3.8918232781767377,3.2558439910656234,1.1953346932028401,3.4092542610946843
A861,2021-02-12,-27.0,-50.25,5,6.0,3.067553515981499,2.457813317383026,1.2480823886362933,2.441194356611487
A861,2021-02-13,-27.0,-50.25,5,6.2,4.783160171293075,1.6723745741776141,2.8601009876302275,3.707303432933877
A861,2021-02-14,-27.0,-50.25,5,12.8,5.855592124833689,2.4501153363953754,2.38992509366864,5.224243858997854
A861,2021-02-15,-27.0,-50.25,5,7.8,9.944649209892418,3.8082478657492507,2.6113450490796417,2.048186009674398
A861,2021-02-16,-27.0,-50.25,5,9.2,8.716885453575362,4.0707827123302955,2.141329093093606,2.260007632471622
A861,2021-02-17,-27.0,-50.25,5,10.0,11.492643587349622,3.6483168007994884,3.150122156286191,2.7409900362294772
A861,2021-02-18,-27.0,-50.25,5,10.3,8.08903301857984,3.4610980830278026,2.3371290915579817,2.9759341552636553
A861,2021-02-19,-27.0,-50.25,5,5.2,7.482980255694461,2.6767512488919674,2.7955456297226036,1.9426534318990318
A861,2021-02-20,-27.0,-50.25,5,5.3,7.964666247197694,2.5807173133997545,3.0862218832892228,2.0536925809274122
A861,2021-02-21,-27.0,-50.25,5,5.6,8.864108986081575,2.712158975275726,3.2682851805102704,2.064775719657321
A861,2021-02-22,-27.0,-50.25,5,8.4,7.410579494666311,3.1948106697100718,2.3195676554250455,2.629263786940557
A861,2021-02-23,-27.0,-50.25,5,10.1,3.972404373332073,1.6059159012349913,2.4736067251573948,6.289245901502586
A861,2021-02-24,-27.0,-50.25,5,7.6,4.997139490274703,2.3929919940269957,2.088239117701925,3.175940420598943
A861,2021-02-25,-27.0,-50.25,5,10.6,9.519347472558234,4.047026768530171,2.352182977039102,2.619206792113655
A861,2021-02-26,-27.0,-50.25,5,9.2,5.22782148968675,4.057327971956066,1.288488760539213,2.2675021747292012
A861,2021-02-27,-27.0,-50.25,5,11.3,9.231035187418847,4.228916573016363,2.1828369105977936,2.672079196856806
A861,2021-02-28,-27.0,-50.25,5,11.3,7.723913207637031,3.717115691018989,2.0779318831261993,3.0399914716946257
A861,2021-03-01,-27.0,-50.25,5,7.8,8.252908000273607,3.605693267732968,2.288854704899098,2.1632455732720013
A861,2021-03-02,-27.0,-50.25,5,3.6,5.218644766701631,2.555507910642183,2.0421164594987378,1.4087219159088193
A861,2021-03-03,-27.0,-50.25,5,11.2,5.059990582864158,2.0517327635873297,2.46620352936075,5.458800580060672
A861,2021-03-04,-27.0,-50.25,5,6.2,3.0777608546429356,1.9044334465351591,1.6161031304309823,3.255561390858789
A861,2021-03-05,-27.0,-50.25,5,10.0,2.6773845584601164,3.662600926438583,0.7310063564756247,2.7303001885394425
A861,2021-03-06,-27.0,-50.25,5,6.4,7.4380582789064835,2.482143781245356,2.996626680173465,2.5784163062419188
A861,2021-03-07,-27.0,-50.25,5,5.3,6.597436071532422,2.5408135661542843,2.5965840860642704,2.0859460412996595
A861,2021-03-08,-27.0,-50.25,5,6.1,5.0785648200328675,2.186156777549006,2.3230560919453653,2.790284787735567
A861,2021-03-09,-27.0,-50.25,5,8.5,7.11689696411195,2.986994140511979,2.3826283646114197,2.845670128614004
A861,2021-03-10,-27.0,-50.25,5,5.8,7.532019620697293,2.0467897352016164,3.6799186018760057,2.8337058273495193
A861,2021-03-11,-27.0,-50.25,5,6.2,3.226551222974829,1.4683369344361212,2.1974188262273104,4.222464105202773
A861,2021-03-12,-27.0,-50.25,5,7.1,4.57975818400621,2.4126298447630945,1.8982431946397125,2.9428467924374764
A861,2021-03-13,-27.0,-50.25,5,7.4,6.734042865780976,2.8324798867427385,2.377437134611011,2.6125516493992706
A861,2021-03-14,-27.0,-50.25,5,19.5,6.494455765637608,2.57803601545779,2.519148579266208,7.5638974331928885
A861,2021-03-15,-27.0,-50.25,5,5.0,10.006945779454428,2.7600655988742617,3.6256188199062827,1.811551146479755
A861,2021-03-16,-27.0,-50.25,5,6.2,8.927523151131005,2.7615698198591305,3.2327711169679585,2.2450998542257627
A861,2021-03-17,-27.0,-50.25,5,14.0,6.533218606163762,3.5243936354715584,1.8537142220464904,3.9723145164875495
A861,2021-03-18,-27.0,-50.25,5,5.2,11.611197444917403,3.1591750895925137,3.67538902264992,1.6459993044167496
A861,2021-03-19,-27.0,-50.25,5,5.1,9.34958661567787,3.5283048360779734,2.649880622579871,1.4454533372091245
A861,2021-03-20,-27.0,-50.25,5,5.9,8.160737629707342,3.5607375169383064,2.2918672300013667,1.6569601022074507
A861,2021-03-21,-27.0,-50.25,5,5.6,6.376659100266572,2.5832504943120327,2.4684633233622177,2.1678114500821506
A861,2021-03-22,-27.0,-50.25,5,16.5,7.9590033658356045,2.0109947844555944,3.9577444095610734,8.204894476872942
A861,2021-03-23,-27.0,-50.25,5,11.4,6.7789006168392305,1.6734670955759448,4.050812014625353,6.812204452742195
A861,2021-03-24,-27.0,-50.25,5,3.4,2.674485289639456,1.73988104079271,1.5371656032420065,1.9541565890337653
A861,2021-03-25,-27.0,-50.25,5,10.9,2.6392846412630555,2.798369656979591,0.9431508216508311,3.8951251393158945
A861,2021-03-26,-27.0,-50.25,5,12.8,2.8667567622529377,1.916482237675138,1.495843116047121,6.678903539188305
A861,2021-03-27,-27.0,-50.25,5,7.9,3.510332663984968,2.8247055245760606,1.2427251738079168,2.796751707838874
A861,2021-03-28,-27.0,-50.25,5,9.8,4.036818427934754,3.180985328889363,1.2690465407912472,3.080806412716672
A861,2021-03-29,-27.0,-50.25,5,4.7,4.736310904463589,3.5360745250309003,1.3394262114490363,1.329157506927524
A861,2021-03-30,-27.0,-50.25,5,10.1,9.539386175749085,4.74548507133528,2.010202546705073,2.1283387995482768
A861,2021-03-31,-27.0,-50.25,5,7.8,12.42761606013906,3.287927142537054,3.7797723372147396,2.3723153408993447
A861,2021-04-01,-27.0,-50.25,5,5.3,4.8390819637838085,2.8131194656449554,1.720183597917114,1.8840294785649585
A861,2021-04-02,-27.0,-50.25,5,5.5,6.629948602506413,2.4503534830129157,2.705711093713032,2.2445741147670204
A861,2021-04-03,-27.0,-50.25,5,5.6,4.4754455893374585,2.7930511837578447,1.6023500089662073,2.0049757886877004
A861,2021-04-04,-27.0,-50.25,5,5.7,5.720444383619799,2.8131361945900513,2.033475803489642,2.0262083332338063
A861,2021-04-05,-27.0,-50.25,5,5.1,4.250977310444443,2.6781438661181216,1.587284896911117,1.904303971314385
A861,2021-04-06,-27.0,-50.25,5,6.2,3.4488788908980954,2.6588786888978553,1.2971178058250212,2.331810031758159
A861,2021-04-07,-27.0,-50.25,5,6.4,5.70527278345505,3.9375799315304287,1.448928753869783,1.62536383039531
A861,2021-04-08,-27.0,-50.25,5,6.4,5.771739941299487,3.975314432805639,1.4518951994511775,1.6099355430063687
A861,2021-04-09,-27.0,-50.25,5,7.2,5.882177583149673,3.1464160276723407,1.8694850049760257,2.2883178628245244
A861,2021-04-10,-27.0,-50.25,5,4.9,5.584144991155582,1.9592248818550995,2.850180723444168,2.5009890622460946
A861,2021-04-11,-27.0,-50.25,5,7.4,6.28196138406046,3.2970083601883755,1.9053519729933406,2.244458973582099
A861,2021-04-12,-27.0,-50.25,5,7.1,8.73748546789308,3.0376619248795604,2.8763850895749403,2.3373239601972844
A861,2021-04-13,-27.0,-50.25,5,5.2,6.200050716809425,2.9637318620315036,2.0919742424200183,1.7545446896250716
A861,2021-04-14,-27.0,-50.25,5,4.8,4.480642668562827,2.442286366371994,1.8346098681371272,1.9653714920950813
A861,2021-04-15,-27.0,-50.25,5,6.5,3.8641338210434544,2.7440991344234,1.408161160276522,2.368719088337821
A861,2021-04-16,-27.0,-50.25,5,5.9,3.468112761161415,2.1088007905901938,1.644590032703273,2.797798647613726
A861,2021-04-17,-27.0,-50.25,5,4.4,3.1735129694499338,2.3327593410617427,1.3604116436655342,1.8861782793236461
A861,2021-04-18,-27.0,-50.25,5,7.4,4.606160276278517,2.0913979549429595,2.2024312806618123,3.5383031634463977
A861,2021-04-19,-27.0,-50.25,5,6.1,5.53104563514548,2.2355216067037755,2.4741633534470187,2.7286696678339455
A861,2021-04-20,-27.0,-50.25,5,5.3,6.022536487352273,2.4554743854789987,2.4526977446671405,2.158442389520634
A861,2021-04-21,-27.0,-50.25,5,6.4,5.5659065751340675,3.4014554991485184,1.636330852050651,1.881547473310206
A861,2021-04-22,-27.0,-50.25,5,5.6,5.249158067184618,2.919505779296184,1.797961183844634,1.9181328701976443
A861,2021-04-23,-27.0,-50.25,5,3.7,6.529700726369265,2.2538735153975535,2.8971016704180546,1.64161829611249
A861,2021-04-24,-27.0,-50.25,5,5.7,5.497596403065434,1.9164585224779525,2.8686226905433485,2.9742360364940144
A861,2021-04-25,-27.0,-50.25,5,8.2,5.432520748011462,3.3858010297186434,1.6045008848210134,2.421878878299417
A861,2021-04-26,-27.0,-50.25,5,8.5,8.190138120367013,3.432501640925463,2.38605512163974,2.4763280222957884
A861,2021-04-27,-27.0,-50.25,5,5.1,4.578507105575062,2.1219158982106947,2.1577231733999858,2.4034882835368614
A861,2021-04-28,-27.0,-50.25,5,4.8,3.3972547038327336,1.831079861340725,1.8553285280223923,2.621403960221275
A861,2021-04-29,-27.0,-50.25,5,5.1,6.346759935449743,2.7076224656656565,2.3440343016541716,1.8835713119798585
A861,2021-04-30,-27.0,-50.25,5,6.1,5.853848913234325,2.7142761821132764,2.1566887525338876,2.2473763135078877
A861,2021-05-01,-27.0,-50.25,5,6.5,4.145486494133195,2.5028024579543704,1.656337870756867,2.5970887072376785
A861,2021-05-02,-27.0,-50.25,5,5.6,3.203576441279742,1.6565868615981418,1.9338415120527932,3.380444533163549
A861,2021-05-03,-27.0,-50.25,5,3.1,4.478667503818696,1.9782903052005194,2.2639081291786134,1.5670096506315256
A861,2021-05-04,-27.0,-50.25,5,4.3,2.9081216986116543,1.7112223098135653,1.699441201727021,2.5128237139851675
A861,2021-05-05,-27.0,-50.25,5,6.7,5.662392992810694,2.7943276429074886,2.0263883539866474,2.3977145332279908
A861,2021-05-06,-27.0,-50.25,5,7.8,4.627779370237644,3.973878714964232,1.1645497263947822,1.9628178310092703
A861,2021-05-07,-27.0,-50.25,5,6.0,6.001230220026371,3.662234225274779,1.638680065466347,1.6383441448368359
A861,2021-05-08,-27.0,-50.25,5,5.4,4.7292417696430205,2.7107999916889334,1.7445926605217819,1.9920318786173492
A861,2021-05-09,-27.0,-50.25,5,3.2,4.18315444103774,2.247986550820515,1.8608449590193894,1.4234960608781224
A861,2021-05-10,-27.0,-50.25,5,7.4,5.556205770467322,2.4399997712980053,2.2771337259230933,3.032787169510031
A861,2021-05-11,-27.0,-50.25,5,5.5,4.273814598896805,1.9690619441642372,2.170482554682054,2.7932082158717764
A861,2021-05-12,-27.0,-50.25,5,5.6,5.075769879746735,2.470007432698653,2.0549613788818064,2.2671996552988563
A861,2021-05-13,-27.0,-50.25,5,5.8,3.1546663746119434,2.113912139687509,1.492335615745262,2.7437280344382664
A861,2021-05-14,-27.0,-50.25,5,6.8,3.86677179483722,1.8816437782129916,2.054996721276073,3.613861496386952
A861,2021-05-15,-27.0,-50.25,5,3.5,2.8357009486092255,1.52876382096362,1.8548979964883054,2.289431468749606
A861,2021-05-16,-27.0,-50.25,5,8.0,4.279142527915387,1.4355161580056197,2.980908646727079,5.572908361487549
A861,2021-05-17,-27.0,-50.25,5,9.1,7.982745524414787,4.077393729003767,1.9578059061677169,2.2318178240352102
A861,2021-05-18,-27.0,-50.25,5,6.6,6.55926452879981,2.5699464797701768,2.5522961588625717,2.5681468668523477
A861,2021-05-19,-27.0,-50.25,5,5.0,3.4326879583504133,1.988546134660217,1.7262299820551847,2.5143997983503414
A861,2021-05-20,-27.0,-50.25,5,4.1,4.79252208494793,2.015068683961632,2.3783418019904987,2.0346700996510876
A861,2021-05-21,-27.0,-50.25,5,5.2,4.0719297456470125,2.3135406792512856,1.7600424242225912,2.2476371591974074
A861,2021-05-22,-27.0,-50.25,5,9.3,4.955685858941236,3.670603786516785,1.3501010044028556,2.533643111839435
A861,2021-05-23,-27.0,-50.25,5,13.1,15.744579348080306,6.004285442252098,2.6222236600022133,2.181775021523032
A861,2021-05-24,-27.0,-50.25,5,12.3,13.443781585419591,6.103964417112959,2.202467227320143,2.0150838306848504
A861,2021-05-25,-27.0,-50.25,5,3.7,4.1837657215227395,2.959628644447184,1.4136117142170066,1.250156842123383
A861,2021-05-26,-27.0,-50.25,5,5.1,3.6516817566275903,2.1030424944848014,1.7363803946920107,2.425057987831761
A861,2021-05-27,-27.0,-50.25,5,5.4,4.7354969986712,2.628426788716734,1.801646908713479,2.0544608749161397
A861,2021-05-28,-27.0,-50.25,5,9.9,2.3354984191318695,2.6408329392366103,0.8843794639304202,3.7488172208507096
A861,2021-05-29,-27.0,-50.25,5,9.7,9.54273897983252,5.845716489210379,1.6324327389885998,1.659334662894376
A861,2021-05-30,-27.0,-50.25,5,7.4,2.5343479340237667,2.845755727965107,0.8905711439386204,2.6003637372247206
A861,2021-05-31,-27.0,-50.25,5,3.5,2.4312646439756014,1.602363294708803,1.5172992616617784,2.184273698453667
A861,2021-06-01,-27.0,-50.25,5,7.4,2.5692309046386104,1.8852859239692537,1.3627805055847386,3.925134063707508
A861,2021-06-02,-27.0,-50.25,5,4.4,3.5556358258869105,3.099385337343711,1.1472067648530024,1.419636321752417
A861,2021-06-03,-27.0,-50.25,5,5.3,1.8792641333769247,2.6046189830930433,0.721512108133857,2.0348465685012136
A861,2021-06-04,-27.0,-50.25,5,6.6,1.9985701836824517,2.5378587385972686,0.7875025324644768,2.6006175598441574
A861,2021-06-05,-27.0,-50.25,5,7.0,3.8048961062666367,2.7031778127308415,1.4075641226215905,2.5895447820831157
A861,2021-06-06,-27.0,-50.25,5,6.3,3.8087638067530643,2.6066213733593,1.4611879752388033,2.4169217917064936
A861,2021-06-07,-27.0,-50.25,5,5.1,4.615330427147891,3.5237310138545292,1.309785113847066,1.4473295435854583
A861,2021-06-08,-27.0,-50.25,5,6.7,3.5770786050650383,3.3736642130124355,1.060294794979305,1.985971210222309
A861,2021-06-09,-27.0,-50.25,5,6.1,3.1752853833160692,2.5699661918463415,1.2355358577829572,2.3735720801905082
A861,2021-06-10,-27.0,-50.25,5,3.5,3.5148204136931156,2.644256644847877,1.3292281672210082,1.3236234110707337
A861,2021-06-11,-27.0,-50.25,5,10.2,8.291351911991047,4.328726255838096,1.9154253288270675,2.3563513599972725
A861,2021-06-12,-27.0,-50.25,5,4.1,5.371634183066163,2.757694193260087,1.9478715936649715,1.4867493321125167
A861,2021-06-13,-27.0,-50.25,5,4.9,2.351552576753417,2.1924914622518643,1.072548111242442,2.2349003790269304
A861,2021-06-14,-27.0,-50.25,5,3.6,3.1784964185506857,1.3226966473235628,2.4030426212860507,2.7217125009611935
A861,2021-06-15,-27.0,-50.25,5,3.8,3.924386189928852,1.9504262267430772,2.0120659454431125,1.9482920952849556
A861,2021-06-16,-27.0,-50.25,5,3.7,2.2316620336474706,2.21960779230833,1.005430797900833,1.6669611689153891
A861,2021-06-17,-27.0,-50.25,5,5.1,2.3197507494943217,2.285156749354414,1.015138567693302,2.231794384101141
A861,2021-06-18,-27.0,-50.25,5,2.6,1.4836571224588186,1.9787145337648313,0.7498085737693126,1.313984385131629
A861,2021-06-19,-27.0,-50.25,5,3.5,1.1599998024962115,2.1322859841909327,0.5440169897924634,1.6414308521227878
A861,2021-06-20,-27.0,-50.25,5,3.5,1.3479859627801623,1.3392825377978677,1.0064985727332825,2.613339531593475
A861,2021-06-21,-27.0,-50.25,5,5.4,2.1491611195873737,1.8811764682533254,1.1424558811236207,2.870544093619195
A861,2021-06-22,-27.0,-50.25,5,3.4,2.854090735377904,2.4452174818755306,1.1672134509641898,1.390469365282033
A861,2021-06-23,-27.0,-50.25,5,7.0,2.877601725160187,3.5598040189080615,0.8083595922347618,1.9664003868806206
A861,2021-06-24,-27.0,-50.25,5,11.0,8.509494561788392,4.159296076598892,2.0458977685346005,2.6446782814737335
A861,2021-06-25,-27.0,-50.25,5,5.9,4.111269435156636,2.90179617766001,1.4168015888944818,2.033223437752862
A861,2021-06-26,-27.0,-50.25,5,6.5,3.4784054666806052,3.3819031824715404,1.0285349044612624,1.9219947021811878
A861,2021-06-27,-27.0,-50.25,5,9.4,6.679352323549513,4.444852091897656,1.5027164426292248,2.114806028559395
A861,2021-06-28,-27.0,-50.25,5,5.6,8.712247630472694,4.213196452129608,2.067847471500881,1.3291571052115112
A861,2021-06-29,-27.0,-50.25,5,10.3,10.680691418106711,5.676125635517663,1.8816869294212921,1.814618044313362
A861,2021-06-30,-27.0,-50.25,5,9.3,7.654128703520274,4.911273184967319,1.5584815617564158,1.8936026667109305
A861,2021-07-01,-27.0,-50.25,5,3.6,1.2201480250270709,3.105502834110531,0.3928986995680982,1.1592325598476234
A861,2021-07-02,-27.0,-50.25,5,7.0,0.8938088221701256,2.330603193701652,0.38350965303128515,3.0035142914577557
A861,2021-07-03,-27.0,-50.25,5,4.0,4.306491268166146,2.0438123857758583,2.107087371687174,1.957126802752762
A861,2021-07-04,-27.0,-50.25,5,6.1,4.207683327026521,2.1643636357655462,1.94407411836701,2.818380377122904
A861,2021-07-05,-27.0,-50.25,5,4.8,4.275911584494355,1.4585685913903639,2.931580735890104,3.290897684437627
A861,2021-07-06,-27.0,-50.25,5,5.0,2.0235713077437656,2.5533866463528465,0.7925048525784971,1.9581836566513717
A861,2021-07-07,-27.0,-50.25,5,5.2,4.595939648257509,3.235183444463859,1.420611760400238,1.6073277108593
A861,2021-07-08,-27.0,-50.25,5,6.4,4.167790452692617,1.95628630011539,2.130460379161671,3.271504789264486
A861,2021-07-09,-27.0,-50.25,5,4.8,1.980228418417219,2.38340944318138,0.8308385384988682,2.013921701003647
A861,2021-07-10,-27.0,-50.25,5,6.6,3.645447737136123,2.031233517070981,1.794696526272776,3.2492571358891005
A861,2021-07-11,-27.0,-50.25,5,3.1,3.7150179363669737,1.7434717244097644,2.130816281304853,1.7780615289585355
A861,2021-07-12,-27.0,-50.25,5,4.3,3.869536638471039,2.230172508604165,1.7350840006959505,1.928101966735888
A861,2021-07-13,-27.0,-50.25,5,3.6,3.0437035332038245,2.144983341088457,1.4189870265655855,1.6783347129275163
A861,2021-07-14,-27.0,-50.25,5,5.9,3.549436762949488,2.594249849394185,1.3681938783877585,2.2742605155697637
A861,2021-07-15,-27.0,-50.25,5,7.5,4.251881438481957,3.2899579138710937,1.2923817111930853,2.2796644201369753
A861,2021-07-16,-27.0,-50.25,5,4.8,3.986625751116807,2.9909745746312453,1.3328852023452304,1.6048280853714003
A861,2021-07-17,-27.0,-50.25,5,8.1,5.843969733826842,3.717977454201749,1.5718141935536682,2.1786038510927637
A861,2021-07-18,-27.0,-50.25,5,17.2,17.008756247441838,6.28637857376742,2.7056525546231156,2.7360744820196308
A861,2021-07-19,-27.0,-50.25,5,12.5,20.298410396642684,7.1315266893618325,2.846292425284199,1.7527803715081611
A861,2021-07-20,-27.0,-50.25,5,5.4,7.432549736979603,3.427532355999851,2.168484193582891,1.575477468665575
A861,2021-07-21,-27.0,-50.25,5,4.2,4.85398600269729,1.740915103776684,2.788180763190125,2.4125243045388363
A861,2021-07-22,-27.0,-50.25,5,3.8,4.195093770797502,1.84088646551053,2.278844377094208,2.0642229008654005
A861,2021-07-23,-27.0,-50.25,5,4.2,5.570237088890111,1.7795137293269245,3.130201805746659,2.36019533358059
A861,2021-07-24,-27.0,-50.25,5,4.4,5.086302125646492,1.5426111739528916,3.297202957899628,2.852306578802448
A861,2021-07-25,-27.0,-50.25,5,7.8,5.083313490199781,2.7768463625036666,1.8306066762788245,2.808941864888537
A861,2021-07-26,-27.0,-50.25,5,9.0,6.62341733932224,3.2180330039021383,2.0582192076000414,2.796739495551082
A861,2021-07-27,-27.0,-50.25,5,9.6,7.333634681466574,4.822137901756319,1.5208264116203556,1.9908182212092043
A861,2021-07-28,-27.0,-50.25,5,13.8,14.95532339672545,6.830665170070205,2.1894388063778774,2.02030104776138
A861,2021-07-29,-27.0,-50.25,5,14.3,13.040174091830915,6.362794062317435,2.0494414818576523,2.247440332021638
A861,2021-07-30,-27.0,-50.25,5,4.8,6.34649991690871,3.1270898234591877,2.029522743254049,1.53497349644093
A861,2021-07-31,-27.0,-50.25,5,5.7,4.357774949181146,2.761143766841407,1.5782499272633657,2.0643619026474958
A861,2021-08-01,-27.0,-50.25,5,6.4,3.9192531213164603,2.6158492613736244,1.4982717770436045,2.4466241593138505
A861,2021-08-02,-27.0,-50.25,5,7.1,5.049097790349661,1.5459516294567242,3.2660127872978837,4.5926404582885105
A861,2021-08-03,-27.0,-50.25,5,5.4,6.659411588690773,2.203760487734235,3.0218399983827426,2.45035702838648
A861,2021-08-04,-27.0,-50.25,5,3.5,4.645816464776304,2.7554472788614888,1.6860480330786398,1.2702112019527187
A861,2021-08-05,-27.0,-50.25,5,7.7,6.726088966748629,3.7653168817417653,1.7863274667170288,2.04498060637014
A861,2021-08-06,-27.0,-50.25,5,4.8,5.819923183382918,3.4194966574190073,1.7019824162588075,1.4037153654137444
A861,2021-08-07,-27.0,-50.25,5,4.2,4.672272214845855,2.7478074740602416,1.7003637478072537,1.5284913661705548
A861,2021-08-08,-27.0,-50.25,5,6.5,6.073738881843378,2.203403574074807,2.7565258372577963,2.9499815995938476
A861,2021-08-09,-27.0,-50.25,5,4.5,2.9894752417579036,2.72799696051053,1.0958499166356988,1.6495619552148801
A861,2021-08-10,-27.0,-50.25,5,6.9,1.8043619451647313,3.0299392060086467,0.5955109401490685,2.277273414039684
A861,2021-08-11,-27.0,-50.25,5,5.4,2.5428083956885965,2.8883644279966156,0.8803627309079906,1.8695701787691201
A861,2021-08-12,-27.0,-50.25,5,4.9,2.898689416830975,2.778841317188082,1.043128802966039,1.7633248684233347
A861,2021-08-13,-27.0,-50.25,5,3.1,2.8068716497377326,2.040858539326783,1.3753386604951239,1.5189685812435563
A861,2021-08-14,-27.0,-50.25,5,3.5,2.7958540219375934,2.1831989963661043,1.2806226214794174,1.6031520744676446
A861,2021-08-15,-27.0,-50.25,5,4.2,4.104874866397684,1.2293639234497236,3.339023366554451,3.416400888204334
A861,2021-08-16,-27.0,-50.25,5,4.7,3.5660976500459323,1.5234211307190282,2.340848225180385,3.0851613550756527
A861,2021-08-17,-27.0,-50.25,5,3.7,3.2742354302296754,1.5371310757846508,2.1300951375004207,2.407081645988636
A861,2021-08-18,-27.0,-50.25,5,8.7,2.6468060114009893,2.3393938380514365,1.1314067637305598,3.7189120782016487
A861,2021-08-19,-27.0,-50.25,5,8.3,3.9942499574717685,3.458945984313674,1.1547592751045257,2.3995749102878494
A861,2021-08-20,-27.0,-50.25,5,9.5,0.9004699544616582,3.507023445977351,0.2567618860645261,2.7088498683682176
A861,2021-08-21,-27.0,-50.25,5,6.8,2.381960506930191,2.856880314830067,0.8337627917296475,2.380218717844495
A861,2021-08-22,-27.0,-50.25,5,8.3,1.7870921138069948,3.5324751785498325,0.5059036577691226,2.3496272671354914
A861,2021-08-23,-27.0,-50.25,5,7.5,3.771450142356642,3.149277429684901,1.197560464761592,2.3814986667435036
A861,2021-08-24,-27.0,-50.25,5,5.9,3.5254733224313006,3.8225271916277013,0.9222886184179347,1.5434814990780152
A861,2021-08-25,-27.0,-50.25,5,8.8,6.327343136760949,4.338738330862267,1.4583371142143697,2.028239393328686
A861,2021-08-26,-27.0,-50.25,5,11.1,5.12773826940446,3.798839330687336,1.3498170949169053,2.9219451084264842
A861,2021-08-27,-27.0,-50.25,5,4.4,4.730149508138877,3.0750435922415376,1.5382381960611031,1.4308740243882665
A861,2021-08-28,-27.0,-50.25,5,6.3,5.584874395480743,4.328201968735408,1.2903451446635017,1.4555697829047245
A861,2021-08-29,-27.0,-50.25,5,3.3,4.920676831586222,2.4431923484049207,2.0140357900182395,1.3506918528762013
A861,2021-08-30,-27.0,-50.25,5,6.6,4.5934785649191365,3.2459002337358105,1.4151632010058286,2.0333342138503894
A861,2021-08-31,-27.0,-50.25,5,6.3,7.792252161973557,3.9072023986635553,1.9943303077001766,1.612406872537469
A861,2021-09-01,-27.0,-50.25,5,6.9,4.765388403856961,3.2419141260982625,1.4699304850471915,2.128372230606969
A861,2021-09-02,-27.0,-50.25,5,7.5,3.73367238129853,2.1306796414416564,1.7523386945079455,3.5200035960945137
A861,2021-09-03,-27.0,-50.25,5,4.0,2.4749241013673906,3.552913005727938,0.6965901212265444,1.125836741161767
A861,2021-09-04,-27.0,-50.25,5,7.6,6.075831181094565,2.2170432975214562,2.740510836160503,3.4279889835694326
A861,2021-09-05,-27.0,-50.25,5,6.6,5.794129400522351,4.137570820368919,1.400369843096904,1.5951388596199358
A861,2021-09-06,-27.0,-50.25,5,6.0,6.427078917391087,3.7500521154867723,1.713863892944012,1.599977764367996
A861,2021-09-07,-27.0,-50.25,5,5.6,5.359031902106952,3.8536448071866194,1.390639815094778,1.4531697341583276
A861,2021-09-08,-27.0,-50.25,5,7.4,6.693716968299871,3.483229613069736,1.9216984557043784,2.1244651722739727
A861,2021-09-09,-27.0,-50.25,5,8.6,4.896172102834497,3.7619447383384492,1.3015002727012428,2.2860516563032744
A861,2021-09-10,-27.0,-50.25,5,9.9,4.477163599121023,4.2148123352521365,1.0622450640742922,2.348859026817802
A861,2021-09-11,-27.0,-50.25,5,6.5,3.343851235810636,2.2539436320807185,1.4835558388493388,2.883834319316829
A861,2021-09-12,-27.0,-50.25,5,4.7,1.1658117371049377,2.0900045692319074,0.5578034394122796,2.2487989113474933
A861,2021-09-13,-27.0,-50.25,5,4.6,4.867801123147595,3.5498161492169236,1.371282601275397,1.2958417581752066
A861,2021-09-14,-27.0,-50.25,5,14.1,10.18404348896706,3.0294759671755402,3.3616518497956296,4.654270293863991
A861,2021-09-15,-27.0,-50.25,5,6.5,6.300239951255626,3.099296198027586,2.0327969799289085,2.097250338362834
A861,2021-09-16,-27.0,-50.25,5,5.2,3.3733038400095285,3.0487456892871965,1.1064562885198255,1.7056194677935803
A861,2021-09-17,-27.0,-50.25,5,8.7,6.12919716543177,2.598389141274836,2.358844973630328,3.3482282779751604
A861,2021-09-18,-27.0,-50.25,5,5.7,4.354979896931343,1.6460961362661222,2.6456412848461235,3.4627382170578698
A861,2021-09-19,-27.0,-50.25,5,5.9,4.687636224839617,3.2183305217603815,1.4565428234125393,1.8332486238153014
A861,2021-09-20,-27.0,-50.25,5,7.4,5.462123235718376,2.5913943263859327,2.107793159883962,2.855605542025073
A861,2021-09-21,-27.0,-50.25,5,9.6,6.717268259596448,4.308838041195199,1.5589512057253354,2.2279788444629314
A861,2021-09-22,-27.0,-50.25,5,7.6,8.468434505492871,4.539099447881517,1.8656640161178333,1.6743409319985405
A861,2021-09-23,-27.0,-50.25,5,6.9,3.6724822522532854,3.3964715046224736,1.0812639668123731,2.031520061513648
A861,2021-09-24,-27.0,-50.25,5,4.8,4.879079869237971,2.5249472317000303,1.9323492419890766,1.9010298273711612
A861,2021-09-25,-27.0,-50.25,5,4.6,3.9052658476413415,2.644095246140742,1.4769762372748765,1.739725528690409
A861,2021-09-26,-27.0,-50.25,5,5.0,4.200153335225442,2.334809133270829,1.798927918935051,2.141502673066689
A861,2021-09-27,-27.0,-50.25,5,2.1,4.553744508506327,2.510406238207494,1.8139472565037276,0.8365179977800978
A861,2021-09-28,-27.0,-50.25,5,7.0,7.143068051847527,2.1896621782313894,3.2621781217489216,3.1968401653875054
A861,2021-09-29,-27.0,-50.25,5,6.3,4.316313370436048,2.507442381738644,1.7214008193652468,2.5125203457842256
A861,2021-09-30,-27.0,-50.25,5,14.1,4.1092861312486,4.02529442007389,1.020865979580487,3.5028493641817073
A861,2021-10-01,-27.0,-50.25,5,16.7,2.095865854336592,3.961225076122811,0.5290953717752375,4.215867485203773
A861,2021-10-02,-27.0,-50.25,5,6.9,4.821998524265179,3.0256691288710797,1.5936965738432658,2.2804872925991377
A861,2021-10-03,-27.0,-50.25,5,10.5,4.2737344975797,3.8135827549766588,1.120661271084927,2.753316415199771
A861,2021-10-04,-27.0,-50.25,5,6.3,3.852543891242431,1.7920993228505961,2.1497379314414315,3.5154301548303293
A861,2021-10-05,-27.0,-50.25,5,7.7,1.6626699787402994,3.099609803011648,0.536412672693451,2.48418365192887
A861,2021-10-06,-27.0,-50.25,5,6.0,3.3043860437382597,2.629367797285307,1.2567226415223751,2.281917351461711
A861,2021-10-07,-27.0,-50.25,5,6.7,5.691866038534829,3.2062236310436196,1.7752554698382461,2.0896858020534155
A861,2021-10-08,-27.0,-50.25,5,5.2,3.4786897956791014,3.305308243662317,1.0524554865190654,1.573226947886211
A861,2021-10-09,-27.0,-50.25,5,7.3,4.229217896285992,3.45501418405634,1.2240811964831655,2.112871210105851
A861,2021-10-10,-27.0,-50.25,5,6.9,5.810171612436021,3.9969865596842773,1.453638015959445,1.7263005259004505
A861,2021-10-11,-27.0,-50.25,5,5.2,4.64988660689933,4.192257727822478,1.109160483154396,1.2403817555131464
A861,2021-10-12,-27.0,-50.25,5,5.9,5.9719884337758735,2.5084250278547926,2.3807721448558197,2.3520734861450836
A861,2021-10-13,-27.0,-50.25,5,8.2,5.594178808338359,3.431163336840872,1.6304029447601323,2.3898599964494474
A861,2021-10-14,-27.0,-50.25,5,10.2,9.736570936602057,4.753862548966572,2.048138926254538,2.145623668109072
A861,2021-10-15,-27.0,-50.25,5,9.4,7.414075512229268,2.2239345623586404,3.3337651375704667,4.226743070187566
A861,2021-10-16,-27.0,-50.25,5,7.9,2.5965147929624357,3.1038722535718057,0.8365404826098999,2.545207841884927
A861,2021-10-17,-27.0,-50.25,5,5.0,3.638954587951809,3.9302250286701166,0.925889627542048,1.272191786354754
A861,2021-10-18,-27.0,-50.25,5,5.3,3.6646804271971454,3.4896478021298414,1.050157676359338,1.5187779112738093
A861,2021-10-19,-27.0,-50.25,5,8.7,4.385770811158526,3.3803571137413746,1.2974282490243645,2.573692573673333
A861,2021-10-20,-27.0,-50.25,5,8.5,5.53188199608195,3.4725872200282906,1.5930145581877948,2.447742694834531
A861,2021-10-21,-27.0,-50.25,5,6.3,5.708640799868707,3.0696777878345833,1.8596873008928096,2.052332666629534
A861,2021-10-22,-27.0,-50.25,5,6.1,5.684690214330249,2.5624660555205705,2.2184450803097144,2.3805193387276975
A861,2021-10-23,-27.0,-50.25,5,8.6,5.46490914350489,3.3978274964335315,1.6083539112097462,2.5310290204628796
A861,2021-10-24,-27.0,-50.25,5,10.1,7.711326552186505,4.9731334771598545,1.5505971411389559,2.0309127125556437
A861,2021-10-25,-27.0,-50.25,5,7.8,7.507762162617925,3.002248068458231,2.5007134625199203,2.5980531328997065
A861,2021-10-26,-27.0,-50.25,5,5.9,5.457188698524035,2.809065684672641,1.9427059781124334,2.1003424847602186
A861,2021-10-27,-27.0,-50.25,5,7.0,6.19695733132556,3.2973245392919526,1.8793895649277694,2.1229332801748226
A861,2021-10-28,-27.0,-50.25,5,5.9,7.310475874421404,3.8065785098170286,1.9204847228470268,1.5499483288691178
A861,2021-10-29,-27.0,-50.25,5,11.6,3.7508771542803343,3.743414842951367,1.0019934502698835,3.098774911854113
A861,2021-10-30,-27.0,-50.25,5,8.1,8.180390532715068,4.091316450572206,1.999451920071098,1.9798028575538673
A861,2021-10-31,-27.0,-50.25,5,7.2,4.668984810507614,3.8362215457062616,1.2170790333351402,1.8768467655520806
A861,2021-11-01,-27.0,-50.25,5,5.3,4.7259640518174875,3.2859539990145805,1.438231957366034,1.6129258052880255
A861,2021-11-02,-27.0,-50.25,5,4.6,4.716124328242371,2.546638667634351,1.8519016412419904,1.8063025816980456
A861,2021-11-03,-27.0,-50.25,5,7.7,5.917956168307346,3.038998138636756,1.9473378720008174,2.533729751955061
A861,2021-11-04,-27.0,-50.25,5,7.2,7.442612399630239,2.494685462705167,2.9833870886310767,2.886135389666528
A861,2021-11-05,-27.0,-50.25,5,4.8,5.966651850432792,2.143981904978362,2.7829767763329185,2.238824865477791
A861,2021-11-06,-27.0,-50.25,5,5.3,2.2050363972171634,2.6840586503398267,0.8215306312095622,1.9746215304680361
A861,2021-11-07,-27.0,-50.25,5,6.5,3.3404668378682043,3.5919470075355395,0.9299877840236074,1.8096035343404735
A861,2021-11-08,-27.0,-50.25,5,5.8,5.589689904155215,2.5991990510220164,2.1505432229045036,2.2314566472773274
A861,2021-11-09,-27.0,-50.25,5,7.5,5.377860945095313,3.9236629849726006,1.3706225447221654,1.9114791532108035
A861,2021-11-10,-27.0,-50.25,5,7.4,8.223172249460587,3.8770339367957654,2.120995684720974,1.908675580517576
A861,2021-11-11,-27.0,-50.25,5,5.7,5.760184748765494,3.6661680532952694,1.5711731336451025,1.554756878882477
A861,2021-11-12,-27.0,-50.25,5,7.8,5.551200112652382,3.8184131657855507,1.4537976566792898,2.042733371519614
A861,2021-11-13,-27.0,-50.25,5,7.9,7.101780487931764,4.0179543594868115,1.767511487820591,1.9661746483872502
A861,2021-11-14,-27.0,-50.25,5,7.6,7.080336390448662,3.4465316037255866,2.0543367084738327,2.205115424383357
A861,2021-11-15,-27.0,-50.25,5,7.0,7.275854649700733,3.717538513596302,1.9571699454062033,1.8829663699242443
A861,2021-11-16,-27.0,-50.25,5,5.0,5.697333967150691,2.4987696787225566,2.2800556672607506,2.000984741641392
A861,2021-11-17,-27.0,-50.25,5,6.6,5.529157123422481,2.0307461232831416,2.722721988745397,3.250036981151375
A861,2021-11-18,-27.0,-50.25,5,6.7,3.7660975007531334,2.954121007815904,1.2748622994078211,2.2680181286661543
A861,2021-11-19,-27.0,-50.25,5,8.2,4.720222918236244,3.315708793646493,1.423593931795536,2.473076048087427
A861,2021-11-20,-27.0,-50.25,5,7.4,7.5005302790310315,3.4443289923266653,2.177646297941004,2.1484591095931447
A861,2021-11-21,-27.0,-50.25,5,5.6,6.6399511534785045,2.702156199448249,2.4572788038064974,2.0724190559907156
A861,2021-11-22,-27.0,-50.25,5,5.5,3.847225870430964,1.6751961681492318,2.2965823009739843,3.283197576840471
A861,2021-11-23,-27.0,-50.25,5,10.7,8.335230601450618,3.7876557279255825,2.2006304691307426,2.824966356131886
A861,2021-11-24,-27.0,-50.25,5,5.9,9.662903188689121,3.478045658887823,2.778256566010417,1.6963549586886815
A861,2021-11-25,-27.0,-50.25,5,5.7,5.001255439641235,2.46343021415003,2.030199764098795,2.3138467520853645
A861,2021-11-26,-27.0,-50.25,5,14.1,12.797911095859181,6.303999205195113,2.030125747051562,2.236675408902371
A861,2021-11-27,-27.0,-50.25,5,8.6,11.59792284019261,4.479458627321442,2.5891349390869935,1.9198748588827788
A861,2021-11-28,-27.0,-50.25,5,6.2,4.789057217830942,2.4615766838554984,1.9455242850001229,2.518710889919998
A861,2021-11-29,-27.0,-50.25,5,15.3,14.797290048920049,5.1965625129018305,2.8475150663889623,2.944254006761919
A861,2021-11-30,-27.0,-50.25,5,10.8,19.69363100489277,4.419324588121471,4.4562535772607665,2.4438123483911762
A861,2021-12-01,-27.0,-50.25,5,8.2,10.932413027741042,3.649285695762326,2.995767922592668,2.247015082848163
A861,2021-12-02,-27.0,-50.25,5,7.3,8.717636578113797,3.545858940428782,2.458540151927087,2.058739538893572
A861,2021-12-03,-27.0,-50.25,5,5.4,7.125400302244247,3.7543171589881617,1.8979217792469716,1.438344117270948
A861,2021-12-04,-27.0,-50.25,5,7.1,6.510202800249655,3.7383357750843538,1.7414708554644893,1.8992408459723742
A861,2021-12-05,-27.0,-50.25,5,10.7,8.959283883248553,2.613507716677263,3.4280686550407906,4.094114561713889
A861,2021-12-06,-27.0,-50.25,5,9.4,5.0814154713433695,3.6203935971777996,1.4035533250595953,2.596402779887681
A861,2021-12-07,-27.0,-50.25,5,9.2,5.7274065107277,4.244379132140631,1.3494097328291952,2.1675726210066504
A861,2021-12-08,-27.0,-50.25,5,7.8,8.499728466290541,3.723444699678852,2.2827594208727326,2.0948343883481746
A861,2021-12-09,-27.0,-50.25,5,6.8,8.015166529627571,3.249537504432052,2.4665560925810723,2.0926054833112295
A861,2021-12-10,-27.0,-50.25,5,6.8,5.955143008713795,2.61303865981927,2.2790106783669555,2.6023342496089668
A861,2021-12-11,-27.0,-50.25,5,6.6,7.35253816694383,2.661921678429404,2.762116641719526,2.4794117924213883
A861,2021-12-12,-27.0,-50.25,5,10.2,7.123798753591276,2.365046708950885,3.012117573251369,4.312811227531584
A861,2021-12-13,-27.0,-50.25,5,7.1,9.561790235293984,2.469231186719467,3.87237545302408,2.875388921939224
A861,2021-12-14,-27.0,-50.25,5,3.9,5.510500835645628,3.3410877999454134,1.6493133870159467,1.1672844993967886
A861,2021-12-15,-27.0,-50.25,5,5.2,8.29860799607156,3.4236667797213247,2.423894768388365,1.5188394007267445
A861,2021-12-16,-27.0,-50.25,5,10.7,7.883553788088476,3.120144465786903,2.526663067859019,3.429328390825471
A861,2021-12-17,-27.0,-50.25,5,9.5,6.99188206295464,4.687090752190915,1.4917317441925746,2.0268436226798805
A861,2021-12-18,-27.0,-50.25,5,6.5,9.24450480679681,4.1124918958086685,2.247908334170467,1.5805502271322673
A861,2021-12-19,-27.0,-50.25,5,7.4,5.133780997272219,3.3335586706883933,1.540030191282661,2.219849935466074
A861,2021-12-20,-27.0,-50.25,5,6.9,7.3147785044685705,2.6613359725903774,2.748536291473498,2.592682799565503
A861,2021-12-21,-27.0,-50.25,5,13.1,6.3096090638746105,2.6279095757394226,2.4009993045895643,4.984950822105062
A861,2021-12-22,-27.0,-50.25,5,14.4,5.542690823546728,4.073760145167987,1.3605834968269022,3.5348178309123788
A861,2021-12-23,-27.0,-50.25,5,7.6,10.694074988933503,3.5848755814959774,2.9831091054130363,2.1200177878498367
A861,2021-12-24,-27.0,-50.25,5,7.7,9.551143311233128,3.6974510849710147,2.583169619215666,2.08251571773271
A861,2021-12-25,-27.0,-50.25,5,7.0,9.287489988125053,3.2670710662464097,2.8427572586584713,2.1425918990009643
A861,2021-12-26,-27.0,-50.25,5,11.0,8.510305361669433,3.800019092884623,2.239542790088772,2.894722297737146
A861,2021-12-27,-27.0,-50.25,5,16.3,7.531147550516198,3.4615624988080684,2.1756497399973056,4.708856190120108
A861,2021-12-28,-27.0,-50.25,5,9.6,10.10631056260326,3.56015200986797,2.838730069556232,2.69651407394709
A861,2021-12-29,-27.0,-50.25,5,8.6,13.656596762500454,4.038826944913596,3.381327536130077,2.129331144239948
A861,2021-12-30,-27.0,-50.25,5,8.2,12.43230625084531,3.880359979714164,3.2039053891492566,2.1132060022441603
A861,2021-12-31,-27.0,-50.25,5,5.5,6.435074588444509,2.6002712457315877,2.4747705067338073,2.1151639503103348
A861,2022-01-01,-27.0,-50.25,5,6.3,9.889399765710694,3.17190715848806,3.1178087098944705,1.9861867593258924
A861,2022-01-02,-27.0,-50.25,5,7.8,9.244944799079086,2.298451804049137,4.022248707931334,3.39358866966838
A861,2022-01-03,-27.0,-50.25,5,10.2,5.3872235372576025,2.5966733068138166,2.0746635794041652,3.928102920469289
A861,2022-01-04,-27.0,-50.25,5,7.2,5.1023187586858825,2.911356577172142,1.7525571407820697,2.4730739121600496
A861,2022-01-05,-27.0,-50.25,5,11.6,4.720637632022649,3.7557428650506908,1.2569118285361998,3.0886033514020763
A861,2022-01-06,-27.0,-50.25,5,7.5,7.128544298963691,3.6425630321458464,1.957013299716118,2.0589897645729205
A861,2022-01-07,-27.0,-50.25,5,8.2,9.166862181405358,4.141097135352671,2.2136312870199495,1.9801515714268938
A861,2022-01-08,-27.0,-50.25,5,9.6,11.133325663440681,4.0131131968199245,2.774236638095074,2.3921577910155243
A861,2022-01-09,-27.0,-50.25,5,8.2,7.177670852567365,3.7498171563388003,1.9141388908613908,2.1867732900358834
A861,2022-01-10,-27.0,-50.25,5,5.5,6.406915300853582,3.2920362355859285,1.9461861420590516,1.6706984997755014
A861,2022-01-11,-27.0,-50.25,5,6.0,6.758673501555305,2.154305249301218,3.13728683701977,2.785120633181483
A861,2022-01-12,-27.0,-50.25,5,7.3,9.344009767071276,3.73797226493859,2.4997536377452994,1.9529304881345688
A861,2022-01-13,-27.0,-50.25,5,7.2,9.133852144349419,2.7906031234510875,3.2730745793238247,2.580087415331168
A861,2022-01-14,-27.0,-50.25,5,6.4,4.371943463616663,2.8063846345628916,1.5578561148648875,2.2805141965142037
A861,2022-01-15,-27.0,-50.25,5,6.0,4.40368149782911,2.1149154904947745,2.082202110496098,2.8369927909489796
A861,2022-01-16,-27.0,-50.25,5,8.4,6.761771319472428,2.321239307610167,2.913000524032144,3.6187565721727437
A861,2022-01-17,-27.0,-50.25,5,13.6,5.469568990043227,1.9770010889883334,2.7665988756951583,6.879105973057082
A861,2022-01-18,-27.0,-50.25,5,13.1,2.9866378810383423,2.2162520398683516,1.3476075046120444,5.910880064335172
A861,2022-01-19,-27.0,-50.25,5,9.3,6.679364170520258,2.1475531234422616,3.1102206961074215,4.33050987120321
A861,2022-01-20,-27.0,-50.25,5,5.1,6.827798706523615,2.2624579364485715,3.0178676900580776,2.254185555381232
A861,2022-01-21,-27.0,-50.25,5,7.7,11.228760035075899,3.28733864199039,3.415760059413047,2.3423202896242747
A861,2022-01-22,-27.0,-50.25,5,5.8,7.585245177564692,3.023981426202257,2.508363679697204,1.9180011985999779
A861,2022-01-23,-27.0,-50.25,5,11.7,7.178967901860362,2.439542005693498,2.942752321995607,4.795982185465175
A861,2022-01-24,-27.0,-50.25,5,6.4,7.791772583333406,2.4734113077222313,3.1502130515077424,2.5875195039412073
A861,2022-01-25,-27.0,-50.25,5,8.4,8.73714941765679,2.9442883635152146,2.967491067086045,2.8529814212800675
A861,2022-01-26,-27.0,-50.25,5,14.3,9.758599733643816,3.029750722840085,3.2209249625976213,4.719860248632995
A861,2022-01-27,-27.0,-50.25,5,10.5,4.475331055938999,2.9647542854944677,1.5095116238924988,3.541608844744039
A861,2022-01-28,-27.0,-50.25,5,5.8,8.600953719149599,3.4146443691981108,2.5188431910317597,1.69856634334136
A861,2022-01-29,-27.0,-50.25,5,6.7,4.6522056026968395,3.00752174985572,1.5468568441508428,2.2277478127369883
A861,2022-01-30,-27.0,-50.25,5,5.4,5.97179163262877,3.404168970433589,1.754258288732402,1.5862902361489426
A861,2022-01-31,-27.0,-50.25,5,8.5,6.285017667627124,2.840116169719114,2.212943869915261,2.992835325056667
A861,2022-02-01,-27.0,-50.25,5,7.1,6.779042564842678,3.331788894430339,2.0346554897805857,2.13098735393136
A861,2022-02-02,-27.0,-50.25,5,5.4,7.955073183719195,3.066378923350563,2.5942890238192957,1.7610348019544637
A861,2022-02-03,-27.0,-50.25,5,9.5,7.846276427949049,3.3328796740567044,2.354203330238665,2.850387931478132
A861,2022-02-04,-27.0,-50.25,5,6.2,3.094048527380342,2.880164980202809,1.074260866529414,2.1526544634132114
A861,2022-02-05,-27.0,-50.25,5,8.8,3.424747485713304,3.2875971993843054,1.0417174848411124,2.6767269425974836
A861,2022-02-06,-27.0,-50.25,5,7.6,9.416978452642308,4.156038882717017,2.2658542709508875,1.8286643158236016
A861,2022-02-07,-27.0,-50.25,5,7.9,7.953520762721485,3.0541904131063347,2.6041338904708873,2.5866101753508954
A861,2022-02-08,-27.0,-50.25,5,6.0,6.640166203530255,2.497135254377595,2.6591135549785427,2.4027533108115464
A861,2022-02-09,-27.0,-50.25,5,6.8,5.84366655616704,3.2229499327977806,1.8131422076092463,2.109868332362536
A861,2022-02-10,-27.0,-50.25,5,6.8,7.586395187845106,3.2244720497976354,2.3527557599146256,2.108872365765044
A861,2022-02-11,-27.0,-50.25,5,5.3,7.430790133131924,2.8220264274876636,2.6331398107236215,1.8780830499586696
A861,2022-02-12,-27.0,-50.25,5,5.8,6.501207695483359,2.893885941539087,2.2465321117755424,2.004225500648212
A861,2022-02-13,-27.0,-50.25,5,6.6,3.3197849018642334,1.9714803413049782,1.6839046437900438,3.3477381750767417
A861,2022-02-14,-27.0,-50.25,5,8.9,6.7949487344171,3.2446047643864135,2.0942300304185406,2.743015142456982
A861,2022-02-15,-27.0,-50.25,5,6.0,9.046977962437628,3.2409202809776283,2.7914842631391705,1.8513260061398644
A861,2022-02-16,-27.0,-50.25,5,9.7,6.614680444669645,3.276964017606035,2.0185392360523866,2.960056914841034
A861,2022-02-17,-27.0,-50.25,5,23.6,8.830449879428679,3.03539989250214,2.909155364089298,7.774922855566834
A861,2022-02-18,-27.0,-50.25,5,13.8,7.758277685759781,3.428147264552711,2.2631109713345543,4.025498012495843
A861,2022-02-19,-27.0,-50.25,5,10.0,11.212588960162613,2.961703989376851,3.785857398436961,3.376434659192265
A861,2022-02-20,-27.0,-50.25,5,7.1,10.482504934454267,3.4645530089566274,3.025644262724426,2.0493264157439492
A861,2022-02-21,-27.0,-50.25,5,12.0,8.738150734168984,2.38950887939173,3.6568814661167344,5.0219524620702405
A861,2022-02-22,-27.0,-50.25,5,9.4,6.42373283549689,1.8125984023493256,3.5439360573037195,5.185925347730955
A861,2022-02-23,-27.0,-50.25,5,6.8,9.394843005898487,3.6312222446935767,2.5872398803536405,1.8726477042095293
A861,2022-02-24,-27.0,-50.25,5,6.3,12.273187934500411,3.2630181776868667,3.7612992837204473,1.9307278283279532
A861,2022-02-25,-27.0,-50.25,5,7.2,6.111189689650689,2.2886798412878084,2.670181114634193,3.1459183893316682
A861,2022-02-26,-27.0,-50.25,5,5.9,4.380998629566812,2.792919163830613,1.5686091764854653,2.112485057357653
A861,2022-02-27,-27.0,-50.25,5,6.2,7.132957035061088,2.9959569987479924,2.380860952958251,2.0694556038658014
A861,2022-10-27,-27.0,-50.25,5,3.2,8.499166657779284,4.211225928941117,2.0182167381165277,0.7598737408051194
A861,2022-10-28,-27.0,-50.25,5,5.6,5.194383205021654,2.785041583434059,1.865100771176561,2.010741969997803
A861,2022-10-29,-27.0,-50.25,5,16.9,3.5384958097730608,4.584332279036213,0.7718672195631021,3.6864692547009206
A861,2022-10-30,-27.0,-50.25,5,17.4,11.319329898986794,4.137587278296982,2.735731994914146,4.205349356923242
A861,2022-10-31,-27.0,-50.25,5,12.2,7.990726105146326,4.607405702152021,1.7343222241996246,2.6479109478684806
A861,2022-11-01,-27.0,-50.25,5,7.1,6.572645468452753,3.8520641851621114,1.7062658233396357,1.8431676261648795
A861,2022-11-02,-27.0,-50.25,5,7.7,8.194800788022212,3.664025102183797,2.236556944748557,2.1015139867384423
A861,2022-11-03,-27.0,-50.25,5,9.4,7.553728610121546,2.900624874116747,2.604172872378642,3.240681028380942
A861,2022-11-04,-27.0,-50.25,5,7.7,7.913228183046591,3.434173715716194,2.3042597253692785,2.2421696272269593
A861,2022-11-05,-27.0,-50.25,5,9.5,8.481177960937883,3.5878862153892124,2.363836936790329,2.647798572667234
A861,2022-11-06,-27.0,-50.25,5,14.1,9.406613640068917,3.1925919678464485,2.946387679605081,4.416474182108246
A861,2022-11-07,-27.0,-50.25,5,9.0,6.703595370165125,2.711758664853859,2.472047183640655,3.3188794108582753
A861,2022-11-08,-27.0,-50.25,5,7.2,7.347160254939617,2.395494185425262,3.067074969182322,3.0056428622563383
A861,2022-11-09,-27.0,-50.25,5,5.6,10.946579907205285,2.338414835589122,4.681196740888573,2.3947846698420294
A861,2022-11-10,-27.0,-50.25,5,6.1,9.515640138483286,2.8966662038120563,3.285031642914382,2.105869151223675
A861,2022-11-11,-27.0,-50.25,5,4.9,5.716521807479051,2.320148455094172,2.4638603598522857,2.1119338244246597
A861,2022-11-12,-27.0,-50.25,5,6.0,6.061648305806295,2.775343216923026,2.1841076335512613,2.1618947751810293
A861,2022-11-13,-27.0,-50.25,5,9.7,7.039812914423476,4.044073125868605,1.740772902792511,2.3985718601259434
A861,2022-11-14,-27.0,-50.25,5,10.2,12.127886980299474,4.822156430685878,2.5150339178388013,2.115236232298919
A861,2022-11-15,-27.0,-50.25,5,11.1,12.787112375696838,4.844523807693551,2.6394983043307008,2.291246867725611
A861,2022-11-16,-27.0,-50.25,5,7.8,5.01737119924483,2.175461443618095,2.3063480228361315,3.5854462155061295
A861,2022-11-17,-27.0,-50.25,5,6.8,5.992965838337934,2.8802680574529056,2.0806972541429585,2.3608913699558274
A861,2022-11-18,-27.0,-50.25,5,8.8,9.771457966659526,3.8280362204370415,2.5526033203374268,2.298828823253746
A861,2022-11-19,-27.0,-50.25,5,8.7,10.681130636198501,4.310298197816002,2.4780491153977597,2.018421835502757
A861,2022-11-20,-27.0,-50.25,5,7.7,10.204321933765092,4.004933360698654,2.547938009132058,1.9226287447281638
A861,2022-11-21,-27.0,-50.25,5,8.0,7.266013927044347,3.3330341108107824,2.1799998696313496,2.400215459557342
A861,2022-11-22,-27.0,-50.25,5,9.0,8.251257436309679,2.782804430212163,2.9650870707003287,3.2341475032486686
A861,2022-11-23,-27.0,-50.25,5,14.6,3.8891756761764844,2.5119404973457407,1.5482753991529692,5.812239587453282
A861,2022-11-24,-27.0,-50.25,5,8.2,8.901000615358853,3.076728880725713,2.893007788602862,2.665168208797732
A861,2022-11-25,-27.0,-50.25,5,8.9,8.63732904759009,3.385540640712908,2.5512406921723705,2.628826809217062
A861,2022-11-26,-27.0,-50.25,5,8.3,12.26524108348896,5.07735106239876,2.4156771774796932,1.6347106784612846
A861,2022-11-27,-27.0,-50.25,5,10.2,9.599102049114759,6.11881931349341,1.5687833807980767,1.666988266430199
A861,2022-11-28,-27.0,-50.25,5,10.0,9.865771440847631,4.872032193693118,2.024980757232874,2.0525315930680987
A861,2022-11-29,-27.0,-50.25,5,8.2,6.7475130534979995,4.040010051084859,1.6701723431816955,2.029697920627218
A861,2022-11-30,-27.0,-50.25,5,8.9,7.212628148608284,4.171599915941626,1.7289836738766517,2.133474009813107
A861,2022-12-01,-27.0,-50.25,5,15.4,10.259804527429056,2.7956640919866973,3.6698988826436865,5.508530171468568
A861,2022-12-02,-27.0,-50.25,5,6.9,8.074028709726564,2.427321263551534,3.326312355502976,2.842639787163677
A861,2022-12-03,-27.0,-50.25,5,14.8,7.970682372832487,1.9992616406812695,3.986813036695083,7.402732938424579
A861,2022-12-04,-27.0,-50.25,5,13.6,3.6445038563945302,2.5502312803576865,1.4290875829439929,5.332849653578287
A861,2022-12-05,-27.0,-50.25,5,8.0,7.13841381838024,2.4831254046695226,2.8747697578851383,3.221746265797121
A861,2022-12-06,-27.0,-50.25,5,15.5,8.498271815496047,2.337706851030383,3.6353026093713563,6.630429300050226
A861,2022-12-07,-27.0,-50.25,5,5.7,9.764222481810478,3.4770675956955386,2.808177354359797,1.6393123927347162
A861,2022-12-08,-27.0,-50.25,5,6.0,10.244686489812779,2.5804029366028787,3.9701886649144766,2.32521824978972
A861,2022-12-09,-27.0,-50.25,5,12.2,9.860301275630604,2.0069949903828497,4.912967557407643,6.07873963734845
A861,2022-12-10,-27.0,-50.25,5,7.1,9.62953840495832,2.3261780276825714,4.139639481743209,3.0522169479320955
A861,2022-12-11,-27.0,-50.25,5,6.3,5.845361724695496,1.982132148829297,2.9490272523695915,3.1783955493184233
A861,2022-12-12,-27.0,-50.25,5,7.3,7.402754798616225,2.919328719432797,2.5357729499042243,2.500574858667623
A861,2022-12-13,-27.0,-50.25,5,7.6,13.652432859445577,3.6856805107077504,3.704182394481051,2.062034399867338
A861,2022-12-14,-27.0,-50.25,5,6.7,7.38876467394301,3.4749223377922527,2.126310736094714,1.9281006447634048
A861,2022-12-15,-27.0,-50.25,5,5.7,5.0793395492436755,2.5499455440635836,1.9919404008719572,2.235341853974066
A861,2022-12-16,-27.0,-50.25,5,9.1,7.04228568499411,2.896603256214828,2.431222042537059,3.141610774784372
A861,2022-12-17,-27.0,-50.25,5,8.0,10.9131936674597,3.536533872686728,3.085844519048498,2.2621019020305178
A861,2022-12-18,-27.0,-50.25,5,7.6,3.8138867788279507,4.193135008841673,0.9095549680098454,1.81248635781452
A861,2022-12-19,-27.0,-50.25,5,4.3,7.33687319715328,3.562789391311505,2.059305895275637,1.2069195025915127
A861,2022-12-20,-27.0,-50.25,5,7.3,5.222766700679445,4.039622486881677,1.292884846947933,1.8070995553931377
A861,2022-12-21,-27.0,-50.25,5,7.5,5.89337412581437,3.5106716098840414,1.6787027613810426,2.136343364866225
A861,2022-12-22,-27.0,-50.25,5,7.2,5.331257375257411,3.354508452431561,1.5892812466735555,2.1463651387674942
A861,2022-12-23,-27.0,-50.25,5,7.6,5.765236993920908,3.5228746929071324,1.6365149193437085,2.157329074264733
A861,2022-12-24,-27.0,-50.25,5,7.7,7.163897690166505,3.6992861447103946,1.9365621933329367,2.081482669571323
A861,2022-12-25,-27.0,-50.25,5,7.7,6.488728206719926,3.1743337177167783,2.0441228880582574,2.425705891294386
A861,2022-12-26,-27.0,-50.25,5,7.6,4.807407661208922,2.471912141371993,1.9448133211323002,3.074542930875265
A861,2022-12-27,-27.0,-50.25,5,14.6,7.160198889287149,2.6938389753278207,2.6579906797939934,5.419774579593528
A861,2022-12-28,-27.0,-50.25,5,9.4,6.650461392946913,5.207585313884946,1.2770720001868883,1.8050592421283718
A861,2022-12-29,-27.0,-50.25,5,3.8,11.913771177130709,3.2985332902769837,3.6118389989419475,1.1520271786254754
A861,2022-12-30,-27.0,-50.25,5,6.7,8.967924806900884,2.8300710006111487,3.1687985230633,2.367431770635135
A861,2022-12-31,-27.0,-50.25,5,5.8,5.913561216441321,2.1631584142421794,2.733762436216685,2.6812645628784972
A862,2021-01-01,-26.25,-49.5,5,4.3,7.349959296834414,4.280667178226221,1.717012556879046,1.004516310418179
A862,2021-01-02,-26.25,-49.5,5,3.9,6.2417420337721605,4.935150991867356,1.2647519891606027,0.7902493776637871
A862,2021-01-03,-26.25,-49.5,5,5.4,2.594071921110891,5.121718003863551,0.5064847223439599,1.054333720819172
A862,2021-01-04,-26.25,-49.5,5,6.0,5.124348154235892,3.9005334266978626,1.3137557338084638,1.5382511425057872
A862,2021-01-05,-26.25,-49.5,5,6.4,7.972589171074312,3.2612938885819904,2.444609238985448,1.9624113062630852
A862,2021-01-06,-26.25,-49.5,5,9.6,10.30240642888468,6.012646487433381,1.7134562044213029,1.5966346965623706
A862,2021-01-07,-26.25,-49.5,5,7.9,4.297459958615689,4.040189905770413,1.0636777128911266,1.9553536304609844
A862,2021-01-08,-26.25,-49.5,5,6.0,3.2247242635678846,4.221292927824558,0.763918618940701,1.4213654684921613
A862,2021-01-09,-26.25,-49.5,5,5.4,4.268907445002952,3.45434531468586,1.2358079624680398,1.5632484618843265
A862,2021-01-10,-26.25,-49.5,5,4.7,5.071244183864781,4.429550732665942,1.144866486451242,1.0610556879594168
A862,2021-01-11,-26.25,-49.5,5,6.0,5.09108416677567,3.41959208494704,1.4887986754872014,1.7545952414651595
A862,2021-01-12,-26.25,-49.5,5,5.2,1.910178204486426,4.223219641669101,0.45230377923973786,1.231288079050716
A862,2021-01-13,-26.25,-49.5,5,5.8,2.463016562962941,5.847565480937574,0.4212037592382858,0.9918657634373429
A862,2021-01-14,-26.25,-49.5,5,5.7,2.2335898246910695,5.818653497380014,0.383867131063363,0.9796080833076861
A862,2021-01-15,-26.25,-49.5,5,6.2,5.805929129143505,5.191341384133703,1.1183870794720159,1.1942963371565316
A862,2021-01-16,-26.25,-49.5,5,10.2,8.2119178727227,4.03918140977538,2.0330648811288143,2.5252641476598656
A862,2021-01-17,-26.25,-49.5,5,10.0,13.605141324570623,6.78320087524608,2.00571110524234,1.4742302614821534
A862,2021-01-18,-26.25,-49.5,5,6.2,12.502435647172048,5.251179216510005,2.3808815375913435,1.1806871836533115
A862,2021-01-19,-26.25,-49.5,5,5.3,7.330148396785706,5.443631186288574,1.3465549273890733,0.9736148204436861
A862,2021-01-20,-26.25,-49.5,5,4.5,4.26434271761781,5.673901873009148,0.7515714605328941,0.7931050096947534
A862,2021-01-21,-26.25,-49.5,5,3.5,3.111768423072834,5.968931160614494,0.5213275776416362,0.586369637347213
A862,2021-01-22,-26.25,-49.5,5,6.0,6.436464568719687,5.67768046983706,1.1336433254589973,1.0567695790341278
A862,2021-01-23,-26.25,-49.5,5,3.8,3.643423782534474,3.1914926272694566,1.1416049504246155,1.1906654483645678
A862,2021-01-24,-26.25,-49.5,5,3.8,3.0858120584923223,2.6791759780301954,1.151776547638762,1.418346548028497
A862,2021-01-25,-26.25,-49.5,5,3.9,5.0051830389962975,3.0962910495880536,1.6165092230790812,1.259571512348258
A862,2021-01-26,-26.25,-49.5,5,7.7,6.121828496811429,4.9934998958794905,1.2259594722056582,1.5420046381404444
A862,2021-01-27,-26.25,-49.5,5,11.3,14.569420099053037,7.102688790625057,2.0512541839483984,1.5909467996000384
A862,2021-01-28,-26.25,-49.5,5,10.8,9.678915893392356,5.077507787113572,1.9062335892338553,2.1270277570838574
A862,2021-01-29,-26.25,-49.5,5,9.1,11.83880849852892,6.408596472700067,1.8473324929976436,1.4199677010036478
A862,2021-01-30,-26.25,-49.5,5,7.0,10.030677519211318,5.7857417265995155,1.7336891263389838,1.2098708049510787
A862,2021-01-31,-26.25,-49.5,5,8.4,6.103637509188793,5.282970344739791,1.1553419971902992,1.590014603879768
A862,2021-02-01,-26.25,-49.5,5,6.3,9.008265598929324,4.820360815674158,1.8687948772709164,1.3069561057575945
A862,2021-02-02,-26.25,-49.5,5,4.7,4.499528904102484,2.579995879296157,1.7440062366804983,1.821708335938194
A862,2021-02-03,-26.25,-49.5,5,5.0,4.137075063769301,2.5777981991705894,1.6048870951575696,1.9396398064087244
A862,2021-02-04,-26.25,-49.5,5,11.0,8.155831947493425,7.1930494500807685,1.1338490029985608,1.5292540495292277
A862,2021-02-05,-26.25,-49.5,5,7.2,6.0524366905897775,4.268687726157562,1.4178682252866146,1.686701033640857
A862,2021-02-06,-26.25,-49.5,5,5.6,6.473772029314994,3.831978750403934,1.6894070794710396,1.461385974389784
A862,2021-02-07,-26.25,-49.5,5,4.2,5.1762688730729245,3.8224469157963576,1.3541767844261914,1.0987726167349492
A862,2021-02-08,-26.25,-49.5,5,4.0,5.51539489217383,4.309496976255231,1.2798233581698606,0.9281825749129147
A862,2021-02-09,-26.25,-49.5,5,4.5,4.107622121218181,4.114312525493385,0.9983738706688546,1.0937428725010052
A862,2021-02-10,-26.25,-49.5,5,4.1,4.232713922547701,4.0829982033246734,1.036668083542412,1.0041640470626418
A862,2021-02-11,-26.25,-49.5,5,6.3,2.388086953694039,3.2976667030000932,0.7241747480184845,1.9104417054241705
A862,2021-02-12,-26.25,-49.5,5,6.5,2.7579408231799056,3.0822454772101984,0.8947829897299979,2.1088521495319963
A862,2021-02-13,-26.25,-49.5,5,6.3,4.127601017985354,3.352055584104616,1.231364132969143,1.8794437747018518
A862,2021-02-14,-26.25,-49.5,5,17.7,6.362239137205135,4.602229017150366,1.382425584101971,3.8459624529853547
A862,2021-02-15,-26.25,-49.5,5,6.4,8.374622644882066,4.722523245883974,1.7733364578313435,1.3552077283215218
A862,2021-02-16,-26.25,-49.5,5,7.8,17.89415357187691,5.591144874451278,3.2004453423563026,1.3950631176884862
A862,2021-02-17,-26.25,-49.5,5,6.5,7.045462726137413,4.049478916659353,1.7398442790139574,1.605144793632417
A862,2021-02-18,-26.25,-49.5,5,6.8,9.505075522739867,4.549183036109873,2.089402744908657,1.4947738848984324
A862,2021-02-19,-26.25,-49.5,5,5.3,4.910673045825286,3.263308891991433,1.5048140425433492,1.6241183949845694
A862,2021-02-20,-26.25,-49.5,5,4.5,6.0534710612822,3.8579102643998766,1.569106237939896,1.1664345958290465
A862,2021-02-21,-26.25,-49.5,5,3.9,6.055331247719744,3.9308843440177643,1.5404501170163094,0.9921431562684448
A862,2021-02-22,-26.25,-49.5,5,6.0,4.342320062113623,3.6585974869293056,1.1868810596483987,1.6399727003135989
A862,2021-02-23,-26.25,-49.5,5,7.7,5.1578548307234415,3.267060332057378,1.5787448980090817,2.356858832524544
A862,2021-02-24,-26.25,-49.5,5,4.2,4.6806172802378745,3.2183369460405467,1.4543589930806782,1.3050218390486346
A862,2021-02-25,-26.25,-49.5,5,5.1,6.4594349876925925,5.567744188239081,1.160152975658806,0.9159903593941849
A862,2021-02-26,-26.25,-49.5,5,6.0,2.0702987077588832,5.874449614890243,0.3524242854192161,1.0213722805267609
A862,2021-02-27,-26.25,-49.5,5,6.1,2.0295115629041884,6.996800877780185,0.2900627870301883,0.8718270115949469
A862,2021-02-28,-26.25,-49.5,5,6.1,4.304726205033372,6.483942968341574,0.6639056244096501,0.9407855728811605
A862,2021-03-01,-26.25,-49.5,5,8.4,2.5459553742589507,3.578438521597023,0.7114710393634806,2.3473925706151744
A862,2021-03-02,-26.25,-49.5,5,5.9,3.2462740554305713,3.49177640433653,0.9296912744467078,1.6896843660071228
A862,2021-03-03,-26.25,-49.5,5,4.8,3.7293538732125358,3.1258302024287583,1.1930762810836115,1.5355920472808848
A862,2021-03-04,-26.25,-49.5,5,7.1,4.866306722299732,5.024973709724496,0.9684243149137862,1.4129427157518941
A862,2021-03-05,-26.25,-49.5,5,9.9,10.864580665471362,7.657998273241994,1.4187233109510575,1.2927660266772116
A862,2021-03-06,-26.25,-49.5,5,4.8,-0.27259642904215076,3.925374049240111,-0.06944470147881093,1.2228134032040088
A862,2021-03-07,-26.25,-49.5,5,4.4,3.6425782470950065,4.399317410753737,0.8279871414122224,1.0001551579898724
A862,2021-03-08,-26.25,-49.5,5,7.1,1.8950417610835786,2.8313419537435345,0.6693086854373059,2.5076448256673993
A862,2021-03-09,-26.25,-49.5,5,9.2,5.401479175036985,3.708347121493072,1.4565732381768557,2.4808896520711503
A862,2021-03-10,-26.25,-49.5,5,5.2,7.322380649065697,2.852052383482812,2.567407489242501,1.8232484193189917
A862,2021-03-11,-26.25,-49.5,5,6.6,5.3802778070965225,3.2933833597213305,1.6336627775855934,2.004018141562013
A862,2021-03-12,-26.25,-49.5,5,5.0,4.48314713273221,3.9936642840750647,1.1225648461762252,1.2519830522404571
A862,2021-03-13,-26.25,-49.5,5,5.5,5.7653657684539175,4.1945221763003975,1.3744988168208987,1.3112339782289684
A862,2021-03-14,-26.25,-49.5,5,5.1,5.827763775967519,3.886703164402465,1.4994105619752078,1.312166065757189
A862,2021-03-15,-26.25,-49.5,5,5.3,5.382762314257233,3.692917865611828,1.457590585585753,1.435179495691794
A862,2021-03-16,-26.25,-49.5,5,4.6,3.978200268581979,3.1752808183982824,1.2528656506635265,1.4486907656628598
A862,2021-03-17,-26.25,-49.5,5,6.8,6.592023753715838,4.093546140043391,1.6103455361678087,1.661151424062835
A862,2021-03-18,-26.25,-49.5,5,5.7,4.482775156329796,4.042512815101615,1.1089080879554651,1.4100140829996903
A862,2021-03-19,-26.25,-49.5,5,4.7,2.205828415273494,5.082676623371474,0.4339895253478294,0.9247096261029422
A862,2021-03-20,-26.25,-49.5,5,5.0,5.854761271537633,4.598746131697471,1.2731212169297432,1.0872528852020844
A862,2021-03-21,-26.25,-49.5,5,6.9,5.982073348524005,3.512618168892384,1.7030240865634143,1.96434672607064
A862,2021-03-22,-26.25,-49.5,5,5.3,4.305665439343924,3.3718735393116313,1.2769356232211861,1.5718264455083912
A862,2021-03-23,-26.25,-49.5,5,6.9,4.842350728539375,3.3255309319255697,1.4561135733401604,2.07485665935596
A862,2021-03-24,-26.25,-49.5,5,7.6,3.745725510126067,2.308086734128373,1.6228703431028577,3.292770539175629
A862,2021-03-25,-26.25,-49.5,5,5.1,3.802173131699233,2.887219596240635,1.316897799062438,1.7664053010171314
A862,2021-03-26,-26.25,-49.5,5,15.8,5.328455740866242,3.2353336271913835,1.6469571162872354,4.8835767251973
A862,2021-03-27,-26.25,-49.5,5,12.3,3.3639548951732134,3.1076642662101555,1.082470500996431,3.957956505707111
A862,2021-03-28,-26.25,-49.5,5,6.5,15.796805960486461,4.941589892785861,3.1967051704448273,1.3153661353988995
A862,2021-03-29,-26.25,-49.5,5,9.1,6.315662884575069,4.464422880826992,1.4146650201302509,2.038337371462067
A862,2021-03-30,-26.25,-49.5,5,6.4,9.840995314561027,4.9220752752188695,1.9993589622871886,1.3002645514630842
A862,2021-03-31,-26.25,-49.5,5,5.3,6.058842223421168,3.3772308041083323,1.794026696680224,1.5693330741720874
A862,2021-04-01,-26.25,-49.5,5,3.8,5.686899530763595,3.171918805624693,1.792889376827409,1.1980130113234755
A862,2021-04-02,-26.25,-49.5,5,3.4,5.803661414214637,3.5771302550267974,1.6224350248523896,0.9504825817349303
A862,2021-04-03,-26.25,-49.5,5,4.3,4.50205152305401,3.766512479345569,1.1952838461950988,1.1416396530158648
A862,2021-04-04,-26.25,-49.5,5,4.0,4.875118982951587,3.898157707100775,1.2506212804246495,1.0261257497903975
A862,2021-04-05,-26.25,-49.5,5,4.5,5.393956471148007,3.6331947177182786,1.4846318158624658,1.2385793632404303
A862,2021-04-06,-26.25,-49.5,5,3.3,4.051577874277089,3.1852003921908345,1.2720009341359981,1.036041565262462
A862,2021-04-07,-26.25,-49.5,5,5.8,6.376223621644726,5.207803068610637,1.224359588417733,1.1137133880808114
A862,2021-04-08,-26.25,-49.5,5,6.6,5.493015701071306,4.799988411062881,1.1443810340064893,1.375003319755627
A862,2021-04-09,-26.25,-49.5,5,4.6,4.736905189991091,3.698926550133944,1.2806161803400935,1.2436040396188528
A862,2021-04-10,-26.25,-49.5,5,5.8,6.5644595595278705,3.2208954194224035,2.0380852852108626,1.8007414848135932
A862,2021-04-11,-26.25,-49.5,5,9.3,12.971398851473193,6.088492713986249,2.130477847444212,1.5274716480544357
A862,2021-04-12,-26.25,-49.5,5,5.2,4.854842019274941,3.5905433262138247,1.3521190466720536,1.4482487823042993
A862,2021-04-13,-26.25,-49.5,5,4.2,3.2262416786756654,3.823588482537228,0.8437732495037804,1.098444568284973
A862,2021-04-14,-26.25,-49.5,5,4.1,4.972142612893306,3.1632311120185195,1.5718556238277779,1.2961430432390093
A862,2021-04-15,-26.25,-49.5,5,5.0,3.7591158477446927,2.8829502543499146,1.3039128379245473,1.7343344695094176
A862,2021-04-16,-26.25,-49.5,5,5.3,3.8381874047054816,2.9501438125719854,1.301017051558339,1.7965225889714744
A862,2021-04-17,-26.25,-49.5,5,3.2,6.849563901396223,3.5731575029082925,1.9169498953855721,0.8955664555495891
A862,2021-04-18,-26.25,-49.5,5,5.6,5.648616027003708,3.7041081440538006,1.5249598033662768,1.5118349092991983
A862,2021-04-19,-26.25,-49.5,5,5.1,5.581971470710096,4.704361646915132,1.1865523719611255,1.08410032705379
A862,2021-04-20,-26.25,-49.5,5,4.4,5.870272439341466,4.121339128209461,1.4243604461377677,1.0676141572245732
A862,2021-04-21,-26.25,-49.5,5,6.1,6.938413521062117,5.193925169032574,1.33587090596349,1.174448957480108
A862,2021-04-22,-26.25,-49.5,5,3.7,6.982324950056037,4.6101843344130025,1.5145435504467892,0.8025709454568062
A862,2021-04-23,-26.25,-49.5,5,4.4,2.9474510312350644,2.5196980872103905,1.1697635705626335,1.746240957332841
A862,2021-04-24,-26.25,-49.5,5,4.4,3.548962279044073,2.3504447375568858,1.5099109638003905,1.871986152107314
A862,2021-04-25,-26.25,-49.5,5,5.9,7.939080361831311,4.4378205110644116,1.7889593195663342,1.3294814392087446
A862,2021-04-26,-26.25,-49.5,5,5.2,3.8639605277687896,3.2592914165593054,1.1855216468639087,1.5954388041463987
A862,2021-04-27,-26.25,-49.5,5,5.0,3.5399284483374798,2.90828751482576,1.2171865506046993,1.7192247927727868
A862,2021-04-28,-26.25,-49.5,5,3.6,4.172090536588012,2.979307637286501,1.4003557351290772,1.2083344314448892
A862,2021-04-29,-26.25,-49.5,5,5.6,4.84088571601904,4.141606344417248,1.1688425488686045,1.3521323694968306
A862,2021-04-30,-26.25,-49.5,5,7.2,5.7505842062966925,4.492493724984834,1.2800427910038108,1.6026733571062044
A862,2021-05-01,-26.25,-49.5,5,4.5,4.379065519872944,3.1579116664758056,1.3866966471421072,1.4249923605437482
A862,2021-05-02,-26.25,-49.5,5,3.9,4.428862388395136,2.785016054382466,1.5902466276364673,1.4003509939782968
A862,2021-05-03,-26.25,-49.5,5,4.8,2.604235697087306,2.0349024220918532,1.279784066702415,2.3588354644866274
A862,2021-05-04,-26.25,-49.5,5,5.7,7.8253461945655385,3.8088789526512987,2.054501151610093,1.4965033204933758
A862,2021-05-05,-26.25,-49.5,5,4.3,6.136032480613036,3.6041441171627255,1.702493652069462,1.1930710482756917
A862,2021-05-06,-26.25,-49.5,5,11.8,4.832325797003557,3.7640736246201936,1.2838021460037603,3.1349014862031708
A862,2021-05-07,-26.25,-49.5,5,4.9,5.304718280141022,2.8378869173261334,1.8692493516052942,1.7266368050411243
A862,2021-05-08,-26.25,-49.5,5,5.1,3.5084808576627817,3.1272553984174793,1.121904165370765,1.6308229902107805
A862,2021-05-09,-26.25,-49.5,5,4.2,3.926968335298917,2.8377671727270526,1.3838233006005063,1.4800368544554914
A862,2021-05-10,-26.25,-49.5,5,4.6,4.72144305797416,2.6834944933299965,1.7594383255526034,1.7141827611100395
A862,2021-05-11,-26.25,-49.5,5,4.7,5.227055722478145,3.6624074914389166,1.4272184989509447,1.2833088647253246
A862,2021-05-12,-26.25,-49.5,5,3.6,6.561656243907623,4.8620749829638505,1.349558833810443,0.7404246155425378
A862,2021-05-13,-26.25,-49.5,5,3.1,3.148214012974353,2.069481391574362,1.5212574637258967,1.4979598331356192
A862,2021-05-14,-26.25,-49.5,5,3.7,0.9972654380814545,2.2092785104525845,0.4513986957113698,1.674754895091082
A862,2021-05-15,-26.25,-49.5,5,4.2,3.4412126051624696,2.2933826366449157,1.5004964937716463,1.83135597736292
A862,2021-05-16,-26.25,-49.5,5,5.2,4.516690013510624,2.286395529433763,1.9754631057335932,2.2743221516391814
A862,2021-05-17,-26.25,-49.5,5,7.1,7.207474961052034,4.695217417628581,1.5350673504470687,1.5121770449526926
A862,2021-05-18,-26.25,-49.5,5,4.2,5.64472810788488,2.534093706972971,2.2275135652452365,1.6573972732117273
A862,2021-05-19,-26.25,-49.5,5,5.5,6.859189590394671,3.2947839893296305,2.0818328644938777,1.6693051859582004
A862,2021-05-20,-26.25,-49.5,5,3.4,5.330726153735468,2.7533619815030668,1.9360789425970835,1.2348539795497329
A862,2021-05-21,-26.25,-49.5,5,8.0,7.533121443613041,3.519913603181902,2.140143848077212,2.2727830571660133
A862,2021-05-22,-26.25,-49.5,5,11.7,12.002942358989767,5.753931656980133,2.086041870940354,2.0333922433379357
A862,2021-05-23,-26.25,-49.5,5,10.7,22.318396906577092,7.6479822036602005,2.9182072228013123,1.399061832920996
A862,2021-05-24,-26.25,-49.5,5,10.4,10.909934247750586,6.934343031337709,1.5733190871069358,1.499781587527511
A862,2021-05-25,-26.25,-49.5,5,5.3,-0.0834235226818742,3.005913311336217,-0.027753136581570276,1.7631912337631566
A862,2021-05-26,-26.25,-49.5,5,3.5,1.6796229163978693,2.6009019945855334,0.6457847777019086,1.3456869990819251
A862,2021-05-27,-26.25,-49.5,5,4.8,4.849920228716039,3.606807887614872,1.3446572093206823,1.3308166527200782
A862,2021-05-28,-26.25,-49.5,5,10.5,9.445917439004955,6.999886988631359,1.3494385629862649,1.5000242171128244
A862,2021-05-29,-26.25,-49.5,5,14.1,20.681050414040985,8.48988645697215,2.4359631331767795,1.6607995962561617
A862,2021-05-30,-26.25,-49.5,5,6.1,2.2062042512014393,3.640204292056499,0.606066054044199,1.6757301268258935
A862,2021-05-31,-26.25,-49.5,5,2.6,2.435958467195744,3.1607191342059573,0.7706975418452393,0.8225976082032287
A862,2021-06-01,-26.25,-49.5,5,5.4,0.7062948259708063,2.9010078025992785,0.24346533137138482,1.8614220875799252
A862,2021-06-02,-26.25,-49.5,5,8.3,6.689819242379512,5.943499619725031,1.1255690536561367,1.3964836428111003
A862,2021-06-03,-26.25,-49.5,5,5.3,4.611283197608035,3.429599728016481,1.3445543396619595,1.5453698449717543
A862,2021-06-04,-26.25,-49.5,5,3.9,6.198489463078811,3.5212747478202084,1.7602970250804462,1.1075534513216374
A862,2021-06-05,-26.25,-49.5,5,6.8,7.720165890235855,4.189148630873166,1.8428961515807334,1.6232415221282424
A862,2021-06-06,-26.25,-49.5,5,3.6,5.843541198010863,3.7208495686965093,1.5704857426036647,0.9675209743190867
A862,2021-06-07,-26.25,-49.5,5,4.5,5.121754960518004,5.110093171575177,1.0022821088679352,0.8806101667639228
A862,2021-06-08,-26.25,-49.5,5,3.6,8.008508636162734,5.352708124854336,1.496160158439551,0.6725567537082863
A862,2021-06-09,-26.25,-49.5,5,4.9,4.207723732088107,2.589999000522687,1.6246043844954952,1.8918926219705616
A862,2021-06-10,-26.25,-49.5,5,4.7,4.059880986280111,3.108548826361674,1.3060373869153281,1.5119595227658051
A862,2021-06-11,-26.25,-49.5,5,6.0,7.094127621078924,4.3007626313309775,1.6495045714446859,1.3951014074318144
A862,2021-06-12,-26.25,-49.5,5,4.5,4.627393541916842,2.7085094598141537,1.7084649732899044,1.66143041653204
A862,2021-06-13,-26.25,-49.5,5,3.1,2.7578631052751184,2.50903296468321,1.0991737231413081,1.2355357795753015
A862,2021-06-14,-26.25,-49.5,5,4.0,3.7320078721628707,2.5156600491380416,1.4835104104950885,1.5900399584477036
A862,2021-06-15,-26.25,-49.5,5,2.4,3.495017439567929,2.1555662782624356,1.621391777563528,1.1133965233185026
A862,2021-06-16,-26.25,-49.5,5,4.3,7.521734431053969,4.08071258297821,1.8432404336510297,1.0537375305324121
A862,2021-06-17,-26.25,-49.5,5,4.2,6.208797522171956,4.241464555709237,1.463833409574196,0.9902240004214055
A862,2021-06-18,-26.25,-49.5,5,6.2,5.346107477910808,3.544129578039369,1.5084401854370975,1.749371704245044
A862,2021-06-19,-26.25,-49.5,5,3.9,4.814262604044833,4.47654740764681,1.075440996295748,0.8712071256830755
A862,2021-06-20,-26.25,-49.5,5,3.2,4.060466771017574,3.00239165223457,1.3524107582685017,1.0658169788136593
A862,2021-06-21,-26.25,-49.5,5,4.2,0.6244659306968133,2.7218800188022683,0.22942448836212934,1.5430511157681968
A862,2021-06-22,-26.25,-49.5,5,3.3,1.3435801026934464,3.212079356261566,0.41828982215968513,1.0273718778357834
A862,2021-06-23,-26.25,-49.5,5,5.1,6.327411466758359,3.969945898160933,1.5938281349601051,1.2846522675189507
A862,2021-06-24,-26.25,-49.5,5,7.6,10.61552835929961,5.881070083720455,1.8050334731913389,1.2922818282743749
A862,2021-06-25,-26.25,-49.5,5,5.6,7.07674541569965,5.178253777346151,1.3666277706703038,1.081445645730788
A862,2021-06-26,-26.25,-49.5,5,6.3,8.068615845873572,4.889996836509462,1.6500247578141678,1.2883443917515938
A862,2021-06-27,-26.25,-49.5,5,12.0,18.44517289682956,6.673161787546662,2.764082976566164,1.7982480242565362
A862,2021-06-28,-26.25,-49.5,5,7.1,1.3914474467340847,3.7884364166658333,0.36728805599400405,1.8741241026947582
A862,2021-06-29,-26.25,-49.5,5,10.9,13.99237644176801,6.567412787230769,2.130576666198573,1.6597098969008344
A862,2021-06-30,-26.25,-49.5,5,5.8,6.515443826893703,5.012921361403353,1.2997299094015158,1.1570099712029607
A862,2021-07-01,-26.25,-49.5,5,4.5,0.4579102570370449,3.4928252592009037,0.1311002478096504,1.288355318705385
A862,2021-07-02,-26.25,-49.5,5,7.1,2.337801205649554,3.98566449551413,0.5865524326698226,1.7813842605144155
A862,2021-07-03,-26.25,-49.5,5,2.6,4.438062518875581,2.888255874143696,1.536589108536434,0.900197251661729
A862,2021-07-04,-26.25,-49.5,5,3.6,5.334792898639758,2.698334854930457,1.9770685201993765,1.3341561346331796
A862,2021-07-05,-26.25,-49.5,5,4.8,2.5562061891684187,2.261994824541759,1.1300672138744887,2.1220207703049883
A862,2021-07-06,-26.25,-49.5,5,2.6,4.452808080049352,3.48159938905347,1.278954751097863,0.7467832192798186
A862,2021-07-07,-26.25,-49.5,5,5.4,6.530904739790954,3.603401386606949,1.8124277700688278,1.4985840933709504
A862,2021-07-08,-26.25,-49.5,5,3.8,3.9466825861999477,2.2865838631359026,1.72601698535007,1.6618677588271547
A862,2021-07-09,-26.25,-49.5,5,6.6,2.9873819342170354,2.6450924685042945,1.1294054819589325,2.4951868710026854
A862,2021-07-10,-26.25,-49.5,5,5.9,8.923926383591652,4.006716153500661,2.227241971157561,1.4725275697019817
A862,2021-07-11,-26.25,-49.5,5,3.2,3.1577018861352255,2.1251303150955567,1.4858862365780328,1.505790010743935
A862,2021-07-12,-26.25,-49.5,5,5.3,1.5013181701494778,3.140177795173822,0.47809973449811416,1.6878025212921495
A862,2021-07-13,-26.25,-49.5,5,5.8,8.490559421608594,3.7815365762772046,2.245267036387432,1.5337680551300934
A862,2021-07-14,-26.25,-49.5,5,7.5,8.111582666352312,4.488638735188979,1.8071364493562438,1.6708851931440274
A862,2021-07-15,-26.25,-49.5,5,6.8,11.775607455046266,5.219120388366148,2.256243692192859,1.302901541638657
A862,2021-07-16,-26.25,-49.5,5,5.2,6.109386702041846,3.9528427778351873,1.5455678470945182,1.315508936798096
A862,2021-07-17,-26.25,-49.5,5,7.7,8.954446053721687,5.448487699429609,1.6434736660338078,1.4132361904397979
A862,2021-07-18,-26.25,-49.5,5,11.0,15.471010291426156,7.008453585843824,2.207478454687295,1.5695331167232935
A862,2021-07-19,-26.25,-49.5,5,8.7,17.395089655396855,7.0164684184800725,2.4791802111702554,1.2399400212628076
A862,2021-07-20,-26.25,-49.5,5,3.6,3.643643334597165,2.9899545343718668,1.2186283412375118,1.204031686306659
A862,2021-07-21,-26.25,-49.5,5,2.5,3.1976705771258342,2.3472210711635704,1.362321860693197,1.0650892797075537
A862,2021-07-22,-26.25,-49.5,5,2.7,4.159676105455175,2.9117861539743837,1.4285651093496372,0.9272658970215549
A862,2021-07-23,-26.25,-49.5,5,4.2,3.9688983044258634,2.6585095500577465,1.4929035347417328,1.5798325794649752
A862,2021-07-24,-26.25,-49.5,5,6.4,6.610038653793391,3.084408659200887,2.1430489225464466,2.074952027160409
A862,2021-07-25,-26.25,-49.5,5,8.8,9.72348951725233,5.373921808182648,1.8093842568469785,1.6375377822953443
A862,2021-07-26,-26.25,-49.5,5,11.2,8.431568472677652,6.011437250869533,1.4025877873811385,1.8631151807132245
A862,2021-07-27,-26.25,-49.5,5,7.2,11.338932557932115,5.468934695539478,2.0733347880676414,1.3165269656396514
A862,2021-07-28,-26.25,-49.5,5,10.4,13.494761952180802,6.723711540883907,2.0070405861591682,1.5467647499096613
A862,2021-07-29,-26.25,-49.5,5,12.0,9.406330819125012,6.566200682258529,1.4325378212305238,1.8275408536359943
A862,2021-07-30,-26.25,-49.5,5,3.7,4.247278952183857,2.9512476542127044,1.4391469133812462,1.253707053258815
A862,2021-07-31,-26.25,-49.5,5,6.3,2.3012907036373353,3.5764694137292494,0.6434532041021254,1.7615137363724511
A862,2021-08-01,-26.25,-49.5,5,6.3,3.7783276914869175,3.109918747271173,1.2149281053732501,2.0257763986689343
A862,2021-08-02,-26.25,-49.5,5,3.8,4.833156433845769,2.3849016902235896,2.026564220092716,1.593357082842162
A862,2021-08-03,-26.25,-49.5,5,2.0,6.139848841617739,3.3923968429754074,1.809885200881331,0.5895536673845734
A862,2021-08-04,-26.25,-49.5,5,6.5,6.418011582922741,3.9565192161505225,1.6221358300812492,1.6428581904687791
A862,2021-08-05,-26.25,-49.5,5,9.3,8.492741650820701,4.891745428528398,1.7361372898294105,1.9011618932095071
A862,2021-08-06,-26.25,-49.5,5,7.6,7.387380993969362,4.264137371557768,1.732444419648379,1.7823065576387795
A862,2021-08-07,-26.25,-49.5,5,7.2,8.158227351244157,3.68807604769393,2.2120550785131754,1.9522374015313477
A862,2021-08-08,-26.25,-49.5,5,6.1,3.86173876896605,2.519771591448297,1.5325749294389124,2.420854342791397
A862,2021-08-09,-26.25,-49.5,5,10.7,12.137227457040158,5.123071427805453,2.3691310238552203,2.0885908289167676
A862,2021-08-10,-26.25,-49.5,5,10.1,13.34145218034087,6.064810506837555,2.1998135251380937,1.6653446943829677
A862,2021-08-11,-26.25,-49.5,5,7.3,4.1919411635409505,3.401475055342532,1.2323892121322106,2.1461277478822733
A862,2021-08-12,-26.25,-49.5,5,7.2,3.1947211000985596,4.195854469146943,0.7613994059112533,1.7159794394546357
A862,2021-08-13,-26.25,-49.5,5,7.8,5.965536667375839,3.9936477788725813,1.4937563344807359,1.953101633364864
A862,2021-08-14,-26.25,-49.5,5,7.6,2.2329944298147977,3.0341149272735835,0.7359623756313468,2.5048490852089316
A862,2021-08-15,-26.25,-49.5,5,6.0,2.8772363342164273,2.1708595029571636,1.3253903950472294,2.7638822281344084
A862,2021-08-16,-26.25,-49.5,5,6.0,0.4701503774460511,2.3187635518555862,0.2027590855780936,2.5875859551089246
A862,2021-08-17,-26.25,-49.5,5,6.0,3.926771862573486,2.359563941181641,1.6641938766902016,2.542842724149816
A862,2021-08-18,-26.25,-49.5,5,9.3,9.02867623278318,5.455794999789297,1.6548782043921864,1.704609502438997
A862,2021-08-19,-26.25,-49.5,5,8.3,8.063998504007756,5.17708410257699,1.5576332824096388,1.6032190776789816
A862,2021-08-20,-26.25,-49.5,5,8.4,8.280096702879444,5.566200738195821,1.4875670304271638,1.509108347882312
A862,2021-08-21,-26.25,-49.5,5,9.3,2.809770252106463,3.453236911469761,0.8136627529880576,2.693125388851977
A862,2021-08-22,-26.25,-49.5,5,10.2,9.089074069891137,5.489378222720368,1.6557565722601766,1.8581339427082129
A862,2021-08-23,-26.25,-49.5,5,8.3,10.174453774210816,4.744724407498032,2.1443719171828497,1.7493112954850671
A862,2021-08-24,-26.25,-49.5,5,12.4,11.863677836981182,6.39519005460212,1.8550938651844786,1.9389572310015537
A862,2021-08-25,-26.25,-49.5,5,13.6,18.066079965186212,6.904735281705273,2.616476842067203,1.9696627669469737
A862,2021-08-26,-26.25,-49.5,5,9.5,10.352496023553638,5.323582734781328,1.9446482828032683,1.7845125122095473
A862,2021-08-27,-26.25,-49.5,5,7.3,5.7195164956490725,3.5151917673440543,1.627085198817054,2.0767003575214913
A862,2021-08-28,-26.25,-49.5,5,9.5,8.74017453717769,5.760050118785655,1.5173782097264654,1.6492912047791017
A862,2021-08-29,-26.25,-49.5,5,8.1,7.991391812519312,4.532775165791778,1.7630240901488414,1.7869847287219474
A862,2021-08-30,-26.25,-49.5,5,8.3,6.49786986584028,3.9801848882291178,1.6325547803211078,2.0853302630604365
A862,2021-08-31,-26.25,-49.5,5,9.8,5.0300882007433,4.2972122078489985,1.1705468469897018,2.2805483010822645
A862,2021-09-01,-26.25,-49.5,5,7.2,5.339020840865935,4.003861148452276,1.3334680307107492,1.7982641587816344
A862,2021-09-02,-26.25,-49.5,5,8.8,4.880356669749321,3.1223386316096295,1.5630452828985422,2.818400256433243
A862,2021-09-03,-26.25,-49.5,5,8.9,10.846610694320598,4.708691173838236,2.303529854449789,1.8901218345872672
A862,2021-09-04,-26.25,-49.5,5,6.6,3.603811831743044,3.541402796460754,1.0176226876379781,1.863668263490383
A862,2021-09-05,-26.25,-49.5,5,9.3,8.330170519715802,5.350174238134345,1.5569905107652362,1.738261145536635
A862,2021-09-06,-26.25,-49.5,5,9.2,6.650829672933114,4.902467813883467,1.3566289316777156,1.8766058950853697
A862,2021-09-07,-26.25,-49.5,5,9.9,3.7415295068090897,4.641250623820999,0.8061468362871566,2.133045767705092
A862,2021-09-08,-26.25,-49.5,5,8.5,6.402925315062041,4.829913445477424,1.325681171586529,1.7598659056632013
A862,2021-09-09,-26.25,-49.5,5,10.6,10.043830869786856,5.536285523886278,1.8141822394189742,1.9146411351557555
A862,2021-09-10,-26.25,-49.5,5,8.1,10.667611543333189,4.773346735042384,2.2348285459800077,1.6969226099867805
A862,2021-09-11,-26.25,-49.5,5,4.8,1.200220725561107,2.199446933221406,0.545692058959209,2.1823668157202185
A862,2021-09-12,-26.25,-49.5,5,8.2,2.5958621150834706,2.628124967166062,0.9877240038104501,3.1200951638316328
A862,2021-09-13,-26.25,-49.5,5,9.8,17.953609934530434,6.349052784781913,2.827761958061455,1.5435373326064774
A862,2021-09-14,-26.25,-49.5,5,6.9,8.115499635046655,5.438293905477899,1.4922877976256586,1.2687802682105414
A862,2021-09-15,-26.25,-49.5,5,8.0,8.734068268680632,4.385993111470065,1.9913547620126588,1.82398827282212
A862,2021-09-16,-26.25,-49.5,5,7.6,5.998153052807481,4.3879941772563695,1.3669464476267554,1.7319986520018502
A862,2021-09-17,-26.25,-49.5,5,11.7,5.871952940830956,3.756523484023989,1.5631348947513881,3.114581886618996
A862,2021-09-18,-26.25,-49.5,5,6.8,4.019190929729197,2.6727249527026102,1.5037802246224645,2.5442198955504063
A862,2021-09-19,-26.25,-49.5,5,9.4,2.159724870658059,3.6336935054349886,0.5943607702266895,2.586899524117879
A862,2021-09-20,-26.25,-49.5,5,9.0,8.946111643473055,4.963196755546165,1.8024898234139415,1.8133474136287013
A862,2021-09-21,-26.25,-49.5,5,9.8,6.146822972544203,5.228694018035061,1.1755943169254668,1.8742729955505852
A862,2021-09-22,-26.25,-49.5,5,9.9,8.232612065469436,5.891426349902355,1.3973886078718243,1.6804080051283479
A862,2021-09-23,-26.25,-49.5,5,8.0,6.777168942110956,4.368576730403366,1.5513448338780114,1.8312600404437285
A862,2021-09-24,-26.25,-49.5,5,10.6,6.345053343296361,3.7109233912714235,1.7098314015915164,2.856431912588814
A862,2021-09-25,-26.25,-49.5,5,7.9,4.928666275636588,3.6020495241630175,1.3682949783378748,2.1931958311527286
A862,2021-09-26,-26.25,-49.5,5,7.6,4.920411076736447,3.558162326104569,1.3828517717243245,2.135934030958161
A862,2021-09-27,-26.25,-49.5,5,8.0,4.5071146018056405,3.86282232389964,1.1667931434277223,2.071024584926741
A862,2021-09-28,-26.25,-49.5,5,8.4,5.104550720731568,3.8351030821839,1.3310074361351407,2.190293147274837
A862,2021-09-29,-26.25,-49.5,5,11.5,3.6005478220191653,4.484497731059719,0.8028876449377376,2.5643897465597485
A862,2021-09-30,-26.25,-49.5,5,8.5,6.874121346566082,5.543865197755916,1.2399510271910357,1.53322631355479
A862,2021-10-01,-26.25,-49.5,5,13.5,13.073494183119475,7.14568748140059,1.829564225576376,1.8892513890565408
A862,2021-10-02,-26.25,-49.5,5,6.3,3.129018560043099,3.1764102439147126,0.9850801123808218,1.9833710119999086
A862,2021-10-03,-26.25,-49.5,5,8.3,9.635917830833002,6.159674612223898,1.5643550085763436,1.3474737745933232
A862,2021-10-04,-26.25,-49.5,5,5.7,-1.4042238830644445,3.765237600984536,-0.37294429512157945,1.5138486874001158
A862,2021-10-05,-26.25,-49.5,5,7.2,5.183608398004504,3.88451952422045,1.334427170640816,1.853511085504173
A862,2021-10-06,-26.25,-49.5,5,6.7,6.026409817757895,3.643841870435493,1.6538615099226712,1.8387186486770488
A862,2021-10-07,-26.25,-49.5,5,8.8,7.161899906417366,4.324419190821263,1.65615302087706,2.0349553573988204
A862,2021-10-08,-26.25,-49.5,5,8.0,3.850735792498838,4.834620533370914,0.7964918375535738,1.6547317301906304
A862,2021-10-09,-26.25,-49.5,5,8.8,4.996748648600839,3.826274547719414,1.3059043689321945,2.2998872376382637
A862,2021-10-10,-26.25,-49.5,5,9.9,4.411736675738862,5.204695519570628,0.8476454884152026,1.90212856117599
A862,2021-10-11,-26.25,-49.5,5,8.0,4.9230650486268095,4.844753756078685,1.0161641430072412,1.6512707152479
A862,2021-10-12,-26.25,-49.5,5,8.6,5.077631779029252,3.7525583016015003,1.353112029428628,2.291769856401626
A862,2021-10-13,-26.25,-49.5,5,8.2,6.00547870898241,3.793661379530274,1.5830297193594016,2.1615002446568683
A862,2021-10-14,-26.25,-49.5,5,11.0,14.794346154690562,6.465681938291846,2.2881339193432466,1.7012899961649004
A862,2021-10-15,-26.25,-49.5,5,6.3,12.038266003346344,3.942796093962612,3.0532306810843917,1.5978508271444332
A862,2021-10-16,-26.25,-49.5,5,11.5,7.141182966758865,4.539263689660355,1.5732029366404126,2.533450529916334
A862,2021-10-17,-26.25,-49.5,5,9.0,5.636009526638572,5.1088712593451024,1.1031809651357398,1.76164157269324
A862,2021-10-18,-26.25,-49.5,5,10.0,4.414075025890478,4.9422249580361886,0.8931351897920136,2.02338017490275
A862,2021-10-19,-26.25,-49.5,5,9.4,3.1740439891418757,4.586633303848342,0.6920204382763158,2.0494335119646645
A862,2021-10-20,-26.25,-49.5,5,9.3,5.163916499649146,4.4145864563943364,1.1697395782496087,2.106652591779997
A862,2021-10-21,-26.25,-49.5,5,7.4,4.853719586825252,3.317533783331115,1.4630505380872603,2.2305726130600867
A862,2021-10-22,-26.25,-49.5,5,6.3,5.228923152221872,2.4678067847879412,2.1188543545848115,2.552874089995404
A862,2021-10-23,-26.25,-49.5,5,9.7,7.376926251817387,3.652100931379404,2.0199130282609987,2.656005456107779
A862,2021-10-24,-26.25,-49.5,5,16.5,17.603664787218168,7.47615880316023,2.3546402973378475,2.2070157194929196
A862,2021-10-25,-26.25,-49.5,5,7.4,10.660737389505025,3.8641463063417554,2.758885545303719,1.915041360585979
A862,2021-10-26,-26.25,-49.5,5,8.8,7.2235869242032065,3.8842904655011923,1.859692777448131,2.265536029851087
A862,2021-10-27,-26.25,-49.5,5,8.3,9.465809972548444,4.738207998347352,1.9977615959134847,1.7517171054742577
A862,2021-10-28,-26.25,-49.5,5,9.3,8.14553834468392,5.061345105587281,1.609362368057448,1.8374562109455086
A862,2021-10-29,-26.25,-49.5,5,11.3,3.927958340298474,4.406914491908119,0.8913171216530082,2.564152315809353
A862,2021-10-30,-26.25,-49.5,5,9.8,6.070835426388345,4.599644632695356,1.3198487951080868,2.1305993794258136
A862,2021-10-31,-26.25,-49.5,5,8.9,2.104830635316433,4.6173134428463145,0.4558561296239233,1.927527795148698
A862,2021-11-01,-26.25,-49.5,5,9.7,7.688588462229068,4.4925428930191265,1.7114112531181869,2.159133531050452
A862,2021-11-02,-26.25,-49.5,5,7.4,6.489668874557566,3.789783531154153,1.7124114929543697,1.952618121633554
A862,2021-11-03,-26.25,-49.5,5,8.2,5.681973571866622,3.3807451042158325,1.6806867707302535,2.425500813348659
A862,2021-11-04,-26.25,-49.5,5,8.0,6.306044996238148,3.2739025866848195,1.9261553541285115,2.4435669016349277
A862,2021-11-05,-26.25,-49.5,5,7.1,5.732733536114434,3.1955749665439472,1.793959959047512,2.2218223869987113
A862,2021-11-06,-26.25,-49.5,5,6.8,5.963765990477124,4.829034057749012,1.2349811409814433,1.4081491078093011
A862,2021-11-07,-26.25,-49.5,5,8.0,6.363254005769819,4.197452982374951,1.5159798174009422,1.9059177157175775
A862,2021-11-08,-26.25,-49.5,5,14.8,6.850683730060672,3.5213873397146687,1.945450207308285,4.202888967391817
A862,2021-11-09,-26.25,-49.5,5,10.2,7.788510281230296,5.180409498009626,1.5034545597645772,1.9689563158894987
A862,2021-11-10,-26.25,-49.5,5,10.2,8.458404923562982,5.621946059907732,1.5045332760986685,1.8143183679295924
A862,2021-11-11,-26.25,-49.5,5,9.2,8.752512226493478,5.263904591911507,1.662741425812039,1.7477520421127466
A862,2021-11-12,-26.25,-49.5,5,9.6,9.532415279394067,4.928808527276607,1.9340202052160391,1.9477323874263868
A862,2021-11-13,-26.25,-49.5,5,9.2,7.227263184933664,4.494935145790109,1.60786817841023,2.046748106836777
A862,2021-11-14,-26.25,-49.5,5,8.8,8.444616554263652,4.203445826485271,2.008974756152538,2.093520498004885
A862,2021-11-15,-26.25,-49.5,5,10.1,9.035784694618938,4.3460836432787495,2.0790636895801224,2.3239313434797153
A862,2021-11-16,-26.25,-49.5,5,7.5,7.707256989657713,3.5012742102558763,2.201272030360187,2.1420772980394167
A862,2021-11-17,-26.25,-49.5,5,8.1,7.644764361586582,3.8350271375778986,1.9934055450816999,2.1121102170650468
A862,2021-11-18,-26.25,-49.5,5,12.4,8.245523254800556,4.629140790900507,1.7812211006864955,2.6786828398856772
A862,2021-11-19,-26.25,-49.5,5,8.9,5.425504014667177,5.75686813692094,0.9424402097854906,1.54597947848084
A862,2021-11-20,-26.25,-49.5,5,9.3,9.804232481675069,5.380038479381638,1.8223350110317298,1.728612171760695
A862,2021-11-21,-26.25,-49.5,5,7.4,5.787071051726918,3.368241988320567,1.718128053683102,2.1969917914626143
A862,2021-11-22,-26.25,-49.5,5,6.7,5.781080425023316,2.181409991392768,2.6501576722550273,3.0714079546881705
A862,2021-11-23,-26.25,-49.5,5,15.0,12.331844478091357,4.508088542790231,2.7354929613824086,3.32735257030154
A862,2021-11-24,-26.25,-49.5,5,7.9,12.902032326730673,4.76755666552148,2.7062147829383876,1.6570332676131687
A862,2021-11-25,-26.25,-49.5,5,7.5,8.124526085976507,2.9222464297491144,2.780233043752586,2.566518663056046
A862,2021-11-26,-26.25,-49.5,5,13.5,26.775984025437417,8.522589882345843,3.1417661057353765,1.5840255352383712
A862,2021-11-27,-26.25,-49.5,5,7.3,6.8337752012535935,3.8088168663303876,1.7941989444710709,1.9166056694747835
A862,2021-11-28,-26.25,-49.5,5,7.1,8.105467328214422,3.955418954957411,2.0492057656890346,1.7950058087023673
A862,2021-11-29,-26.25,-49.5,5,10.6,22.640953403513322,7.572381610415008,2.9899382477466654,1.3998237998756986
A862,2021-11-30,-26.25,-49.5,5,13.0,15.475222944717347,5.406478154918252,2.862348186987419,2.404522801627146
A862,2021-12-01,-26.25,-49.5,5,9.6,8.456859450651441,5.070209138086515,1.667950812349141,1.8934130207542124
A862,2021-12-02,-26.25,-49.5,5,10.0,6.516069199994832,5.195643421282958,1.254140954574173,1.9246894348131967
A862,2021-12-03,-26.25,-49.5,5,8.9,6.068675697865612,4.6626491242677215,1.3015510144822897,1.9087861348344035
A862,2021-12-04,-26.25,-49.5,5,10.4,4.376033697984797,4.560306500108043,0.9595920138001952,2.280548467466738
A862,2021-12-05,-26.25,-49.5,5,9.5,6.366765031778677,3.715870583610241,1.7133979476736505,2.55660141714894
A862,2021-12-06,-26.25,-49.5,5,10.6,4.2670632048521,5.366995894499401,0.795056170850696,1.9750341174778745
A862,2021-12-07,-26.25,-49.5,5,10.7,3.6543386841305803,6.1380276196652614,0.5953604171513764,1.7432309958526264
A862,2021-12-08,-26.25,-49.5,5,8.6,9.36136107319867,4.863011116210393,1.92501329926914,1.7684516433311666
A862,2021-12-09,-26.25,-49.5,5,8.3,7.172548262671993,4.2454047082934006,1.6894851623121858,1.9550550702000085
A862,2021-12-10,-26.25,-49.5,5,8.7,5.428757923095605,4.103218875312157,1.3230485840662367,2.1202866004407666
A862,2021-12-11,-26.25,-49.5,5,10.6,15.237298050937369,5.069598936660819,3.0056219912681463,2.090895183708926
A862,2021-12-12,-26.25,-49.5,5,8.9,8.171785657970064,3.192443367655639,2.5597276809239027,2.7878333223294383
A862,2021-12-13,-26.25,-49.5,5,11.2,7.315497618953119,3.5287653579401566,2.073104011433446,3.1739146313025945
A862,2021-12-14,-26.25,-49.5,5,7.5,6.335408152697379,4.061412395753431,1.5599026977220078,1.8466482270655202
A862,2021-12-15,-26.25,-49.5,5,7.5,7.795667412256374,4.590840444320855,1.6980915600976902,1.6336877944163688
A862,2021-12-16,-26.25,-49.5,5,9.7,6.78804450558456,4.961686850374709,1.3680920844635578,1.9549802904767057
A862,2021-12-17,-26.25,-49.5,5,9.8,10.947906596239882,5.091871829632603,2.150075053446468,1.924636033249703
A862,2021-12-18,-26.25,-49.5,5,9.7,5.017066880130979,5.463875850354436,0.9182249043607986,1.7752965597435328
A862,2021-12-19,-26.25,-49.5,5,8.5,7.637606996628931,4.399702446542953,1.7359371660758893,1.9319488313758213
A862,2021-12-20,-26.25,-49.5,5,7.5,7.29447829458407,3.725978173035463,1.9577351116475912,2.012894239230053
A862,2021-12-21,-26.25,-49.5,5,10.0,5.51355754898768,2.9811050823868546,1.8495012408530025,3.3544607531893473
A862,2021-12-22,-26.25,-49.5,5,12.4,9.482026187984866,3.7498759682577965,2.5286239513650486,3.306776038718176
A862,2021-12-23,-26.25,-49.5,5,8.7,9.76389451900967,4.876481955069385,2.00224149478489,1.7840730428533311
A862,2021-12-24,-26.25,-49.5,5,9.8,7.214849420685774,4.548415373002559,1.5862336284214549,2.1545965344696953
A862,2021-12-25,-26.25,-49.5,5,7.0,8.079945520919711,3.984289431646539,2.0279514476890323,1.7569004762556104
A862,2021-12-26,-26.25,-49.5,5,9.4,7.632056835311485,3.782341076817336,2.017812957718109,2.485233301040546
A862,2021-12-27,-26.25,-49.5,5,14.6,6.153952461989514,4.119220721361193,1.493960357617337,3.5443597193731926
A862,2021-12-28,-26.25,-49.5,5,12.3,8.657922993832692,4.353702854539,1.9886343379650453,2.825181325173927
A862,2021-12-29,-26.25,-49.5,5,12.1,15.280333386124994,5.363861065688204,2.8487563713890616,2.255837698221127
A862,2021-12-30,-26.25,-49.5,5,8.0,8.652852716613289,4.131047833260569,2.094590299087322,1.936554676416257
A862,2021-12-31,-26.25,-49.5,5,5.8,4.9876673772745965,3.840552558617788,1.2986848379623932,1.5101993558154598
A862,2022-01-01,-26.25,-49.5,5,6.0,8.70338799432692,3.9390088420910705,2.2095375621717626,1.5232258267322973
A862,2022-01-02,-26.25,-49.5,5,10.9,8.407233724632361,3.248909135494229,2.5877097124027264,3.354972252353212
A862,2022-01-03,-26.25,-49.5,5,9.0,6.832523597467199,4.319470309317746,1.5817966343531569,2.083588809624562
A862,2022-01-04,-26.25,-49.5,5,7.2,5.143642506207285,3.484718036344043,1.4760570159655402,2.066164299351407
A862,2022-01-05,-26.25,-49.5,5,11.2,7.33911340696251,4.66875017091851,1.5719653308239976,2.3989289617089447
A862,2022-01-06,-26.25,-49.5,5,10.0,7.672202240455621,6.3445565000685,1.2092574540667715,1.576154298553734
A862,2022-01-07,-26.25,-49.5,5,9.2,7.573842831242641,5.250126922476749,1.4426018538366456,1.7523385883516691
A862,2022-01-08,-26.25,-49.5,5,9.7,7.288042093512173,5.3946975218667035,1.3509639908393463,1.798061885894865
A862,2022-01-09,-26.25,-49.5,5,10.3,6.732682845161187,5.061170779985888,1.3302619369781392,2.035102241704778
A862,2022-01-10,-26.25,-49.5,5,9.3,3.9054050479443685,5.368804103606771,0.7274255071666167,1.7322293420525896
A862,2022-01-11,-26.25,-49.5,5,6.8,4.793311344329272,4.62823823190889,1.0356665115642283,1.4692415686638887
A862,2022-01-12,-26.25,-49.5,5,7.8,6.959100778402078,3.9366154358910634,1.7677878095366628,1.9813975042838923
A862,2022-01-13,-26.25,-49.5,5,7.4,4.778890145652671,3.025286953007436,1.5796485490085423,2.446048958312422
A862,2022-01-14,-26.25,-49.5,5,10.1,5.1677368245127955,2.361147330782073,2.188654963263604,4.277581440313857
A862,2022-01-15,-26.25,-49.5,5,12.9,5.326175432071675,3.7345281464430875,1.4261976943846402,3.4542516468342783
A862,2022-01-16,-26.25,-49.5,5,13.7,4.679144620848946,3.983963213238925,1.1744949364240853,3.4387867725470356
A862,2022-01-17,-26.25,-49.5,5,14.3,5.4412759608626535,3.3850327918806453,1.6074514769588413,4.224479016658286
A862,2022-01-18,-26.25,-49.5,5,11.9,7.288584816689745,3.3203106709433174,2.1951514599141473,3.5840019743149965
A862,2022-01-19,-26.25,-49.5,5,7.2,9.626643193537586,3.2665314336484896,2.9470535915784195,2.2041728806993595
A862,2022-01-20,-26.25,-49.5,5,10.5,11.227055331659974,3.1757377024233215,3.535259011817287,3.306318400284673
A862,2022-01-21,-26.25,-49.5,5,8.9,10.762920882328315,3.967288125403834,2.7129163655671586,2.2433460133662617
A862,2022-01-22,-26.25,-49.5,5,7.9,7.987801268824697,3.357771606230134,2.378899521934081,2.3527508498023053
A862,2022-01-23,-26.25,-49.5,5,6.7,7.255724687860914,3.358943285273753,2.160121226122332,1.9946749411858413
A862,2022-01-24,-26.25,-49.5,5,8.1,6.435382030404134,3.880299006966511,1.6584758078824196,2.0874679980737647
A862,2022-01-25,-26.25,-49.5,5,7.7,9.078806363587224,4.02984028594434,2.252894834381687,1.9107457004826696
A862,2022-01-26,-26.25,-49.5,5,12.1,8.767340326996983,3.81739760213877,2.296679895771117,3.1696986431858036
A862,2022-01-27,-26.25,-49.5,5,10.5,11.862833528086888,5.654543874238438,2.097929345306316,1.8569137022416604
A862,2022-01-28,-26.25,-49.5,5,12.8,4.0658974561546595,6.426265044845182,0.632699931885958,1.99182572002185
A862,2022-01-29,-26.25,-49.5,5,9.5,5.215000870458312,5.385682032038227,0.9683083478444195,1.763936293209775
A862,2022-01-30,-26.25,-49.5,5,11.1,4.270815482520916,5.512095520196119,0.7748079594906879,2.0137532013605353
A862,2022-01-31,-26.25,-49.5,5,7.7,3.9445721782396626,3.840786541447931,1.0270219747105773,2.004797693624804
A862,2022-02-01,-26.25,-49.5,5,8.2,8.355710108520144,4.49408452947792,1.8592685682062218,1.824620775647181
A862,2022-02-02,-26.25,-49.5,5,7.8,7.8696912012576625,3.889442493974779,2.02334684558231,2.0054288017069672
A862,2022-02-03,-26.25,-49.5,5,7.8,6.660239369809221,3.6470093523524367,1.8262194379932575,2.1387386887200472
A862,2022-02-04,-26.25,-49.5,5,11.4,6.257861367074883,4.360918134252015,1.4349871229922164,2.614128412652564
A862,2022-02-05,-26.25,-49.5,5,12.0,9.690172517093192,6.558872638427885,1.4774143440931118,1.8295827136043177
A862,2022-02-06,-26.25,-49.5,5,8.2,4.129179250444732,3.913277792755343,1.055171513274393,2.0954300804253334
A862,2022-02-07,-26.25,-49.5,5,8.4,4.192864414574323,3.527492407749294,1.1886246460412844,2.3812949906133447
A862,2022-02-08,-26.25,-49.5,5,9.1,9.73436183137616,4.354907190387706,2.2352627520655695,2.0895967703022045
A862,2022-02-09,-26.25,-49.5,5,8.5,7.554150220209905,4.296959033843341,1.7580223969352637,1.9781431317015192
A862,2022-02-10,-26.25,-49.5,5,8.0,6.80940092507706,4.049935393849256,1.6813603830368944,1.9753401528700463
A862,2022-02-11,-26.25,-49.5,5,7.1,7.727824344626725,3.9060462481884746,1.9784262278539828,1.8176948118043406
A862,2022-02-12,-26.25,-49.5,5,7.5,7.399392384294638,3.9613234359978,1.8679091732459958,1.8933066489459371
A862,2022-02-13,-26.25,-49.5,5,6.8,4.760768896621972,2.7941706087236087,1.703821835989004,2.433638081643939
A862,2022-02-14,-26.25,-49.5,5,10.4,5.090287395215055,2.9598784887135308,1.7197622857239239,3.513657753065469
A862,2022-02-15,-26.25,-49.5,5,8.3,10.483402380551091,4.320578730143518,2.426388462131521,1.921038943716759
A862,2022-02-16,-26.25,-49.5,5,8.9,8.696720795327222,4.558915966582721,1.9076291072428173,1.9522184802786078
A862,2022-02-17,-26.25,-49.5,5,17.4,7.634770159696069,4.039122075728914,1.8902053507056413,4.307866826941579
A862,2022-02-18,-26.25,-49.5,5,11.9,7.832448172186901,4.781905597793771,1.6379345037259956,2.488547662984043
A862,2022-02-19,-26.25,-49.5,5,7.6,9.869704474029383,3.004230155684159,3.285269091436084,2.529766231665176
A862,2022-02-20,-26.25,-49.5,5,8.0,12.82593882988366,4.341911428441224,2.9539844470038528,1.8425064932455462
A862,2022-02-21,-26.25,-49.5,5,9.5,7.563795145848427,3.8237714111904038,1.9780981477377833,2.484458137899643
A862,2022-02-22,-26.25,-49.5,5,10.0,6.350878831952804,3.064449169171274,2.0724373227800306,3.263229196490253
A862,2022-02-23,-26.25,-49.5,5,9.2,8.87474480650779,4.446534304041928,1.9958790823767152,2.069027105365439
A862,2022-02-24,-26.25,-49.5,5,7.7,13.162281396762333,4.751635099667718,2.7700530702963224,1.6204948062064912
A862,2022-02-25,-26.25,-49.5,5,7.0,2.809194591516611,2.7300685777690332,1.0289831597608579,2.5640381553053455
A862,2022-02-26,-26.25,-49.5,5,8.2,3.4473459965031092,3.2384084425557886,1.0645185922818385,2.5321080232635715
A862,2022-02-27,-26.25,-49.5,5,9.3,8.23689743376476,3.6301825782274677,2.2690036261996065,2.561854617389787
A862,2022-02-28,-26.25,-49.5,5,8.6,5.20174609874302,3.1483544676012816,1.6522110684398919,2.731585686586398
A862,2022-03-01,-26.25,-49.5,5,8.9,4.945902160090451,3.45673642766949,1.4308010644088789,2.574682850783716
A862,2022-03-02,-26.25,-49.5,5,7.1,2.7886030733865836,3.2300038538336393,0.8633435746761836,2.198139792177995
A862,2022-03-03,-26.25,-49.5,5,10.1,1.7947375028415247,2.6575291275414954,0.6753406704903562,3.800522784615197
A862,2022-03-04,-26.25,-49.5,5,10.7,3.440997439969629,2.0370673092305336,1.6891918221737137,5.252649213658893
A862,2022-03-05,-26.25,-49.5,5,8.6,5.487868794503217,3.0998884781032032,1.7703439440702717,2.774293353050646
A862,2022-03-06,-26.25,-49.5,5,9.4,7.979875197809958,3.8493241973393286,2.073058747123894,2.441987091265871
A862,2022-03-07,-26.25,-49.5,5,16.1,5.62427650570802,3.3547800490984763,1.676496349505662,4.799122375944296
A862,2022-03-08,-26.25,-49.5,5,10.1,8.038087553531795,3.4090472306349313,2.357869225541563,2.9627046258666487
A862,2022-03-09,-26.25,-49.5,5,18.0,12.973212658977863,3.694037817669738,3.511932822377435,4.872716763726774
A862,2022-03-10,-26.25,-49.5,5,18.0,7.552955440868427,3.129696680573348,2.4133186732602967,5.751356069656715
A862,2022-03-11,-26.25,-49.5,5,12.3,21.37358862668316,5.475636575934818,3.9033979575304802,2.246314164467737
A862,2022-03-12,-26.25,-49.5,5,11.5,15.729709792883021,5.566974817254489,2.825539958278556,2.0657539107876817
A862,2022-03-13,-26.25,-49.5,5,8.4,12.79601600689009,5.584203367156218,2.2914666901550405,1.5042432103037358
A862,2022-03-14,-26.25,-49.5,5,6.6,7.791760463085145,3.3481843536960576,2.3271599290773306,1.9712176220865096
A862,2022-03-15,-26.25,-49.5,5,10.7,10.004943102046793,4.96322231922932,2.0158160280840174,2.155857487693897
A862,2022-03-16,-26.25,-49.5,5,10.2,9.625327793373193,6.5615631676057395,1.4669260277631977,1.5545076286634143
A862,2022-03-17,-26.25,-49.5,5,6.8,8.923279322446295,4.805368004680119,1.8569398459713375,1.4150841295353942
A862,2022-03-18,-26.25,-49.5,5,8.8,7.16061447696375,4.713959081234964,1.5190234691404685,1.8667960091190643
A862,2022-03-19,-26.25,-49.5,5,12.9,6.286986316863794,5.132388558019406,1.2249630451381779,2.513449606196247
A862,2022-03-20,-26.25,-49.5,5,9.0,1.8774592995023427,4.450610277118179,0.42184311422522913,2.022194584475638
A862,2022-03-21,-26.25,-49.5,5,11.0,5.681051408224408,5.526781793484634,1.0279131003365536,1.9903083586487142
A862,2022-03-22,-26.25,-49.5,5,10.1,7.514127418898303,4.843415866852012,1.5514107451157453,2.085305139524291
A862,2022-03-23,-26.25,-49.5,5,8.3,7.440475108573644,4.029726515021697,1.8463970398084402,2.0596931253423563
A862,2022-03-24,-26.25,-49.5,5,12.4,19.984353293791518,9.188682661938872,2.1748877427849584,1.3494861511936815
A862,2022-03-25,-26.25,-49.5,5,9.9,10.860529870607836,5.669919927100163,1.9154644175305613,1.7460564041974538
A862,2022-03-26,-26.25,-49.5,5,10.3,11.468117035450879,5.459519034341282,2.1005727726773213,1.8866130762089643
A862,2022-03-27,-26.25,-49.5,5,7.5,3.0191734541196937,3.7261036030132226,0.8102763035569249,2.012826480169501
A862,2022-03-28,-26.25,-49.5,5,6.9,7.394299723830309,3.8278384180779903,1.9317167853556074,1.8025839250196418
A862,2022-03-29,-26.25,-49.5,5,6.6,5.6602493496933315,3.7248166156470495,1.5196048379713512,1.7718993123782265
A862,2022-03-30,-26.25,-49.5,5,21.5,10.535126427467414,6.343534350913891,1.6607660406141973,3.389277776497351
A862,2022-03-31,-26.25,-49.5,5,9.0,9.88422364412884,4.0877081935238895,2.418035529000897,2.201722719410011
A862,2022-04-01,-26.25,-49.5,5,8.9,4.723729062077148,4.618704935403152,1.0227388690429147,1.9269470824559498
A862,2022-04-02,-26.25,-49.5,5,7.5,10.762424366723053,5.015737034916375,2.1457313834042515,1.4952937021597752
A862,2022-04-03,-26.25,-49.5,5,7.7,4.1636281212010395,4.465398744076436,0.9324202293746533,1.7243700823391004
A862,2022-04-04,-26.25,-49.5,5,8.7,2.6785573629579416,5.168737292473216,0.5182227711318377,1.6831963993737997
A862,2022-04-05,-26.25,-49.5,5,5.8,3.9189522975761095,3.4594218197521833,1.1328344740153269,1.6765807415805352
A862,2022-04-06,-26.25,-49.5,5,6.1,5.745110686667881,3.4037061705834732,1.6878985431586293,1.7921640982759448
A862,2022-04-07,-26.25,-49.5,5,6.2,3.0388614937412823,2.9164530342748374,1.041971688906995,2.1258699958943796
A862,2022-04-08,-26.25,-49.5,5,5.4,3.1731113045048476,3.517652776228891,0.9020535869678957,1.5351145617587318
A862,2022-04-09,-26.25,-49.5,5,6.6,4.582723440369258,4.34041097503002,1.0558270787566522,1.520593335048037
A862,2022-04-10,-26.25,-49.5,5,6.6,3.2839896216218243,3.6778470252620155,0.8929108793990331,1.7945281450442614
A862,2022-04-11,-26.25,-49.5,5,8.2,5.691145831389387,3.3683064922615658,1.6896163827325015,2.4344577961770675
A862,2022-04-12,-26.25,-49.5,5,6.0,8.568474721439873,4.70965461028445,1.8193424848456905,1.273978772646688
A862,2022-04-13,-26.25,-49.5,5,5.1,3.7490938725137486,2.995251571795378,1.251679126994502,1.702695041719991
A862,2022-04-14,-26.25,-49.5,5,10.0,3.4498047118188313,2.758862017873751,1.25044481727201,3.6246829073775055
A862,2022-04-15,-26.25,-49.5,5,5.6,3.9687269480302607,2.5549299832451227,1.5533603558831839,2.1918408867264563
A862,2022-04-16,-26.25,-49.5,5,5.2,4.27015174735687,3.0743386032129822,1.3889659853648348,1.6914207155208913
A862,2022-04-17,-26.25,-49.5,5,5.9,6.956956353250181,3.6123407493063873,1.9258859659310934,1.6332899937894483
A862,2022-04-18,-26.25,-49.5,5,7.2,3.077522586868135,3.349555658272575,0.9187853258289392,2.1495388447174415
A862,2022-04-19,-26.25,-49.5,5,4.3,3.88446055986378,2.4432530246584356,1.5898724039876402,1.7599487063363548
A862,2022-04-20,-26.25,-49.5,5,5.2,4.9130826032097215,2.5270128122813253,1.9442254425193477,2.057765585804675
A862,2022-04-21,-26.25,-49.5,5,6.8,5.89308931487716,3.37121781022691,1.7480594985586253,2.01707524781447
A862,2022-04-22,-26.25,-49.5,5,11.5,13.355407335946108,5.756606401493471,2.3200139812374934,1.9977047583132461
A862,2022-04-23,-26.25,-49.5,5,14.4,22.74078893106982,8.183414692530151,2.778887516457853,1.7596566398064086
A862,2022-04-24,-26.25,-49.5,5,6.5,2.7994684665107443,2.9313340837685664,0.9550151523198974,2.217420401172255
A862,2022-04-25,-26.25,-49.5,5,5.4,5.6048653222754945,3.76312630915917,1.4894172721850096,1.4349770792590197
A862,2022-04-26,-26.25,-49.5,5,5.1,2.563006850037625,2.5794697139119442,0.9936177332164322,1.9771505641233122
A862,2022-04-27,-26.25,-49.5,5,9.2,7.012937420034701,4.402354749634726,1.5929968889073698,2.089790696845443
A862,2022-04-28,-26.25,-49.5,5,12.2,13.837194447377133,6.753881766787588,2.048776529583616,1.8063686071606788
A862,2022-04-29,-26.25,-49.5,5,9.6,6.018139588209942,4.148909538254532,1.4505352629939008,2.3138610064847955
A862,2022-04-30,-26.25,-49.5,5,9.6,5.486767020860717,4.293375309487768,1.2779611902867467,2.236002983197235
A862,2022-05-01,-26.25,-49.5,5,15.2,11.977501379874138,5.752324357564968,2.082202017019841,2.642410103319409
A862,2022-05-02,-26.25,-49.5,5,7.9,9.632628366622109,5.339034867571025,1.8041890726599505,1.4796681789782127
A862,2022-05-03,-26.25,-49.5,5,9.7,16.966048534720077,6.644956076479023,2.553222073923762,1.4597538175361062
A862,2022-05-04,-26.25,-49.5,5,9.6,5.382561712715708,6.493231151631954,0.8289496534191456,1.4784626907340603
A862,2022-05-05,-26.25,-49.5,5,5.1,3.4015644500535327,3.5241845771133358,0.965206099630502,1.4471432719841866
A862,2022-05-06,-26.25,-49.5,5,6.6,1.3282588960118347,2.425390942406952,0.5476473391517137,2.721210788991475
A862,2022-05-07,-26.25,-49.5,5,6.5,3.7179647184466775,3.2061462009469035,1.1596366745061761,2.0273560819155065
A862,2022-05-08,-26.25,-49.5,5,7.9,5.723411962327922,3.555288395291961,1.6098305751812052,2.222041961620177
A862,2022-05-09,-26.25,-49.5,5,6.5,5.007561480708427,2.706306919073761,1.850330221386078,2.401797059375896
A862,2022-05-10,-26.25,-49.5,5,5.4,3.7511876369652306,2.908321378291088,1.289811939273852,1.856741156705662
A862,2022-05-11,-26.25,-49.5,5,9.6,5.0894075451664476,4.184286223224811,1.2163143899950666,2.2942981162988705
A862,2022-05-12,-26.25,-49.5,5,5.7,2.9539563598166767,2.187310481483197,1.3504970532640723,2.6059400566374453
A862,2022-05-13,-26.25,-49.5,5,5.3,4.422656730746881,3.1352697650741224,1.41061441666482,1.6904446497842907
A862,2022-05-14,-26.25,-49.5,5,7.5,4.947090407452925,3.7514522773041152,1.3187134053076703,1.9992257519505705
A862,2022-05-15,-26.25,-49.5,5,11.4,9.664385442389035,6.1554766984463525,1.570046629342019,1.8520092851423464
A862,2022-05-16,-26.25,-49.5,5,9.0,11.411236837625433,5.556543555631177,2.0536574083111296,1.6197119504046926
A862,2022-05-17,-26.25,-49.5,5,14.6,30.227140796165315,8.58428724724842,3.5212173038424623,1.7007818563713413
A862,2022-05-18,-26.25,-49.5,5,15.0,36.20198391267526,10.357435100242782,3.495265339565263,1.4482349978372921
A862,2022-05-19,-26.25,-49.5,5,9.1,7.9678193229544565,6.321233204404467,1.260484950531914,1.4395925139511325
A862,2022-05-20,-26.25,-49.5,5,6.3,3.486270738711449,2.816972221738706,1.2375950006917837,2.2364437786722235
A862,2022-05-21,-26.25,-49.5,5,4.6,6.258523607204617,2.798422745167417,2.2364468049055244,1.6437830945820169
A862,2022-05-22,-26.25,-49.5,5,4.4,2.710217149032845,2.423582181404375,1.1182691347657852,1.8154944502234147
A862,2022-05-23,-26.25,-49.5,5,6.0,5.058796199760686,2.670193015231768,1.894543267435516,2.2470285727562698
A862,2022-05-24,-26.25,-49.5,5,6.0,4.1452385738224375,2.8417970854392087,1.4586680361739401,2.111340049837753
A862,2022-05-25,-26.25,-49.5,5,7.6,2.6135618763212602,3.739987398968639,0.6988156904063344,2.0320924081444285
A862,2022-05-26,-26.25,-49.5,5,5.1,5.083912515848355,3.271316367468477,1.5540876958294816,1.559005436073631
A862,2022-05-27,-26.25,-49.5,5,9.2,10.957978768984729,5.32583364984584,2.0575142765305703,1.7274290946481778
A862,2022-05-28,-26.25,-49.5,5,6.5,5.666519298788422,3.973977905888753,1.425906090316107,1.6356406990507208
A862,2022-05-29,-26.25,-49.5,5,17.6,16.59770493690672,5.384114118991269,3.082717893805779,3.2688757353637627
A862,2022-05-30,-26.25,-49.5,5,5.0,5.196867428394834,3.5664525563063525,1.4571531084033387,1.4019533194571139
A862,2022-05-31,-26.25,-49.5,5,6.9,1.6592688148465593,3.771825146090089,0.43991138257471285,1.829353093727743
A862,2022-06-01,-26.25,-49.5,5,7.3,3.6578564842767025,3.525622195704902,1.037506653076128,2.070556513086752
A862,2022-06-02,-26.25,-49.5,5,6.1,4.900420165554922,3.5121661963038617,1.395270010488693,1.7368198596124311
A862,2022-06-03,-26.25,-49.5,5,6.0,3.728272221746571,3.4228039400131807,1.0892450421020066,1.7529487826804637
A862,2022-06-04,-26.25,-49.5,5,6.0,3.516217315047606,2.8399819206176575,1.23811257019653,2.1126895056765296
A862,2022-06-05,-26.25,-49.5,5,7.3,6.01708453395036,4.076910570081461,1.475893186891792,1.7905715307005468
A862,2022-06-06,-26.25,-49.5,5,16.0,7.250829039823655,4.265939860859422,1.6997025922355344,3.750638903000526
A862,2022-06-07,-26.25,-49.5,5,6.4,2.3328660525592166,4.63024913974599,0.5038316475314317,1.38221504002074
A862,2022-06-08,-26.25,-49.5,5,7.2,4.211600886929605,3.992212285686422,1.0549541421005526,1.8035113077064313
A862,2022-06-09,-26.25,-49.5,5,6.4,3.4136916910135935,2.6862724657395693,1.2707913045126475,2.38248356472581
A862,2022-06-10,-26.25,-49.5,5,8.2,5.708305483144015,4.9713215789822565,1.1482470792631032,1.6494607861756405
A862,2022-06-11,-26.25,-49.5,5,7.0,9.434668770852587,4.31236805019661,2.1878162209328216,1.6232380721030655
A862,2022-06-12,-26.25,-49.5,5,10.0,9.93155730213481,5.35787512831144,1.8536373215672137,1.8664115457187873
A862,2022-06-13,-26.25,-49.5,5,4.5,1.1223674655272273,2.9845408739464583,0.3760603432591362,1.5077696001025613
A862,2022-06-14,-26.25,-49.5,5,6.6,2.1408117909995545,2.786081006159782,0.7683953863029849,2.3689189170767024
A862,2022-06-15,-26.25,-49.5,5,4.7,1.9814067810474052,2.866804629824247,0.6911551489886067,1.639455982142787
A862,2022-06-16,-26.25,-49.5,5,5.6,4.298852876303651,2.7918805825248847,1.5397696102087255,2.0058164504068956
A862,2022-06-17,-26.25,-49.5,5,15.9,21.459498145520335,7.607239427830251,2.8209310813871737,2.0901143116163263
A862,2022-06-18,-26.25,-49.5,5,8.2,6.703682390840013,5.994533657707897,1.1182992328719814,1.3679129133683765
A862,2022-06-19,-26.25,-49.5,5,7.3,2.0074753679725554,3.141596635302355,0.6389984460176732,2.323659224093048
A862,2022-10-28,-26.25,-49.5,5,7.8,5.319658135373211,3.2314220075582556,1.6462282310792578,2.4137980064986553
A862,2022-10-29,-26.25,-49.5,5,13.5,8.338528774146111,5.892718936554593,1.4150562522877692,2.290962821297107
A862,2022-10-30,-26.25,-49.5,5,15.1,17.5763162453885,7.1277031812533,2.4659158495286793,2.1184945018073678
A862,2022-10-31,-26.25,-49.5,5,6.2,10.206688549870607,5.046838286403967,2.0223926289390177,1.2284919088258912
A862,2022-11-01,-26.25,-49.5,5,8.4,6.664152417216868,4.925654011134437,1.3529477308297653,1.705357294891563
A862,2022-11-02,-26.25,-49.5,5,11.1,10.464432322107095,5.303973935623799,1.972941882655835,2.092770465074793
A862,2022-11-03,-26.25,-49.5,5,8.9,8.395259612492424,4.293612357643007,1.9552905370108982,2.072846651877461
A862,2022-11-04,-26.25,-49.5,5,8.4,5.00990238181401,4.168785928029348,1.2017653264777428,2.0149751378504615
A862,2022-11-05,-26.25,-49.5,5,8.6,6.5001615636461505,4.316351122444771,1.505939016370956,1.992423636548127
A862,2022-11-06,-26.25,-49.5,5,12.0,5.694846852947251,4.157952871609879,1.3696275616376372,2.8860355974534726
A862,2022-11-07,-26.25,-49.5,5,10.4,8.212051155029043,4.427356088203176,1.8548431595349424,2.349031745540214
A862,2022-11-08,-26.25,-49.5,5,12.2,9.768215459339777,3.814861521152414,2.560568818862117,3.1980190977717475
A862,2022-11-09,-26.25,-49.5,5,8.3,9.792823568314631,4.018802113870889,2.436751870542398,2.0652920359906664
A862,2022-11-10,-26.25,-49.5,5,8.1,10.072195801751086,4.71328876081255,2.1369782996309956,1.7185452475022123
A862,2022-11-11,-26.25,-49.5,5,8.3,5.996446408422226,4.386375615197217,1.3670617690939855,1.8922228117545339
A862,2022-11-12,-26.25,-49.5,5,8.2,8.023092658527938,3.440975115283791,2.3316334439303965,2.3830454232516916
A862,2022-11-13,-26.25,-49.5,5,10.9,10.305602612967043,4.238741671696179,2.431288200878527,2.571517880597391
A862,2022-11-14,-26.25,-49.5,5,10.7,19.42891171973066,6.944771882531643,2.7976313762876335,1.5407273530342984
A862,2022-11-15,-26.25,-49.5,5,9.3,12.810181356374843,4.850564680375473,2.6409670214691854,1.9173025436865436
A862,2022-11-16,-26.25,-49.5,5,7.5,10.028869857725775,4.672990303735265,2.146135387807116,1.6049680210132298
A862,2022-11-17,-26.25,-49.5,5,9.9,9.651682357676094,4.569606067727044,2.1121475712843916,2.1664887198743443
A862,2022-11-18,-26.25,-49.5,5,9.8,8.941940704358892,4.851900509741222,1.8429769296394358,2.019827071953437
A862,2022-11-19,-26.25,-49.5,5,10.1,8.715772096905088,4.870522967454878,1.7894940964541983,2.0736992859881362
A862,2022-11-20,-26.25,-49.5,5,10.7,7.808498171265214,4.661224487613181,1.6752031986478344,2.295534151687902
A862,2022-11-21,-26.25,-49.5,5,8.1,6.8861493467531645,3.9595135310800282,1.7391402485938328,2.045705851595001
A862,2022-11-22,-26.25,-49.5,5,7.4,8.43879683010646,3.8954699773677213,2.166310324334419,1.8996424161893781
A862,2022-11-23,-26.25,-49.5,5,12.2,10.17433273545676,4.026810248612386,2.52664816748263,3.0296932924028503
A862,2022-11-24,-26.25,-49.5,5,10.3,8.09393576198161,5.746429448646902,1.4085156416368203,1.7924173770941045
A862,2022-11-25,-26.25,-49.5,5,8.8,8.984578715884746,4.827302323315023,1.8612007523313399,1.8229643412838563
A862,2022-11-26,-26.25,-49.5,5,9.8,14.690773816714858,7.298739707617054,2.012782261762724,1.3426975604805582
A862,2022-11-27,-26.25,-49.5,5,10.6,7.944564368521296,6.635806672482567,1.1972266162403282,1.5973943369923949
A862,2022-11-28,-26.25,-49.5,5,13.7,10.782532257335134,7.161328093543781,1.505660977473719,1.9130529730024641
A862,2022-11-29,-26.25,-49.5,5,10.3,7.827577500905029,7.0298469971900825,1.1134776480958704,1.4651812484847877
A862,2022-11-30,-26.25,-49.5,5,7.1,6.21808944916407,5.8092979745687545,1.07036848107721,1.222178657573002
A862,2022-12-01,-26.25,-49.5,5,9.8,4.472585334862511,3.0960056320336853,1.4446308781178108,3.165368918777656
A862,2022-12-02,-26.25,-49.5,5,10.0,6.377621399987208,2.8069878690559484,2.2720516430775106,3.5625376618970637
A862,2022-12-03,-26.25,-49.5,5,9.6,6.377752591936176,3.1320853894151726,2.0362639580292665,3.0650505354812583
A862,2022-12-04,-26.25,-49.5,5,7.5,4.030814224432202,3.319766196369321,1.2141861763760722,2.2591952433886497
A862,2022-12-05,-26.25,-49.5,5,8.4,8.051073819424259,4.359466407197414,1.8468025825665397,1.9268413184998343
A862,2022-12-06,-26.25,-49.5,5,18.2,6.422426394821329,3.6405687307339734,1.7641272201792786,4.999218898507296
A862,2022-12-07,-26.25,-49.5,5,9.6,6.053551238453094,4.831638313772363,1.2528982604508547,1.9869036911632316
A862,2022-12-08,-26.25,-49.5,5,8.6,9.238926427168417,3.8324530187845522,2.410708332726935,2.2439935878789865
A862,2022-12-09,-26.25,-49.5,5,14.2,7.559357901494022,2.971360856179141,2.544072654714367,4.778955060429689
A862,2022-12-10,-26.25,-49.5,5,6.9,8.565798495417061,3.2768858798916143,2.6140057387962448,2.1056577045729234
A862,2022-12-11,-26.25,-49.5,5,10.0,8.187747331799017,2.4338052290455354,3.3641752569534917,4.108792224068685
A862,2022-12-12,-26.25,-49.5,5,10.1,10.14087199548055,5.577354313820795,1.818222659864242,1.8108944549160162
A862,2022-12-13,-26.25,-49.5,5,10.3,10.052168635650585,5.549150258193846,1.8114789054067524,1.856140043205908
A862,2022-12-14,-26.25,-49.5,5,8.5,10.379178713425462,5.328776738241139,1.947760100163495,1.5951128030943893
A862,2022-12-15,-26.25,-49.5,5,6.1,4.337872737265465,3.543995571818123,1.2240062520845845,1.7212211122686614
A862,2022-12-16,-26.25,-49.5,5,13.0,6.729447423544085,4.127613672192626,1.6303481764487278,3.149519560800922
A862,2022-12-17,-26.25,-49.5,5,8.5,10.693644975445128,5.030538690014058,2.1257454985233886,1.6896798779965743
A862,2022-12-18,-26.25,-49.5,5,11.5,7.501570930605652,4.960247354110894,1.5123380741060404,2.318432767363742
A862,2022-12-19,-26.25,-49.5,5,11.5,6.91923325558099,5.123019831576396,1.3506161371723373,2.244769760428851
A862,2022-12-20,-26.25,-49.5,5,9.8,2.019882525489874,5.962255715809552,0.3387782446388439,1.6436732114683146
A862,2022-12-21,-26.25,-49.5,5,9.4,4.688803101802919,5.362807801000455,0.8743186919598727,1.7528131435637855
A862,2022-12-22,-26.25,-49.5,5,9.1,7.6947769269706,4.870664406350521,1.5798207975359408,1.8683282691649095
A862,2022-12-23,-26.25,-49.5,5,8.5,6.685731633944577,4.170991453593018,1.6029118516139096,2.0378847798112467
A862,2022-12-24,-26.25,-49.5,5,7.7,6.208880356972465,3.828650314582262,1.6216890671170907,2.011152590946435
A862,2022-12-25,-26.25,-49.5,5,7.9,6.200245718796098,3.463159175735679,1.7903438462307986,2.2811541714139674
A862,2022-12-26,-26.25,-49.5,5,6.6,4.923719817611462,3.2687600583879957,1.506295882738979,2.019114245802067
A862,2022-12-27,-26.25,-49.5,5,9.5,6.943024884560933,4.715240799622816,1.472464542026427,2.014743340522488
A862,2022-12-28,-26.25,-49.5,5,11.0,12.537716324158724,6.508625702871974,1.926323143551852,1.6900649234055933
A862,2022-12-29,-26.25,-49.5,5,6.7,8.381802179322447,3.6418007259183334,2.3015543161573877,1.8397492076699218
A862,2022-12-30,-26.25,-49.5,5,8.8,9.142751007197019,5.203239515953509,1.757126686012566,1.6912540683584838
A862,2022-12-31,-26.25,-49.5,5,11.1,3.851116215545796,3.4374977764751007,1.1203254419250361,3.2290929978090714
A848,2021-01-01,-26.25,-53.5,6,7.4,5.782587115991442,2.5841958177234083,2.2376737383182173,2.8635600867581146
A848,2021-01-02,-26.25,-53.5,6,6.6,6.726881862424573,3.345660829200169,2.010628753433066,1.9727044482204221
A848,2021-01-03,-26.25,-53.5,6,13.4,12.009233923121535,5.339747773799507,2.2490264394223143,2.509481827166006
A848,2021-01-04,-26.25,-53.5,6,12.4,13.753905067671443,5.3609065394070745,2.565593144847597,2.3130416299649688
A848,2021-01-05,-26.25,-53.5,6,13.8,12.460764987819456,3.4684434329182876,3.592610122903226,3.978730017340638
A848,2021-01-06,-26.25,-53.5,6,7.4,9.290951671963798,3.16691142969388,2.9337579778357994,2.336661496313239
A848,2021-01-07,-26.25,-53.5,6,7.7,7.686510224545906,2.906964759744171,2.6441704182276915,2.648810920115056
A848,2021-01-08,-26.25,-53.5,6,10.2,5.297763096571143,1.4283481758746965,3.709013800733061,7.141115991381926
A848,2021-01-09,-26.25,-53.5,6,9.0,12.700265748069485,4.022467425096415,3.1573321560870244,2.237432662312804
A848,2021-01-10,-26.25,-53.5,6,8.4,5.771615628056971,2.994070451392203,1.9276819706674724,2.805545205555905
A848,2021-01-11,-26.25,-53.5,6,12.0,14.925560839169146,5.33555091821817,2.7973795148699656,2.24906484521142
A848,2021-01-12,-26.25,-53.5,6,7.1,9.647778937711818,4.013838937309486,2.403628817298488,1.7688801446425741
A848,2021-01-13,-26.25,-53.5,6,7.0,10.380072126861565,4.0620331272432795,2.555388349062051,1.7232749661868434
A848,2021-01-14,-26.25,-53.5,6,8.6,12.808804950444442,4.278562371230334,2.993717010314652,2.010020949519781
A848,2021-01-15,-26.25,-53.5,6,12.2,18.03984345354247,5.743928202521531,3.1406805268950175,2.1239819805972355
A848,2021-01-16,-26.25,-53.5,6,14.4,12.56628796236706,6.750131340195714,1.8616360673661665,2.13329182415323
A848,2021-01-17,-26.25,-53.5,6,11.6,13.16652534333285,5.787123486980905,2.275141592010804,2.0044500564220074
A848,2021-01-18,-26.25,-53.5,6,9.6,8.678895124178377,5.047480863670515,1.719450822814434,1.9019388600552127
A848,2021-01-19,-26.25,-53.5,6,6.7,13.340736529233787,4.981901418471157,2.6778403281467953,1.3448680407763052
A848,2021-01-20,-26.25,-53.5,6,9.9,20.91391384692784,4.706237577119028,4.443871246238808,2.1035912101276426
A848,2021-01-21,-26.25,-53.5,6,12.4,16.531860554001856,4.156585916550654,3.9772690582854198,2.9832175369275538
A848,2021-01-22,-26.25,-53.5,6,12.1,14.176477947258974,4.501242689073926,3.149458699854196,2.6881465488121505
A848,2021-01-23,-26.25,-53.5,6,8.2,10.029531940354337,3.681666268662864,2.7241828043248852,2.227252391069693
A848,2021-01-24,-26.25,-53.5,6,6.6,12.556578898676058,2.9895881245547153,4.200103283640886,2.2076619671423927
A848,2021-01-25,-26.25,-53.5,6,6.7,15.230186701171126,3.793564660321364,4.014742877713578,1.7661488863174994
A848,2021-01-26,-26.25,-53.5,6,10.7,15.967571387888814,6.123027947995868,2.6077900547743162,1.7475014144761862
A848,2021-01-29,-26.25,-53.5,6,5.6,16.21587121853947,5.3695034933607735,3.0199945374073964,1.042926968373189
A848,2021-01-30,-26.25,-53.5,6,11.1,21.36301595636801,4.823957036642435,4.428525335962998,2.3010155181078913
A848,2021-02-03,-26.25,-53.5,6,10.5,9.616520972681588,4.369765351693263,2.200695048523654,2.4028750184334955
A848,2021-02-04,-26.25,-53.5,6,10.7,15.198873598513789,5.471106587922374,2.7780254970842173,1.9557286680578585
A848,2021-02-05,-26.25,-53.5,6,11.7,8.45713789271908,5.352191266591439,1.5801262457694336,2.1860205320074786
A848,2021-02-06,-26.25,-53.5,6,7.8,6.099036773784448,3.5490158708267727,1.718514933652192,2.1977923694612627
A848,2021-02-07,-26.25,-53.5,6,7.4,6.470682815378258,3.940109310958457,1.6422597204046157,1.8781204824492301
A848,2021-02-08,-26.25,-53.5,6,8.7,7.750824297399229,3.549921571284342,2.183379024510399,2.4507583689665537
A848,2021-02-09,-26.25,-53.5,6,8.9,8.382455962907768,3.7972035855753585,2.207533984943724,2.3438300842780486
A848,2021-02-10,-26.25,-53.5,6,9.6,7.630581582920164,3.553080673658686,2.1475959269629485,2.7018806725023405
A848,2021-02-11,-26.25,-53.5,6,6.5,9.629256554451702,3.153108829863782,3.053892863846281,2.061457548955203
A848,2021-02-12,-26.25,-53.5,6,8.5,9.890586870158286,4.125494761636281,2.397430476008026,2.0603589365918076
A848,2021-02-13,-26.25,-53.5,6,7.2,6.713366706561381,2.8905161317173995,2.3225494688980115,2.4909046246083815
A848,2021-02-14,-26.25,-53.5,6,6.5,7.7675073306713935,3.7030285723244627,2.0976093429912637,1.7553199693298138
A848,2021-02-15,-26.25,-53.5,6,9.3,8.54736124237696,3.655508101909688,2.3382142794080254,2.544105973979801
A848,2021-02-16,-26.25,-53.5,6,10.2,9.277142326128626,3.7313957871228127,2.4862391596582687,2.733561536195271
A848,2021-02-17,-26.25,-53.5,6,8.2,9.5347034957649,3.573440876853033,2.6682135858259057,2.2947070575913284
A848,2021-02-18,-26.25,-53.5,6,5.8,7.613575265577974,2.9056328857276505,2.6202812141119214,1.9961227822308047
A848,2021-02-19,-26.25,-53.5,6,8.0,8.337809115006817,2.904233763297002,2.8709152893882077,2.7545991996588044
A848,2021-02-20,-26.25,-53.5,6,5.4,6.794330351117864,2.914397421224505,2.331298505014178,1.8528701544524258
A848,2021-02-21,-26.25,-53.5,6,9.0,10.701994507345312,4.435369340967938,2.412875610717415,2.0291433042272677
A848,2021-02-22,-26.25,-53.5,6,10.0,10.853636115076023,4.793357938684738,2.264307455005995,2.086220167139015
A848,2021-02-23,-26.25,-53.5,6,14.1,7.849679185570098,3.301201467033835,2.3778249416031914,4.2711722204185865
A848,2021-02-24,-26.25,-53.5,6,11.3,8.214645003878937,4.0709445389949455,2.0178720012498643,2.775768594182273
A848,2021-02-25,-26.25,-53.5,6,8.2,7.939442962542025,4.050217359692504,1.9602510822147072,2.024582700574507
A848,2021-02-26,-26.25,-53.5,6,11.3,8.696476448455394,4.730013278424256,1.8385733689425319,2.3889996359089403
A848,2021-02-27,-26.25,-53.5,6,10.4,10.488117235247845,4.402093294973871,2.3825295223122023,2.362512401060262
A848,2021-02-28,-26.25,-53.5,6,9.2,11.05549879967022,4.662130147284795,2.3713406641187174,1.9733468842258812
A848,2021-03-01,-26.25,-53.5,6,12.3,14.807809147211428,6.202905965728645,2.3872374059876593,1.9829415548064238
A848,2021-03-02,-26.25,-53.5,6,10.2,11.695146361049451,4.287052900652729,2.728015406403965,2.3792568546208024
A848,2021-03-03,-26.25,-53.5,6,10.9,14.085276599256671,4.876422960991111,2.8884444011382273,2.2352449915018493
A848,2021-03-04,-26.25,-53.5,6,10.7,13.593335123563664,4.184411843909224,3.2485653015608267,2.557109672551659
A848,2021-03-05,-26.25,-53.5,6,7.0,11.80291398701919,3.817014053702789,3.0921851009611774,1.8338942171851522
A848,2021-03-06,-26.25,-53.5,6,7.5,10.094401134815167,3.4142758005608997,2.9565277454026564,2.1966590978877263
A848,2021-03-07,-26.25,-53.5,6,6.3,7.792094217982857,2.94532714598686,2.6455785153102376,2.1389814060499295
A848,2021-03-08,-26.25,-53.5,6,6.2,8.94824726827949,3.2804940891709573,2.727713272771322,1.8899592047632243
A848,2021-03-09,-26.25,-53.5,6,8.7,11.69642861204457,4.3331227881865715,2.6993069856992378,2.007789860864059
A848,2021-03-10,-26.25,-53.5,6,5.2,11.648692287762087,3.606069826816845,3.230301366084371,1.4420131194714416
A848,2021-03-11,-26.25,-53.5,6,5.4,7.700551124667158,3.323754181664506,2.316823297928366,1.6246688848980189
A848,2021-03-12,-26.25,-53.5,6,5.0,7.679740858972696,2.667530007681815,2.878970747042011,1.874393159814982
A848,2021-03-13,-26.25,-53.5,6,6.6,8.078770351388831,2.766107286142046,2.920627985712181,2.386024588802256
A848,2021-03-14,-26.25,-53.5,6,6.1,7.812554139688523,2.6518772302934708,2.9460466911675036,2.3002573159561166
A848,2021-03-15,-26.25,-53.5,6,3.5,7.241135994825882,2.8500141555876133,2.5407368523518477,1.2280640758004844
A848,2021-03-16,-26.25,-53.5,6,9.4,12.575930423792126,4.580794485899914,2.745360103471557,2.0520457813451403
A848,2021-03-17,-26.25,-53.5,6,18.1,12.594424097821285,4.413847357989486,2.853389135676424,4.100730843634017
A848,2021-03-18,-26.25,-53.5,6,5.8,11.66088191600481,3.94928468674884,2.9526567064488756,1.4686203857272997
A848,2021-03-19,-26.25,-53.5,6,9.9,13.25089680453444,5.290078572430632,2.504858221500111,1.871427780221277
A848,2021-03-20,-26.25,-53.5,6,11.0,13.999254313597742,5.694326618151299,2.4584565045801137,1.9317472877190214
A848,2021-03-21,-26.25,-53.5,6,5.1,13.999746574097678,3.863259002909088,3.623817756861674,1.3201289367758229
A848,2021-03-22,-26.25,-53.5,6,5.8,8.684058794108998,2.6099109701058603,3.327339090711115,2.2222980271870143
A848,2021-03-23,-26.25,-53.5,6,7.1,10.096764032124586,2.811925596492204,3.5906938806346824,2.5249601230050485
A848,2021-03-24,-26.25,-53.5,6,10.2,8.283381332399523,2.593656613325107,3.1937077907086953,3.9326717143652434
A848,2021-03-25,-26.25,-53.5,6,10.8,8.60672067416551,3.683943968505943,2.336278930337815,2.9316406797522596
A848,2021-03-26,-26.25,-53.5,6,13.4,9.734095194726475,4.070962193719429,2.39110429709811,3.2916051199574294
A848,2021-03-27,-26.25,-53.5,6,7.7,9.362930771691683,4.002449850162145,2.3392999593267554,1.923821731254937
A848,2021-03-28,-26.25,-53.5,6,4.4,8.199459452815223,3.3957302426861826,2.414638050379722,1.2957448576714365
A848,2021-03-29,-26.25,-53.5,6,3.8,10.024232638293894,3.030869789963874,3.3073781894184826,1.2537655073744667
A848,2021-03-30,-26.25,-53.5,6,8.2,12.274288454723399,3.756638540632989,3.267359454991695,2.1828025005084224
A848,2021-03-31,-26.25,-53.5,6,8.2,12.5707099099994,3.856807641517749,3.2593562029587027,2.126110701433141
A848,2021-04-01,-26.25,-53.5,6,7.1,10.167197778484606,3.2488450654802374,3.1294806534523714,2.185391995278326
A848,2021-04-02,-26.25,-53.5,6,9.8,10.8468889792948,4.336118398632287,2.5015204803254822,2.2600858876665244
A848,2021-04-03,-26.25,-53.5,6,8.4,8.021304051268256,3.279255227489877,2.4460749453186676,2.5615572492141223
A848,2021-04-04,-26.25,-53.5,6,8.6,8.14721343603016,3.6344379814043237,2.241670783134984,2.36625306140924
A848,2021-04-05,-26.25,-53.5,6,10.9,10.647050977465518,4.477027516097101,2.3781517846794933,2.4346511074165114
A848,2021-04-06,-26.25,-53.5,6,6.0,8.28999669716107,2.9333926891428943,2.826078052162637,2.045413156652114
A848,2021-04-07,-26.25,-53.5,6,11.2,9.369856125381858,4.618033448461694,2.0289710392857887,2.425274767927637
A848,2021-04-08,-26.25,-53.5,6,15.0,13.37641383687177,5.603120971179994,2.3873148385826752,2.677079448606133
A848,2021-04-09,-26.25,-53.5,6,13.1,18.899524138154238,5.837862410697322,3.2374048596148266,2.2439720360650344
A848,2021-04-10,-26.25,-53.5,6,10.3,11.747963766083908,5.062785358415693,2.3204546379900686,2.0344532250174634
A848,2021-04-11,-26.25,-53.5,6,11.9,11.354045280191102,6.1725174733950645,1.8394512982959683,1.9279005772428626
A848,2021-04-12,-26.25,-53.5,6,7.7,7.024905960586705,3.878359911845622,1.8113084190898916,1.985375306835757
A848,2021-04-13,-26.25,-53.5,6,0.0,5.862623996852177,3.015227895161221,1.9443386041434552,0.0
A848,2021-04-14,-26.25,-53.5,6,10.9,12.93263705286606,4.51580999634388,2.8638576608264446,2.4137419441528607
A848,2021-04-15,-26.25,-53.5,6,12.4,9.81640927866118,4.304408873911642,2.280547588812234,2.8807672233821666
A848,2021-04-16,-26.25,-53.5,6,9.9,11.879642362075076,3.7036290619488184,3.2075680807580955,2.673053870786591
A848,2021-04-17,-26.25,-53.5,6,4.9,7.964512356493192,2.675197849664476,2.9771675980870365,1.831640228259962
A848,2021-04-18,-26.25,-53.5,6,6.4,9.699643325575845,3.6888122688932525,2.6294759989198395,1.734975795317494
A848,2021-04-19,-26.25,-53.5,6,6.5,8.281189838716381,3.4907169809560763,2.3723463929889377,1.862081639806762
A848,2021-04-20,-26.25,-53.5,6,9.1,8.598788265754209,3.459433798952011,2.485605670025857,2.630488261621518
A848,2021-04-21,-26.25,-53.5,6,10.4,11.9578967093634,4.447011966208221,2.68897336014128,2.3386489802652006
A848,2021-04-22,-26.25,-53.5,6,10.9,13.261755341278604,4.648319423827796,2.853021518550853,2.344933513847048
A848,2021-04-23,-26.25,-53.5,6,8.5,11.347646308963663,3.9963729746919907,2.8394862994083407,2.126928605970546
A848,2021-04-24,-26.25,-53.5,6,9.6,10.922210170364641,2.7711720767834005,3.9413684418480592,3.4642381396766475
A848,2021-04-25,-26.25,-53.5,6,6.5,11.147211679310553,3.0221848696871136,3.688461215962815,2.1507618760175133
A848,2021-04-26,-26.25,-53.5,6,6.6,7.159311764514356,3.377279844483006,2.1198455840754598,1.9542354509892053
A848,2021-04-27,-26.25,-53.5,6,5.1,8.27301249803788,3.305526980314544,2.5027817190137247,1.5428704803718465
A848,2021-04-28,-26.25,-53.5,6,4.4,7.998896824695506,3.2235885416721897,2.4813640826959245,1.3649384662837785
A848,2021-04-29,-26.25,-53.5,6,8.0,8.22788976633087,3.405856250079966,2.4158065291621416,2.348895376841629
A848,2021-04-30,-26.25,-53.5,6,11.1,11.524551912008496,4.254900608354948,2.708536102906568,2.608756589567327
A848,2021-05-01,-26.25,-53.5,6,9.0,14.015337732897546,3.8202897799887463,3.6686582798802325,2.3558422314305467
A848,2021-05-02,-26.25,-53.5,6,12.1,11.84089101451189,4.274057963990167,2.7704095532334554,2.831033201221189
A848,2021-05-03,-26.25,-53.5,6,10.8,12.44988009250476,4.758219749583745,2.6164996044148428,2.2697564569069764
A848,2021-05-04,-26.25,-53.5,6,11.5,12.477290658449892,4.451999235095363,2.8026264155866647,2.5831091589919524
A848,2021-05-05,-26.25,-53.5,6,10.5,10.5966101716492,4.424606852722468,2.39492694478134,2.3730921976806445
A848,2021-05-06,-26.25,-53.5,6,11.5,13.510461840233166,5.217278519551685,2.5895611648109034,2.2042143153569236
A848,2021-05-07,-26.25,-53.5,6,8.9,8.83828057441865,4.5070026957088345,1.961010714023684,1.9747048317663056
A848,2021-05-08,-26.25,-53.5,6,10.7,8.989549137332741,3.8107479058683658,2.358998642625841,2.8078477675005793
A848,2021-05-09,-26.25,-53.5,6,9.8,9.070128564319365,4.100542624297739,2.2119337354462254,2.389927601759378
A848,2021-05-10,-26.25,-53.5,6,8.2,6.669827781893935,2.648479176593561,2.518361420712614,3.0961164703385475
A848,2021-05-11,-26.25,-53.5,6,4.6,8.02039368156991,2.6321455740628243,3.0470935044789735,1.7476237049076702
A848,2021-05-12,-26.25,-53.5,6,7.5,11.787307810008503,4.328506226622357,2.7231814378620953,1.7326993672485576
A848,2021-05-13,-26.25,-53.5,6,8.1,6.461704946270834,3.5449855247673527,1.8227732951589126,2.284917651541491
A848,2021-05-14,-26.25,-53.5,6,5.6,7.484366933201829,3.1425223997938345,2.38164314554857,1.7820079819852321
A848,2021-05-15,-26.25,-53.5,6,3.3,7.238690976404799,2.055354842002871,3.521869230789828,1.605562179610926
A848,2021-05-16,-26.25,-53.5,6,3.5,11.172358029454282,2.7335174137459624,4.08717280280424,1.2804015743231223
A848,2021-05-17,-26.25,-53.5,6,7.9,11.348002739755271,3.234122288497392,3.508835389470593,2.442702933063927
A848,2021-05-18,-26.25,-53.5,6,2.5,9.933043776841261,2.5049659226295495,3.9653408803318975,0.9980175687881867
A848,2021-05-19,-26.25,-53.5,6,7.6,10.521471718864507,2.3074191247470166,4.559844202564661,3.293723241907019
A848,2021-05-20,-26.25,-53.5,6,9.9,10.354874153039846,3.306569733792039,3.131606161883262,2.994039381303623
A848,2021-05-21,-26.25,-53.5,6,16.8,22.47862478803956,6.182453682180838,3.635874354033221,2.7173677092674735
A848,2021-05-22,-26.25,-53.5,6,17.1,14.708818719093182,5.142872707799568,2.860039428311362,3.3249899368628193
A848,2021-05-23,-26.25,-53.5,6,13.1,17.388558773353076,5.430521307896063,3.2020054406323455,2.412291427887852
A848,2021-05-24,-26.25,-53.5,6,6.1,5.133552468363505,2.807928738308521,1.8282345980959351,2.1724198042414002
A848,2021-05-25,-26.25,-53.5,6,6.0,5.028635983934154,2.238731508181713,2.2461987806739665,2.6800891389040085
A848,2021-05-26,-26.25,-53.5,6,5.5,4.861303143932726,2.1639941208262505,2.2464493304984563,2.541596553829825
A848,2021-05-27,-26.25,-53.5,6,5.2,7.864948672912491,2.4483677536490176,3.212323255438513,2.123863946602786
A848,2021-05-28,-26.25,-53.5,6,19.1,27.479530683832802,7.289061360963454,3.7699683571055314,2.620364825338142
A848,2021-05-29,-26.25,-53.5,6,12.9,12.07027580208181,4.462470600205342,2.7048415291579495,2.8907753474961613
A848,2021-05-30,-26.25,-53.5,6,8.6,11.000223602398332,4.566845313212503,2.408713859997227,1.8831380110727713
A848,2021-05-31,-26.25,-53.5,6,7.9,9.256077159354753,4.086700838661304,2.264926532372945,1.933099659574747
A848,2021-06-01,-26.25,-53.5,6,8.0,9.428457304998094,3.5395301675373863,2.663759555285244,2.260186980004176
A848,2021-06-02,-26.25,-53.5,6,8.4,9.61845153770472,3.2490345961081295,2.9604029299122345,2.585383365896435
A848,2021-06-03,-26.25,-53.5,6,6.2,5.627905060816971,2.0465631607460044,2.7499298183230816,3.029469170030405
A848,2021-06-04,-26.25,-53.5,6,11.8,10.653519734196543,4.604328784945729,2.313805167222027,2.562805688112711
A848,2021-06-05,-26.25,-53.5,6,11.7,12.426984836807085,5.2803074818392535,2.3534585589092396,2.2157800545214874
A848,2021-06-06,-26.25,-53.5,6,17.9,5.381047098619058,5.115424643984647,1.0519257878125061,3.4992207384090874
A848,2021-06-07,-26.25,-53.5,6,8.0,7.649984332215621,2.8382745328964023,2.695294004702556,2.8186138822294122
A848,2021-06-08,-26.25,-53.5,6,10.0,14.41930130679048,4.393477092536989,3.2819793987964405,2.276101545399331
A848,2021-06-09,-26.25,-53.5,6,6.5,7.6758878458071695,3.925671672151724,1.9553056105682654,1.6557676094285403
A848,2021-06-10,-26.25,-53.5,6,11.1,10.325690293570565,4.546145184378238,2.2713067609570365,2.4416290175119233
A848,2021-06-11,-26.25,-53.5,6,8.4,7.638861101600336,4.272333064536254,1.7879835177198447,1.9661388457109414
A848,2021-06-12,-26.25,-53.5,6,7.3,5.529272852142497,2.467836891123883,2.240534158489056,2.958056112320896
A848,2021-06-13,-26.25,-53.5,6,8.5,6.569975520099031,3.2716204470476495,2.0081716771356706,2.5981008914620594
A848,2021-06-14,-26.25,-53.5,6,8.0,7.067192918866034,3.241409935442592,2.1802835986868345,2.468061787719441
A848,2021-06-15,-26.25,-53.5,6,4.8,6.8237110260390645,2.727939775429421,2.5014155691779907,1.7595696368496274
A848,2021-06-16,-26.25,-53.5,6,7.7,11.04291377598386,3.8202258425179085,2.8906442266003527,2.0155876425685175
A848,2021-06-17,-26.25,-53.5,6,8.1,8.372062752463387,3.542803076297758,2.3631182914101516,2.2863252135550614
A848,2021-06-18,-26.25,-53.5,6,4.6,6.368072580497247,3.1501365093604545,2.021522737689264,1.460254178297149
A848,2021-06-19,-26.25,-53.5,6,12.1,12.95458561178547,4.382950181724753,2.955677129482603,2.760697589138118
A848,2021-06-20,-26.25,-53.5,6,4.9,8.246916081444121,2.8409046473742676,2.902919001194359,1.7248026978057396
A848,2021-06-21,-26.25,-53.5,6,10.0,11.437763312480705,3.4332281759982046,3.331489410591009,2.9127105707422194
A848,2021-06-22,-26.25,-53.5,6,4.9,6.721853272636608,2.303521055604421,2.918077634360004,2.127178298665166
A848,2021-06-23,-26.25,-53.5,6,13.5,16.108582105791918,6.334695575059027,2.5429133752243205,2.131120562944212
A848,2021-06-24,-26.25,-53.5,6,17.7,18.82950048756893,7.293794556359089,2.5815781267313658,2.4267203940599438
A848,2021-06-25,-26.25,-53.5,6,7.9,7.337415869460488,2.9026570120987856,2.5278273798374546,2.7216443303743465
A848,2021-06-26,-26.25,-53.5,6,14.8,19.38222927595175,6.755289070677824,2.8691931719225368,2.190875896672024
A848,2021-06-27,-26.25,-53.5,6,12.8,14.861876064081136,6.5098950281695425,2.282967083151264,1.966237542174181
A848,2021-06-28,-26.25,-53.5,6,10.4,13.547238851780467,4.155531811806056,3.260049366796361,2.5026880964917955
A848,2021-06-29,-26.25,-53.5,6,9.3,11.820156803930248,4.101316944787184,2.8820393456676854,2.2675643275559074
A848,2021-06-30,-26.25,-53.5,6,7.3,7.136565052436047,3.71150007416346,1.9228249790738767,1.9668597209028367
A848,2021-07-01,-26.25,-53.5,6,15.0,11.360711702533985,4.821063274891057,2.356474299290483,3.111346842951145
A848,2021-07-02,-26.25,-53.5,6,13.3,10.10283937655447,4.414326802422825,2.2886478117137763,3.0129169396113196
A848,2021-07-03,-26.25,-53.5,6,7.0,5.504748312317137,2.1765948562329123,2.5290642843125815,3.216032593275111
A848,2021-07-04,-26.25,-53.5,6,7.1,9.155632024035846,2.8185201870069183,3.2483826322203924,2.5190523852659465
A848,2021-07-05,-26.25,-53.5,6,7.0,7.080337054341653,2.4801551810726084,2.8547959854994134,2.822404038836258
A848,2021-07-06,-26.25,-53.5,6,8.2,6.467479630059385,3.0292813931631533,2.134988068343856,2.70691260921047
A848,2021-07-07,-26.25,-53.5,6,9.9,11.75799938408341,4.600336884814473,2.5558996391973148,2.152016308344613
A848,2021-07-08,-26.25,-53.5,6,6.2,5.526507289114015,2.358064271667963,2.3436627048358067,2.6292752383778186
A848,2021-07-09,-26.25,-53.5,6,7.6,9.198328257049257,3.654778895280377,2.5167947283835908,2.0794691601766417
A848,2021-07-10,-26.25,-53.5,6,10.3,9.714038837807932,3.362982345142083,2.888519130003795,3.0627576784274897
A848,2021-07-11,-26.25,-53.5,6,6.1,5.28843463141105,2.685665460612636,1.9691337990416304,2.2713178873025046
A848,2021-07-12,-26.25,-53.5,6,10.5,9.703143193281996,4.23132069860585,2.2931713014518187,2.481494726566005
A848,2021-07-13,-26.25,-53.5,6,9.9,6.654721543963831,3.8278975448376125,1.738479535048825,2.586276117382337
A848,2021-07-14,-26.25,-53.5,6,11.8,10.668606749874721,4.818501369147234,2.2140922939621004,2.4488941884618236
A848,2021-07-15,-26.25,-53.5,6,8.6,11.877114409421237,3.9480889591921513,3.0083198560580318,2.1782690534307796
A848,2021-07-16,-26.25,-53.5,6,8.4,10.483219896556912,4.571858380241279,2.2929887640140905,1.8373272532463465
A848,2021-07-17,-26.25,-53.5,6,7.0,8.526571193232202,3.557998588221501,2.396451539204879,1.9673981949214365
A848,2021-07-18,-26.25,-53.5,6,10.6,14.47852807607433,4.72910303544666,3.0615801701827046,2.241439850337039
A848,2021-07-19,-26.25,-53.5,6,9.7,10.783366812102562,3.816907588190499,2.825157948666682,2.5413242987626345
A848,2021-07-20,-26.25,-53.5,6,0.0,6.227922002755326,2.403316484285101,2.5913865458331036,0.0
A848,2021-07-21,-26.25,-53.5,6,6.7,9.298759689165076,2.608722356202037,3.564488059474014,2.5683070427449914
A848,2021-07-22,-26.25,-53.5,6,9.4,9.085516380274662,3.1533253128993253,2.881249309453893,2.9809800979135797
A848,2021-07-23,-26.25,-53.5,6,9.6,12.618687365295031,3.9632565124160983,3.1839189125819085,2.4222504826334355
A848,2021-07-24,-26.25,-53.5,6,10.5,10.158178260685887,4.430518581188217,2.292774101843756,2.369925733881927
A848,2021-07-25,-26.25,-53.5,6,14.2,11.439433749853555,5.374580893894902,2.1284327049292058,2.6420664755702297
A848,2021-07-26,-26.25,-53.5,6,15.8,13.986190141867755,6.135687418622208,2.279482181477949,2.5750985866792986
A848,2021-07-27,-26.25,-53.5,6,14.8,15.872371636714153,6.209300514337428,2.556225391260168,2.3835212945204436
A848,2021-07-28,-26.25,-53.5,6,11.7,18.227424368503343,6.426743118656688,2.8361837453234355,1.8205177621049093
A848,2021-07-29,-26.25,-53.5,6,10.6,9.703132140223666,4.945382122560818,1.962059129052537,2.143413741810331
A848,2021-07-30,-26.25,-53.5,6,8.3,6.06929739307995,2.6806451199683936,2.2641181959779555,3.0962696024820557
A848,2021-07-31,-26.25,-53.5,6,14.1,8.3474814382557,3.9401014699757813,2.1185955493443194,3.5785880408015656
A848,2021-08-01,-26.25,-53.5,6,6.0,6.399299051652175,2.457169203020162,2.604337968987505,2.441834283379942
A848,2021-08-02,-26.25,-53.5,6,4.5,7.7775479492088815,2.618963595666891,2.96970449000396,1.7182369420656738
A848,2021-08-03,-26.25,-53.5,6,3.0,11.507928449615275,2.5644147105401305,4.487545794491022,1.169857584917739
A848,2021-08-04,-26.25,-53.5,6,8.3,10.572397120381384,3.591012125109253,2.944127380260441,2.3113260860258116
A848,2021-08-05,-26.25,-53.5,6,12.2,11.693559991723673,5.031339513001101,2.324144487070935,2.424801579872499
A848,2021-08-06,-26.25,-53.5,6,11.4,12.938001798772317,4.941278398738895,2.6183511137673063,2.3070952656522024
A848,2021-08-07,-26.25,-53.5,6,12.6,13.231243608835602,5.168062690774363,2.5601940999003405,2.43805092041406
A848,2021-08-08,-26.25,-53.5,6,9.7,11.739736205169796,4.491528752218246,2.6137506521297134,2.1596210411008565
A848,2021-08-09,-26.25,-53.5,6,12.2,15.815087220670058,5.94913563089876,2.658384041293207,2.0507180802258658
A848,2021-08-10,-26.25,-53.5,6,8.3,10.24361143500554,3.439871726978479,2.9779050639203177,2.4128806707832013
A848,2021-08-11,-26.25,-53.5,6,10.1,11.191948158348579,5.209059582534043,2.1485544522998237,1.9389296359491186
A848,2021-08-12,-26.25,-53.5,6,8.6,12.240067531626217,4.685100104091919,2.6125519753432513,1.835606456410365
A848,2021-08-13,-26.25,-53.5,6,9.5,13.540838440869578,4.428924964288062,3.0573646088055213,2.1449900543815374
A848,2021-08-14,-26.25,-53.5,6,7.4,10.129150902374004,3.3546149995205496,3.0194674810139728,2.20591632752421
A848,2021-08-15,-26.25,-53.5,6,1.6,8.852325817443342,2.413218618567694,3.6682651747057298,0.6630149409959551
A848,2021-08-16,-26.25,-53.5,6,7.8,12.357119918421605,3.77057386408757,3.2772517828428396,2.06865063015746
A848,2021-08-17,-26.25,-53.5,6,9.1,9.801483177244544,4.200050525458056,2.3336583971631146,2.1666406022597924
A848,2021-08-18,-26.25,-53.5,6,8.8,13.057222002911933,4.783527134512946,2.7296222297360098,1.8396467193649584
A848,2021-08-19,-26.25,-53.5,6,13.6,14.217460132688602,5.880549137230853,2.4177096051583367,2.3127091845718737
A848,2021-08-20,-26.25,-53.5,6,10.1,16.276450222038275,5.992767125368873,2.7160158039740963,1.6853650056322376
A848,2021-08-21,-26.25,-53.5,6,8.7,10.853445740856305,5.435187835195995,1.9968851252157185,1.6006806505678517
A848,2021-08-22,-26.25,-53.5,6,11.3,12.890516586969424,6.076075264529156,2.1215202290566637,1.8597531314279487
A848,2021-08-23,-26.25,-53.5,6,10.3,11.54870390457972,5.993792799976238,1.9267772994464378,1.7184444547433861
A848,2021-08-24,-26.25,-53.5,6,9.3,10.753157905071749,5.61325544241532,1.9156722895270177,1.6567925859433748
A848,2021-08-25,-26.25,-53.5,6,11.2,9.366044334151455,5.339648986483627,1.7540561856893464,2.097516152906457
A848,2021-08-26,-26.25,-53.5,6,9.8,18.967324768819125,4.933969231971999,3.8442324783688004,1.9862304646117859
A848,2021-08-27,-26.25,-53.5,6,6.5,10.766074099584852,4.069920865858171,2.645278484380249,1.5970826495736865
A848,2021-08-28,-26.25,-53.5,6,10.2,16.12235072563219,5.354480152131385,3.011002052031995,1.9049468314752878
A848,2021-08-29,-26.25,-53.5,6,8.6,12.961989102333689,3.885372638146653,3.3360993422027696,2.2134299077429684
A848,2021-08-30,-26.25,-53.5,6,9.9,13.915924472837817,4.511850511651908,3.0843053059714136,2.1942216335477274
A848,2021-08-31,-26.25,-53.5,6,12.5,18.912676225114236,5.608671550188543,3.3720420345310576,2.228691747795393
A848,2021-09-01,-26.25,-53.5,6,12.0,14.335267762913391,5.363791023779111,2.6725999762782218,2.2372236253800364
A848,2021-09-02,-26.25,-53.5,6,10.8,10.178346014218933,5.423245708679471,1.876799717543556,1.9914273813401935
A848,2021-09-03,-26.25,-53.5,6,3.3,5.684755782662772,3.0357139718898667,1.872625627876186,1.0870589359067986
A848,2021-09-04,-26.25,-53.5,6,10.7,12.933941511791023,3.2229793686065245,4.013038878800858,3.319909554564171
A848,2021-09-05,-26.25,-53.5,6,12.3,14.990896423440669,3.3856700552432386,4.427748770210176,3.6329588528425947
A848,2021-09-06,-26.25,-53.5,6,0.0,7.3053608336080975,3.321225114460251,2.199598215068697,0.0
A848,2021-09-07,-26.25,-53.5,6,12.6,16.23342874153253,6.273213421670189,2.5877373604819143,2.0085399862970643
A848,2021-09-08,-26.25,-53.5,6,12.6,15.473859943345348,6.447900328098462,2.399829270919998,1.9541244992718183
A848,2021-09-09,-26.25,-53.5,6,9.5,16.783334302804096,4.334167131639164,3.872332052053726,2.191885940588345
A848,2021-09-10,-26.25,-53.5,6,4.8,6.2606827687132585,2.2678151340004935,2.7606671614670932,2.1165746396324012
A848,2021-09-11,-26.25,-53.5,6,5.9,6.851842198050302,2.1509375578821452,3.185514229802542,2.7429899014870776
A848,2021-09-12,-26.25,-53.5,6,12.2,11.615423650355865,4.873624678940797,2.3833233815781414,2.5032703180277456
A848,2021-09-13,-26.25,-53.5,6,15.2,23.907641117933164,8.612335441981921,2.775976537257517,1.7649103547344047
A848,2021-09-14,-26.25,-53.5,6,18.8,6.743941616935996,5.679770547212611,1.1873616303471335,3.309992867445365
A848,2021-09-15,-26.25,-53.5,6,10.3,8.180235090903611,5.168999673632122,1.5825567048557332,1.9926486071457725
A848,2021-09-16,-26.25,-53.5,6,11.4,14.224162536433543,4.193922581943277,3.3916130444741537,2.718218988848799
A848,2021-09-17,-26.25,-53.5,6,14.3,11.02445834522998,4.822166523957046,2.2862044042774707,2.9654720402035166
A848,2021-09-18,-26.25,-53.5,6,8.8,11.030541669233994,3.1273578290172144,3.527112109425735,2.813876914994866
A848,2021-09-19,-26.25,-53.5,6,7.3,13.627118458377986,4.256029208850892,3.201838565872353,1.7152137924285924
A848,2021-09-20,-26.25,-53.5,6,9.1,10.694063476969372,4.565981781185936,2.342116983697594,1.9929996298926163
A848,2021-09-21,-26.25,-53.5,6,12.6,15.710832661647308,6.456811845018558,2.433218287717063,1.9514274695368306
A848,2021-09-22,-26.25,-53.5,6,12.3,12.549738722208408,5.56341841170796,2.255760360536259,2.210870923192693
A848,2021-09-23,-26.25,-53.5,6,12.5,16.507048638054286,5.191301502929312,3.179751480190431,2.407874016361135
A848,2021-09-24,-26.25,-53.5,6,6.1,6.513184896375214,3.6626353561646376,1.778278278620549,1.6654674590341068
A848,2021-09-25,-26.25,-53.5,6,6.1,7.05773892316796,3.580617945388717,1.9710952217779165,1.7036165525159863
A848,2021-09-26,-26.25,-53.5,6,5.5,8.90865856328536,2.623442304437045,3.395789779031194,2.0964821641771247
A848,2021-09-27,-26.25,-53.5,6,9.4,8.285431358328045,3.858648850647976,2.1472364236866714,2.436085884939096
A848,2021-09-28,-26.25,-53.5,6,9.3,10.623776234587817,4.401429603581416,2.4137103603663945,2.112949845303137
A848,2021-09-29,-26.25,-53.5,6,9.7,13.568072619616975,4.0317974759011665,3.3652664105069685,2.405874813399923
A848,2021-09-30,-26.25,-53.5,6,11.7,15.88548496823497,6.470717835996119,2.45498032380043,1.8081456024730016
A848,2021-10-01,-26.25,-53.5,6,19.3,11.839954254205006,4.8035590600892055,2.464829537036051,4.017854211548215
A848,2021-10-02,-26.25,-53.5,6,8.9,10.448474964452483,4.331150724583764,2.4124016061474314,2.0548811542122714
A848,2021-10-03,-26.25,-53.5,6,13.3,21.246920763858856,4.443229330827004,4.781864536329084,2.993318374931711
A848,2021-10-04,-26.25,-53.5,6,10.5,13.481556766890238,5.452427356637065,2.472578887360979,1.9257478024386123
A848,2021-10-05,-26.25,-53.5,6,6.5,7.396944325345712,3.4342774887170626,2.1538574997645212,1.8926834017795675
A848,2021-10-06,-26.25,-53.5,6,19.4,15.113547405282652,4.419856094081769,3.419465947210327,4.389283177336201
A848,2021-10-07,-26.25,-53.5,6,6.7,12.569875082386034,4.216785841390045,2.980913794342097,1.5888878999345564
A848,2021-10-08,-26.25,-53.5,6,10.1,12.996148283096327,5.028641113310499,2.5844254919477816,2.008494894031298
A848,2021-10-09,-26.25,-53.5,6,11.7,16.099092665550547,4.245123830361847,3.792372922176521,2.756103347638439
A848,2021-10-10,-26.25,-53.5,6,9.7,13.671576290979758,4.320867035565064,3.1640816943564776,2.2449198089548426
A848,2021-10-11,-26.25,-53.5,6,11.7,15.75085858607446,4.99099868102167,3.155853085268742,2.3442202147817395
A848,2021-10-12,-26.25,-53.5,6,6.3,6.790545276660134,2.317702039571005,2.929861199033604,2.718209628518987
A848,2021-10-13,-26.25,-53.5,6,11.7,12.357074068710364,5.7184066494319765,2.1609295781610465,2.0460244815157016
A848,2021-10-14,-26.25,-53.5,6,20.2,16.902800002030375,6.339642821743595,2.6662069894627893,3.1862993812077858
A848,2021-10-15,-26.25,-53.5,6,12.6,12.599253947404739,3.959010641418329,3.1824248754459052,3.182613319646448
A848,2021-10-16,-26.25,-53.5,6,9.4,10.917372835830253,5.238972522437646,2.0838767122890918,1.7942449516086154
A848,2021-10-17,-26.25,-53.5,6,7.1,6.511118841753374,3.9342215093278265,1.6549954867350156,1.8046772361866976
A848,2021-10-18,-26.25,-53.5,6,9.4,11.19291706987432,4.110818968435674,2.722794935952545,2.286648979723149
A848,2021-10-19,-26.25,-53.5,6,9.0,10.57193057120923,3.714762716789652,2.8459235157678213,2.422765782407206
A848,2021-10-20,-26.25,-53.5,6,8.6,8.919096209653693,3.5599562920050696,2.505394863887557,2.4157599966364285
A848,2021-10-21,-26.25,-53.5,6,9.8,10.192025775048089,4.2268301356895455,2.411269307699636,2.318522317055751
A848,2021-10-22,-26.25,-53.5,6,8.0,7.034682064430148,3.063382334258671,2.2963774341058607,2.611492503085148
A848,2021-10-23,-26.25,-53.5,6,15.9,9.975483842387582,5.664591926627172,1.7610242664606583,2.8069100485879526
A848,2021-10-24,-26.25,-53.5,6,12.7,14.277218238347368,6.617068543295216,2.1576349322864194,1.9192788947106119
A848,2021-10-25,-26.25,-53.5,6,10.0,10.88977529260063,4.359831340146023,2.4977515052763257,2.2936667085991154
A848,2021-10-26,-26.25,-53.5,6,5.9,5.743194864588623,2.3455126000728024,2.448588365890833,2.5154416138360842
A848,2021-10-27,-26.25,-53.5,6,10.8,6.709396086560569,3.3236026826915084,2.018711839866247,3.2494858835695672
A848,2021-10-28,-26.25,-53.5,6,11.1,12.888924886493088,4.881440659096174,2.6403936433142148,2.2739188643655925
A848,2021-10-29,-26.25,-53.5,6,13.4,14.320365168445422,5.064823445876563,2.827416458140134,2.6456993305283674
A848,2021-10-30,-26.25,-53.5,6,12.8,11.538954217960248,4.908149373531126,2.3509786153184344,2.607907589167595
A848,2021-10-31,-26.25,-53.5,6,9.9,11.783459254751468,4.130931343923903,2.852494576576176,2.396553991283756
A848,2021-11-01,-26.25,-53.5,6,5.2,9.016391855561869,3.7699217842633375,2.3916654964033213,1.3793389618071632
A848,2021-11-02,-26.25,-53.5,6,5.6,9.253151198570333,3.6675766176300293,2.522960571318528,1.5268938004132804
A848,2021-11-03,-26.25,-53.5,6,3.1,8.859308747222185,3.620731946809332,2.446828121322044,0.8561804755339008
A848,2021-11-04,-26.25,-53.5,6,1.8,11.453184817255332,2.1305398540859186,5.375719583602522,0.8448562914924994
A848,2021-11-05,-26.25,-53.5,6,12.6,11.460383222104346,4.546200958151822,2.5208703547419433,2.7715448824159123
A848,2021-11-06,-26.25,-53.5,6,1.4,9.465614509630624,4.391443537524483,2.155467656306591,0.3188017762353376
A848,2021-11-07,-26.25,-53.5,6,3.2,11.439614110415306,3.0231875719379935,3.783957772452081,1.0584854309746525
A848,2021-11-08,-26.25,-53.5,6,4.1,15.325841804558491,2.858726395738296,5.361073318316087,1.434205108300031
A848,2021-11-09,-26.25,-53.5,6,0.0,15.006849462597328,3.5030094650240664,4.283987700414115,0.0
A848,2021-11-10,-26.25,-53.5,6,9.3,20.045265841553835,4.321287884388779,4.638724930586086,2.1521361799563214
A848,2021-11-11,-26.25,-53.5,6,9.2,15.545378814862675,4.08476625585501,3.8056960523947447,2.25227085804798
A848,2021-11-12,-26.25,-53.5,6,10.8,16.30899832417022,4.307613596923351,3.7860866480268056,2.507188668852225
A848,2021-11-13,-26.25,-53.5,6,10.5,15.279183339629386,5.1157254318447505,2.9867090294796474,2.052494829890364
A848,2021-11-14,-26.25,-53.5,6,10.5,14.938596119665537,5.501736556644893,2.7152510786113493,1.90848832762054
A848,2021-11-15,-26.25,-53.5,6,7.4,9.711687024095268,5.075497749452925,1.913445242910819,1.4579850815218325
A848,2021-11-16,-26.25,-53.5,6,9.3,10.234546343875556,5.3738739584748565,1.9045006308224228,1.730595111062003
A848,2021-11-17,-26.25,-53.5,6,3.3,7.6581377157155925,3.863062937782221,1.9824004524534407,0.8542444306885989
A848,2021-11-18,-26.25,-53.5,6,0.0,17.319015036702776,3.8180584211480886,4.536079107845332,0.0
A848,2021-11-19,-26.25,-53.5,6,2.8,21.061345494434814,4.039426518705053,5.213944453973283,0.6931677026514188
A848,2021-11-20,-26.25,-53.5,6,3.5,16.058957758971236,3.8631288519597717,4.156982170248994,0.9060013616228317
A848,2021-11-21,-26.25,-53.5,6,0.0,11.287672988112128,2.9797487968143317,3.7881290530865726,0.0
A848,2021-11-22,-26.25,-53.5,6,7.3,14.9186839583357,3.551444104857834,4.200737367069698,2.0555018703559806
A848,2021-11-23,-26.25,-53.5,6,0.0,11.226199221281536,2.4963714778757833,4.497006683810597,0.0
A848,2021-11-24,-26.25,-53.5,6,0.0,13.337692032313695,2.541609366379007,5.247734844208458,0.0
A848,2021-11-25,-26.25,-53.5,6,16.1,16.88124586488656,5.129580256074242,3.290960472817726,3.1386583689640166
A848,2021-11-26,-26.25,-53.5,6,9.5,23.072115050214492,6.332524574603389,3.64343079579119,1.5001915725838288
A848,2021-11-27,-26.25,-53.5,6,1.7,12.420226345638666,4.193218711731184,2.961979138100081,0.40541648715913253
A848,2021-11-28,-26.25,-53.5,6,12.5,15.697922567190894,5.08200450089065,3.088923389272824,2.459659372164921
A848,2021-11-29,-26.25,-53.5,6,4.4,12.489531630134627,4.448439441420418,2.8076209184375522,0.9891109136005344
A848,2021-11-30,-26.25,-53.5,6,5.2,14.537037323589038,3.745656618525661,3.8810384410813943,1.3882746149984213
A848,2021-12-01,-26.25,-53.5,6,0.0,10.299069274810474,2.9770943454450576,3.459436645186609,0.0
A848,2021-12-02,-26.25,-53.5,6,3.3,13.554422355292054,4.075457669074982,3.3258650821340856,0.809725009546967
A848,2021-12-03,-26.25,-53.5,6,7.0,13.321013220122598,4.051547199264556,3.2878830148000375,1.727735024602614
A848,2021-12-04,-26.25,-53.5,6,8.3,15.713038355084294,5.259072891384168,2.9877962674422416,1.5782249402927504
A848,2021-12-05,-26.25,-53.5,6,4.6,10.3873587883815,3.618898625300184,2.8703094128589686,1.271104962112177
A848,2021-12-06,-26.25,-53.5,6,7.5,13.800993144807412,4.943580098105881,2.7917001183201675,1.5171191426378638
A848,2021-12-07,-26.25,-53.5,6,5.6,16.754870418198312,4.7907094198855855,3.4973672894146146,1.168929172943606
A848,2021-12-08,-26.25,-53.5,6,7.8,17.840187065749106,4.829988653598559,3.693629187401375,1.6149106259677544
A848,2021-12-09,-26.25,-53.5,6,7.4,11.009498715987883,3.7245033046019542,2.9559642764673266,1.9868421088139845
A848,2021-12-10,-26.25,-53.5,6,5.5,8.161218631444417,3.6229759347209223,2.2526284409540454,1.5180890238023799
A848,2021-12-11,-26.25,-53.5,6,5.5,9.853974935925333,4.300860605029645,2.291163523040387,1.2788138247419645
A848,2021-12-12,-26.25,-53.5,6,5.6,13.210995815633398,3.7311201739191766,3.540758592547969,1.500889743285258
A848,2021-12-13,-26.25,-53.5,6,0.1,10.22211146088482,4.554466599727443,2.2444146283774593,0.02195646796619046
A848,2021-12-14,-26.25,-53.5,6,4.3,14.322536531050577,3.764941580438475,3.804185596256327,1.1421159951967197
A848,2021-12-15,-26.25,-53.5,6,4.5,12.794561713219634,4.3924792322278225,2.912833740759739,1.0244783781749707
A848,2021-12-16,-26.25,-53.5,6,5.3,20.27611110127882,5.061808581446736,4.005704833564374,1.0470565835749532
A848,2021-12-17,-26.25,-53.5,6,4.2,15.084164446038203,4.653027749071074,3.241795505958371,0.9026380727771254
A848,2021-12-18,-26.25,-53.5,6,10.9,19.476472830288035,5.591632664748812,3.483145978646464,1.9493412127582332
A848,2021-12-19,-26.25,-53.5,6,10.4,13.270044523677837,4.965561015140046,2.6724159633155926,2.0944259809295054
A848,2021-12-20,-26.25,-53.5,6,14.1,8.708479314332143,3.4717052708593905,2.508415500425367,4.061404670019603
A848,2021-12-21,-26.25,-53.5,6,11.2,7.193007897163786,2.5013711950604813,2.8756259412309513,4.477544165422914
A848,2021-12-22,-26.25,-53.5,6,9.5,13.779232399796834,5.771886113448776,2.387301504042249,1.6459091210868726
A848,2021-12-23,-26.25,-53.5,6,8.3,11.614213763153098,5.070716595146028,2.2904482128365977,1.6368495151050688
A848,2021-12-24,-26.25,-53.5,6,10.7,13.407570353694801,4.81909712440822,2.78217475339662,2.2203329220748893
A848,2021-12-25,-26.25,-53.5,6,9.6,9.66920526586634,4.311190855460696,2.242815405311738,2.2267629343851305
A848,2021-12-26,-26.25,-53.5,6,7.0,12.259258830603875,4.651959898369003,2.635289017625028,1.5047421200802333
A848,2021-12-27,-26.25,-53.5,6,10.7,9.107465369978085,3.5434866191448218,2.570198888510566,3.0196247792188124
A848,2021-12-28,-26.25,-53.5,6,8.3,11.359966638221751,4.429120979678866,2.5648354809774028,1.873961004470416
A848,2021-12-29,-26.25,-53.5,6,13.7,16.568597476380134,5.647313662345494,2.9338900700441553,2.425932189909563
A848,2021-12-30,-26.25,-53.5,6,14.3,13.618939618781551,6.542248760382687,2.08169088605321,2.1857927638880437
A848,2021-12-31,-26.25,-53.5,6,11.2,9.703847858503059,3.6206159858396525,2.6801648936134415,3.0933962739499483
A848,2022-01-01,-26.25,-53.5,6,7.5,10.322573495513526,3.3610684145510485,3.0712179052422988,2.23143330481769
A848,2022-01-02,-26.25,-53.5,6,20.3,15.827595795636274,5.2025442149425025,3.042279919539559,3.901937044897244
A848,2022-01-03,-26.25,-53.5,6,9.4,13.292066438880106,3.9338818466982683,3.3788677334160964,2.3894972869837154
A848,2022-01-04,-26.25,-53.5,6,15.8,14.163650782068546,3.99044554105422,3.54939082274174,3.9594576188166353
A848,2022-01-05,-26.25,-53.5,6,10.3,20.10880672250401,5.312702148484185,3.7850431212751943,1.938749757115367
A848,2022-01-06,-26.25,-53.5,6,10.1,11.807393595913492,4.95773481265848,2.38161056250244,2.037220702933098
A848,2022-01-07,-26.25,-53.5,6,9.5,13.920221091413616,4.366313896050987,3.1880944482721323,2.175748291617801
A848,2022-01-08,-26.25,-53.5,6,12.4,12.75507310389693,4.711737546035716,2.7070848024267784,2.6317255320031374
A848,2022-01-09,-26.25,-53.5,6,13.9,13.210941615699282,4.959446322135608,2.6637936490479976,2.802732219917336
A848,2022-01-10,-26.25,-53.5,6,9.1,8.147992460082525,3.1792179601307615,2.562892057815186,2.8623391394107864
A848,2022-01-11,-26.25,-53.5,6,9.5,7.6900539083770205,3.0923232081933363,2.486820875645101,3.07212388887069
A848,2022-01-12,-26.25,-53.5,6,7.2,7.773381264130463,3.1540104143226917,2.4646022818538342,2.282807934718302
A848,2022-01-13,-26.25,-53.5,6,10.9,9.756253716855385,4.5416571568250665,2.1481704540806166,2.400005025394708
A848,2022-01-14,-26.25,-53.5,6,12.3,13.857202158363577,5.648784418572899,2.453129935849887,2.177459624686377
A848,2022-01-15,-26.25,-53.5,6,10.1,11.455930581532371,4.335829166614089,2.6421545087023044,2.3294275701104787
A848,2022-01-16,-26.25,-53.5,6,11.5,12.341710658138464,5.476689613252386,2.2534982863140964,2.099808609232213
A848,2022-01-17,-26.25,-53.5,6,11.3,16.06723626664035,5.481153497743037,2.931360392161307,2.0616098426458915
A848,2022-01-18,-26.25,-53.5,6,10.0,13.041719379617046,4.370428675866814,2.9840824200226543,2.2881050674088943
A848,2022-01-19,-26.25,-53.5,6,7.4,12.789676377263817,4.388937283884711,2.9140713457503526,1.686057357705088
A848,2022-01-20,-26.25,-53.5,6,3.7,8.781166955125014,3.533856050753466,2.4848683220282135,1.047014917093499
A848,2022-01-21,-26.25,-53.5,6,9.3,8.586655808152662,4.28657167460847,2.003152276448744,2.169565962255711
A848,2022-01-22,-26.25,-53.5,6,7.1,8.862490493923168,3.5220267743065126,2.516304123119051,2.015884731994404
A848,2022-01-23,-26.25,-53.5,6,0.0,8.237989703890475,3.0332777499032595,2.7158705476784015,0.0
A848,2022-01-24,-26.25,-53.5,6,4.1,10.95669932729202,3.8040297136549466,2.880287524558982,1.0778044096981256
A848,2022-01-25,-26.25,-53.5,6,12.9,14.235423106223525,4.242337977352371,3.3555608209951737,3.0407761165815574
A848,2022-01-26,-26.25,-53.5,6,10.7,12.024829284407987,4.572439874827477,2.6298496237441933,2.3401073153321064
A848,2022-01-27,-26.25,-53.5,6,8.1,9.903146932781276,4.322140427495442,2.291259874339592,1.8740714550761879
A848,2022-01-28,-26.25,-53.5,6,9.5,16.25372088051823,4.503590261304276,3.609058537179406,2.109428133732735
A848,2022-01-29,-26.25,-53.5,6,8.3,14.267557952273203,3.99090699214468,3.5750164011228778,2.0797277451809646
A848,2022-01-30,-26.25,-53.5,6,11.8,15.110019835097033,4.79805384322484,3.1491976390455374,2.459330467218987
A848,2022-01-31,-26.25,-53.5,6,13.6,10.91321428842974,3.9144887892223106,2.7879028082739414,3.4742723079050903
A848,2022-02-01,-26.25,-53.5,6,5.7,7.578364931400126,2.5600209987338416,2.9602745192903894,2.2265442364805437
A848,2022-02-02,-26.25,-53.5,6,12.4,10.33139995886412,4.526772673560218,2.2822882225138725,2.7392583843287284
A848,2022-02-03,-26.25,-53.5,6,11.2,19.56469907278,6.231960410168978,3.139413248013479,1.7971872834308193
A848,2022-02-04,-26.25,-53.5,6,11.1,14.088746885243653,5.477409858296848,2.5721549509213513,2.0265052802624206
A848,2022-02-05,-26.25,-53.5,6,11.5,8.748459907371222,5.549130007117694,1.5765462146588471,2.0723969316360065
A848,2022-02-06,-26.25,-53.5,6,8.5,8.264689495155867,4.311446421940892,1.9169180563388135,1.971496144946535
A848,2022-02-07,-26.25,-53.5,6,8.7,7.6420941576249755,3.874873232696689,1.972217850416365,2.245234741252503
A848,2022-02-08,-26.25,-53.5,6,7.5,6.015654855667241,3.1667207224549836,1.8996480532718516,2.368380623784741
A848,2022-02-09,-26.25,-53.5,6,9.8,8.367052753334184,3.448869838386998,2.426027407647072,2.841510540909066
A848,2022-02-10,-26.25,-53.5,6,12.0,11.082732075795741,4.530163998452711,2.4464306545151735,2.6489107246666195
A848,2022-02-11,-26.25,-53.5,6,9.1,11.530583051062198,4.084504335358116,2.823006686820234,2.2279325109841364
A848,2022-02-12,-26.25,-53.5,6,10.6,9.784157593255951,4.052545634465058,2.414323853640571,2.6156398856688545
A848,2022-02-13,-26.25,-53.5,6,9.0,7.5478184487278615,3.6637628140181917,2.0601274787354136,2.456490896617117
A848,2022-02-14,-26.25,-53.5,6,7.4,7.414888226438652,3.3384539322500904,2.221054529106855,2.2165949119484964
A848,2022-02-15,-26.25,-53.5,6,6.4,7.321679132779313,3.3627159545820673,2.1773112066758795,1.9032234914992752
A848,2022-02-16,-26.25,-53.5,6,9.5,11.662246852200964,4.466765078480235,2.610893263311915,2.1268188125157153
A848,2022-02-17,-26.25,-53.5,6,9.0,11.051245435490904,3.952696935166729,2.7958747196551132,2.2769263992713293
A848,2022-02-18,-26.25,-53.5,6,9.1,9.727655377153376,4.179984549663293,2.327198883531031,2.177041539718855
A848,2022-02-19,-26.25,-53.5,6,11.6,11.17106894775212,4.49949990944702,2.4827356756464574,2.578064281242672
A848,2022-02-20,-26.25,-53.5,6,13.5,16.037760267811976,5.46375400674848,2.9353005731962236,2.4708286616355095
A848,2022-02-21,-26.25,-53.5,6,10.4,7.117128628019506,2.9530700082505987,2.41007785394011,3.521758702280468
A848,2022-02-22,-26.25,-53.5,6,9.9,7.389603984295165,3.1305665988382407,2.3604685449073215,3.1623668391766238
A848,2022-02-23,-26.25,-53.5,6,5.7,6.707353648250858,2.5639439113215063,2.6160297885743367,2.223137555712796
A848,2022-02-24,-26.25,-53.5,6,12.4,13.101954512612949,5.122467869552541,2.557742644027054,2.4207082046730664
A848,2022-02-25,-26.25,-53.5,6,15.4,8.135649359085686,3.356969170988731,2.4235102989311894,4.587471381354457
A848,2022-02-26,-26.25,-53.5,6,7.5,6.167232567261773,2.262623746281014,2.725699567768884,3.314735829289981
A848,2022-02-27,-26.25,-53.5,6,10.0,15.91982708775028,4.732315746177891,3.3640669688213665,2.1131303438652873
A848,2022-02-28,-26.25,-53.5,6,20.0,16.1541724217615,5.064826111017722,3.1894821396968935,3.9488028930535615
A848,2022-03-01,-26.25,-53.5,6,8.1,10.351033918467751,3.4108366691628538,3.034749219172749,2.374783897813565
A848,2022-03-02,-26.25,-53.5,6,9.3,10.954650107309401,3.2173494488736885,3.4048679763848293,2.8905781444585363
A848,2022-03-03,-26.25,-53.5,6,12.4,8.305658724849128,2.5215353292540197,3.293889492044636,4.917638811615803
A848,2022-03-04,-26.25,-53.5,6,10.2,11.811008527541416,3.937228554077281,2.999828017428725,2.590654786712133
A848,2022-03-05,-26.25,-53.5,6,13.9,13.16522967853358,4.327490529241744,3.0422318869500495,3.2120232051520023
A848,2022-03-06,-26.25,-53.5,6,11.8,17.816744568182713,5.065225353370464,3.5174633555696055,2.329610071968098
A848,2022-03-07,-26.25,-53.5,6,10.1,14.960708605148604,4.817420204295098,3.105543625156466,2.0965578196801427
A848,2022-03-08,-26.25,-53.5,6,14.3,10.18575177596239,4.561421558026013,2.2330213610798877,3.1349875950050152
A848,2022-03-09,-26.25,-53.5,6,11.1,12.497785711936992,4.666550764308825,2.6781634537277066,2.378630504760843
A848,2022-03-10,-26.25,-53.5,6,12.2,15.450573842082981,3.954083440909405,3.9074981782704827,3.0854179438343126
A848,2022-03-11,-26.25,-53.5,6,12.2,18.417491662521677,5.06305003611398,3.637627819427511,2.4096147407154227
A848,2022-03-12,-26.25,-53.5,6,10.1,9.010481726178188,4.668222283841228,1.9301740959010094,2.1635644975520005
A848,2022-03-13,-26.25,-53.5,6,7.6,8.368938660404327,3.7394200791298777,2.2380311607974486,2.032400703632216
A848,2022-03-14,-26.25,-53.5,6,5.6,8.124379295415174,3.0580916331320984,2.6566827518815,1.8312073906904085
A848,2022-03-15,-26.25,-53.5,6,6.0,8.551360102007319,3.4185549180602797,2.5014546517390572,1.7551275740231362
A848,2022-03-16,-26.25,-53.5,6,9.0,10.74553581913386,4.345633448352938,2.472720248231379,2.0710444419584304
A848,2022-03-17,-26.25,-53.5,6,9.0,10.466130146263819,3.7639409475347647,2.780630804826714,2.3911108397953615
A848,2022-03-18,-26.25,-53.5,6,14.0,10.511496600688927,4.628137209794145,2.2712154208488706,3.024975139106281
A848,2022-03-19,-26.25,-53.5,6,7.5,12.881734054531734,5.470526948644458,2.3547519599960474,1.3709831009713653
A848,2022-03-20,-26.25,-53.5,6,8.1,10.57111974277112,4.62903867164457,2.28365336576795,1.749823359570745
A848,2022-03-21,-26.25,-53.5,6,12.5,10.590362962803637,4.992813967259088,2.1211210816687895,2.5035981877093936
A848,2022-03-22,-26.25,-53.5,6,16.5,20.0920743776388,6.138750723189205,3.272990757181383,2.6878432997240056
A848,2022-03-23,-26.25,-53.5,6,11.7,15.926339869155841,6.259357737405744,2.544404799550038,1.8692013607212656
A848,2022-03-24,-26.25,-53.5,6,15.7,16.30831586595255,6.19905077569456,2.6307763004450178,2.5326458143490402
A848,2022-03-25,-26.25,-53.5,6,9.1,10.74658360768188,3.3754966172678658,3.183704451874162,2.6958996058380174
A848,2022-03-26,-26.25,-53.5,6,7.3,8.382907841216499,3.4323953105430483,2.4422909026437916,2.1267946549096783
A848,2022-03-27,-26.25,-53.5,6,5.1,5.507117045305309,2.6579373197530196,2.0719514355654707,1.9187811398328614
A848,2022-03-28,-26.25,-53.5,6,7.4,6.716283182371691,2.6653968598198268,2.5198060685138244,2.7763220222673404
A848,2022-03-29,-26.25,-53.5,6,13.7,14.633880358837567,4.987620362498871,2.934040543435784,2.7468008798360306
A848,2022-03-30,-26.25,-53.5,6,13.7,21.091307433231094,6.502461460700193,3.2435882258900706,2.1068944557073572
A848,2022-03-31,-26.25,-53.5,6,11.3,16.561643546201392,6.210970085380204,2.6665147824790356,1.819361523991026
A848,2022-04-01,-26.25,-53.5,6,8.5,12.606006500948224,4.945849889725546,2.5488049136177393,1.718612612497158
A848,2022-04-02,-26.25,-53.5,6,8.9,8.535062385543588,4.003336675418508,2.1319871590993116,2.2231455212468725
A848,2022-04-03,-26.25,-53.5,6,10.7,12.510469943886887,5.365620054809152,2.3315981780472654,1.994177726097042
A848,2022-04-04,-26.25,-53.5,6,13.3,11.390996546093842,5.215820558373339,2.183931831743529,2.54993434899683
A848,2022-04-05,-26.25,-53.5,6,4.9,8.062238987574492,2.289124289907787,3.5219752038449887,2.140556553264912
A848,2022-04-06,-26.25,-53.5,6,5.7,7.677042967258599,2.4689761824753025,3.109403412535914,2.3086492451642022
A848,2022-04-07,-26.25,-53.5,6,9.9,12.797418903222129,3.0555343643455366,4.188275233475635,3.2400224705443548
A848,2022-04-08,-26.25,-53.5,6,11.4,11.393534438551145,3.7138312184382225,3.0678654382528636,3.0696063793642305
A848,2022-04-09,-26.25,-53.5,6,5.3,4.35711066929012,2.253593773198906,1.9334055325797856,2.3517991853859335
A848,2022-04-10,-26.25,-53.5,6,10.0,7.888044618228812,3.4710720256434793,2.272509633898046,2.8809543351801135
A848,2022-04-11,-26.25,-53.5,6,14.6,12.496322458604538,6.550604662622052,1.9076593844700982,2.2288018819557283
A848,2022-04-12,-26.25,-53.5,6,12.5,12.678702926101602,3.949279915594664,3.2103834615613724,3.1651339654707176
A848,2022-04-13,-26.25,-53.5,6,7.9,8.201162522334933,3.275095131756209,2.5040990238159013,2.4121436728354735
A848,2022-04-14,-26.25,-53.5,6,11.5,9.406772315106153,5.590616659011744,1.6826001296195103,2.0570181612188843
A848,2022-04-15,-26.25,-53.5,6,7.9,8.07339795014792,4.161451752746577,1.9400436265587944,1.8983759681428398
A848,2022-04-16,-26.25,-53.5,6,8.0,8.127295171472323,3.5295512647229965,2.3026426199564387,2.266577080196581
A848,2022-04-17,-26.25,-53.5,6,10.2,9.138778434151241,4.108804939371899,2.224193790895379,2.482473651221624
A848,2022-04-18,-26.25,-53.5,6,8.5,8.21874792258617,3.1663595790588914,2.595645793655866,2.6844708529681203
A848,2022-04-19,-26.25,-53.5,6,9.2,6.888097231020375,3.0819003649773022,2.235016196271843,2.985171131600731
A848,2022-04-20,-26.25,-53.5,6,7.2,8.554876097491645,3.6238956570230965,2.3606849940373773,1.9868121716050038
A848,2022-04-21,-26.25,-53.5,6,11.8,9.281083236039937,3.33551853319698,2.782500874652415,3.5376808380944915
A848,2022-04-22,-26.25,-53.5,6,13.8,10.157648986822137,4.94450938008924,2.0543289952538846,2.7909745819414207
A848,2022-04-23,-26.25,-53.5,6,12.8,14.197789049741198,4.413142974885471,3.2171604524346185,2.9004272177092076
A848,2022-04-24,-26.25,-53.5,6,11.8,10.678532105506976,4.330111691506554,2.466110083592705,2.725102916662754
A848,2022-04-25,-26.25,-53.5,6,11.6,14.050528788092025,5.906863640613606,2.3786783719680473,1.9638171296595208
A848,2022-04-26,-26.25,-53.5,6,12.0,13.403479703143669,5.196860337842425,2.5791494925392544,2.3090864906679456
A848,2022-04-27,-26.25,-53.5,6,17.3,17.612027842846143,6.314124689242688,2.789306310794207,2.7398888763590366
A848,2022-04-28,-26.25,-53.5,6,14.1,16.09461482857589,5.6207543037043255,2.8634261451294583,2.508560103882761
A848,2022-04-29,-26.25,-53.5,6,7.1,5.322338376643164,4.802539185358918,1.1082342426000213,1.4783846057196472
A848,2022-04-30,-26.25,-53.5,6,10.1,10.1780599701967,4.570351053981086,2.226975532072294,2.209895887801051
A848,2022-05-01,-26.25,-53.5,6,10.4,11.481547929531015,3.8265053884926292,3.0005309711726103,2.717884582437988
A848,2022-05-02,-26.25,-53.5,6,7.3,12.110266770883701,4.551740270465014,2.6605794819761313,1.6037821945526385
A848,2022-05-03,-26.25,-53.5,6,10.8,15.554202804733832,5.139630240848119,3.026327201734097,2.101318478937472
A848,2022-05-04,-26.25,-53.5,6,8.4,13.048483041177843,4.854686029997108,2.6878119327493595,1.7302869738838713
A848,2022-05-05,-26.25,-53.5,6,7.9,10.209319850626844,4.110006975516278,2.4840152124910695,1.9221378569576864
A848,2022-05-06,-26.25,-53.5,6,7.1,6.986766163930518,2.591352925703983,2.696184720586622,2.7398815227266544
A848,2022-05-07,-26.25,-53.5,6,7.9,5.612883883302687,2.852574414671151,1.9676555515729635,2.7694281906790237
A848,2022-05-08,-26.25,-53.5,6,8.7,9.441748201606128,4.063845410213926,2.3233531910135095,2.1408294661341514
A848,2022-05-09,-26.25,-53.5,6,7.7,9.459022127701035,3.193258667044685,2.9621847504308896,2.4113298679703385
A848,2022-05-10,-26.25,-53.5,6,12.9,10.515717408292497,2.984279339448359,3.523704121557306,4.322651646405377
A848,2022-05-11,-26.25,-53.5,6,7.3,9.333268302455478,3.8609513553968413,2.417349363754461,1.8907257118886134
A848,2022-05-12,-26.25,-53.5,6,5.5,7.202129566774353,3.565640122875641,2.0198700145223665,1.5425000309802224
A848,2022-05-13,-26.25,-53.5,6,8.6,7.99433920834582,3.03322571607413,2.635589948344762,2.835265425327754
A848,2022-05-14,-26.25,-53.5,6,12.4,9.795047648161935,3.0769892016994893,3.1833220743029953,4.029913394935285
A848,2022-05-15,-26.25,-53.5,6,6.4,12.408202878404435,4.08826235996076,3.0350798911358345,1.5654572619114955
A848,2022-05-16,-26.25,-53.5,6,11.6,10.909685939414311,4.310132692645866,2.5311717103347853,2.6913324547507362
A848,2022-05-17,-26.25,-53.5,6,12.3,24.875899752233565,6.63190793743112,3.7509416576535415,1.8546698953068437
A848,2022-05-18,-26.25,-53.5,6,14.5,22.78366901130868,6.775852344629525,3.362480150466501,2.139952180553722
A848,2022-05-19,-26.25,-53.5,6,10.1,8.465228611408374,3.980677366083578,2.12657993424294,2.537256620206065
A848,2022-05-20,-26.25,-53.5,6,8.8,5.539897550392554,3.059504485015735,1.8107172509551206,2.876282758564004
A848,2022-05-21,-26.25,-53.5,6,9.4,5.660176526635258,2.675906781615963,2.1152368107595714,3.5128278999029257
A848,2022-05-22,-26.25,-53.5,6,9.7,5.772089355807636,2.5955336458811695,2.2238545683918667,3.7371890807090278
A848,2022-05-23,-26.25,-53.5,6,10.5,7.201959083698716,3.258686462232717,2.2100804011577817,3.2221571856305053
A848,2022-05-24,-26.25,-53.5,6,12.0,7.919425661532179,4.262009821528121,1.8581434565283828,2.815573051799647
A848,2022-05-25,-26.25,-53.5,6,12.0,12.290377995956671,5.037585487921364,2.439735866602235,2.3820935701781027
A848,2022-05-31,-26.25,-53.5,6,3.6,10.191850642455679,4.578920320777007,2.2258196099656526,0.7862115406692878
A848,2022-06-03,-26.25,-53.5,6,6.4,9.227777403371245,3.7411015958099902,2.4665936401476767,1.710726061855139
A848,2022-06-04,-26.25,-53.5,6,11.7,11.689258782449409,4.722581307977713,2.4751842308576246,2.477458668680949
A848,2022-06-05,-26.25,-53.5,6,10.4,13.775298498535184,4.855706728611459,2.8369296723310096,2.141809747017813
A848,2022-06-07,-26.25,-53.5,6,5.6,11.542910666572505,3.1912835099667864,3.61701197355939,1.754779850336231
A848,2022-06-08,-26.25,-53.5,6,4.0,10.232562193736259,2.084227956289409,4.909521611039843,1.9191758693810428
A848,2022-06-09,-26.25,-53.5,6,6.0,11.62274737837094,2.8255577391026705,4.113434745121169,2.123474568212312
A848,2022-06-10,-26.25,-53.5,6,11.8,15.520363765903156,5.141744444859711,3.018501586833847,2.2949409731548718
A848,2022-06-11,-26.25,-53.5,6,9.1,13.18521842120176,4.181181991467135,3.153466758469224,2.1764180603884458
A848,2022-06-12,-26.25,-53.5,6,8.4,10.175127133778942,3.476509947995742,2.9268223839385383,2.4162162990049034
A848,2022-06-13,-26.25,-53.5,6,7.8,7.204478069009572,2.833779314499138,2.542356785564631,2.752507917638825
A848,2022-06-14,-26.25,-53.5,6,11.3,10.140331535490086,4.388761552256052,2.310522322698855,2.574758246820498
A848,2022-06-15,-26.25,-53.5,6,11.4,8.859736180600251,3.987009047778939,2.222151009548319,2.859286212643698
A848,2022-06-16,-26.25,-53.5,6,10.9,8.579669864845636,4.123345188532851,2.080754696139911,2.643484719715738
A848,2022-06-17,-26.25,-53.5,6,15.1,16.728522834595786,6.723681503630712,2.4880004838959984,2.2457934677373057
A848,2022-06-18,-26.25,-53.5,6,11.4,9.852343868161244,4.39918125422533,2.2395857999027102,2.5913912933345307
A848,2022-06-19,-26.25,-53.5,6,13.1,12.73920549293451,4.327905050393982,2.9435039227061655,3.026868622916639
A848,2022-06-20,-26.25,-53.5,6,9.6,6.837600279247962,3.4789456206676115,1.9654231554029933,2.7594567569463058
A848,2022-06-21,-26.25,-53.5,6,13.0,16.81932204976821,6.152381459018402,2.733790510520733,2.113002921973261
A848,2022-07-06,-26.25,-53.5,6,13.5,10.91139706401562,6.0438969800376885,1.8053578841688958,2.233658191823749
A848,2022-07-07,-26.25,-53.5,6,16.1,22.114244330553323,6.441812178040464,3.4329228669439815,2.4992967126367636
A848,2022-07-08,-26.25,-53.5,6,10.3,12.048198823273184,4.354207784174068,2.7670243177332794,2.36552790095059
A848,2022-07-09,-26.25,-53.5,6,12.3,13.11067591702172,5.399702690984046,2.42803662855601,2.2779031928067948
A848,2022-07-10,-26.25,-53.5,6,15.0,17.67688261151811,5.702072323687864,3.1000803932429664,2.630622543612113
A848,2022-07-11,-26.25,-53.5,6,17.1,17.96289261929562,7.7471125536924355,2.3186564664965568,2.2072739851765526
A848,2022-07-12,-26.25,-53.5,6,13.9,14.549276695538671,7.631918887204993,1.9063720291800683,1.8212981827287924
A848,2022-07-13,-26.25,-53.5,6,10.7,6.170433594860396,3.8220981017894484,1.6144100518957094,2.7995095141567456
A848,2022-07-14,-26.25,-53.5,6,14.2,13.916813556362476,6.229076241993251,2.23416972528646,2.2796317541067888
A848,2022-07-15,-26.25,-53.5,6,15.3,23.058728648759917,6.829754878379459,3.376216139433574,2.2401975286747526
A848,2022-07-16,-26.25,-53.5,6,15.6,19.713467374661864,7.340406281030317,2.6856098450036794,2.1252229648806775
A848,2022-07-17,-26.25,-53.5,6,8.5,13.40419981213552,4.265809790919356,3.142240387902219,1.9925876718868196
A848,2022-07-18,-26.25,-53.5,6,8.8,9.045200077701505,2.585524016713096,3.498401105243034,3.4035653674519692
A848,2022-07-19,-26.25,-53.5,6,9.4,7.357947486101596,2.734888536050249,2.6904012317547723,3.4370687785234444
A848,2022-07-20,-26.25,-53.5,6,8.8,8.363161062915525,3.877093608320402,2.1570696784229915,2.269741432374715
A848,2022-07-21,-26.25,-53.5,6,10.8,9.922316313289878,4.826749261700242,2.0556933404480806,2.2375307716306887
A848,2022-07-22,-26.25,-53.5,6,11.8,9.121066130341026,5.340669229187165,1.707850784035398,2.209460929636327
A848,2022-07-23,-26.25,-53.5,6,11.1,11.49403376583107,4.621107950948547,2.4872896041027905,2.4020213589084345
A848,2022-07-24,-26.25,-53.5,6,9.3,9.677606168648518,3.95954919954652,2.4441181763208997,2.3487522269113645
A848,2022-07-25,-26.25,-53.5,6,7.9,5.09814078124067,3.307433294509366,1.541419078565859,2.388559132277801
A848,2022-07-26,-26.25,-53.5,6,8.2,4.848446011267347,2.407791371851576,2.013648718883365,3.405610675352762
A848,2022-07-27,-26.25,-53.5,6,8.6,8.78654061917097,3.740292892826213,2.3491584405123276,2.299285175365432
A848,2022-07-28,-26.25,-53.5,6,10.5,14.511395367051305,5.410555790528989,2.682052626174386,1.9406509065815245
A848,2022-07-29,-26.25,-53.5,6,16.8,12.869454674026334,5.671202668628667,2.2692637569128262,2.9623346195917817
A848,2022-07-30,-26.25,-53.5,6,5.5,5.650403484661961,2.87641906997304,1.9643881323297308,1.9120996858262207
A848,2022-07-31,-26.25,-53.5,6,9.2,9.709166722162133,3.289825211882704,2.9512712976644018,2.796501153547612
A848,2022-08-01,-26.25,-53.5,6,7.1,6.894019927283581,2.025835612846522,3.4030500222062563,3.5047266199569465
A848,2022-08-02,-26.25,-53.5,6,10.2,8.50907868957196,3.5666975686969526,2.385702327063475,2.8597883065612537
A848,2022-08-03,-26.25,-53.5,6,11.8,12.667801334720574,5.756171635567153,2.2007337752833394,2.0499736191131404
A848,2022-08-04,-26.25,-53.5,6,18.4,13.917872925431377,5.85245076025288,2.3781273000970957,3.143982026293024
A848,2022-08-05,-26.25,-53.5,6,9.0,8.591424018967473,4.269531245337423,2.012263999320724,2.1079597461263515
A848,2022-08-06,-26.25,-53.5,6,13.5,12.943019819225691,4.097325879500956,3.1588944106154715,3.2948318969552566
A848,2022-08-07,-26.25,-53.5,6,15.7,13.923154266145406,2.9855675499867886,4.663486601134521,5.258631646123523
A848,2022-08-08,-26.25,-53.5,6,6.0,5.820506153785331,3.3129952582101017,1.7568712600361378,1.811049981170693
A848,2022-08-09,-26.25,-53.5,6,9.6,11.465942388123404,5.102785217813498,2.2469968651818872,1.8813255095446721
A848,2022-08-10,-26.25,-53.5,6,17.9,18.173431610119295,7.808747842289473,2.3273170010303423,2.292300937553624
A848,2022-08-11,-26.25,-53.5,6,8.1,6.9650049057182315,3.050044930752605,2.283574525572514,2.6556985827750768
A848,2022-08-12,-26.25,-53.5,6,13.4,17.24410089591671,5.16533272527867,3.338429838512753,2.5942181680613943
A848,2022-08-13,-26.25,-53.5,6,11.5,14.300683188790385,5.343910999305745,2.676070613947025,2.1519819475837125
A848,2022-08-14,-26.25,-53.5,6,11.7,11.172679833386152,4.328170744090645,2.5813861083554706,2.7032205270492824
A848,2022-08-15,-26.25,-53.5,6,17.7,15.91212898638327,6.538523810946334,2.4335965496897494,2.707033041673399
A848,2022-08-16,-26.25,-53.5,6,14.3,17.747936892903883,6.221790947785264,2.852544716119322,2.2983735904997404
A848,2022-08-17,-26.25,-53.5,6,15.1,13.634189329598637,6.363244783360371,2.142647311832399,2.3730031633367132
A848,2022-08-18,-26.25,-53.5,6,13.8,23.047611545843036,6.670551665538939,3.4551282564694645,2.068794410407291
A848,2022-08-19,-26.25,-53.5,6,14.4,20.509577942862354,5.672828726312921,3.6154058111662115,2.5384161402946748
A848,2022-08-20,-26.25,-53.5,6,10.7,13.820382370420466,4.268192059256153,3.2379944900673094,2.506916242626805
A848,2022-08-21,-26.25,-53.5,6,6.0,4.874508685157847,2.6955288192077522,1.8083682320230294,2.2259083105494195
A848,2022-08-22,-26.25,-53.5,6,6.0,6.892707361694008,2.423016894473828,2.844679860637455,2.476251822133058
A848,2022-08-23,-26.25,-53.5,6,10.6,12.243016089458873,3.3766901501338626,3.625744603476135,3.1391686914417605
A848,2022-08-24,-26.25,-53.5,6,9.9,8.764980111476149,3.499762381376929,2.5044500615575216,2.828763476252063
A848,2022-08-25,-26.25,-53.5,6,9.1,7.740262938450148,3.258589175613961,2.375341757216689,2.7926195999486314
A848,2022-08-26,-26.25,-53.5,6,8.6,6.729509139431497,3.106665632909802,2.1661517313430427,2.7682412644919774
A848,2022-08-27,-26.25,-53.5,6,10.9,8.622669248591816,4.336075616529086,1.9885883022247741,2.513793799732017
A848,2022-08-28,-26.25,-53.5,6,12.6,13.101529089989027,6.750998614389152,1.9406801627931436,1.866390547487926
A848,2022-08-29,-26.25,-53.5,6,14.0,16.660229222475632,6.615960022877007,2.5181877104557815,2.1160950113951835
A848,2022-08-30,-26.25,-53.5,6,13.3,13.707683696392252,4.892313604594625,2.801881646245788,2.7185501737887945
A848,2022-08-31,-26.25,-53.5,6,16.0,14.029501467539554,5.230407629130469,2.682296001061755,3.059034999660232
A848,2022-09-01,-26.25,-53.5,6,16.1,17.483893532002668,5.443382898594843,3.21195364311336,2.95771954682006
A848,2022-09-02,-26.25,-53.5,6,16.4,12.422212335938912,5.102785999309558,2.4343980597304538,3.2139305865891754
A848,2022-09-03,-26.25,-53.5,6,13.3,10.421295859658732,6.464534330040248,1.6120721660076403,2.057379436937292
A848,2022-09-04,-26.25,-53.5,6,9.0,11.783129966174535,4.893852983966282,2.407740895523338,1.8390417590161938
A848,2022-09-05,-26.25,-53.5,6,8.2,11.134720978320766,3.0083349338500516,3.701290322773538,2.7257603226731413
A848,2022-09-06,-26.25,-53.5,6,9.9,9.585980821384059,3.4647302063311294,2.766732256343515,2.8573653388392697
A848,2022-09-07,-26.25,-53.5,6,10.2,11.151349223931971,3.9289328975936746,2.8382641074785875,2.5961247661539653
A848,2022-09-08,-26.25,-53.5,6,11.9,12.033573627869158,5.115261107146781,2.3524847267437563,2.3263719584859373
A848,2022-09-09,-26.25,-53.5,6,12.5,21.2650935851889,7.202052609630511,2.952643466774102,1.7356163135055593
A848,2022-09-10,-26.25,-53.5,6,11.7,10.005190452334844,5.456108339503192,1.8337594911551682,2.144385571541885
A848,2022-09-11,-26.25,-53.5,6,8.0,12.157910825483318,4.4310473133807164,2.7438007237632736,1.8054422429302186
A848,2022-09-12,-26.25,-53.5,6,9.8,14.08102476211965,5.111015350795704,2.7550347231744197,1.917427228715777
A848,2022-09-13,-26.25,-53.5,6,6.6,7.750489152185905,2.2925115386189954,3.38078523122932,2.8789386176768503
A848,2022-09-14,-26.25,-53.5,6,8.7,9.60089175931469,3.8318405987681414,2.505556145107179,2.2704493508411785
A848,2022-09-15,-26.25,-53.5,6,6.9,8.853602609097921,3.153452559198396,2.80759023416179,2.188077946463216
A848,2022-09-16,-26.25,-53.5,6,9.8,11.964367962234535,4.29985933609703,2.782502176709473,2.27914432403164
A848,2022-09-17,-26.25,-53.5,6,12.4,14.197688760919187,5.2785008286027955,2.68971990758923,2.349151852512306
A848,2022-09-18,-26.25,-53.5,6,20.0,17.577885776777368,6.261656228691569,2.8072262568861,3.194043120469931
A848,2022-09-19,-26.25,-53.5,6,15.1,16.223990653491306,5.1562804940299145,3.146452306517439,2.9284675295463853
A848,2022-09-20,-26.25,-53.5,6,8.7,6.232203589668477,3.0215249888388174,2.0626020346313716,2.879340740896351
A848,2022-09-21,-26.25,-53.5,6,6.6,9.788698325624923,3.722084134041125,2.629897114925551,1.773200111098584
A848,2022-09-22,-26.25,-53.5,6,12.1,19.83505245360455,6.19014275954874,3.2042964474458295,1.9547206696218564
A848,2022-09-23,-26.25,-53.5,6,11.5,14.045988649832134,5.317284974620307,2.6415715382708296,2.162757883937034
A848,2022-09-24,-26.25,-53.5,6,8.8,7.1888792335841245,2.8905291325952094,2.487046109488514,3.0444252925065936
A848,2022-09-25,-26.25,-53.5,6,14.2,15.12663910335026,5.852005293414313,2.584864220880553,2.426518652671126
A848,2022-09-26,-26.25,-53.5,6,16.6,10.574210370427453,5.183835831194705,2.039842833524001,3.2022619042266705
A848,2022-09-27,-26.25,-53.5,6,7.6,7.304672243608172,3.4246414717828704,2.132974299293688,2.2192104086280993
A848,2022-09-28,-26.25,-53.5,6,9.1,7.761407678792355,5.423334447485047,1.4311135988287682,1.6779345047067724
A848,2022-09-29,-26.25,-53.5,6,15.6,14.248091545902117,5.572578425428359,2.556822077350464,2.7994222438961622
A848,2022-09-30,-26.25,-53.5,6,10.4,11.7442604924309,4.654546379258342,2.523180463893506,2.234374556099523
A848,2022-10-01,-26.25,-53.5,6,7.4,5.178811733058096,2.46352925919248,2.102192094424589,3.0038206253842694
A848,2022-10-02,-26.25,-53.5,6,7.1,6.407864357441296,3.5201870999698195,1.82031925447833,2.0169382474189717
A848,2022-10-03,-26.25,-53.5,6,8.0,10.342018619022536,3.482927635366406,2.969346395258812,2.296918235901963
A848,2022-10-04,-26.25,-53.5,6,6.7,7.851513285442247,3.0930672782793986,2.538423053574787,2.166134583314675
A848,2022-10-05,-26.25,-53.5,6,13.2,11.340553019813079,5.733013250209284,1.9781138687232391,2.3024541238445826
A848,2022-10-06,-26.25,-53.5,6,13.9,11.843539840421812,6.657168311955707,1.7790657056322015,2.087974848861307
A848,2022-10-07,-26.25,-53.5,6,13.2,15.535693727578447,6.579564185879845,2.3612040689441125,2.0062119050875773
A848,2022-10-08,-26.25,-53.5,6,10.4,9.171680943289912,4.373184169601699,2.0972546747614453,2.378129892697204
A848,2022-10-09,-26.25,-53.5,6,11.6,15.093676134857706,5.801001665675225,2.6019086021242908,1.9996546576839818
A848,2022-10-10,-26.25,-53.5,6,9.0,25.656261882801424,4.3209020724210365,5.937709638586188,2.082898396944513
A848,2022-10-11,-26.25,-53.5,6,9.5,24.302832992801477,3.44128597780171,7.062136988779439,2.7605959113193466
A848,2022-10-12,-26.25,-53.5,6,7.0,8.206057476639275,1.9805512402874867,4.143319955432269,3.5343695520767824
A848,2022-10-13,-26.25,-53.5,6,7.8,11.378349990241666,4.117303566590561,2.763544102642838,1.894443747916064
A848,2022-10-14,-26.25,-53.5,6,10.9,14.563292435567847,2.811583766152531,5.1797469493490365,3.876818514611051
A848,2022-10-15,-26.25,-53.5,6,11.9,11.267746205301455,5.096749281791826,2.210771137115879,2.334821538605565
A848,2022-10-16,-26.25,-53.5,6,8.0,7.965274420571715,3.255250758661529,2.4469004113977446,2.457567970367169
A848,2022-10-17,-26.25,-53.5,6,7.1,11.126528945732105,2.90883309511666,3.8250833175720147,2.440841316031318
A848,2022-10-18,-26.25,-53.5,6,13.4,16.009306048571645,4.2431787844513345,3.7729510967664144,3.1580097565303724
A848,2022-10-19,-26.25,-53.5,6,8.2,6.397743063923841,2.314909384869497,2.763712094192626,3.542255283768818
A848,2022-10-20,-26.25,-53.5,6,11.0,17.158620859345724,4.872188550456189,3.5217481182535813,2.2577122962472496
A848,2022-10-21,-26.25,-53.5,6,10.5,15.440722866717376,5.63912621677077,2.7381410298632156,1.861990598609583
A848,2022-10-22,-26.25,-53.5,6,9.0,6.923991116718394,4.528005632360226,1.5291480795065309,1.987630036429249
A848,2022-10-23,-26.25,-53.5,6,6.9,6.04802456720843,3.070672993246149,1.9696088057930217,2.247064410693141
A848,2022-10-24,-26.25,-53.5,6,9.7,5.440161361503813,3.0861139265915027,1.762786951780574,3.1431114439489556
A848,2022-10-25,-26.25,-53.5,6,7.8,8.744390978521453,3.3180850539295483,2.6353727636263056,2.350753483779025
A848,2022-10-26,-26.25,-53.5,6,16.2,19.4883451110643,7.2551884026801625,2.686125298119763,2.232884813027806
A848,2022-10-27,-26.25,-53.5,6,19.1,6.906117860880555,4.265233271777329,1.6191653353587308,4.478066915210245
A848,2022-10-28,-26.25,-53.5,6,8.3,9.315057835452905,3.0107017537420075,3.0939822663853036,2.7568323530166725
A848,2022-10-29,-26.25,-53.5,6,16.1,14.827104328747724,3.72955906971076,3.9755649532848443,4.316864192004502
A848,2022-10-30,-26.25,-53.5,6,16.2,26.3188915681665,8.00281864338549,3.288702735994106,2.0242867821813837
A848,2022-10-31,-26.25,-53.5,6,17.4,24.22082840148544,8.928868074079018,2.712642655321541,1.9487352546414176
A848,2022-11-01,-26.25,-53.5,6,16.5,20.855374029688925,7.652609841456279,2.725262944506809,2.1561271699250875
A848,2022-11-02,-26.25,-53.5,6,12.6,9.71521620297258,5.523444112760431,1.758905495310107,2.2811853877349986
A848,2022-11-03,-26.25,-53.5,6,8.5,5.081514669598643,3.4985300048409527,1.4524713701375427,2.4295918537895806
A848,2022-11-04,-26.25,-53.5,6,7.6,5.515915499693877,3.051333511649011,1.8077065252408118,2.490714296220207
A848,2022-11-05,-26.25,-53.5,6,9.9,8.551901002098283,3.5548050348138895,2.405729967845062,2.784962860985233
A848,2022-11-06,-26.25,-53.5,6,10.6,12.39185737514003,4.1606715260437905,2.9783310933278435,2.5476656673445928
A848,2022-11-07,-26.25,-53.5,6,7.8,9.758995378784174,3.228592877789247,3.0226776023450093,2.4159131532684874
A848,2022-11-08,-26.25,-53.5,6,8.2,9.369441846103783,2.948938729756158,3.1772249967629964,2.7806613671753166
A848,2022-11-09,-26.25,-53.5,6,6.6,7.653156976983861,3.2843992331884126,2.3301542941703732,2.009499921114305
A848,2022-11-10,-26.25,-53.5,6,8.0,9.649263962280365,3.843926016966182,2.510262663664907,2.0812055082979977
A848,2022-11-11,-26.25,-53.5,6,12.7,11.318738465237374,4.372921694243389,2.5883698032227773,2.9042367753162743
A848,2022-11-12,-26.25,-53.5,6,11.2,10.483002508704791,4.500595976610943,2.329247629243704,2.4885593059685993
A848,2022-11-13,-26.25,-53.5,6,15.8,21.291734533447283,6.931702407248256,3.071645792407823,2.279382332322642
A848,2022-11-14,-26.25,-53.5,6,12.0,10.314347918337015,5.133743452283515,2.009128039647003,2.3374755890192254
A848,2022-11-15,-26.25,-53.5,6,10.2,9.619019370374744,3.5467374818367325,2.7120753705722214,2.8758824277904473
A848,2022-11-16,-26.25,-53.5,6,10.9,5.875880416193487,4.118980948155515,1.4265374106245174,2.6462856073371825
A848,2022-11-17,-26.25,-53.5,6,11.5,8.156824599915835,4.388586425591318,1.858645087254214,2.6204337535520885
A848,2022-11-18,-26.25,-53.5,6,10.1,11.105387394092151,4.185623370117747,2.653221853016303,2.4130216951927697
A848,2022-11-19,-26.25,-53.5,6,11.5,11.590793322543426,5.258872674411919,2.2040452469862437,2.1867804588529998
A848,2022-11-20,-26.25,-53.5,6,13.5,12.450705788701448,5.67693950632839,2.193207409524441,2.3780418982712117
A848,2022-11-21,-26.25,-53.5,6,11.8,11.436029699468662,4.411648626326043,2.592234937122003,2.674737042652209
A848,2022-11-22,-26.25,-53.5,6,8.5,13.595151206696382,3.496132864580105,3.88862544225109,2.4312577150928365
A848,2022-11-23,-26.25,-53.5,6,7.6,8.464221309744424,3.614664053543098,2.3416342941878057,2.102546706256276
A848,2022-11-24,-26.25,-53.5,6,9.0,8.250575456964011,4.264434391562421,1.934740858785057,2.110479180499842
A848,2022-11-25,-26.25,-53.5,6,9.7,10.351779174014197,4.361867920799703,2.3732445277976932,2.223817909236831
A848,2022-11-26,-26.25,-53.5,6,8.0,9.129298259302686,3.782429523135516,2.4136069696639804,2.115042712909096
A848,2022-11-27,-26.25,-53.5,6,9.8,12.267949770259461,5.101591528588853,2.4047299164409757,1.9209691613061721
A848,2022-11-28,-26.25,-53.5,6,10.2,14.911207015839997,4.565294075675523,3.2662095296968565,2.234248184437212
A848,2022-11-29,-26.25,-53.5,6,8.5,11.343071541982571,4.70077977639801,2.4130191333222255,1.8082106383024728
A848,2022-11-30,-26.25,-53.5,6,15.0,9.047650177916987,4.538403398819422,1.993575577761677,3.3051270858606268
A848,2022-12-01,-26.25,-53.5,6,8.8,10.235525356291168,3.3804622791375247,3.0278478240859448,2.6031942596458113
A848,2022-12-02,-26.25,-53.5,6,8.4,10.495013313684879,2.852614316768767,3.679085971065609,2.944667265610202
A848,2022-12-03,-26.25,-53.5,6,8.7,9.729602260900966,3.540696370234803,2.7479346556496016,2.457143762209425
A848,2022-12-04,-26.25,-53.5,6,8.2,12.155165589573777,4.891730177946374,2.4848397494149417,1.6762985082391624
A848,2022-12-05,-26.25,-53.5,6,8.6,8.290587550094138,3.012111815861391,2.752416927697364,2.8551396912669422
A848,2022-12-06,-26.25,-53.5,6,8.7,8.916372916310205,3.9746921522778593,2.2432864168361606,2.1888487627938957
A848,2022-12-07,-26.25,-53.5,6,8.9,5.397541892274749,2.21851074145378,2.432957294918376,4.0117002066746235
A848,2022-12-08,-26.25,-53.5,6,7.7,8.218570194516962,3.348736444791768,2.454230223850301,2.299374742367581
A848,2022-12-09,-26.25,-53.5,6,7.8,7.585440974447614,2.449950178428414,3.0961613183960734,3.1837382117719297
A848,2022-12-10,-26.25,-53.5,6,13.1,9.040063761307376,3.833986227085601,2.3578759092671984,3.4168093530054087
A848,2022-12-11,-26.25,-53.5,6,10.0,5.828865110651231,3.208564528041828,1.8166582157562403,3.1166585283241766
A848,2022-12-12,-26.25,-53.5,6,10.5,9.817697402204079,4.390194331316038,2.236278547437569,2.391693671758817
A848,2022-12-13,-26.25,-53.5,6,10.3,11.906863559282014,4.730184455356599,2.517209143038457,2.1775049360571934
A848,2022-12-14,-26.25,-53.5,6,11.2,9.00389970214997,4.4628599624133445,2.017517864773199,2.5096014874604013
A848,2022-12-15,-26.25,-53.5,6,11.0,10.729639944205857,4.5217650538809036,2.372887537577148,2.4326783609774263
A848,2022-12-16,-26.25,-53.5,6,10.1,10.974414241729622,4.175294548987263,2.6284167770610383,2.4189910152446137
A848,2022-12-17,-26.25,-53.5,6,8.2,9.347906539664532,3.989511855369751,2.3431203812773633,2.055389305075775
A848,2022-12-18,-26.25,-53.5,6,8.6,20.83017039588525,4.331441077835857,4.809062393223816,1.9854823938403585
A848,2022-12-19,-26.25,-53.5,6,13.9,10.192478176427906,3.4994020736936293,2.9126342048685236,3.97210715067346
A848,2022-12-20,-26.25,-53.5,6,9.0,6.5352781035450525,2.7293794588206963,2.394419025329955,3.297452822440709
A848,2022-12-21,-26.25,-53.5,6,10.1,9.34000540000643,3.9763631047293413,2.3488814160099634,2.5400094845431567
A848,2022-12-22,-26.25,-53.5,6,12.1,10.034451712001621,4.656436423695667,2.154963753169337,2.5985536790378014
A848,2022-12-23,-26.25,-53.5,6,11.3,11.95938619817892,4.722278258723257,2.5325458482008916,2.3929127808438664
A848,2022-12-24,-26.25,-53.5,6,9.8,11.67356413112436,4.38219368203608,2.6638631192815105,2.236322880974688
A848,2022-12-25,-26.25,-53.5,6,11.4,10.42271386561076,3.785666695379467,2.7532043109690645,3.0113586106019534
A848,2022-12-26,-26.25,-53.5,6,7.9,5.956599072342506,2.545713232707608,2.3398546999762013,3.1032560535491265
A848,2022-12-27,-26.25,-53.5,6,10.4,10.119461580756592,3.521307519280317,2.8737795620942537,2.953448383322552
A848,2022-12-28,-26.25,-53.5,6,10.1,12.90753325093026,4.4116532625134885,2.925781443570736,2.2893911644918443
A848,2022-12-29,-26.25,-53.5,6,9.5,7.047600919068263,3.5205279765034425,2.0018590865077797,2.6984588855434453
A848,2022-12-30,-26.25,-53.5,6,8.3,7.1221290693683095,3.2776466682960357,2.1729398529314086,2.5323046807589416
A848,2022-12-31,-26.25,-53.5,6,8.6,8.09561640888013,3.4330860363431053,2.358116377853295,2.505034802203981
